source,target,weight
ADNP,ACTB,-0.04977227805981465
ADNP,B2M,-0.07846950757140046
ADNP,EEF1A1,-0.0681630729553062
ADNP,EIF1,-0.0418796536245641
ADNP,FTL,-0.0382072270209106
ADNP,MT-CO2,-0.03616814768308525
ADNP,PTMA,-0.05171710479081635
ADNP,RPL13,-0.07428664079671625
ADNP,RPL18,-0.0617204613052675
ADNP,RPL18A,-0.06711359685708145
ADNP,RPL26,-0.06849440837686625
ADNP,RPL32,-0.07591485252038105
ADNP,RPL35A,-0.06753968026982304
ADNP,RPL36,-0.059478898766617605
ADNP,RPL6,-0.05727488370639895
ADNP,RPL9,-0.0481268980058857
ADNP,RPS12,-0.06973513184175925
ADNP,RPS14,-0.0744673272158024
ADNP,RPS16,-0.049733678285623154
ADNP,RPS20,-0.037797525109633745
ADNP,RPS29,-0.0513231941617473
ADNP,RPS6,-0.059727683300675155
ADNP,RPS7,-0.06108887973952425
ADNP,RPS8,-0.06353997120321944
AEBP2,NACA,-0.0767187025317877
AEBP2,RPL10,-0.08656664528795997
AEBP2,RPL23A,-0.063201347548539
AEBP2,RPL3,-0.06181883263229243
AEBP2,RPL36,-0.07264644498944937
AEBP2,RPL37,-0.09298975499927806
AEBP2,RPLP0,-0.0685027012557146
AEBP2,RPS15,-0.08124526985728063
AEBP2,RPS16,-0.05309492226443557
AEBP2,RPS18,-0.07387819584554854
AEBP2,RPS2,-0.06345498480385094
AEBP2,RPS7,-0.07082676921022876
AHR,ACTB,-0.05124868509957195
AHR,AFF1,0.042701415821022604
AHR,AHNAK,0.11080614276855837
AHR,ARID5B,0.044871899994001464
AHR,ATP5F1E,-0.0506041285200179
AHR,ATP5MC2,-0.05715675334197069
AHR,ATXN1,0.06757335391259045
AHR,BHLHE40,0.08772306885682264
AHR,BTG1,-0.054028109378216
AHR,C12orf57,-0.08237510553413979
AHR,CANX,0.038947902947462754
AHR,CAPG,0.06461259792557605
AHR,CASP8,0.04974957120535385
AHR,CAST,0.05240149980887207
AHR,CCR7,-0.08831462123717135
AHR,CLDND1,0.0589090919945214
AHR,CLIC1,0.0603369367416286
AHR,CORO7,0.046675661860703946
AHR,COX4I1,-0.08890101130422426
AHR,CTSH,0.060282205358431
AHR,DIAPH1,0.0471410046007812
AHR,DNAJA1,0.0466323371326058
AHR,EEF1A1,-0.10243963419138326
AHR,EEF1D,-0.09121837854043136
AHR,EIF3A,0.0556624039734533
AHR,ELOVL5,0.04724516456373485
AHR,EML4,0.04867435148337885
AHR,ERN1,0.07501475423511661
AHR,FAU,-0.10229617051760553
AHR,FTL,-0.05696782696147823
AHR,GOLGB1,0.0442253227471121
AHR,GTDC1,0.039187432687862206
AHR,HELZ,0.03978598126650815
AHR,HNRNPLL,0.06154935950047455
AHR,ITGB1,0.08336738021833506
AHR,JPT1,0.0417258268616054
AHR,LIMS1,0.048020293156347996
AHR,MAP4,0.0577300766802617
AHR,MT-CO2,-0.04666586945379877
AHR,MT-CO3,-0.04240887798462625
AHR,MT-ND3,-0.055740266290294896
AHR,MT-ND6,0.0445398831295983
AHR,MYADM,0.0663834379045858
AHR,MYH9,0.06060943264100845
AHR,NCOA7,0.04553889839744005
AHR,NFKB1,0.04564814104915585
AHR,NOSIP,-0.07796224667871646
AHR,NPDC1,0.0610342545941964
AHR,NPM1,-0.068952945982365
AHR,NR3C1,0.045900292219965805
AHR,OGDH,0.060746865969373606
AHR,OSBPL3,0.04868038425832335
AHR,PABPC1,-0.0696315288699408
AHR,PHACTR2,0.0670445938924141
AHR,PHLDA1,0.07925834296350875
AHR,PPP1R15A,0.06197484142493883
AHR,PPP2R5C,0.06043681842487379
AHR,PTMA,-0.07047094072501049
AHR,RACK1,-0.07838035737152106
AHR,REEP3,0.04266263606543965
AHR,RORA,0.0688570324916197
AHR,RPL10A,-0.08544937594326729
AHR,RPL13,-0.11346599412850716
AHR,RPL13A,-0.06797507206942445
AHR,RPL14,-0.09919460561587844
AHR,RPL15,-0.07324736361274377
AHR,RPL18,-0.10739410930476734
AHR,RPL18A,-0.10801592025814756
AHR,RPL21,-0.09825807562891382
AHR,RPL22,-0.1051046687480691
AHR,RPL23A,-0.07292729690249462
AHR,RPL24,-0.08776970061728306
AHR,RPL26,-0.09879331390191014
AHR,RPL27,-0.04910141500637683
AHR,RPL28,-0.10181196932910841
AHR,RPL29,-0.10115560894100484
AHR,RPL3,-0.08800510880868824
AHR,RPL31,-0.0821080309472787
AHR,RPL32,-0.13311812782964635
AHR,RPL35,-0.0615898662168178
AHR,RPL35A,-0.12474236598895783
AHR,RPL36,-0.097047809420637
AHR,RPL37,-0.1402848002104214
AHR,RPL37A,-0.06571553686257467
AHR,RPL5,-0.1389304608074468
AHR,RPL6,-0.09197981683523064
AHR,RPL8,-0.0909060446802203
AHR,RPLP2,-0.10135198741514044
AHR,RPS12,-0.12023241874899504
AHR,RPS13,-0.1349127942760853
AHR,RPS15,-0.11419593204219834
AHR,RPS15A,-0.12471930149305967
AHR,RPS16,-0.07493944646902921
AHR,RPS18,-0.09159825726302732
AHR,RPS2,-0.08323248098559144
AHR,RPS20,-0.052914250714133
AHR,RPS21,-0.101815067790329
AHR,RPS26,-0.05453724774776965
AHR,RPS27,-0.12249021844645018
AHR,RPS27A,-0.12539781925193133
AHR,RPS29,-0.08298830753277417
AHR,RPS3,-0.11222064470024086
AHR,RPS3A,-0.12204351554446886
AHR,RPS6,-0.09645089763918097
AHR,RPS7,-0.09513397306674991
AHR,RPS8,-0.11588586340689544
AHR,RPSA,-0.0923825648828185
AHR,SEC11C,0.0393270488741271
AHR,SMAD3,0.04152322897344795
AHR,SMAP1,0.03693267381549415
AHR,SOS1,0.042112258472542755
AHR,STK10,0.0393493592760156
AHR,STOM,0.0571138188194722
AHR,TANK,0.043011429968314446
AHR,TIPARP,0.05848545291684755
AHR,TMSB10,-0.09243269105608092
AHR,TMX4,0.0558055822395069
AHR,TNFAIP3,0.06915631918214464
AHR,TNIP1,0.04408786991039305
AHR,TNKS2,0.0368099604386017
AHR,TOMM7,-0.0875311605907047
AHR,TPM4,0.04657781959520565
AHR,TXNIP,-0.04724323085911135
AHR,UTRN,0.0497051186144666
AHR,WNK1,0.04354488924340755
AHR,YWHAQ,0.0613303222376341
AHR,ZC3H12D,0.049467753277701254
ARID3A,RPL11,-0.03772743654881473
ARID3A,RPL13,-0.036397689170631
ARID3A,RPL18,-0.0307677597024828
ARID3A,RPL19,-0.0346352833056299
ARID3A,RPL32,-0.0400586177893835
ARID3A,RPL34,-0.038291894625268455
ARID3A,RPL35A,-0.035269777137065056
ARID3A,RPS12,-0.038412524035103764
ARID3A,RPS14,-0.0399044390594899
ARID3A,RPS15,-0.034632288938531056
ARID3A,RPS27A,-0.0405985117023311
ARID3A,RPS28,-0.034362806627744547
ARID3A,RPS3,-0.037155111212988534
ARID3A,RPS3A,-0.0355599518541679
ARID3A,RPS8,-0.03168998985548905
ARID3B,NACA,-0.04453674848402045
ARID3B,RPL10A,-0.036548540190155465
ARID3B,RPL22,-0.0497573018795452
ARID3B,RPL30,-0.062316673183060646
ARID3B,RPL5,-0.046505310334582495
ARID3B,RPL8,-0.047377196008640696
ARID3B,RPLP2,-0.044671234583497595
ARID3B,RPS18,-0.048573728095407165
ARID3B,RPS7,-0.0554772198474206
ARID3B,RPS8,-0.04861098274694007
ARID5A,GTF2B,0.04874102221550925
ARID5A,RPL18,-0.053904055071418065
ARID5A,RPL41,-0.07802491655455417
ARID5A,SRGN,0.08305211763915285
ARNT,B2M,-0.06889454856361547
ARNT,BTF3,-0.03571658543669265
ARNT,COX4I1,-0.0363154535469641
ARNT,EEF1A1,-0.06944065563135
ARNT,EEF1B2,-0.0448284757591029
ARNT,EEF1D,-0.0409260776202948
ARNT,EIF1,-0.049001511995528296
ARNT,FAU,-0.06966124681292146
ARNT,FTH1,-0.040418662609921954
ARNT,FTL,-0.039633713552733804
ARNT,NACA,-0.0559431984602065
ARNT,PFDN5,-0.03822569524889607
ARNT,PTMA,-0.0501246556103426
ARNT,RACK1,-0.0510448470209465
ARNT,RPL10,-0.0658755493150519
ARNT,RPL10A,-0.046284421061418335
ARNT,RPL11,-0.0646882772327253
ARNT,RPL12,-0.05702442688158856
ARNT,RPL13,-0.0627715561512605
ARNT,RPL13A,-0.044928428644929394
ARNT,RPL14,-0.0670000410636196
ARNT,RPL15,-0.04522309727534374
ARNT,RPL17,-0.05538725285358565
ARNT,RPL18,-0.054955972191829294
ARNT,RPL18A,-0.061199412345340064
ARNT,RPL19,-0.05883258926699403
ARNT,RPL21,-0.04589403260588221
ARNT,RPL22,-0.06243134044471835
ARNT,RPL23A,-0.05033380716299493
ARNT,RPL24,-0.056552696998744045
ARNT,RPL26,-0.05811748745157073
ARNT,RPL28,-0.061270059969164035
ARNT,RPL29,-0.06913061446144965
ARNT,RPL3,-0.04910954906140987
ARNT,RPL30,-0.063026421060617
ARNT,RPL31,-0.04181011604982557
ARNT,RPL32,-0.06690266814037223
ARNT,RPL34,-0.06761299093026853
ARNT,RPL35,-0.044754394006081936
ARNT,RPL35A,-0.05994595707712019
ARNT,RPL36,-0.05603250455225167
ARNT,RPL36A,-0.048724989268861
ARNT,RPL37,-0.07108492110008324
ARNT,RPL37A,-0.0503669431520339
ARNT,RPL38,-0.0454698037926886
ARNT,RPL41,-0.0599192201769059
ARNT,RPL5,-0.0598700347277919
ARNT,RPL6,-0.06341107136490645
ARNT,RPL7A,-0.06236471730621145
ARNT,RPLP0,-0.0487713867165183
ARNT,RPLP1,-0.054945210248531405
ARNT,RPLP2,-0.05547847989267853
ARNT,RPS12,-0.060870096433067435
ARNT,RPS13,-0.059964002150891094
ARNT,RPS14,-0.06369951219117491
ARNT,RPS15,-0.06267808909287734
ARNT,RPS15A,-0.06663157221114707
ARNT,RPS16,-0.05323745494397035
ARNT,RPS18,-0.06003221837456366
ARNT,RPS19,-0.05951512637069963
ARNT,RPS2,-0.050961170151279496
ARNT,RPS23,-0.0609238415281145
ARNT,RPS24,-0.0649235075717688
ARNT,RPS27,-0.06519778816129086
ARNT,RPS27A,-0.06664751220923554
ARNT,RPS29,-0.0481882144837692
ARNT,RPS3,-0.05700012939848013
ARNT,RPS3A,-0.054580670103660904
ARNT,RPS4X,-0.054143254143650336
ARNT,RPS6,-0.0526896929042766
ARNT,RPS7,-0.0700336726130967
ARNT,RPS8,-0.05784141312319304
ARNT,RPS9,-0.042537119901039734
ARNT,RPSA,-0.0507363468217855
ARNT,TMSB4X,-0.058465243686550934
ARNT,TPT1,-0.062492279620567304
ARNT,UBA52,-0.05139646923532125
ATF1,B2M,-0.0651710240006492
ATF1,EEF1A1,-0.05309470202841
ATF1,EIF1,-0.0413608964498038
ATF1,FAU,-0.0532831369282503
ATF1,FTH1,-0.04004506485939825
ATF1,FTL,-0.030410299205062802
ATF1,H3-3B,-0.03554389023584645
ATF1,MT-ATP6,-0.046410494661709045
ATF1,MT-CO2,-0.04551482714057097
ATF1,MT-CO3,-0.0502344848810204
ATF1,NACA,-0.041423732068712804
ATF1,PFDN5,-0.035616007781079234
ATF1,PTMA,-0.0447328590255163
ATF1,RACK1,-0.0359494462790641
ATF1,RPL10,-0.0736658343330752
ATF1,RPL10A,-0.04538865134548597
ATF1,RPL11,-0.0697270266321011
ATF1,RPL12,-0.06247345505703306
ATF1,RPL13,-0.06449365917279078
ATF1,RPL13A,-0.060488859249508274
ATF1,RPL14,-0.05047445522076843
ATF1,RPL15,-0.04468917534801373
ATF1,RPL17,-0.05409103792331355
ATF1,RPL18,-0.052109908651522534
ATF1,RPL18A,-0.06387676330496866
ATF1,RPL19,-0.05896592777041343
ATF1,RPL21,-0.0727946063549754
ATF1,RPL22,-0.045394438776618064
ATF1,RPL23A,-0.0553451259548648
ATF1,RPL24,-0.0428249466485817
ATF1,RPL26,-0.06317355058912266
ATF1,RPL27,-0.04437065138159825
ATF1,RPL27A,-0.060575243102538805
ATF1,RPL28,-0.059185174995639925
ATF1,RPL29,-0.050721538542299605
ATF1,RPL3,-0.05197196982784033
ATF1,RPL30,-0.06301288854457093
ATF1,RPL31,-0.05585288150274917
ATF1,RPL32,-0.07420689213477037
ATF1,RPL34,-0.0765302531173798
ATF1,RPL35,-0.0525146069563692
ATF1,RPL35A,-0.06380190035126783
ATF1,RPL36,-0.06323488269191972
ATF1,RPL36A,-0.04594606280885603
ATF1,RPL37,-0.05675506568070137
ATF1,RPL37A,-0.05106620396700567
ATF1,RPL38,-0.04735805514999464
ATF1,RPL39,-0.071786071103141
ATF1,RPL41,-0.0707531724326308
ATF1,RPL5,-0.044248332834011694
ATF1,RPL6,-0.05101115225229189
ATF1,RPL7,-0.05390923248508139
ATF1,RPL7A,-0.048448250609840954
ATF1,RPL8,-0.0451376109087431
ATF1,RPL9,-0.0495264552312126
ATF1,RPLP0,-0.03090456885829005
ATF1,RPLP1,-0.05998095827885553
ATF1,RPLP2,-0.0624476819143856
ATF1,RPS12,-0.06505153817672377
ATF1,RPS13,-0.05899399371974984
ATF1,RPS14,-0.0689309356392153
ATF1,RPS15,-0.0685865825070218
ATF1,RPS15A,-0.0731277160424164
ATF1,RPS16,-0.049316927123719045
ATF1,RPS18,-0.06303818805170655
ATF1,RPS19,-0.06932334588730714
ATF1,RPS2,-0.053060658136452374
ATF1,RPS20,-0.0533902037856762
ATF1,RPS21,-0.052194691165774
ATF1,RPS23,-0.06453647795632529
ATF1,RPS24,-0.051216125209732004
ATF1,RPS25,-0.062196369325023794
ATF1,RPS27,-0.07417102287927903
ATF1,RPS27A,-0.07219927516772733
ATF1,RPS28,-0.07058493123788603
ATF1,RPS29,-0.0640901549955997
ATF1,RPS3,-0.0589695891465975
ATF1,RPS3A,-0.0578979991564067
ATF1,RPS4X,-0.0562757707205054
ATF1,RPS5,-0.0418526463257222
ATF1,RPS6,-0.054519115568996954
ATF1,RPS7,-0.051334269390158234
ATF1,RPS8,-0.0590938048346251
ATF1,RPS9,-0.04401675918992013
ATF1,RPSA,-0.03594207577243045
ATF1,TMSB10,-0.06013860021029583
ATF1,TMSB4X,-0.06687460713599204
ATF1,TPT1,-0.0515057068552108
ATF1,UBA52,-0.0415552952655057
ATF2,B2M,-0.0851424500538477
ATF2,BTF3,-0.040778166487404705
ATF2,COX4I1,-0.0454988922078244
ATF2,EEF1A1,-0.07021263141383847
ATF2,EEF1B2,-0.0567388969421311
ATF2,EEF1D,-0.050235533992273804
ATF2,EEF1G,-0.0382438493882189
ATF2,EIF1,-0.0492666229278126
ATF2,FAU,-0.06730945472797757
ATF2,FTH1,-0.0388580944910811
ATF2,FTL,-0.04244554616938456
ATF2,HLA-B,-0.04367227127437685
ATF2,MT-CO1,-0.03405929676914255
ATF2,MT-CO2,-0.04268136531078997
ATF2,MT-CO3,-0.04150611634849245
ATF2,NACA,-0.0668546787911163
ATF2,PTMA,-0.05659033242175554
ATF2,RACK1,-0.0586296179183368
ATF2,RPL10,-0.08434600863620546
ATF2,RPL10A,-0.05542175526736146
ATF2,RPL11,-0.0804606069892043
ATF2,RPL12,-0.0704881702332234
ATF2,RPL13,-0.07734494133697296
ATF2,RPL13A,-0.053310350033579534
ATF2,RPL14,-0.07935040662478565
ATF2,RPL15,-0.054583807926049464
ATF2,RPL17,-0.0626206868540003
ATF2,RPL18,-0.0667572421175987
ATF2,RPL18A,-0.07603267572717237
ATF2,RPL19,-0.07284885044797117
ATF2,RPL21,-0.061251512141714426
ATF2,RPL22,-0.07306297125596625
ATF2,RPL23A,-0.06271048810902634
ATF2,RPL24,-0.06804172093917585
ATF2,RPL26,-0.07070422077143003
ATF2,RPL27,-0.038694335096918865
ATF2,RPL28,-0.07492904048832313
ATF2,RPL29,-0.06344604235332253
ATF2,RPL3,-0.060494008196283165
ATF2,RPL30,-0.07547585563021837
ATF2,RPL31,-0.05394639138716534
ATF2,RPL32,-0.0842981200176008
ATF2,RPL34,-0.08416687304972525
ATF2,RPL35A,-0.0750390136903978
ATF2,RPL36,-0.06752315066538117
ATF2,RPL36A,-0.04688740722095377
ATF2,RPL37,-0.08166330632077445
ATF2,RPL37A,-0.0481862435962807
ATF2,RPL38,-0.0433611516638778
ATF2,RPL39,-0.07677766165865059
ATF2,RPL41,-0.0748617004203821
ATF2,RPL5,-0.0728296186783715
ATF2,RPL6,-0.059840766676574564
ATF2,RPL7,-0.05207481030065383
ATF2,RPL7A,-0.0766370159418301
ATF2,RPL8,-0.06068034129111697
ATF2,RPL9,-0.053231886205745566
ATF2,RPLP0,-0.059946036446789544
ATF2,RPLP1,-0.06953339856205644
ATF2,RPLP2,-0.0701315312164869
ATF2,RPS12,-0.07390050369969217
ATF2,RPS13,-0.07328552318358436
ATF2,RPS14,-0.08210178555242391
ATF2,RPS15,-0.0783839657927491
ATF2,RPS15A,-0.08009672955416751
ATF2,RPS16,-0.05354491058372946
ATF2,RPS18,-0.07270994963728004
ATF2,RPS19,-0.0742864070888955
ATF2,RPS2,-0.06564843768600803
ATF2,RPS20,-0.040374046284628595
ATF2,RPS21,-0.06096469140356706
ATF2,RPS23,-0.07373770574237654
ATF2,RPS24,-0.0756209663253901
ATF2,RPS25,-0.0725420306932306
ATF2,RPS27,-0.08085215294265884
ATF2,RPS27A,-0.08273221722141831
ATF2,RPS28,-0.07862926715798403
ATF2,RPS29,-0.05888467688691473
ATF2,RPS3,-0.07337726496633694
ATF2,RPS3A,-0.06760986194925057
ATF2,RPS4X,-0.07035231917278754
ATF2,RPS5,-0.058116977599311836
ATF2,RPS6,-0.06415542372328543
ATF2,RPS7,-0.0659538974974452
ATF2,RPS8,-0.07099728620690597
ATF2,RPS9,-0.05324046421278524
ATF2,RPSA,-0.06128265883586395
ATF2,TMSB10,-0.0662869589382978
ATF2,TMSB4X,-0.06884232977704537
ATF2,TPT1,-0.0696425165692739
ATF2,UBA52,-0.0494551317175518
ATF3,AHNAK,0.07362387992648445
ATF3,ANXA1,0.07747765059310514
ATF3,DUSP1,0.0763771545413274
ATF3,EEF1A1,-0.0459593842995827
ATF3,FOS,0.0715189258845244
ATF3,JUN,0.03982431876242705
ATF3,KLF6,0.0794644232889702
ATF3,LMNA,0.1028293302455022
ATF3,NIBAN1,0.0579815218838558
ATF3,PPP1R15A,0.0784403422625492
ATF3,RPL10,-0.0452558199630864
ATF3,RPL18A,-0.04809389946431315
ATF3,RPL19,-0.05639683032351255
ATF3,RPL21,-0.0442700607532083
ATF3,RPL22,-0.0577684516925245
ATF3,RPL30,-0.06123146931659565
ATF3,RPL32,-0.0606775404395878
ATF3,RPL34,-0.046911958782767965
ATF3,RPL35A,-0.0573057932689692
ATF3,RPL36,-0.0438948290601342
ATF3,RPL41,-0.0403724221214173
ATF3,RPL5,-0.0563694725178639
ATF3,RPS12,-0.05437045359469045
ATF3,RPS13,-0.065634837339256
ATF3,RPS14,-0.05365721790154325
ATF3,RPS15A,-0.05514686625964425
ATF3,RPS23,-0.059885210453315255
ATF3,RPS27,-0.04726004734326663
ATF3,RPS27A,-0.05168580266376545
ATF3,RPS28,-0.047751419274902666
ATF3,RPS29,-0.04116160656791825
ATF3,RPS3,-0.04687729727883175
ATF3,RPS3A,-0.061538976920213054
ATF3,RPS8,-0.05688923139738415
ATF3,SRGN,0.07317701224402515
ATF3,TNFAIP3,0.08333576814359356
ATF4,ABHD14B,0.0360775174611357
ATF4,ACTR1B,0.03175397670398445
ATF4,ADGRE5,0.03790053012609345
ATF4,ALKBH7,0.03701377844311875
ATF4,AMD1,0.0404391754387241
ATF4,ANKRD12,0.0379029530274968
ATF4,ANP32B,0.04597909530110515
ATF4,ANXA11,0.0372826557732894
ATF4,ANXA2,0.034020517808051196
ATF4,AP2S1,0.0306266447137748
ATF4,APEX1,0.043471234650291304
ATF4,AREG,0.038529519477373
ATF4,ARF1,0.0407174661593014
ATF4,ARHGAP9,0.031148421952832052
ATF4,ARHGEF1,0.0356887390234341
ATF4,ARID4B,0.03619995862490555
ATF4,ARID5B,0.038849146392054695
ATF4,ARL4A,0.037238648342702234
ATF4,ARPC5L,0.029836981556352803
ATF4,ARRB2,0.0332852148129127
ATF4,ARRDC2,0.029346602817423052
ATF4,ATP2B1,0.03285319852618335
ATF4,ATP5F1A,0.03699707887294525
ATF4,ATP5MC3,0.0343371786076684
ATF4,BAZ2A,0.0315372182198581
ATF4,BBX,0.035772100711371296
ATF4,BEX2,0.02805050960049585
ATF4,BFAR,0.03475694967987445
ATF4,BIN2,0.03474660507980095
ATF4,BRD2,0.0402321003584787
ATF4,BSG,0.03291763907406635
ATF4,BTG2,0.0413338702773809
ATF4,BUD23,0.0317019527613584
ATF4,BUD31,0.03442568014348925
ATF4,BZW2,0.029806862149403
ATF4,CACYBP,0.0316184744225035
ATF4,CANX,0.0332193444075093
ATF4,CAPNS1,0.033661383680493095
ATF4,CAPZB,0.0355732097339391
ATF4,CARD8,0.02797493006936265
ATF4,CCDC59,0.0381717819492543
ATF4,CCND3,0.0421810874485261
ATF4,CCNG1,0.03365717798539535
ATF4,CCSER2,0.037347308304198745
ATF4,CCT2,0.03916184284999315
ATF4,CCT3,0.0403377861327364
ATF4,CCT4,0.037240731324776954
ATF4,CCT6A,0.03592284742741475
ATF4,CCT7,0.03475097935040255
ATF4,CD55,0.0383288646211927
ATF4,CD99,0.0342736278043661
ATF4,CDKN1B,0.036523305986186305
ATF4,CEP57,0.0307175461709656
ATF4,CFAP36,0.03176647004581485
ATF4,CFLAR,0.03597462603093915
ATF4,CHMP2A,0.03141164578341265
ATF4,CHMP3,0.0334911640354008
ATF4,CITED2,0.034717797397861364
ATF4,CNN2,0.037766444326610346
ATF4,COTL1,0.04165732614512495
ATF4,CSNK2B,0.0324409692560732
ATF4,CTSD,0.03841781414371895
ATF4,CYCS,0.0408859769565825
ATF4,DDIT3,0.0428352136566107
ATF4,DDIT4,0.0490241958993601
ATF4,DDX21,0.04524465967503135
ATF4,DDX39A,0.029815272017584847
ATF4,DDX3X,0.03943012692135133
ATF4,DEK,0.0364622690471793
ATF4,DNAJA1,0.0417187705575655
ATF4,DNAJB1,0.043431385999515404
ATF4,DNAJC2,0.02977772825232495
ATF4,DNAJC4,0.03030775513928465
ATF4,DNAJC7,0.0328465525243371
ATF4,DSTN,0.0346664988392843
ATF4,DUSP1,0.0498301917064197
ATF4,DYNLRB1,0.0350570592329814
ATF4,EEF1A1,-0.06134786915062334
ATF4,EID1,0.035635281924307455
ATF4,EIF1B,0.0314787142245712
ATF4,EIF2A,0.0422175863612003
ATF4,EIF3A,0.0427905831852826
ATF4,EIF3I,0.0379205957353609
ATF4,EIF3M,0.0374751583035944
ATF4,EIF4G2,0.04115524467691585
ATF4,EIF4H,0.04240896210173675
ATF4,EIF6,0.03013957980732905
ATF4,ENO1,0.04570985837490295
ATF4,ENSA,0.03666421973048775
ATF4,EZR,0.04084812912858295
ATF4,FBL,0.04465123177871705
ATF4,FDPS,0.03214076069670465
ATF4,FERMT3,0.031723804011914006
ATF4,FIS1,0.040564731388028255
ATF4,FKBP8,0.03253665612214445
ATF4,FLNA,0.0369992673079688
ATF4,FLOT1,0.0302420286465964
ATF4,FNBP4,0.04206144171549275
ATF4,FOSB,0.05693354908847803
ATF4,FOXN3,0.0374072558675138
ATF4,FTL,-0.05721796307909885
ATF4,FYN,0.03393007174235005
ATF4,G3BP2,0.03947692653377605
ATF4,GABARAPL2,0.029731805717655352
ATF4,GADD45B,0.055254859975532394
ATF4,GRB2,0.0397269121278297
ATF4,GRSF1,0.0317322072166076
ATF4,GSPT1,0.030677822607842346
ATF4,GUK1,0.0287471310905119
ATF4,GYPC,0.0324128181303585
ATF4,H1-2,0.03587990212612355
ATF4,HADHA,0.03774122001555725
ATF4,HAX1,0.0315799619339098
ATF4,HERPUD1,0.0414476080814668
ATF4,HEXIM1,0.0418210588684004
ATF4,HM13,0.03401492048356715
ATF4,HMGB2,0.038385064668089955
ATF4,HNRNPA3,0.03440761690574975
ATF4,HNRNPD,0.0423718745299733
ATF4,HNRNPF,0.0362457773204961
ATF4,HNRNPH3,0.038985131958000546
ATF4,HNRNPK,0.0305757397346784
ATF4,HNRNPR,0.0353661867350447
ATF4,HNRNPUL1,0.04376162874785855
ATF4,HSD17B11,0.031125504402859352
ATF4,HSPA9,0.0377438734567107
ATF4,HSPD1,0.037230583183555
ATF4,ID2,0.0507435729799706
ATF4,IER2,0.04076669417257937
ATF4,IFRD1,0.03978036750451077
ATF4,IK,0.0336155036812086
ATF4,ILF3,0.04187669644133245
ATF4,IMMT,0.03271436488832125
ATF4,IMP3,0.03583265940191875
ATF4,ITGB2,0.03908266671962185
ATF4,JTB,0.031682868142971596
ATF4,JUN,0.03895540297354175
ATF4,JUND,0.059465428324729654
ATF4,KHDRBS1,0.03702679161441305
ATF4,KLF6,0.0378153894218764
ATF4,KMT2E,0.03383746214295945
ATF4,KPNB1,0.0323258129371002
ATF4,LETMD1,0.02957229623590525
ATF4,LRCH4,0.033941174246613
ATF4,LRP10,0.03206081492972295
ATF4,LSM14A,0.0341683160950503
ATF4,LSM8,0.0317632285207003
ATF4,LSP1,0.031870601453993494
ATF4,LTA4H,0.03191328819137615
ATF4,METTL23,0.0314285238980332
ATF4,METTL9,0.0411477548979464
ATF4,MMADHC,0.0303258325743406
ATF4,MRFAP1,0.0426703715592691
ATF4,MRPL34,0.02976388076078565
ATF4,MRPL43,0.030718437100576798
ATF4,MRPL54,0.04319910525655905
ATF4,MRPS15,0.03479037773971295
ATF4,MTDH,0.03852441023984075
ATF4,MTPN,0.03733919903970695
ATF4,MYADM,0.039387249278709825
ATF4,MYLIP,0.04455515047889825
ATF4,NAMPT,0.03398528287027095
ATF4,NASP,0.0319984287589352
ATF4,NDUFA2,0.03353200642979465
ATF4,NFKBIA,0.0566655267832028
ATF4,NIFK,0.03417228479128975
ATF4,NOP58,0.0367445821412962
ATF4,NR4A2,0.051454974945638804
ATF4,NSD3,0.0387603254154998
ATF4,NSMCE1,0.0342508140600691
ATF4,NT5C3A,0.0312157920545071
ATF4,NUDC,0.03001915703435315
ATF4,OCIAD1,0.03409834488141685
ATF4,OS9,0.03326408008197
ATF4,OSER1,0.03518760523595385
ATF4,OSTC,0.031238680275915746
ATF4,P4HB,0.04073695832059645
ATF4,PDAP1,0.036041348900868256
ATF4,PDIA6,0.0332882329468307
ATF4,PER1,0.045204177297948844
ATF4,PFDN1,0.03049858223448445
ATF4,PHB2,0.04868090314293
ATF4,PIK3R1,0.037018827173295896
ATF4,PIM1,0.0367134645845683
ATF4,PKM,0.0368556219040487
ATF4,PLK3,0.036883825626486864
ATF4,PMPCB,0.0332507763040886
ATF4,PNN,0.04156873534011555
ATF4,POLR2A,0.03343738440661265
ATF4,PPA1,0.04096282552264875
ATF4,PPIB,0.037443300303001845
ATF4,PPIG,0.03349610103650085
ATF4,PPP1CC,0.033149780938609846
ATF4,PPP1R12A,0.0340327360232687
ATF4,PPP1R15A,0.05155683510583315
ATF4,PRDX1,0.0360895208801182
ATF4,PRDX5,0.03204501459872295
ATF4,PRDX6,0.0344734577675675
ATF4,PRPF40A,0.03401125501632845
ATF4,PSAP,0.0421645086763755
ATF4,PSMA1,0.03248648823439175
ATF4,PSMB4,0.035860170387996396
ATF4,PSMC3,0.02930502206583145
ATF4,PSMC5,0.03434935843939495
ATF4,PSMD3,0.029899099785880248
ATF4,PSMD7,0.0354262121852006
ATF4,PSMD8,0.03437174499366685
ATF4,PUM1,0.030772513722302247
ATF4,RAB11B,0.0307377533887131
ATF4,RAB4A,0.031397297597642
ATF4,RAD23A,0.031636404629843795
ATF4,RAN,0.037550297901572355
ATF4,RASGRP2,0.029324426049455052
ATF4,RBM22,0.028722252438120252
ATF4,RBM3,0.04137342967592915
ATF4,REST,0.0359985449854235
ATF4,RGS2,0.032971782056668744
ATF4,RHOF,0.03035837159088375
ATF4,RHOG,0.038938628213257304
ATF4,RILPL2,0.032023476656355604
ATF4,RNF126,0.03660848026584275
ATF4,RNF145,0.0309967115463076
ATF4,RNF7,0.033656538040221354
ATF4,RNH1,0.0313947264612371
ATF4,RNMT,0.0311827665374012
ATF4,RNPS1,0.03977301301014505
ATF4,ROCK1,0.037422766250135
ATF4,RPL10,-0.10874437184658786
ATF4,RPL11,-0.0963039568948002
ATF4,RPL12,-0.08419453456602129
ATF4,RPL13A,-0.11089563469685346
ATF4,RPL14,-0.056987314225676565
ATF4,RPL15,-0.09969743066614414
ATF4,RPL17,-0.056080690966655335
ATF4,RPL19,-0.07450103221548143
ATF4,RPL21,-0.11264767745384822
ATF4,RPL22L1,0.0457322977597245
ATF4,RPL23A,-0.08403990567586928
ATF4,RPL24,-0.050352710685761096
ATF4,RPL28,-0.07345210092291653
ATF4,RPL3,-0.11553586077739164
ATF4,RPL30,-0.07533257187738307
ATF4,RPL31,-0.1147883995451752
ATF4,RPL32,-0.11138283111003473
ATF4,RPL34,-0.130532275683484
ATF4,RPL35A,-0.09613467777239543
ATF4,RPL36,-0.10074989451452976
ATF4,RPL36A,-0.07398570643136207
ATF4,RPL37,-0.07594667160984994
ATF4,RPL39,-0.11479659484151457
ATF4,RPL41,-0.11940980707752678
ATF4,RPL5,-0.056499812365065
ATF4,RPL6,-0.062336495490509604
ATF4,RPL9,-0.0488353651422499
ATF4,RPLP1,-0.07986994623546896
ATF4,RPS10,-0.04357724148903435
ATF4,RPS12,-0.07620373230375964
ATF4,RPS13,-0.09114402844528911
ATF4,RPS15A,-0.10276579993730871
ATF4,RPS16,-0.0614017503960719
ATF4,RPS18,-0.1075726880535392
ATF4,RPS19,-0.10878491758606197
ATF4,RPS23,-0.0831493282854483
ATF4,RPS26,-0.03320283077962895
ATF4,RPS27,-0.12797775532500213
ATF4,RPS3A,-0.07213404288771263
ATF4,RPS7,-0.062188347421035434
ATF4,RPS9,-0.07935275740844874
ATF4,RSF1,0.033040694592419845
ATF4,RSL1D1,0.03493829504955035
ATF4,RSRC2,0.0430631559957751
ATF4,RTN3,0.03470308319147795
ATF4,RTN4,0.03453421548556935
ATF4,S100A11,0.03177215216104625
ATF4,SARS1,0.0300189802495878
ATF4,SAT1,0.0341616614336922
ATF4,SBDS,0.04273171849390823
ATF4,SEC11A,0.034302068301920355
ATF4,SEPTIN2,0.0356710214649804
ATF4,SEPTIN9,0.037527973983791596
ATF4,SERPINB1,0.0363788905060427
ATF4,SERTAD1,0.039666165978538934
ATF4,SF3B5,0.03766914210528915
ATF4,SFPQ,0.0397160863341577
ATF4,SGK1,0.0358465670311039
ATF4,SH3BP5,0.0335085674506806
ATF4,SH3KBP1,0.0344711806840933
ATF4,SHISA5,0.03506949658634635
ATF4,SLC25A3,0.04591819856627615
ATF4,SLC38A1,0.0406701849000812
ATF4,SLC38A2,0.030517877880441552
ATF4,SLC3A2,0.0370476461211844
ATF4,SLTM,0.037144130467268104
ATF4,SMARCE1,0.0315146295120293
ATF4,SNRPD3,0.032860083743531845
ATF4,SNRPE,0.03252453246214585
ATF4,SNX17,0.0317620547238832
ATF4,SRGN,0.0493764582807343
ATF4,SRP72,0.040867534495694344
ATF4,SRSF7,0.04755824635021997
ATF4,SSB,0.0328959647235885
ATF4,SYTL1,0.035004106299896004
ATF4,TAF1D,0.0442159653148471
ATF4,TAGLN2,0.04801736332749755
ATF4,TAX1BP1,0.032635004791659095
ATF4,TCP1,0.0327553470216463
ATF4,TECR,0.03167298605045675
ATF4,TIMM9,0.038526300467647254
ATF4,TMBIM6,0.0314260564823987
ATF4,TMED10,0.031523736124682344
ATF4,TMSB4X,-0.1297939584222567
ATF4,TOMM20,0.04627839566241
ATF4,TPM3,0.040024333065686896
ATF4,TPM4,0.034086567685793503
ATF4,TPR,0.03955977859418075
ATF4,TSC22D3,0.04787972281545105
ATF4,TSN,0.03216042976176755
ATF4,TSPYL2,0.0364735743370014
ATF4,TUBA1A,0.047736682064912196
ATF4,TUBA1B,0.034854574747671355
ATF4,TUBB,0.0388963203759516
ATF4,TXN2,0.030494651985225198
ATF4,UBA52,-0.046177648328193134
ATF4,UBALD2,0.0358011028298249
ATF4,UBC,0.042353200004805705
ATF4,UBE2D2,0.02994321371481535
ATF4,UBE2I,0.03626426378389965
ATF4,UCP2,0.03646153746622655
ATF4,UFC1,0.03975799224639325
ATF4,UPF3A,0.0287693836538307
ATF4,URM1,0.0324712152429829
ATF4,USP15,0.03501467074365005
ATF4,VAPA,0.03032955641279725
ATF4,VASP,0.0334417234790253
ATF4,WDR1,0.0368742055980663
ATF4,WHAMM,0.0384374387858054
ATF4,WIPI2,0.03134456405831445
ATF4,XRN2,0.04022428963261525
ATF4,YME1L1,0.04055484807639685
ATF4,YWHAB,0.0347389898754629
ATF4,ZFP36,0.046970215049057754
ATF4,ZFP36L1,0.03614538672396735
ATF4,ZNF394,0.03383703776122515
ATF4,ZNHIT1,0.0317839224922837
ATF5,PTMA,-0.034025030260813
ATF5,RPL10A,-0.0317496458609839
ATF5,RPL12,-0.0421991062749314
ATF5,RPL13,-0.0479783506438416
ATF5,RPL19,-0.04281813619682193
ATF5,RPL21,-0.049423449204531296
ATF5,RPL22,-0.04199966658955785
ATF5,RPL32,-0.052274877710606994
ATF5,RPL41,-0.04623659948529277
ATF5,RPL5,-0.04136816193654825
ATF5,RPL8,-0.033643621824313755
ATF5,RPLP1,-0.0384313048683856
ATF5,RPLP2,-0.043591686680284944
ATF5,RPS12,-0.04320129845451714
ATF5,RPS15,-0.04801902104667973
ATF5,RPS15A,-0.047285701745930865
ATF5,RPS21,-0.04528234564814635
ATF5,RPS25,-0.04345160717794005
ATF5,RPS27,-0.054902924308026235
ATF5,RPS27A,-0.051235562039744664
ATF5,RPS3,-0.04242154190347127
ATF5,RPS8,-0.0415899552684654
ATF5,TMSB10,-0.04175282504024095
ATF6,ACTB,-0.04346669974007653
ATF6,ATP5F1E,-0.03816220675763233
ATF6,EEF1A1,-0.06008284824259963
ATF6,EIF1,-0.0416459996879822
ATF6,EPB41,0.03368613328939405
ATF6,FTL,-0.0498522794042708
ATF6,JUNB,-0.0346000683153528
ATF6,MAML2,0.031873159118903996
ATF6,NACA,-0.05995087065094735
ATF6,PFDN5,-0.0474066531056348
ATF6,PFN1,-0.0461856408711972
ATF6,PTMA,-0.057545490634237424
ATF6,RACK1,-0.04361037588663447
ATF6,RPL10,-0.08163667011219468
ATF6,RPL10A,-0.054743109559619564
ATF6,RPL12,-0.06944387893680826
ATF6,RPL13,-0.07358791825494612
ATF6,RPL13A,-0.06761857777445907
ATF6,RPL14,-0.056690893930640175
ATF6,RPL15,-0.05850652433500194
ATF6,RPL22,-0.05686245066791787
ATF6,RPL23A,-0.06330048582522202
ATF6,RPL27,-0.0520193283625561
ATF6,RPL27A,-0.056818399539315924
ATF6,RPL28,-0.07216518763168635
ATF6,RPL3,-0.0640398132267088
ATF6,RPL30,-0.06682713368030627
ATF6,RPL31,-0.0627727338475897
ATF6,RPL35,-0.06523474143825757
ATF6,RPL36,-0.07389977913938535
ATF6,RPL37,-0.07245688842945174
ATF6,RPL37A,-0.055073671811175035
ATF6,RPL38,-0.0616434811786955
ATF6,RPL41,-0.08070639611937497
ATF6,RPL5,-0.054399794591155994
ATF6,RPL6,-0.0573596175659843
ATF6,RPL7,-0.058197401879370204
ATF6,RPL7A,-0.056678299385728
ATF6,RPL8,-0.05691434096863517
ATF6,RPLP0,-0.05492161418850245
ATF6,RPLP1,-0.06580160670615
ATF6,RPLP2,-0.06490603326262567
ATF6,RPS12,-0.06797987995349665
ATF6,RPS13,-0.06407313171835027
ATF6,RPS14,-0.07430176714873846
ATF6,RPS15A,-0.07963137491256195
ATF6,RPS16,-0.06437886111514254
ATF6,RPS18,-0.07269931907501374
ATF6,RPS2,-0.0615065670628486
ATF6,RPS20,-0.043548189382461695
ATF6,RPS23,-0.06539258573195625
ATF6,RPS27,-0.08405489685909326
ATF6,RPS29,-0.06845335909547955
ATF6,RPS3,-0.06757456720525748
ATF6,RPS3A,-0.05783771937521138
ATF6,RPS5,-0.047711215030761325
ATF6,RPS6,-0.06716407076477164
ATF6,RPS7,-0.06141046304254183
ATF6,RPS8,-0.06404233792853153
ATF6,RPSA,-0.04932887454737635
ATF6,SH3BGRL3,-0.03937085927254175
ATF6,SLC38A1,0.0328079669877021
ATF6,TMA7,-0.041441537462273095
ATF6,TMSB10,-0.07354227212158387
ATF6,TOMM7,-0.04018288254333935
ATF6,TPT1,-0.053717268895235294
ATF7,B2M,-0.0678879882257094
ATF7,EEF1A1,-0.0573286828893279
ATF7,EEF1B2,-0.04654049682350595
ATF7,EEF1D,-0.04147938016937095
ATF7,EIF1,-0.049404163086742406
ATF7,FAU,-0.055044061041268834
ATF7,FTH1,-0.04001085280944565
ATF7,FTL,-0.042839097967651146
ATF7,HLA-B,-0.037488978729368
ATF7,MT-CO2,-0.04070250876109065
ATF7,MT-CO3,-0.0352878044114593
ATF7,NACA,-0.0543248516914302
ATF7,PFDN5,-0.03605512678926567
ATF7,PTMA,-0.0501182052985474
ATF7,RACK1,-0.04686118280655105
ATF7,RPL10,-0.06909656931639657
ATF7,RPL10A,-0.04719394054647524
ATF7,RPL11,-0.06676790545629496
ATF7,RPL12,-0.058175241412297164
ATF7,RPL13,-0.06482659252876473
ATF7,RPL13A,-0.04871474610648725
ATF7,RPL14,-0.06613312995234015
ATF7,RPL15,-0.042948815746673065
ATF7,RPL17,-0.053560819591391
ATF7,RPL18,-0.054177473018341867
ATF7,RPL18A,-0.05960814342522453
ATF7,RPL19,-0.06025152452759383
ATF7,RPL21,-0.04996191018147073
ATF7,RPL22,-0.05875404563232325
ATF7,RPL23A,-0.05030435230263127
ATF7,RPL24,-0.056402716783495996
ATF7,RPL26,-0.05848302983234683
ATF7,RPL28,-0.0615161051669711
ATF7,RPL29,-0.06521424002994715
ATF7,RPL3,-0.04917864357525997
ATF7,RPL30,-0.0647080033265878
ATF7,RPL31,-0.04510391545972885
ATF7,RPL32,-0.06852052908601076
ATF7,RPL34,-0.06831947355086156
ATF7,RPL35,-0.04540832991234673
ATF7,RPL35A,-0.06161233297212917
ATF7,RPL36,-0.0555286075637107
ATF7,RPL37,-0.06588028152076761
ATF7,RPL37A,-0.0446237129104677
ATF7,RPL39,-0.0618871963465325
ATF7,RPL41,-0.059996995272962095
ATF7,RPL5,-0.06029948284509075
ATF7,RPL6,-0.0510213342816233
ATF7,RPL7,-0.04341149231383845
ATF7,RPL7A,-0.0616781460059677
ATF7,RPL8,-0.04980490986702699
ATF7,RPL9,-0.047505624620927035
ATF7,RPLP0,-0.04873930880850315
ATF7,RPLP1,-0.05672649423170283
ATF7,RPLP2,-0.05709619445515307
ATF7,RPS12,-0.06404445172636293
ATF7,RPS13,-0.06066058208192787
ATF7,RPS14,-0.0659692631655953
ATF7,RPS15,-0.06520375207308504
ATF7,RPS15A,-0.06669318025870687
ATF7,RPS16,-0.0444626672150294
ATF7,RPS18,-0.0596352061789878
ATF7,RPS19,-0.060447193779586066
ATF7,RPS2,-0.05117654397564803
ATF7,RPS21,-0.061106835258219395
ATF7,RPS23,-0.06097034220771927
ATF7,RPS24,-0.060001631592647396
ATF7,RPS25,-0.0595256224246628
ATF7,RPS27,-0.0648981718902296
ATF7,RPS27A,-0.06934090445839401
ATF7,RPS28,-0.06289252726815213
ATF7,RPS29,-0.0464670173585141
ATF7,RPS3,-0.061035677732639466
ATF7,RPS3A,-0.056366087158355366
ATF7,RPS4X,-0.05638112042485557
ATF7,RPS5,-0.04679188046094224
ATF7,RPS6,-0.05425626362357383
ATF7,RPS7,-0.05515167604507867
ATF7,RPS8,-0.05873370556761496
ATF7,RPS9,-0.042983490626201104
ATF7,RPSA,-0.0508703956851378
ATF7,TMSB10,-0.04755306870384193
ATF7,TMSB4X,-0.05183745250583153
ATF7,TPT1,-0.0571061496613252
ATF7,UBA52,-0.04681713437212065
BACH1,ACTB,-0.0481572566652451
BACH1,ATP5F1E,-0.046918196853598
BACH1,ATP5MG,-0.03660567590945187
BACH1,B2M,-0.09649373628890134
BACH1,COMMD6,-0.0358985670539456
BACH1,COX7C,-0.039792376170832804
BACH1,DOCK10,0.0330974942867602
BACH1,EEF1A1,-0.0657422177555054
BACH1,EEF1B2,-0.0511347558153136
BACH1,EEF1D,-0.0412900877459116
BACH1,EIF1,-0.03738011248269315
BACH1,FTH1,-0.0431137553826545
BACH1,FTL,-0.04318306450203645
BACH1,HLA-B,-0.04550419623842705
BACH1,HLA-C,-0.0403412671670178
BACH1,IFITM1,-0.04235266865346695
BACH1,MT-CO1,-0.03937515165144875
BACH1,MT-CO2,-0.038053767005045834
BACH1,MYL12A,-0.04240612355473037
BACH1,NACA,-0.06334419500091776
BACH1,PFN1,-0.044874356118607295
BACH1,PTMA,-0.05186403456370933
BACH1,RACK1,-0.05232416379120505
BACH1,RPL10,-0.08516007773062813
BACH1,RPL10A,-0.0521505006102308
BACH1,RPL11,-0.07779996217190853
BACH1,RPL12,-0.06942941567168547
BACH1,RPL13,-0.07324184609409877
BACH1,RPL13A,-0.06225274168957165
BACH1,RPL14,-0.059849718062470636
BACH1,RPL15,-0.0652383646165756
BACH1,RPL18,-0.06475371795080932
BACH1,RPL18A,-0.07474558055222859
BACH1,RPL19,-0.0715145980557328
BACH1,RPL22,-0.06765575732215459
BACH1,RPL23A,-0.060632617813627575
BACH1,RPL24,-0.05871885659694215
BACH1,RPL26,-0.07106832274602597
BACH1,RPL27,-0.0409945545289974
BACH1,RPL27A,-0.0527883494319533
BACH1,RPL28,-0.0697731133214872
BACH1,RPL29,-0.06085584673955407
BACH1,RPL3,-0.0665174362416548
BACH1,RPL31,-0.0643117986499626
BACH1,RPL32,-0.08053420077792613
BACH1,RPL34,-0.08698162277606214
BACH1,RPL35,-0.05410760950760227
BACH1,RPL35A,-0.07422889259571157
BACH1,RPL36,-0.06858418301608907
BACH1,RPL36A,-0.05319749216356064
BACH1,RPL37,-0.07526696928900664
BACH1,RPL37A,-0.05200558931685975
BACH1,RPL38,-0.0482228940260786
BACH1,RPL39,-0.079487210304169
BACH1,RPL41,-0.0792945635441913
BACH1,RPL5,-0.0656400520814703
BACH1,RPL6,-0.062625361907145
BACH1,RPL7,-0.06265459175581935
BACH1,RPL7A,-0.0729993522921749
BACH1,RPL8,-0.06017014728062727
BACH1,RPL9,-0.04851302023835663
BACH1,RPLP0,-0.0633973833511586
BACH1,RPLP1,-0.06874477918289783
BACH1,RPLP2,-0.062315447182450724
BACH1,RPS12,-0.07078326758250346
BACH1,RPS13,-0.07319931650808013
BACH1,RPS14,-0.0799628974355292
BACH1,RPS15,-0.07876480923036304
BACH1,RPS15A,-0.07785128331807874
BACH1,RPS16,-0.05051857843060455
BACH1,RPS18,-0.06913029487101009
BACH1,RPS19,-0.08014390189932644
BACH1,RPS2,-0.06129236181875153
BACH1,RPS20,-0.0430580366766305
BACH1,RPS21,-0.06356518931855856
BACH1,RPS24,-0.0758384274762742
BACH1,RPS25,-0.06876450031982763
BACH1,RPS27,-0.08355352709764911
BACH1,RPS27A,-0.082558189178588
BACH1,RPS28,-0.08192793713512893
BACH1,RPS29,-0.06042179917339666
BACH1,RPS3,-0.0691534094057203
BACH1,RPS3A,-0.06349688065365754
BACH1,RPS4X,-0.0661608852232398
BACH1,RPS5,-0.056802778858689805
BACH1,RPS6,-0.06669045805361945
BACH1,RPS8,-0.06601860192178623
BACH1,RPS9,-0.0566934328707727
BACH1,RPSA,-0.05830838693928975
BACH1,SERF2,-0.03789072859011563
BACH1,SMCHD1,0.035659648298587
BACH1,TMA7,-0.039561918828878634
BACH1,TMSB10,-0.07492800935079559
BACH1,TMSB4X,-0.08029503120990039
BACH1,TOMM7,-0.0430112289722135
BACH2,ACTN1,0.08486005474388116
BACH2,ARIH1,0.05187031586855005
BACH2,ARL6IP5,-0.05843919777958935
BACH2,ATP9B,0.05138731210079985
BACH2,BCL2,0.0706617892524516
BACH2,BRAF,0.0487889306582948
BACH2,C12orf57,0.04301657167331345
BACH2,CD63,-0.06564505590288745
BACH2,CD7,0.06904900304318344
BACH2,CD84,-0.058201009555886654
BACH2,CELF2,0.052572178501057464
BACH2,CHI3L2,0.05057410370489995
BACH2,COL18A1,0.0660356280492888
BACH2,CSGALNACT1,0.0704733262243604
BACH2,DYNLL1,-0.06313899991210395
BACH2,ETS1,0.05355859967643983
BACH2,FAM153A,0.0482900741792757
BACH2,FAM153CP,0.037769919756366496
BACH2,FLNA,-0.0855503921165346
BACH2,GAPDH,-0.13943227458902063
BACH2,GATA3,-0.08209024680820129
BACH2,GLG1,0.03763695991711855
BACH2,GYPC,0.0546335857642932
BACH2,HBS1L,0.04322569115022735
BACH2,ID2,0.034650992424785254
BACH2,IL7R,-0.043925563253067096
BACH2,KLHL24,0.04185349485774005
BACH2,LBH,0.0599503431522563
BACH2,LIMS1,-0.0844034535183433
BACH2,LMNA,-0.08946880565267624
BACH2,MAPRE2,0.0453335478654145
BACH2,MYL6,-0.11825253594419696
BACH2,NDUFB9,-0.03965706330048265
BACH2,NET1,0.0625908942169745
BACH2,PHLDB3,0.0662433645987268
BACH2,PI16,-0.05600587583071835
BACH2,PRPF8,0.0375469530070434
BACH2,RALGAPA1,0.04990859022074905
BACH2,RALGPS2,0.04399354183319355
BACH2,RHOH,0.06414876132950575
BACH2,RIPOR2,0.0709516452142799
BACH2,RPS29,-0.06666821552763977
BACH2,SH3BGRL3,-0.16032965256823908
BACH2,SLC16A10,0.06270040340743535
BACH2,SMARCA2,0.05023786407079525
BACH2,SNTB1,0.055304867478012
BACH2,SNX29,0.0407928970717696
BACH2,SSH2,0.08113587299251415
BACH2,STAT3,0.05818004145683417
BACH2,SYT11,-0.0676974883899273
BACH2,TFDP2,0.042906146754363
BACH2,VPS37B,0.0491784952505717
BACH2,ZC3HAV1,0.04974855099338543
BATF,ACTB,0.0515308623129177
BATF,ACTR3,0.038585915068501245
BATF,ADAM19,0.0484993706727976
BATF,AHNAK,0.0667310520966312
BATF,ALOX5AP,0.06351386235987835
BATF,ANXA1,0.061436557835212326
BATF,ANXA6,0.04774692865051817
BATF,AQP3,0.04067542092554295
BATF,ARL6IP5,0.04038313826669815
BATF,ATP2B1,0.03794875567760663
BATF,B2M,-0.051691180448070695
BATF,BIRC3,0.0292879823194564
BATF,C12orf57,-0.04738474031908585
BATF,CAPN2,0.04439059592927675
BATF,CAPNS1,0.0374253846855829
BATF,CASP1,0.03884857670291415
BATF,CAST,0.0384362053999186
BATF,CCR6,0.060616159490151304
BATF,CCR7,-0.058625116863714105
BATF,CD58,0.049807599793113
BATF,CD74,0.0442219189964762
BATF,CD84,0.043958523750795564
BATF,CLDND1,0.0394401438256696
BATF,CLIC1,0.0707996600590243
BATF,CLU,0.03932642132396275
BATF,COTL1,0.06709342965609477
BATF,CSK,0.03962634202176925
BATF,CTSC,0.0476886055442798
BATF,CXCR3,0.05224201310380949
BATF,DIAPH1,0.03592411629196865
BATF,DOK2,0.04976891757541107
BATF,EHD4,0.036551210263738254
BATF,EMP3,0.05374448631696242
BATF,ERN1,0.04114559949853895
BATF,FAS,0.0620433315434246
BATF,FERMT3,0.04448668704642155
BATF,FOXP1,-0.0571877387447684
BATF,GATA3,0.044463523688501025
BATF,GBP1,0.03695785218310795
BATF,GLIPR1,0.05382893135645093
BATF,HLA-DPB1,0.0529942270595442
BATF,HNRNPA1,-0.044813338835338196
BATF,IL10RA,0.05086886343048767
BATF,IL32,0.060617669335094604
BATF,IQGAP2,0.03818368895283225
BATF,ITGB1,0.07860520072851578
BATF,ITGB2,0.0374345745207414
BATF,KLF6,0.05815879913297198
BATF,LCP1,0.045398430554069676
BATF,LIME1,0.0377426406460807
BATF,LIMS1,0.0392547452748061
BATF,LMNA,0.0581846115886504
BATF,M6PR,0.04403475970058715
BATF,MGST3,0.03947647008705935
BATF,MT-ATP6,-0.04619311691393295
BATF,MT-CO2,-0.051201623799576566
BATF,MT-CO3,-0.04986017639891074
BATF,MT-CYB,-0.0391895631742331
BATF,MT-ND3,-0.0351923393521707
BATF,MT-ND4,-0.043040735312211253
BATF,MYL6,0.05006766127923165
BATF,MYO1F,0.054438710403342576
BATF,MYO1G,0.04939504938991124
BATF,NIBAN1,0.0527049895000482
BATF,NOP53,-0.053893582662700154
BATF,NPM1,-0.056574577811802466
BATF,NR3C1,0.03428974746998055
BATF,PFN1,0.05551066414293625
BATF,PKM,0.0433849838769731
BATF,PPP2R5C,0.037167158379676664
BATF,PRDM1,0.04808340626196353
BATF,PRDX1,0.04517894288320733
BATF,PRNP,0.03470836005547215
BATF,PSMB3,0.039706317373146297
BATF,RPL17,-0.08445808244305701
BATF,RPL24,-0.07334013625028285
BATF,RPL3,-0.08964982803093324
BATF,RPL36,-0.07326352497702923
BATF,RPL4,-0.05514981203793585
BATF,RPL6,-0.06774545953596132
BATF,RPLP0,-0.05743082395419796
BATF,RPS12,-0.09926827277551878
BATF,RPS15A,-0.10222834031790258
BATF,RPS20,-0.06398047199955567
BATF,RPS27,-0.09722595270321666
BATF,RPS29,-0.07357574031215933
BATF,RPS7,-0.06933570822643105
BATF,RPS8,-0.09646555358819262
BATF,SAMSN1,0.04021203657790167
BATF,SARAF,-0.07769362953357785
BATF,SELL,-0.05227687425077425
BATF,SH3BGRL3,0.06043210840735685
BATF,SH3BP5,0.04450416604899676
BATF,SPN,0.0446428953264604
BATF,SRGN,0.0391734111228527
BATF,SRI,0.0392538765585662
BATF,SYNE2,0.0403149926123617
BATF,TBXAS1,0.0496714432948365
BATF,TIGIT,0.049341708251541466
BATF,TIMP1,0.04327453601885663
BATF,TNIP1,0.039519177138865894
BATF,TPM4,0.044533397805460596
BATF,TPT1,-0.08476077218774651
BATF,TRIM69,0.0383963154221591
BATF,TTC39C,0.0306559930761445
BATF,VASP,0.04130079116916455
BATF,VIM,0.04695949922577785
BATF,YWHAH,0.05065791642509134
BCL11A,ADAM28,0.10893967210840566
BCL11A,B2M,-0.0436438685525868
BCL11A,C1orf21,0.050463931711368454
BCL11A,HLA-DRA,0.06175377219895825
BCL11A,LAT2,0.07032269495480165
BCL11A,LYN,0.06253724030753825
BCL11A,MEF2C,0.11471261056361046
BCL11A,RPL11,-0.0305108776977898
BCL11A,RPL13A,-0.033053590955685
BCL11A,RPL27A,-0.03262856530390635
BCL11A,RPL3,-0.03069460945887125
BCL11A,RPL41,-0.0386535898862871
BCL11A,RPS14,-0.03588027699228465
BCL11A,RPS15,-0.0314442032788965
BCL11A,RPS19,-0.0323277448993571
BCL11B,ACTB,-0.06751399154936745
BCL11B,ACTG1,-0.051522940385371634
BCL11B,ACTN1,0.05492961160988317
BCL11B,ACTN4,-0.0639705289613405
BCL11B,ARF1,-0.04539398588329005
BCL11B,ARHGDIA,-0.05161509598806585
BCL11B,ARID1B,0.0372114318051808
BCL11B,ARIH1,0.04113325461053835
BCL11B,ARPC1B,-0.0660700558239803
BCL11B,ASH1L,0.037463978901923996
BCL11B,ATM,0.06480775417669837
BCL11B,CAPG,-0.0614656765588402
BCL11B,CAPN2,-0.0557919087692157
BCL11B,CCNL1,0.0430263703439592
BCL11B,CD55,0.05543584680638597
BCL11B,CD63,-0.060546258528412
BCL11B,CELF2,0.049744240037351665
BCL11B,CFL1,-0.0632668444541632
BCL11B,CHD3,0.04489235700469215
BCL11B,CHMP7,0.048808927919636154
BCL11B,CLIC1,-0.090017321953473
BCL11B,COX5A,-0.044041807507815445
BCL11B,CRIP1,-0.10548350860359103
BCL11B,CRLF3,0.03377817125966605
BCL11B,CTSA,-0.04803677859687325
BCL11B,CYTH1,0.03802829916893305
BCL11B,DDX5,0.04272391086932515
BCL11B,DGKA,0.03765158258576205
BCL11B,DYNLL1,-0.0518379037589898
BCL11B,EIF1,-0.0464325301029639
BCL11B,EIF2S3,0.0358816104706914
BCL11B,EMP3,-0.0808483045962715
BCL11B,ENO1,-0.0380551782870214
BCL11B,EPB41,0.04075871524592477
BCL11B,FHIT,0.057868717020682026
BCL11B,FKBP5,0.039670631282862266
BCL11B,FLNA,-0.04738770534161265
BCL11B,FOXO1,0.05088879307508645
BCL11B,FOXP1,0.07997621637368367
BCL11B,FTL,-0.048873380498833996
BCL11B,FUS,0.045230635665572366
BCL11B,FXYD5,-0.06851025709693424
BCL11B,GATA3,-0.06483793141951685
BCL11B,HLA-C,-0.054758144698116795
BCL11B,HLA-DPA1,-0.04528114131060005
BCL11B,HLA-DPB1,-0.043326461094205154
BCL11B,ITGB1,-0.07836505120923927
BCL11B,JMJD1C,0.037440734248936465
BCL11B,JPT1,-0.0519286016953608
BCL11B,KAT6A,0.03481869166298255
BCL11B,KLF6,-0.07086871735432944
BCL11B,LGALS3,-0.062085272109692925
BCL11B,LUC7L3,0.0405458957984573
BCL11B,LY6E,-0.05169844949822365
BCL11B,MIF,-0.0603698853263868
BCL11B,MLXIP,0.035472167169772056
BCL11B,MYCBP2,0.039546698067526906
BCL11B,MYL12A,-0.0573548886295554
BCL11B,MYL12B,-0.04863586873443223
BCL11B,MYL6,-0.0657623450476062
BCL11B,NME2,-0.04411881591638913
BCL11B,NPDC1,-0.061133645884825144
BCL11B,NUCB2,0.0544410968315875
BCL11B,OGA,0.037970384972227045
BCL11B,PFN1,-0.0777360323027941
BCL11B,PNRC1,0.04124388600928275
BCL11B,PPP1R18,-0.05356952270927765
BCL11B,PRDX1,-0.0530986085175741
BCL11B,PRKCA,0.06709765982345395
BCL11B,PRMT2,0.04178751098921857
BCL11B,RAPGEF6,0.0633245126829881
BCL11B,RGS10,0.0501084720352976
BCL11B,RHOC,-0.0514404465833081
BCL11B,RPL10,-0.08604908516359419
BCL11B,RPL15,-0.06440444484434925
BCL11B,RPL18,-0.0498552837511487
BCL11B,RPL23,0.055716314902180555
BCL11B,RPL26,-0.0695694221703613
BCL11B,RPL36AL,-0.048517456750352905
BCL11B,RPL41,-0.0804425340189221
BCL11B,RPLP1,-0.07269089772608239
BCL11B,RPS17,0.02875316905817155
BCL11B,RPS18,-0.08301901712340805
BCL11B,RPS19,-0.09097620210356624
BCL11B,RPS2,-0.07635505051249925
BCL11B,RPS4X,-0.0709162038006376
BCL11B,S100A10,-0.10377725671159328
BCL11B,SECISBP2,0.033207718325948196
BCL11B,SERF2,-0.047418569753565565
BCL11B,SF1,0.04908290593941267
BCL11B,SFMBT2,0.03753191379693875
BCL11B,SH3BGRL3,-0.09199825330514982
BCL11B,SMAP2,0.04936790743584165
BCL11B,SMCHD1,0.054791032778424474
BCL11B,SRRM2,0.04599643384117725
BCL11B,SSBP2,0.0437429990034702
BCL11B,SSBP4,-0.056188272811756194
BCL11B,SSH2,0.0513474198821732
BCL11B,STAG1,0.031161708400894453
BCL11B,STAT3,0.042683034809830496
BCL11B,STK17B,0.04735978046089153
BCL11B,TAGLN2,-0.08730182273145982
BCL11B,TBCB,-0.049589148510848655
BCL11B,TPI1,-0.05785898525413685
BCL11B,TRMT112,-0.042146960164203495
BCL11B,TUT4,0.03891327487435995
BCL11B,TXN,-0.05769510763188727
BCL11B,UBC,-0.0515212157882328
BCL11B,VIM,-0.08269796452140776
BCL11B,ZBTB20,0.059184164965209396
BCL11B,ZC3HAV1,0.04183727770882193
BCL11B,ZFP36,-0.0387063766974272
BCL6,B2M,-0.0508366476063875
BCL6,EEF1A1,-0.0358039529574608
BCL6,FAU,-0.034749474675734346
BCL6,RPL11,-0.0418767619455108
BCL6,RPL12,-0.0387336113836326
BCL6,RPL13,-0.04668572083463865
BCL6,RPL18,-0.03389789073901265
BCL6,RPL23A,-0.03977918293800445
BCL6,RPL26,-0.0404203267086266
BCL6,RPL28,-0.0374645377801509
BCL6,RPL30,-0.03768870993800567
BCL6,RPL32,-0.04476654006758977
BCL6,RPL36,-0.037134557038850255
BCL6,RPL37,-0.0380734278638055
BCL6,RPL6,-0.0347988612656824
BCL6,RPLP1,-0.03889272075617625
BCL6,RPLP2,-0.038920718037311855
BCL6,RPS12,-0.03898552441770343
BCL6,RPS13,-0.04238849721714283
BCL6,RPS14,-0.04957540099548555
BCL6,RPS15,-0.046232760336296
BCL6,RPS15A,-0.044125315768522355
BCL6,RPS18,-0.04686045845659295
BCL6,RPS19,-0.04636034575801705
BCL6,RPS21,-0.0406285370576171
BCL6,RPS23,-0.04099006369565565
BCL6,RPS25,-0.0403364526329168
BCL6,RPS27,-0.04514481041945295
BCL6,RPS27A,-0.04745156657982365
BCL6,RPS28,-0.04436123473022994
BCL6,RPS3,-0.0403695237284877
BCL6,RPS3A,-0.036217727599783894
BCL6,RPS4X,-0.042522517067101
BCL6,RPS5,-0.034497991204863764
BCL6,RPS6,-0.0398469660768951
BCL6,RPS8,-0.038778122921646965
BHLHE40,ABCB1,0.0533669874064756
BHLHE40,ABLIM1,-0.07559477046644525
BHLHE40,ACTN1,-0.1059027131576114
BHLHE40,ACTN4,0.07737814865358665
BHLHE40,ADAM19,0.10552540143035016
BHLHE40,ADAM8,0.06836973625191334
BHLHE40,ADGRE5,0.058794905758868164
BHLHE40,ADRB2,0.07436599688550119
BHLHE40,ADTRP,-0.0643298221339458
BHLHE40,AGPAT4,0.046632105272257945
BHLHE40,AHNAK,0.12430282308119993
BHLHE40,AHR,0.08772306885682264
BHLHE40,AK5,-0.06622699978928015
BHLHE40,AKAP13,0.044749278097364745
BHLHE40,AKIRIN2,0.03509431618464165
BHLHE40,ALOX5AP,0.05703942227356677
BHLHE40,ANKRD28,0.05771410496312307
BHLHE40,ANKRD55,-0.0645337878345911
BHLHE40,ANTXR2,0.0749921575105936
BHLHE40,ANXA2,0.11260883359423612
BHLHE40,ANXA4,0.055223583169387
BHLHE40,ANXA5,0.06711396871364192
BHLHE40,APOBEC3C,0.04656247728966355
BHLHE40,APOBEC3H,0.06950766972894105
BHLHE40,AQP3,0.038053142323062734
BHLHE40,ARAP2,0.06454481376711514
BHLHE40,ARHGAP15,0.05425410437027142
BHLHE40,ARHGDIA,0.048282960696368726
BHLHE40,ARL4A,0.05000688900036265
BHLHE40,ARL4C,0.05917717681448923
BHLHE40,ARPC1B,0.04525300252505363
BHLHE40,ATG2A,0.049512694348501154
BHLHE40,ATP2B1,0.05395545025100287
BHLHE40,ATP5MC2,-0.04764593776975275
BHLHE40,ATXN1,0.0646893276474182
BHLHE40,AUTS2,0.13487360922782043
BHLHE40,B4GALT1,0.05589724751621444
BHLHE40,B4GALT5,0.0559357421536415
BHLHE40,BCL3,0.08152328509051475
BHLHE40,BTG3,0.05397311624552105
BHLHE40,C12orf57,-0.09282817520938941
BHLHE40,C12orf75,0.0824721807352955
BHLHE40,C17orf49,0.04511067269051225
BHLHE40,CALHM2,0.0686966945284628
BHLHE40,CALM1,0.057781340271510696
BHLHE40,CANX,0.05296910935846989
BHLHE40,CAPG,0.0644991734461443
BHLHE40,CAPN12,0.0508083083988906
BHLHE40,CAPN2,0.0681651886478061
BHLHE40,CAPNS1,0.055507198414075504
BHLHE40,CASK,0.04894591656442645
BHLHE40,CAST,0.06964274289243749
BHLHE40,CCDC107,0.050098602358070767
BHLHE40,CCDC167,0.04124238232581967
BHLHE40,CCL5,0.13574344830418467
BHLHE40,CCND2,0.039347209291410196
BHLHE40,CCR6,0.09017962561498383
BHLHE40,CCR7,-0.1087906115706944
BHLHE40,CD151,0.05389786597774805
BHLHE40,CD226,0.0557878342415227
BHLHE40,CD300A,0.05497716700395765
BHLHE40,CD58,0.06954182022551116
BHLHE40,CD63,0.0590824311774224
BHLHE40,CD69,0.06323259738376276
BHLHE40,CD74,0.060415648784523934
BHLHE40,CD82,0.056099589865883426
BHLHE40,CD83,0.06703515164251395
BHLHE40,CD99,0.0539402605510122
BHLHE40,CDC14A,0.04717172871401263
BHLHE40,CDC42EP3,0.06654378053912373
BHLHE40,CDKN1A,0.1467133286655037
BHLHE40,CDKN2D,0.04695254948107083
BHLHE40,CERS6,-0.05320795102851135
BHLHE40,CFLAR,0.04701847874388955
BHLHE40,CGAS,0.04909756307784835
BHLHE40,CHST11,0.05422246211888073
BHLHE40,CHST12,0.043046610901990266
BHLHE40,CISH,0.044766606364713746
BHLHE40,CKLF,0.0459736187594658
BHLHE40,CLDND1,0.058333836077367654
BHLHE40,CLIC1,0.08297264768588267
BHLHE40,CLU,0.0415502302229208
BHLHE40,COMMD6,-0.0540331091007968
BHLHE40,COTL1,0.05706143096024027
BHLHE40,COX4I1,-0.06893063198010242
BHLHE40,COX7C,-0.04882290634792127
BHLHE40,CREB3L2,0.05264872590677175
BHLHE40,CREM,0.0461279247173252
BHLHE40,CRIP1,0.09253272669441667
BHLHE40,CRY1,0.052775963481926605
BHLHE40,CSRNP1,0.08687560585976965
BHLHE40,CTSA,0.046001670126075304
BHLHE40,CTSC,0.0422549995954928
BHLHE40,CTSH,0.08285574706145003
BHLHE40,CXCR3,0.1234781115511653
BHLHE40,CXCR4,0.0678371922590444
BHLHE40,CYB561,0.08453595783252217
BHLHE40,CYBA,0.06383036941176735
BHLHE40,DDIT4,0.04808359723577186
BHLHE40,DHRS7,0.04424367614919745
BHLHE40,DIAPH1,0.046324724595257896
BHLHE40,DNAJA1,0.05497493232164577
BHLHE40,DNAJB6,0.04127800607320155
BHLHE40,DNAJB9,0.047158297987601655
BHLHE40,DNAJC1,0.05372455241471635
BHLHE40,DPP4,0.0452520880892774
BHLHE40,DSTN,0.046591701786868965
BHLHE40,DUSP1,0.08254257918864773
BHLHE40,DUSP2,0.06778641084116158
BHLHE40,DUSP5,0.10567926497701215
BHLHE40,EEF1A1,-0.0797283709039552
BHLHE40,EEF1B2,-0.09730676270181297
BHLHE40,EEF1D,-0.05493667355179802
BHLHE40,EEF1G,-0.08478246892257629
BHLHE40,EEF2,-0.04241178632681377
BHLHE40,EEPD1,0.051200342562895004
BHLHE40,EFHD2,0.07062630548981104
BHLHE40,EIF3E,-0.06285269748798053
BHLHE40,ELOVL5,0.04800899324760545
BHLHE40,EML4,0.04536666661786957
BHLHE40,EMP3,0.07116631331538927
BHLHE40,EPHA4,0.0544906961475399
BHLHE40,EPS15,0.04910148243357455
BHLHE40,ERN1,0.08616058631059201
BHLHE40,EZR,0.07690926315227847
BHLHE40,FAS,0.0893644030899686
BHLHE40,FAU,-0.07144569568794246
BHLHE40,FBXL8,0.0500964850706544
BHLHE40,FCMR,-0.09750231855906996
BHLHE40,FHIT,-0.0744077648240876
BHLHE40,FKBP11,0.06122638769994537
BHLHE40,FLNA,0.07324618505358862
BHLHE40,FMNL1,0.0435934261034238
BHLHE40,FOS,0.05937582955973503
BHLHE40,FOSB,0.053907224196751
BHLHE40,FOSL2,0.06901775560731584
BHLHE40,FOXP1,-0.06854164830990321
BHLHE40,FRY,0.08538573394255285
BHLHE40,FUT7,0.0740074668439121
BHLHE40,FXYD7,0.057690810057900097
BHLHE40,FYB1,-0.0854455510170362
BHLHE40,GAPDH,0.0674121211586496
BHLHE40,GATA3,0.07383141196272835
BHLHE40,GDPD5,0.0694418631880461
BHLHE40,GLIPR1,0.0911680101225259
BHLHE40,GLIPR2,0.06376827720697567
BHLHE40,GLUL,0.0460488235400264
BHLHE40,GNG2,0.041626254795991004
BHLHE40,GPR171,0.04178921572931857
BHLHE40,GSTK1,0.051804199175549445
BHLHE40,GUK1,0.04856909392897934
BHLHE40,GYPC,-0.07591089413356035
BHLHE40,HERPUD1,0.06000386854939194
BHLHE40,HLA-A,0.07002445699664744
BHLHE40,HLA-DPA1,0.05059290260173007
BHLHE40,HLA-DPB1,0.04513926616777917
BHLHE40,HLA-DQB1,0.055386142590744494
BHLHE40,HLA-DRB1,0.059697768757401445
BHLHE40,HNRNPLL,0.07201516628222615
BHLHE40,HNRNPUL1,0.04530820657461301
BHLHE40,HOPX,0.1270561790357859
BHLHE40,HSP90B1,0.0404080886323765
BHLHE40,HSPA5,0.0662029522177594
BHLHE40,ID2,0.057082515436348354
BHLHE40,IDS,0.062528396390122
BHLHE40,IER2,0.0355591857334363
BHLHE40,IER5,0.07450471694466376
BHLHE40,IFITM2,0.0540737792145016
BHLHE40,IL10RA,0.07318799438490593
BHLHE40,IL18R1,0.058817132457019305
BHLHE40,IL2RG,0.043697368756841166
BHLHE40,IL32,0.08823238268009964
BHLHE40,IL5RA,0.058156134273243454
BHLHE40,IL6ST,-0.09409506858027256
BHLHE40,IL7R,0.07262764029112702
BHLHE40,INPP5D,0.04314076149166305
BHLHE40,IQGAP2,0.0516174039093814
BHLHE40,IRF1,0.0524434920819317
BHLHE40,ITGA4,0.0496321004992941
BHLHE40,ITGB1,0.10369710158828763
BHLHE40,JPT1,0.0471349249939475
BHLHE40,JUN,0.03671389018477358
BHLHE40,KAT2B,0.054526551240149546
BHLHE40,KLF10,0.07551869285359093
BHLHE40,KLF6,0.10157857713663693
BHLHE40,KLRG1,0.0733829386873535
BHLHE40,LBH,-0.0766967667531147
BHLHE40,LCP1,0.04945422687329613
BHLHE40,LDHA,0.05074441474899177
BHLHE40,LDHB,-0.0866957113921211
BHLHE40,LEF1,-0.1548246239106849
BHLHE40,LEPROTL1,-0.057292050438999056
BHLHE40,LGALS1,0.11413985394404368
BHLHE40,LGALS3,0.11071725683711703
BHLHE40,LIMD2,-0.08926759245931151
BHLHE40,LMNA,0.14347340011598
BHLHE40,LMO4,0.060103441717602596
BHLHE40,LPGAT1,0.06225271534808739
BHLHE40,LPP,0.04707774191697965
BHLHE40,LRRC8C,0.0470556219363805
BHLHE40,LRRFIP1,0.0459207148575087
BHLHE40,LY6E,0.04859775212343625
BHLHE40,LYAR,0.09692550312779832
BHLHE40,MACF1,0.04886021168455995
BHLHE40,MAF,0.059215185203364266
BHLHE40,MAML2,-0.074947250082087
BHLHE40,MAP1LC3B,0.04566158381221755
BHLHE40,MAP3K4,0.0399803255466272
BHLHE40,MAP3K5,0.0469131847360234
BHLHE40,MAP3K8,0.062103313852118903
BHLHE40,MAP4,0.0625410612353374
BHLHE40,MATK,0.06130935136249086
BHLHE40,MCL1,0.06201452508435883
BHLHE40,MCOLN2,0.050388026115909396
BHLHE40,MFSD10,0.0434335152673298
BHLHE40,MGAT5,0.052476547677536595
BHLHE40,MGST3,0.041015302631354965
BHLHE40,MIDN,0.05294979798209985
BHLHE40,MPZL3,0.04103361233806565
BHLHE40,MSN,0.04694184965080409
BHLHE40,MYADM,0.07514965237462794
BHLHE40,MYBL1,0.08859638380054136
BHLHE40,MYH9,0.04574954971346076
BHLHE40,MYL12B,0.04930930458200725
BHLHE40,MYL6,0.0486783409287115
BHLHE40,MYO1G,0.05615042216399467
BHLHE40,NACA,-0.09637424280456834
BHLHE40,NAMPT,0.04468615354303695
BHLHE40,NCALD,0.0740871730998776
BHLHE40,NCF4,0.0862233568208397
BHLHE40,NCOA7,0.05383458413681225
BHLHE40,NCR3,0.0466220022543699
BHLHE40,NDFIP1,-0.09384094834274424
BHLHE40,NFATC2,0.05056766203447745
BHLHE40,NFKB1,0.053625190338437795
BHLHE40,NFKBIA,0.09346796050341524
BHLHE40,NIBAN1,0.09355881586967676
BHLHE40,NKG7,0.05860941515500976
BHLHE40,NOP53,-0.05136890834616175
BHLHE40,NOSIP,-0.07348661373674925
BHLHE40,NPM1,-0.0622771812017113
BHLHE40,NR4A2,0.0783222422092286
BHLHE40,NUCB2,-0.0754477778308148
BHLHE40,OGDH,0.0648459019239924
BHLHE40,OPTN,0.05578973644795607
BHLHE40,OSBPL3,0.050967541606538054
BHLHE40,OSM,0.062278957846483254
BHLHE40,OSTF1,0.0376059915411356
BHLHE40,OXNAD1,-0.0704256648738425
BHLHE40,P4HB,0.0601699392406958
BHLHE40,PABPC1,-0.0721296970711318
BHLHE40,PAG1,0.0457055618877211
BHLHE40,PAM,0.04175894946395435
BHLHE40,PARP8,0.0657332606844687
BHLHE40,PAXX,0.05108663747081643
BHLHE40,PCNX1,0.039230136404520805
BHLHE40,PDE4A,0.0483093086990073
BHLHE40,PDE4B,0.06079099133771134
BHLHE40,PDE4D,0.07031482527142142
BHLHE40,PDIA3,0.043196971306909
BHLHE40,PDIA6,0.0533559750854844
BHLHE40,PERP,0.0822296711432601
BHLHE40,PFDN5,-0.051642764478854554
BHLHE40,PGAM1,0.038742967893508035
BHLHE40,PHACTR2,0.0677898739029686
BHLHE40,PHLDA1,0.1368096376137991
BHLHE40,PHTF2,0.0542452598062913
BHLHE40,PIK3IP1,-0.0800541647257258
BHLHE40,PIK3R1,0.04683015944373595
BHLHE40,PIM3,0.0664969920074544
BHLHE40,PIP4K2A,0.0433173665850614
BHLHE40,PLCB1,0.09968289234419181
BHLHE40,PLEK,0.061558485596913
BHLHE40,PLEKHA2,0.045793290179957896
BHLHE40,PLEKHG3,0.09237556799595745
BHLHE40,PMAIP1,0.07324685738452894
BHLHE40,POMP,0.0349281158228585
BHLHE40,PPIB,0.04810538204002912
BHLHE40,PPP1CA,0.0351773908011608
BHLHE40,PPP1R14B,0.047636874232232354
BHLHE40,PPP1R15A,0.0733117192423029
BHLHE40,PPP1R16B,0.0673023602983657
BHLHE40,PPP1R18,0.03445642344664923
BHLHE40,PPP2R5C,0.04590853020183397
BHLHE40,PPP3CA,0.068100687794024
BHLHE40,PRDM1,0.09170718852723495
BHLHE40,PRDX1,0.0419752745107554
BHLHE40,PREX1,0.0691433056447177
BHLHE40,PRKX,0.0470132820111882
BHLHE40,PRNP,0.06682983798426463
BHLHE40,PRR5L,0.04960450113680685
BHLHE40,PTGER4,0.056690045518241805
BHLHE40,PTMA,-0.05034521044788093
BHLHE40,RAB11FIP1,0.05753549987392695
BHLHE40,RABGAP1L,0.0401530813911423
BHLHE40,RACK1,-0.07107822947136917
BHLHE40,RADX,0.0457966497298819
BHLHE40,RAP1GAP2,0.045208524197164604
BHLHE40,RAPGEF1,0.05354156152991575
BHLHE40,RARA,0.055138624726869645
BHLHE40,RASGEF1A,0.05659523851311285
BHLHE40,REEP3,0.05272124657505685
BHLHE40,REEP5,0.0696906859394219
BHLHE40,RELB,0.0685764338975218
BHLHE40,RGS1,0.08628925429860065
BHLHE40,RGS10,-0.09085892445589289
BHLHE40,RGS2,0.05210746657956525
BHLHE40,RHOC,0.08470412765979714
BHLHE40,RNF19A,0.052282897209322894
BHLHE40,RORA,0.07896782006889318
BHLHE40,RPL10,-0.08919171684105222
BHLHE40,RPL10A,-0.07578630739927923
BHLHE40,RPL11,-0.10958981253242
BHLHE40,RPL12,-0.0831692581534461
BHLHE40,RPL13,-0.09748951640449828
BHLHE40,RPL13A,-0.06917707098131105
BHLHE40,RPL14,-0.07162210127100142
BHLHE40,RPL15,-0.0648933954859008
BHLHE40,RPL18,-0.08508275466094894
BHLHE40,RPL18A,-0.08894672559377258
BHLHE40,RPL19,-0.10154280949981567
BHLHE40,RPL21,-0.09619507711004195
BHLHE40,RPL22,-0.09947290204463963
BHLHE40,RPL23,-0.04864004589785205
BHLHE40,RPL23A,-0.058003702598374896
BHLHE40,RPL24,-0.0745526109440357
BHLHE40,RPL26,-0.07469433702804393
BHLHE40,RPL27,-0.04913217991135268
BHLHE40,RPL27A,-0.0729958709559312
BHLHE40,RPL28,-0.07523689516186957
BHLHE40,RPL29,-0.08465030527451387
BHLHE40,RPL3,-0.07416974247207042
BHLHE40,RPL30,-0.10966450051268413
BHLHE40,RPL31,-0.08063515877177416
BHLHE40,RPL32,-0.11705129904468935
BHLHE40,RPL34,-0.10462830715207447
BHLHE40,RPL35,-0.0549218786982161
BHLHE40,RPL35A,-0.10596436652373481
BHLHE40,RPL36,-0.07582704715894689
BHLHE40,RPL36A,-0.050313082999592064
BHLHE40,RPL37,-0.08936823083730537
BHLHE40,RPL37A,-0.061423433995959904
BHLHE40,RPL38,-0.0690351659034431
BHLHE40,RPL39,-0.09581545561735832
BHLHE40,RPL4,-0.0587403604182316
BHLHE40,RPL41,-0.06948143975817493
BHLHE40,RPL5,-0.0921337006912012
BHLHE40,RPL6,-0.06750328321395205
BHLHE40,RPL7,-0.08444047687595
BHLHE40,RPL7A,-0.0717556527774139
BHLHE40,RPL8,-0.061929496460007026
BHLHE40,RPLP1,-0.06393021609843233
BHLHE40,RPLP2,-0.09260502129917438
BHLHE40,RPS10,-0.06965954447549824
BHLHE40,RPS11,-0.04611727434861717
BHLHE40,RPS12,-0.10077374610584333
BHLHE40,RPS14,-0.10383545581329637
BHLHE40,RPS15,-0.0896237942410687
BHLHE40,RPS15A,-0.10703398308307532
BHLHE40,RPS16,-0.07369278807665207
BHLHE40,RPS18,-0.0751637517685805
BHLHE40,RPS19,-0.06246069151330991
BHLHE40,RPS2,-0.06470452417639883
BHLHE40,RPS20,-0.058549069574138475
BHLHE40,RPS21,-0.07672208956157275
BHLHE40,RPS23,-0.10903230357307422
BHLHE40,RPS24,-0.07929639425473312
BHLHE40,RPS25,-0.08845324995591752
BHLHE40,RPS27,-0.10136797135039873
BHLHE40,RPS27A,-0.09772879875575348
BHLHE40,RPS28,-0.09887342761701187
BHLHE40,RPS29,-0.07415987484273895
BHLHE40,RPS3,-0.0838231626788624
BHLHE40,RPS3A,-0.1160015672605802
BHLHE40,RPS4X,-0.08253520079450705
BHLHE40,RPS5,-0.09769780076499646
BHLHE40,RPS6,-0.09701380626064404
BHLHE40,RPS6KA3,0.04869815652451329
BHLHE40,RPS7,-0.07275013537531995
BHLHE40,RPS8,-0.10906866435284877
BHLHE40,RPS9,-0.07287793049588165
BHLHE40,RPSA,-0.04926698487377987
BHLHE40,RUNX2,0.07679999140164465
BHLHE40,RUNX3,0.06575717257334233
BHLHE40,S100A10,0.10303159676992195
BHLHE40,S100A11,0.10681300409374077
BHLHE40,S100A4,0.14734170138183125
BHLHE40,S100A6,0.08160620405114377
BHLHE40,SAMD3,0.05132691637296205
BHLHE40,SAMSN1,0.06743977117218775
BHLHE40,SAP30,0.053900728058456956
BHLHE40,SARAF,-0.07446685184012704
BHLHE40,SAT1,0.053029563743274534
BHLHE40,SEC11C,0.0528342498389738
BHLHE40,SEC61B,0.06279500333235177
BHLHE40,SEC61G,0.0459696014766524
BHLHE40,SELENOK,0.0670855159787381
BHLHE40,SELENOS,0.0448934958793543
BHLHE40,SEPTIN11,0.0509104678680234
BHLHE40,SH2D2A,0.061282732444870244
BHLHE40,SH3BGRL3,0.09130697068092458
BHLHE40,SH3BP5,0.0460626873951967
BHLHE40,SIK3,0.0448043341578607
BHLHE40,SLAMF1,0.048845669208277404
BHLHE40,SLC4A7,0.038512859840498
BHLHE40,SLCO3A1,0.0541349681984784
BHLHE40,SLF1,0.04195445917863045
BHLHE40,SMAD3,0.05702098852372105
BHLHE40,SMAD7,0.09315693981353955
BHLHE40,SMAP1,0.047421311544972734
BHLHE40,SND1,0.04707159114533085
BHLHE40,SOS1,0.0474371646440834
BHLHE40,SOX13,0.05613034790514786
BHLHE40,SP140,0.05196006757675685
BHLHE40,SPCS3,0.04920744555581005
BHLHE40,SPN,0.0418471107704398
BHLHE40,SQSTM1,0.05703127090174665
BHLHE40,SRGN,0.07749665146938214
BHLHE40,SRI,0.0374992378090109
BHLHE40,SS18L2,0.0348434938295969
BHLHE40,SSBP4,0.05629277862417287
BHLHE40,SSR3,0.04292013261894127
BHLHE40,SSR4,0.04933198846393724
BHLHE40,STOM,0.09267733980601826
BHLHE40,SUB1,0.0374643744745111
BHLHE40,SYNE2,0.0693552058076016
BHLHE40,SYTL2,0.05355381614733365
BHLHE40,TAGAP,0.04128197694952935
BHLHE40,TAGLN2,0.07522075194193582
BHLHE40,TANK,0.0515396649599815
BHLHE40,TBCB,0.04114752237159655
BHLHE40,TBX21,0.09021659703635534
BHLHE40,TBXAS1,0.048236307290670646
BHLHE40,TCF7,-0.13657919290337364
BHLHE40,TGFB1,0.08693203224224993
BHLHE40,TGFBR2,-0.06704465089597145
BHLHE40,TGFBR3,0.071027235568308
BHLHE40,TGIF1,0.0441732955763879
BHLHE40,TIMP1,0.08571504125293433
BHLHE40,TIPARP,0.07871893275505255
BHLHE40,TLN1,0.0565982270111956
BHLHE40,TMED10,0.04648206043414305
BHLHE40,TMED2,0.04193278382110815
BHLHE40,TMED9,0.035957724683779946
BHLHE40,TMEM273,0.0880699128236809
BHLHE40,TMEM50A,0.041819733684266565
BHLHE40,TMSB10,-0.08516475637469541
BHLHE40,TMSB4X,-0.04778777155105499
BHLHE40,TMX4,0.0625556284855076
BHLHE40,TNF,0.06825928345628986
BHLHE40,TNFAIP3,0.09475068877987022
BHLHE40,TNFRSF18,0.09074757896023387
BHLHE40,TNFRSF1B,0.0712729576909238
BHLHE40,TNFRSF4,0.08981935720082343
BHLHE40,TNFSF13B,0.05060891273100585
BHLHE40,TNIP1,0.04622269761621417
BHLHE40,TOB1,0.055542952003403305
BHLHE40,TOMM7,-0.061523924758314065
BHLHE40,TPD52,0.0492420033000595
BHLHE40,TPI1,0.04758191140066355
BHLHE40,TPM3,0.0494795905752005
BHLHE40,TPM4,0.05517397873011337
BHLHE40,TPT1,-0.0745132377003937
BHLHE40,TRADD,0.0652255495425432
BHLHE40,TRIQK,0.0521717778941472
BHLHE40,TSPAN2,0.06070359061979966
BHLHE40,TTC39C,0.05129979379075325
BHLHE40,TUBA1C,0.08276114009048295
BHLHE40,TUBA4A,0.0360774903269179
BHLHE40,TUBB4B,0.05423522883677185
BHLHE40,TXN,0.07094117611368272
BHLHE40,TYMP,0.0485270715566702
BHLHE40,UBA52,-0.0584529668346022
BHLHE40,UQCRB,-0.06296365458044854
BHLHE40,USP46,0.069060912810402
BHLHE40,UST,0.059017450108381
BHLHE40,UTRN,0.040011668814841556
BHLHE40,VCL,0.0624140991187392
BHLHE40,VIM,0.07379178833311714
BHLHE40,WDR86,0.0618415618540825
BHLHE40,XBP1,0.0606083057565107
BHLHE40,YPEL5,0.05069500023683205
BHLHE40,YWHAH,0.06591003627079987
BHLHE40,YWHAQ,0.08384033435332806
BHLHE40,YWHAZ,0.05343863548966035
BHLHE40,ZC3H12A,0.0697854589290297
BHLHE40,ZFP36,0.0900526236914924
BHLHE40,ZFP36L2,0.05843582297055315
BHLHE40,ZFYVE28,0.0562951574499512
CDC5L,ARID4B,0.02859921169447035
CDC5L,CD52,-0.03398590447334355
CDC5L,DDX39B,0.03259206929680645
CDC5L,EEF1A1,-0.06463599328563577
CDC5L,EEF1D,-0.03940507448674702
CDC5L,EEF1G,-0.04192852649168835
CDC5L,EIF1,-0.04306799354292078
CDC5L,NACA,-0.0482496246262319
CDC5L,RPL10A,-0.05659999624428477
CDC5L,RPL12,-0.07150509488508437
CDC5L,RPL13,-0.08209170121992909
CDC5L,RPL15,-0.05845548145105388
CDC5L,RPL18,-0.06388248715212445
CDC5L,RPL22,-0.05613102958673724
CDC5L,RPL23A,-0.06810113050850103
CDC5L,RPL26,-0.07267794996479957
CDC5L,RPL27,-0.04903801230143429
CDC5L,RPL28,-0.07602174217433158
CDC5L,RPL30,-0.07453130031399433
CDC5L,RPL32,-0.08951135020066307
CDC5L,RPL35A,-0.07915128854395126
CDC5L,RPL36,-0.07749812532972493
CDC5L,RPL37,-0.06776338263410968
CDC5L,RPL37A,-0.0563395958418042
CDC5L,RPL5,-0.0588372201953745
CDC5L,RPL6,-0.05634285625775502
CDC5L,RPL7,-0.05853416520422958
CDC5L,RPL7A,-0.05658541846665074
CDC5L,RPL9,-0.05822933044117637
CDC5L,RPLP2,-0.0786030005542854
CDC5L,RPS12,-0.0782741223027101
CDC5L,RPS13,-0.07471076423046162
CDC5L,RPS14,-0.08607801862267493
CDC5L,RPS16,-0.0578800840921848
CDC5L,RPS18,-0.07957336208946897
CDC5L,RPS19,-0.08209231714867155
CDC5L,RPS20,-0.06088459025424855
CDC5L,RPS21,-0.06252138199789985
CDC5L,RPS24,-0.05324442297499815
CDC5L,RPS26,-0.03439437964966673
CDC5L,RPS27,-0.09124147557739275
CDC5L,RPS3,-0.07333010734799765
CDC5L,RPS3A,-0.06944112218101002
CDC5L,RPS7,-0.06042084953225155
CDC5L,RPS8,-0.07220794060184875
CDC5L,RPSA,-0.04731844249727133
CDC5L,SLC25A3,0.02989218292638825
CDC5L,TOMM7,-0.04345343752104445
CDC5L,TPR,0.031488735965263054
CEBPB,AHNAK,0.0314219006821094
CEBPB,ANXA1,0.040799351514954146
CEBPB,ANXA2,0.03072270411788255
CEBPB,CITED2,0.034772364636008246
CEBPB,CLIC1,0.032225904473190646
CEBPB,COTL1,0.03150095983180905
CEBPB,EEF1A1,-0.05490263565372593
CEBPB,GADD45B,0.04564815573251425
CEBPB,GLIPR1,0.0290189255672378
CEBPB,H4C3,0.0336628035088571
CEBPB,IER2,0.04130151365166
CEBPB,ITGB1,0.034348576390854854
CEBPB,JUN,0.04535998322580595
CEBPB,LCP1,0.0293164341125374
CEBPB,LDHA,0.03301348860552745
CEBPB,NACA,-0.03746995864611545
CEBPB,P4HB,0.03197659324896295
CEBPB,PPIB,0.027904721064196447
CEBPB,PPP1R15A,0.03670325221757576
CEBPB,PTMA,-0.049830858348434294
CEBPB,RACK1,-0.0368377490513278
CEBPB,RPL10A,-0.06060061336730785
CEBPB,RPL11,-0.07513665048288314
CEBPB,RPL12,-0.06438479004959767
CEBPB,RPL13,-0.07882060669300721
CEBPB,RPL13A,-0.09024630098994445
CEBPB,RPL15,-0.06311507439004885
CEBPB,RPL18,-0.055507442637988326
CEBPB,RPL18A,-0.07009375881327994
CEBPB,RPL19,-0.06350067364213173
CEBPB,RPL21,-0.0932280212130394
CEBPB,RPL22,-0.05316719144984575
CEBPB,RPL23,-0.04576350233717255
CEBPB,RPL23A,-0.0739029624547538
CEBPB,RPL24,-0.046508298487897594
CEBPB,RPL26,-0.0704311761362761
CEBPB,RPL27,-0.053923791660218046
CEBPB,RPL28,-0.06739565214834327
CEBPB,RPL29,-0.05321697626593097
CEBPB,RPL3,-0.06829169481739661
CEBPB,RPL31,-0.07859183012527625
CEBPB,RPL32,-0.08055684224198843
CEBPB,RPL34,-0.08481624873767106
CEBPB,RPL35A,-0.07072329129917554
CEBPB,RPL36,-0.06318945808129493
CEBPB,RPL36A,-0.05375402883565235
CEBPB,RPL37,-0.06305485522722708
CEBPB,RPL37A,-0.0578614972472317
CEBPB,RPL38,-0.0530057527521208
CEBPB,RPL39,-0.07809768176283693
CEBPB,RPL41,-0.07305892075154118
CEBPB,RPL5,-0.04896135361740725
CEBPB,RPL6,-0.05586030151214267
CEBPB,RPL9,-0.05582122692265884
CEBPB,RPLP1,-0.0591116857101155
CEBPB,RPS12,-0.07085033974560927
CEBPB,RPS13,-0.06680377534863573
CEBPB,RPS14,-0.07130581141431183
CEBPB,RPS15A,-0.0814416731940798
CEBPB,RPS16,-0.0558624749567076
CEBPB,RPS18,-0.07337097729201417
CEBPB,RPS19,-0.06946546814595454
CEBPB,RPS20,-0.06691624564983435
CEBPB,RPS23,-0.07187141996246131
CEBPB,RPS24,-0.05384279255555957
CEBPB,RPS27,-0.08113011986185914
CEBPB,RPS28,-0.0736669544132959
CEBPB,RPS29,-0.06952292667782613
CEBPB,RPS3A,-0.06749392625206184
CEBPB,RPS4X,-0.0614436332313924
CEBPB,RPS5,-0.0572632312190734
CEBPB,RPS6,-0.0704053155365147
CEBPB,RPS7,-0.0532970205821346
CEBPB,RPS8,-0.07346669243203037
CEBPB,RPS9,-0.0588951456179137
CEBPB,S100A11,0.03411377625653595
CEBPB,SRGN,0.0361341759234202
CEBPB,SYNE2,0.0286908574820868
CEBPB,TAGLN2,0.0316664293643698
CEBPB,TIMP1,0.032460518206643946
CEBPB,TMSB4X,-0.06856891216329107
CEBPB,TNFAIP3,0.0374453079609946
CEBPB,TPT1,-0.053892898232355754
CEBPB,UBA52,-0.046319726967229004
CEBPB,ZFP36,0.03869447718568193
CEBPD,CCL5,0.06271603952786399
CEBPD,CLIC1,0.0371213059981478
CEBPD,EEF1A1,-0.03789896875587965
CEBPD,FAU,-0.036984064864145696
CEBPD,MAP3K8,0.0354174467067687
CEBPD,PLCB1,0.05157437805076745
CEBPD,RPL10,-0.05449742252279835
CEBPD,RPL10A,-0.03685084219483625
CEBPD,RPL12,-0.044820906770668495
CEBPD,RPL13,-0.052281372930440106
CEBPD,RPL13A,-0.053038494409175796
CEBPD,RPL18A,-0.048169662494201196
CEBPD,RPL19,-0.04393382228669955
CEBPD,RPL21,-0.05950976980704975
CEBPD,RPL23A,-0.0478756648197429
CEBPD,RPL26,-0.04700038793133405
CEBPD,RPL27A,-0.0491332422952553
CEBPD,RPL28,-0.041934921171644254
CEBPD,RPL3,-0.0456539239407193
CEBPD,RPL31,-0.04695124660460735
CEBPD,RPL32,-0.055739023124989254
CEBPD,RPL34,-0.05986246724296855
CEBPD,RPL41,-0.057907924635852245
CEBPD,RPL6,-0.03307019721270095
CEBPD,RPLP2,-0.0501358247375816
CEBPD,RPS15A,-0.05265821181947
CEBPD,RPS18,-0.054083825933853
CEBPD,RPS2,-0.0470921229056862
CEBPD,RPS27,-0.059516127518742745
CEBPD,RPS28,-0.05231613482822845
CEBPD,RPS3,-0.046407889560017804
CEBPD,RPS3A,-0.0460611494435887
CEBPD,RPS5,-0.0372628761943916
CEBPD,RPS7,-0.03567609696319165
CEBPG,EEF1A1,-0.0452529099203689
CEBPG,FAU,-0.0436503908111505
CEBPG,NACA,-0.04020279797199825
CEBPG,PTMA,-0.040477803807327566
CEBPG,RPL10,-0.0561983825743674
CEBPG,RPL10A,-0.0397990936532272
CEBPG,RPL11,-0.05752686452641225
CEBPG,RPL13,-0.05479523620080375
CEBPG,RPL13A,-0.05957651202007165
CEBPG,RPL15,-0.0447351173859268
CEBPG,RPL17,-0.050698945065107054
CEBPG,RPL18,-0.045989609273944326
CEBPG,RPL18A,-0.05044933967645757
CEBPG,RPL19,-0.05016653595981565
CEBPG,RPL21,-0.05589642459177577
CEBPG,RPL22,-0.04199899030052765
CEBPG,RPL23A,-0.04792588709418907
CEBPG,RPL24,-0.0434387344483776
CEBPG,RPL26,-0.04922045179694725
CEBPG,RPL29,-0.046402399135152796
CEBPG,RPL3,-0.045901831625503035
CEBPG,RPL31,-0.047711266942806835
CEBPG,RPL32,-0.06006271276413262
CEBPG,RPL34,-0.06034912603034097
CEBPG,RPL35A,-0.054911187977248546
CEBPG,RPL36,-0.052209360928603836
CEBPG,RPL36A,-0.044677568348594
CEBPG,RPL37,-0.048229315239049955
CEBPG,RPL37A,-0.043004151873706466
CEBPG,RPL38,-0.0414558844164542
CEBPG,RPL39,-0.055882282103453654
CEBPG,RPL41,-0.05286230809912895
CEBPG,RPL6,-0.041706785172361836
CEBPG,RPL7,-0.05083917721314035
CEBPG,RPL7A,-0.0393637168675654
CEBPG,RPL9,-0.0424898228295246
CEBPG,RPLP1,-0.046495599132310494
CEBPG,RPLP2,-0.05319735882091895
CEBPG,RPS12,-0.05510735549715572
CEBPG,RPS13,-0.053435361750892
CEBPG,RPS14,-0.05704537938031798
CEBPG,RPS15,-0.05356911523616072
CEBPG,RPS15A,-0.05961642584692918
CEBPG,RPS16,-0.0426838469296462
CEBPG,RPS18,-0.0545362313012522
CEBPG,RPS19,-0.055654825538561235
CEBPG,RPS20,-0.044454182091317546
CEBPG,RPS21,-0.0507974799447106
CEBPG,RPS23,-0.05400118266613265
CEBPG,RPS24,-0.0421654049710055
CEBPG,RPS27,-0.06031765377243177
CEBPG,RPS27A,-0.05910846031701055
CEBPG,RPS29,-0.05361786615818753
CEBPG,RPS3,-0.048887225751057
CEBPG,RPS3A,-0.0514786780220451
CEBPG,RPS5,-0.04214815563058555
CEBPG,RPS6,-0.05360133281890594
CEBPG,RPS7,-0.04196468536442525
CEBPG,RPS8,-0.05206673566108295
CEBPG,RPS9,-0.0386727568877721
CEBPG,RPSA,-0.0341544536536717
CEBPG,TMSB4X,-0.04872049305769557
CEBPG,TPT1,-0.0418348673354943
CEBPG,UBA52,-0.042687730639985655
CEBPZ,CCT3,0.0300709740098285
CEBPZ,EIF1,-0.0382493181356288
CEBPZ,EIF5,0.029387947480210203
CEBPZ,ENO1,0.029744924770146147
CEBPZ,HSP90B1,0.0319879456514022
CEBPZ,HSPA5,0.0315549133158078
CEBPZ,MT-CO1,-0.0536988890143124
CEBPZ,MT-CO2,-0.055038249365558505
CEBPZ,RPL11,-0.08093111756698115
CEBPZ,RPL13A,-0.0862338920560083
CEBPZ,RPL18A,-0.07832742095992892
CEBPZ,RPL22,-0.05638234371726897
CEBPZ,RPL38,-0.051356520479869196
CEBPZ,RPLP0,-0.0431027913420687
CEBPZ,RPS15,-0.07932001377291215
CEBPZ,RPS15A,-0.0822105109037802
CEBPZ,RPS20,-0.07375546369696705
CEBPZ,RPS9,-0.06466665898423964
CEBPZ,SERBP1,0.03333118566867885
CEBPZ,SFPQ,0.0314149684202178
CEBPZ,TMA7,-0.03510876894679275
CHAMP1,B2M,-0.0616553541284956
CHAMP1,EEF1A1,-0.05109558898412905
CHAMP1,MT-CO2,-0.0304583003570612
CHAMP1,RPL11,-0.049039176659560736
CHAMP1,RPL12,-0.0429982476492248
CHAMP1,RPL15,-0.0360493945425343
CHAMP1,RPL26,-0.04545719580634747
CHAMP1,RPL3,-0.038666837079864555
CHAMP1,RPL31,-0.0370632573093999
CHAMP1,RPL32,-0.0514165832227022
CHAMP1,RPL34,-0.05459301982260597
CHAMP1,RPL35A,-0.0450553557106064
CHAMP1,RPL37,-0.0531501668598702
CHAMP1,RPL41,-0.04947873144654846
CHAMP1,RPL7A,-0.0457032991543878
CHAMP1,RPS14,-0.04943404470056117
CHAMP1,RPS18,-0.04688184833908587
CHAMP1,RPS24,-0.048111024947335004
CHAMP1,RPS27,-0.051302626047476096
CHAMP1,RPS27A,-0.05217451655783156
CHAMP1,RPS29,-0.04262232206894665
CHAMP1,RPS4X,-0.04275849167869103
CHAMP1,RPS6,-0.0414660680218058
CHAMP1,RPS7,-0.04899625072955305
CHAMP1,RPS8,-0.0510611155226547
CLOCK,AHNAK,0.04316369916159077
CLOCK,ANXA2,0.04089146341291745
CLOCK,BTF3,-0.0414876345386395
CLOCK,C12orf57,-0.03822310453730255
CLOCK,COX4I1,-0.0476623087794295
CLOCK,EEF1A1,-0.06526346280269693
CLOCK,EEF1D,-0.0493153131814192
CLOCK,EEF1G,-0.04543638022366655
CLOCK,EIF1,-0.050214761451623596
CLOCK,FAU,-0.061518171410219064
CLOCK,FTH1,-0.0356384714663917
CLOCK,ITGB1,0.04553439452554725
CLOCK,NACA,-0.06695414482359
CLOCK,PABPC1,-0.04670786632038095
CLOCK,PTMA,-0.05239698456670953
CLOCK,RACK1,-0.0587567755297187
CLOCK,RPL10,-0.07436581557649723
CLOCK,RPL10A,-0.055736163204621804
CLOCK,RPL11,-0.07387606718505343
CLOCK,RPL12,-0.06404640830446913
CLOCK,RPL13,-0.0716359717484401
CLOCK,RPL15,-0.053318256494419534
CLOCK,RPL18,-0.0637251362738441
CLOCK,RPL19,-0.06966928110962807
CLOCK,RPL22,-0.07224959242919654
CLOCK,RPL23A,-0.056129740516565364
CLOCK,RPL24,-0.06686800728839931
CLOCK,RPL27,-0.045136538632748455
CLOCK,RPL32,-0.07818431090729326
CLOCK,RPL35A,-0.07063914574796357
CLOCK,RPL37A,-0.05042955724670505
CLOCK,RPL39,-0.06460105080386967
CLOCK,RPL4,-0.04309615149472605
CLOCK,RPL41,-0.060970380680898
CLOCK,RPL5,-0.07361344598493269
CLOCK,RPL6,-0.05319178835758757
CLOCK,RPL9,-0.054502764959997674
CLOCK,RPLP0,-0.05102283468637525
CLOCK,RPS12,-0.0690490381464684
CLOCK,RPS13,-0.07379130763815997
CLOCK,RPS14,-0.0764034688089585
CLOCK,RPS15,-0.06900480802684913
CLOCK,RPS16,-0.051385008881885
CLOCK,RPS18,-0.06565793252019768
CLOCK,RPS19,-0.06343737569216953
CLOCK,RPS2,-0.059672876418340466
CLOCK,RPS20,-0.0357605682888438
CLOCK,RPS25,-0.06730842759798593
CLOCK,RPS27,-0.07190125558302803
CLOCK,RPS27A,-0.07713431609507
CLOCK,RPS29,-0.050578274219712394
CLOCK,RPS3,-0.0677572042268715
CLOCK,RPS5,-0.06017792434852437
CLOCK,RPS7,-0.0591538596365605
CLOCK,RPS9,-0.05289603315407174
CLOCK,RPSA,-0.0547366097366802
CLOCK,TMSB4X,-0.05359625685764153
CLOCK,TOMM7,-0.042403158544324304
CLOCK,TPT1,-0.06868287628032119
CLOCK,UBA52,-0.05753461442170805
CREB1,ATP5MG,-0.03134196833795945
CREB1,B2M,-0.08881868198790975
CREB1,COMMD6,-0.032748986614298745
CREB1,COX7C,-0.0381428253421868
CREB1,EEF1A1,-0.06100565361065517
CREB1,EEF1D,-0.040411471616463704
CREB1,EIF1,-0.04768337573451265
CREB1,FAU,-0.0623356820502253
CREB1,FTH1,-0.05512130189980354
CREB1,FTL,-0.041107630299331864
CREB1,H3-3B,-0.04078487484966985
CREB1,HLA-A,-0.03927701905106595
CREB1,HLA-B,-0.0441901292648169
CREB1,JUNB,-0.035269710066122596
CREB1,MT-CO2,-0.04764337115873277
CREB1,MT-CO3,-0.04469846726984645
CREB1,MT-CYB,-0.036711511286241644
CREB1,NACA,-0.04765975815718357
CREB1,PFDN5,-0.047889987106843
CREB1,PTMA,-0.057707404241709524
CREB1,RACK1,-0.0436865541750289
CREB1,RPL10,-0.08083740855833355
CREB1,RPL10A,-0.05332876306168845
CREB1,RPL11,-0.07385210428681302
CREB1,RPL12,-0.06599877424343034
CREB1,RPL13,-0.07462924486425243
CREB1,RPL13A,-0.06328098605178015
CREB1,RPL14,-0.05794361604954827
CREB1,RPL15,-0.05691543850287978
CREB1,RPL17,-0.06408770012264646
CREB1,RPL18,-0.059848797419633976
CREB1,RPL18A,-0.07220491266925483
CREB1,RPL19,-0.0667204540595258
CREB1,RPL21,-0.07350628597246488
CREB1,RPL22,-0.05303789006878887
CREB1,RPL23A,-0.067209732223635
CREB1,RPL24,-0.04925322701331193
CREB1,RPL26,-0.06907441622010588
CREB1,RPL27,-0.05548828841155505
CREB1,RPL27A,-0.06105348913638609
CREB1,RPL28,-0.07116245938608957
CREB1,RPL29,-0.05570929468948532
CREB1,RPL3,-0.06100153871346602
CREB1,RPL30,-0.0682487908397716
CREB1,RPL31,-0.06566186199468453
CREB1,RPL32,-0.0782373494580442
CREB1,RPL34,-0.08078367190929805
CREB1,RPL35,-0.0589756226307719
CREB1,RPL35A,-0.06922471153185511
CREB1,RPL36,-0.06883008378258693
CREB1,RPL36A,-0.05778771875281147
CREB1,RPL37,-0.06959426081240715
CREB1,RPL37A,-0.05448471948722427
CREB1,RPL38,-0.06432814407594466
CREB1,RPL39,-0.08651055879933456
CREB1,RPL4,-0.03802701044313565
CREB1,RPL41,-0.07701747753545687
CREB1,RPL5,-0.056262093822337766
CREB1,RPL6,-0.055825811165047604
CREB1,RPL7,-0.061404950427458894
CREB1,RPL7A,-0.0563423557710915
CREB1,RPL8,-0.05596421676250665
CREB1,RPL9,-0.055773499362221333
CREB1,RPLP0,-0.0486285028834755
CREB1,RPLP1,-0.06860995083038479
CREB1,RPLP2,-0.06922568065215673
CREB1,RPS10,-0.0394682123865778
CREB1,RPS11,-0.0395003654385209
CREB1,RPS12,-0.06873932155518617
CREB1,RPS13,-0.06482970073927688
CREB1,RPS14,-0.07736453577670602
CREB1,RPS15,-0.07538432320858725
CREB1,RPS15A,-0.0773364828304433
CREB1,RPS16,-0.05225473561851045
CREB1,RPS18,-0.07533300709330612
CREB1,RPS19,-0.07579282932152703
CREB1,RPS2,-0.06497953615341234
CREB1,RPS20,-0.0477755306532619
CREB1,RPS21,-0.0618847213922497
CREB1,RPS23,-0.0669760403753883
CREB1,RPS24,-0.059713753313351235
CREB1,RPS25,-0.07036733720559447
CREB1,RPS27,-0.07869657942244854
CREB1,RPS27A,-0.07891891725293296
CREB1,RPS28,-0.07439961479074962
CREB1,RPS29,-0.06557323845359132
CREB1,RPS3,-0.06832472489792363
CREB1,RPS3A,-0.060490549470816946
CREB1,RPS5,-0.0534135553265235
CREB1,RPS6,-0.06446143164580115
CREB1,RPS7,-0.0603058481719829
CREB1,RPS8,-0.06300948051530265
CREB1,RPS9,-0.050205157103706446
CREB1,RPSA,-0.04884585176967877
CREB1,SERF2,-0.03517885922155215
CREB1,TMA7,-0.035603751737291
CREB1,TMSB10,-0.0735913695643025
CREB1,TMSB4X,-0.0844708582630403
CREB1,TOMM7,-0.042224180480005896
CREB1,TPT1,-0.06126716305494973
CREB1,UBA52,-0.052992041037781434
CREB3,ANXA2,0.04332600259898435
CREB3,B2M,-0.05123617090659083
CREB3,CLIC1,0.0427123125243556
CREB3,EEF1A1,-0.04107406114914745
CREB3,EIF1,-0.0397041995480996
CREB3,FAU,-0.04363524079826818
CREB3,PFDN5,-0.03207853734569345
CREB3,PTMA,-0.04553118959938358
CREB3,RPL10,-0.056152908054618596
CREB3,RPL12,-0.05384490009792894
CREB3,RPL13,-0.05722873701004315
CREB3,RPL13A,-0.06289677076490036
CREB3,RPL14,-0.043612439287517867
CREB3,RPL17,-0.050836790063713146
CREB3,RPL18,-0.044156776011906346
CREB3,RPL19,-0.04825333455661328
CREB3,RPL22,-0.04335288835173087
CREB3,RPL23A,-0.05664541093334295
CREB3,RPL24,-0.038145166908538905
CREB3,RPL26,-0.049189710223438474
CREB3,RPL29,-0.04182313150983617
CREB3,RPL3,-0.048407163369586635
CREB3,RPL31,-0.0592076165704219
CREB3,RPL32,-0.06230430181184715
CREB3,RPL34,-0.062032270146955226
CREB3,RPL35,-0.0515482572403199
CREB3,RPL36,-0.05677915227229727
CREB3,RPL37,-0.0498925434105842
CREB3,RPL5,-0.04158176943927703
CREB3,RPL7,-0.04905450779633006
CREB3,RPL8,-0.0361366941876062
CREB3,RPL9,-0.0440419497076096
CREB3,RPLP1,-0.049715596724599874
CREB3,RPLP2,-0.057112176010296174
CREB3,RPS12,-0.05508080096012462
CREB3,RPS13,-0.053775406369023476
CREB3,RPS14,-0.056750616195313
CREB3,RPS15,-0.05450555109823825
CREB3,RPS15A,-0.06246903398153405
CREB3,RPS16,-0.04281889476077697
CREB3,RPS18,-0.0530934526211595
CREB3,RPS19,-0.057180698859711436
CREB3,RPS20,-0.04636121326911065
CREB3,RPS21,-0.048047740712976496
CREB3,RPS25,-0.05273718571959088
CREB3,RPS27,-0.061450039827661895
CREB3,RPS27A,-0.0585883019548099
CREB3,RPS29,-0.058408340586682934
CREB3,RPS3,-0.046644918076670275
CREB3,RPS3A,-0.05255140627406378
CREB3,RPS6,-0.05332497561183917
CREB3,RPS7,-0.04886772104286895
CREB3,RPS8,-0.05469378119878035
CREB3,RPS9,-0.04205348114336943
CREB3,TMSB10,-0.049239669380853134
CREB3,TPT1,-0.04228417922630113
CREB3L2,ADAM19,0.04612888996267285
CREB3L2,CD63,0.03894002112130185
CREB3L2,EEF1A1,-0.0659863230789513
CREB3L2,EEF1B2,-0.06042638537687663
CREB3L2,EEF1D,-0.04510999888514643
CREB3L2,FKBP11,0.0365516898753099
CREB3L2,FLNA,0.04488228438606747
CREB3L2,IL32,0.045494562644901454
CREB3L2,RPL13,-0.07756048778813668
CREB3L2,RPL23,-0.03900492073514363
CREB3L2,RPL27A,-0.0623057088408697
CREB3L2,RPS16,-0.058577888414299825
CREB3L2,SEC11C,0.03513709841394585
CREB3L2,TGFB1,0.0354809369763117
CREB3L2,TNFRSF4,0.043268410189996165
CREB3L2,TPM4,0.0345567501506296
CREB3L2,TRADD,0.0352122525152917
CREB3L2,TXN,0.03893749828304665
CREM,ACTB,-0.06646926345910115
CREM,AHNAK,0.0429065075695855
CREM,ALG13,0.06602797501368204
CREM,ALOX5AP,0.0322348640787406
CREM,AMD1,0.040471727322395554
CREM,ANXA2,0.0460645716785611
CREM,AP3M2,0.04886966111191283
CREM,AREG,0.0790177469862914
CREM,ARF6,0.03025900315087105
CREM,ARHGAP15,0.03967989113779313
CREM,ARID5A,0.0596346370451366
CREM,ARID5B,0.03923056658211883
CREM,ARIH1,0.0499087802663513
CREM,ARL4A,0.06461930418485023
CREM,ATG2A,0.0359753261211311
CREM,ATP1B3,0.052864514479168324
CREM,ATP2B1,0.0418472196515561
CREM,ATP5F1E,-0.0697141314074316
CREM,ATP5MC2,-0.0443245356304934
CREM,ATP6V0C,0.03810125744800035
CREM,B2M,-0.07368170747694872
CREM,BACH2,0.0413893929721381
CREM,BCAS2,0.05450322110997158
CREM,BCL7B,0.0390390091892727
CREM,BCLAF1,0.04610490014198463
CREM,BEST1,0.06651003654248624
CREM,BHLHE40,0.0461279247173252
CREM,BORCS5,0.058025222947511466
CREM,BRAF,0.0415992303745642
CREM,BTG2,0.06909820853817616
CREM,BTG3,0.0480662009118085
CREM,BUD31,0.04608222618646225
CREM,BZW1,0.043091581096306744
CREM,C12orf57,-0.043719839016304246
CREM,CALM1,0.0433980147760709
CREM,CAST,0.0291592793531247
CREM,CCDC59,0.044306640747160994
CREM,CCNH,0.0712884891634671
CREM,CCNL1,0.0699031412348915
CREM,CD28,0.039306566105831345
CREM,CD55,0.0753891257442478
CREM,CD69,0.08993613628887343
CREM,CD99,0.040788304817968454
CREM,CDK17,0.0638938766907919
CREM,CEMIP2,0.0638397922632924
CREM,CHD1,0.06847296992560865
CREM,CHD2,0.043694542744383655
CREM,CHMP1B,0.0620674097737841
CREM,CLDND1,0.03080326719837335
CREM,CLIC1,0.04456059179001795
CREM,CLK1,0.05129268918719925
CREM,CNOT1,0.0366518211602175
CREM,CNOT6L,0.0507279924957363
CREM,COMMD6,-0.0514764839924595
CREM,CORO7,0.0505614161430083
CREM,COTL1,0.040809238960347854
CREM,COX4I1,-0.04900298813171075
CREM,COX7C,-0.049137026745003864
CREM,CRYBG1,0.05588160923786804
CREM,CSRNP1,0.07582335025499383
CREM,CXCR4,0.08245068589090865
CREM,CYCS,0.059915743499411346
CREM,CYTIP,0.0382157587640641
CREM,DDIT3,0.06938703209438415
CREM,DDIT4,0.0512528619537995
CREM,DDX21,0.040512869636091
CREM,DDX3X,0.0544284605213148
CREM,DENND4A,0.0491737844350032
CREM,DNAJA1,0.0547094052737606
CREM,DNAJB1,0.06682286840113398
CREM,DNAJB6,0.0494270833329312
CREM,DNAJB9,0.045651861390535474
CREM,DUSP1,0.08676810686276075
CREM,DUSP16,0.038093357949348594
CREM,DUSP2,0.08021924035816622
CREM,DUSP5,0.058311769289147934
CREM,DYNLT1,0.04600935586527688
CREM,EEF1A1,-0.07975357987507647
CREM,EEF1B2,-0.051856607165800275
CREM,EEF1D,-0.05036257817660063
CREM,EEF1G,-0.0617852290269672
CREM,EID1,0.03050315259957135
CREM,EIF3E,-0.0305158801023499
CREM,EIF4G2,0.046759352178922645
CREM,EIF4H,0.0360101725643141
CREM,EIF5,0.0621718476054534
CREM,ELF1,0.05371496053246663
CREM,ELL2,0.0815215195915394
CREM,EML4,0.039587751272007574
CREM,EPHA4,0.039270758097411304
CREM,ERN1,0.03336199939918895
CREM,ESYT2,0.050254479692515605
CREM,ETF1,0.056158611654835044
CREM,ETV3,0.0729156593546149
CREM,EZR,0.06285208889764393
CREM,FAAH2,0.03842348551215875
CREM,FAM177A1,0.0783450894203613
CREM,FAU,-0.07267041255293913
CREM,FKBP11,0.03164391519163035
CREM,FNBP1,0.036502655687356
CREM,FOS,0.08457556859507592
CREM,FOSB,0.1283232444541786
CREM,FOSL2,0.0657406100852958
CREM,FTL,-0.04223452197457965
CREM,FYN,0.0322799219383562
CREM,G3BP2,0.0667812095107488
CREM,GABARAPL1,0.0783180189645068
CREM,GADD45A,0.0630788019757356
CREM,GLIPR1,0.03325370502949555
CREM,GNG2,0.047667397906725445
CREM,GOLGB1,0.038623208925725
CREM,GPCPD1,0.05213205713070835
CREM,GPR132,0.0471001345663367
CREM,GPR183,0.05541874369178335
CREM,GSPT1,0.046947474150674795
CREM,GTF2B,0.061454225751827546
CREM,HECTD1,0.0442305952858523
CREM,HERC1,0.0461295547006011
CREM,HERPUD1,0.047818109195219234
CREM,HERPUD2,0.04759526505604803
CREM,HNRNPUL1,0.0489854559318127
CREM,HOOK2,0.08414360847024525
CREM,HOPX,0.029296014358896
CREM,HSP90AA1,0.051294174733658555
CREM,HSPA5,0.05713004222812507
CREM,HSPA9,0.059845065712952894
CREM,HSPH1,0.06291153883188019
CREM,ID2,0.0382823618852477
CREM,IDI1,0.05943560092449397
CREM,IDS,0.061559664393430746
CREM,IFRD1,0.0437265226092304
CREM,IL10RA,0.0308586914132555
CREM,IRF1,0.0605402952477556
CREM,IRF2BP2,0.0702766427415148
CREM,IRS2,0.06720103032670614
CREM,ISCA1,0.0630466728841931
CREM,ITGB1,0.0591372943302786
CREM,IVNS1ABP,0.0660448003151321
CREM,JMJD1C,0.05804566657450755
CREM,JMY,0.06729178115694791
CREM,JUN,0.049766829877437906
CREM,JUNB,0.06981761525085539
CREM,JUND,0.07137897964941346
CREM,KDM6B,0.07557968608216485
CREM,KLF2,0.0849005932576264
CREM,KLF6,0.06528395421057573
CREM,KPNA2,0.0588528124476929
CREM,LDHA,0.0443573454463183
CREM,LDHB,-0.05771852849554325
CREM,LEPROTL1,0.057695396012200945
CREM,LGALS1,0.0372422595245863
CREM,LMNA,0.06404643256508794
CREM,LRRC8C,0.040719821006275095
CREM,LTB,-0.05816771577591626
CREM,LYAR,0.034850259114214646
CREM,MAP3K2,0.0509303766382754
CREM,MAPK1IP1L,0.0477579728161118
CREM,MAPRE1,0.0360547631418787
CREM,MCL1,0.05933314136404274
CREM,MIDN,0.06881568725570175
CREM,MORF4L1,0.0355735965739408
CREM,MT-CO1,-0.07037034320530595
CREM,MT-CO2,-0.04471794285420524
CREM,MT-CO3,-0.04724138652706935
CREM,MT-ND3,-0.06031238709881281
CREM,MT-ND4,-0.0476971842420152
CREM,MT2A,0.036591811479995046
CREM,MTFP1,0.049409063740508546
CREM,MYADM,0.074063176685767
CREM,MYL12A,-0.07677887065855485
CREM,MYLIP,0.0361977464156531
CREM,NACA,-0.05989223029151055
CREM,NAMPT,0.05553830409510633
CREM,NFKB1,0.0645787285077003
CREM,NFKBIA,0.07861351478441587
CREM,NIBAN1,0.03363393641398195
CREM,NPDC1,0.032803731525900146
CREM,NR1D2,0.04435183432914935
CREM,NR3C1,0.0405802474415422
CREM,NR4A2,0.11364479065952905
CREM,NR4A3,0.11722472641073735
CREM,NSMCE3,0.0536707957363973
CREM,NUP58,0.05216648897601375
CREM,NXT1,0.0368334140846895
CREM,ODC1,0.061366826504238935
CREM,OGDH,0.03834848232042905
CREM,OSER1,0.06219600598762404
CREM,P2RY10,0.0459112495329193
CREM,P2RY8,0.031210714792831332
CREM,PASK,0.0322062113479021
CREM,PDCD4,0.041108822534468265
CREM,PDE4D,0.05282042710980005
CREM,PELI1,0.0721339521693488
CREM,PER1,0.11728458717730636
CREM,PFDN5,-0.04920067733741305
CREM,PFN1,-0.052718946982859255
CREM,PHACTR2,0.0354240970578829
CREM,PIK3R1,0.0510325046022745
CREM,PIM3,0.05723497840399065
CREM,PLK3,0.0720671712213196
CREM,PLP2,0.030161025831257002
CREM,PMAIP1,0.046749787807018606
CREM,POLR2A,0.041067290112344904
CREM,PPIA,-0.03786715947090975
CREM,PPIB,0.0321183443595266
CREM,PPP1CB,0.048798568673943665
CREM,PPP1R15A,0.0765428451675357
CREM,PPP1R16B,0.051998521853165655
CREM,PPP2CA,0.04283842741005605
CREM,PPP2R5C,0.043872753818649426
CREM,PPP4R3A,0.0437222603985038
CREM,PRDM1,0.03106754253121445
CREM,PRMT9,0.043934881731652935
CREM,PRNP,0.0359566839102773
CREM,PTGER2,0.034524316826305246
CREM,PTGER4,0.0797572526009869
CREM,RACK1,-0.0537378211690202
CREM,RALGAPA1,0.0505824070388766
CREM,RANBP2,0.052435490636128804
CREM,RAPGEF1,0.0358712174865514
CREM,RBM8A,0.0427959277984435
CREM,REL,0.0527045020300101
CREM,RGCC,0.07113384438512617
CREM,RGS1,0.07471950229680345
CREM,RGS2,0.06182418345577265
CREM,RHBDD2,0.048321047104493295
CREM,RHOG,0.0343893339266085
CREM,RHOH,0.038998855849798356
CREM,RILPL2,0.040331880441195775
CREM,RLF,0.0456734834317881
CREM,RNF125,0.062486738380191725
CREM,RNF139,0.059221657397451166
CREM,RNF19A,0.048320462705439104
CREM,RPL10,-0.08968611440387535
CREM,RPL10A,-0.0769412156801292
CREM,RPL11,-0.09596353502995777
CREM,RPL12,-0.07975415593713064
CREM,RPL13,-0.10604227158252037
CREM,RPL14,-0.07650214398015283
CREM,RPL15,-0.0685775109786944
CREM,RPL17,-0.09278775385108215
CREM,RPL18,-0.0773444920451972
CREM,RPL18A,-0.08285594075201233
CREM,RPL19,-0.0902826218782785
CREM,RPL21,-0.0857359957382865
CREM,RPL22,-0.07729368149947358
CREM,RPL22L1,0.03584346134002775
CREM,RPL23A,-0.07988445825866483
CREM,RPL24,-0.0736242754437968
CREM,RPL26,-0.07944021845433925
CREM,RPL27,-0.0604217549270784
CREM,RPL28,-0.07982612838447582
CREM,RPL29,-0.0756529680948425
CREM,RPL3,-0.08094740272060366
CREM,RPL30,-0.093785789022414
CREM,RPL31,-0.08435819807853466
CREM,RPL32,-0.0977503172109412
CREM,RPL34,-0.09653430472479017
CREM,RPL35,-0.07337561086250018
CREM,RPL35A,-0.09343255339891872
CREM,RPL36,-0.07757132403519315
CREM,RPL36A,-0.07518500430479363
CREM,RPL37,-0.08219327286497102
CREM,RPL37A,-0.07608694539557687
CREM,RPL38,-0.07242591260337126
CREM,RPL39,-0.09442338046004482
CREM,RPL4,-0.047063756914154035
CREM,RPL41,-0.0806896272961668
CREM,RPL5,-0.07599250023423026
CREM,RPL6,-0.0756734981225165
CREM,RPL7,-0.0738176314265601
CREM,RPL7A,-0.0623854775410348
CREM,RPL8,-0.06298103785538897
CREM,RPL9,-0.08787996907131417
CREM,RPLP0,-0.05832254005657055
CREM,RPLP1,-0.07836754650017014
CREM,RPLP2,-0.10311362851426915
CREM,RPS10,-0.05866623198768165
CREM,RPS11,-0.04732739482274081
CREM,RPS12,-0.09274068056293634
CREM,RPS13,-0.08890286716887666
CREM,RPS14,-0.08814641969988407
CREM,RPS15,-0.08708873481052723
CREM,RPS15A,-0.09459558474917099
CREM,RPS16,-0.080929457488526
CREM,RPS18,-0.08802864958712477
CREM,RPS19,-0.07794476854581542
CREM,RPS2,-0.07509165103556831
CREM,RPS21,-0.08235346887968255
CREM,RPS23,-0.09148884926326036
CREM,RPS24,-0.07158060842716105
CREM,RPS25,-0.09680804996427217
CREM,RPS27,-0.09702445161035833
CREM,RPS27A,-0.09345701611511255
CREM,RPS28,-0.09937514383955152
CREM,RPS29,-0.07274456912000832
CREM,RPS3,-0.08085772820494848
CREM,RPS3A,-0.0873168391489501
CREM,RPS4X,-0.0718381988275457
CREM,RPS5,-0.07230260867531205
CREM,RPS6,-0.09709450475744986
CREM,RPS7,-0.07207548350530672
CREM,RPS8,-0.08294233755020886
CREM,RPS9,-0.0729047578946942
CREM,RPSA,-0.06974446805441205
CREM,RRP12,0.0588376261093404
CREM,RSRC2,0.03879424743283557
CREM,RUNX3,0.037499689011552303
CREM,S100A4,0.05073679613644155
CREM,SAMSN1,0.055434785865215
CREM,SAT1,0.04463302466272487
CREM,SBDS,0.06494170134565214
CREM,SDCBP,0.058124655425087296
CREM,SEC61B,0.03761571061468755
CREM,SELENOK,0.0682184890010076
CREM,SERF2,-0.054441821938448196
CREM,SIAH2,0.04653147257121865
CREM,SIK3,0.05810600206486215
CREM,SKIL,0.0685850512852241
CREM,SLC3A2,0.037091955400058496
CREM,SMCHD1,0.05016458051602685
CREM,SNRPD2,-0.04007086467805735
CREM,SNRPG,0.03786068612481535
CREM,SOCS1,0.052701717899073096
CREM,SOCS3,0.055042002287387225
CREM,SRGN,0.09936679624066568
CREM,SRSF3,0.03920790494085015
CREM,SRSF7,0.04986671895204188
CREM,SS18L2,0.03280882068360195
CREM,STAT3,0.0514694549874722
CREM,STRAP,0.043208134944356796
CREM,SUB1,0.036299675768776435
CREM,SYNE2,0.036839996999504535
CREM,SYTL3,0.062971832384262
CREM,TAGLN2,0.03238706971335825
CREM,TENT5C,0.07306129328754955
CREM,TGFB1,0.035586938482603095
CREM,TGFBR3,0.0417343039164855
CREM,TIMP1,0.04061733660070755
CREM,TIPARP,0.07521927793172005
CREM,TMA7,-0.05676641886836735
CREM,TMED2,0.03044815159888945
CREM,TMEM50A,0.03282113973258835
CREM,TMSB10,-0.08284821337771503
CREM,TMSB4X,-0.06945388487487145
CREM,TNFAIP3,0.12050547506772077
CREM,TOB1,0.0474942662896937
CREM,TOMM7,-0.0510033232142678
CREM,TPT1,-0.06958296305627813
CREM,TRADD,0.0359189299165616
CREM,TSC22D3,0.09383189136118177
CREM,TSPYL1,0.0672989278394351
CREM,TSPYL2,0.04714862611016927
CREM,TUBA1A,0.05966342825643617
CREM,TUBA4A,0.040863636478574855
CREM,TUBB4B,0.05908964935035893
CREM,TXN,0.03999633540821185
CREM,TXNIP,-0.08558035670380759
CREM,UBA52,-0.0666159832784292
CREM,UBC,0.04795358607944613
CREM,UBE2S,0.0873664939496888
CREM,USP3,0.0495978719649972
CREM,USP36,0.0759997517421203
CREM,VPS37B,0.0675815745559589
CREM,WDR74,0.034693075840759
CREM,WHAMM,0.0402793972765232
CREM,YME1L1,0.0446363659970119
CREM,YPEL5,0.10405043384339772
CREM,YWHAZ,0.0715490567768079
CREM,ZBTB1,0.064247472884011
CREM,ZFAND5,0.054884753540305045
CREM,ZFP36,0.07966826494634775
CREM,ZFP36L2,0.059481716962878906
CREM,ZNF10,0.04702442199577045
CREM,ZNF331,0.09930142037092893
CREM,ZNF394,0.0443449951693902
CREM,ZSWIM6,0.04691764408109675
CTCF,AHNAK,0.03564593299143
CTCF,ATP5F1E,-0.03598039956333195
CTCF,B2M,-0.09301607248915565
CTCF,COMMD6,-0.03326669603481056
CTCF,COX7C,-0.0374460642298395
CTCF,EEF1A1,-0.06748999098403975
CTCF,EEF1B2,-0.04387023735561027
CTCF,EEF1D,-0.042640254111489
CTCF,EIF1,-0.0445390392217793
CTCF,EIF3A,0.03358335430958791
CTCF,FAU,-0.06771965754972077
CTCF,FTH1,-0.04407829653348574
CTCF,FTL,-0.04363739650627482
CTCF,LCP1,0.03212163814187895
CTCF,MSN,0.02953765076886665
CTCF,MT-CO2,-0.04792677867007777
CTCF,MT-ND3,-0.032536630356851254
CTCF,MYCBP2,0.0292217325848819
CTCF,MYH9,0.03080266999830895
CTCF,NACA,-0.05298836420999043
CTCF,NCOR1,0.029663712951572
CTCF,PFDN5,-0.05168395274595707
CTCF,PTMA,-0.06166487671708405
CTCF,RACK1,-0.045073914797618735
CTCF,ROCK1,0.0284915063054293
CTCF,RPL10,-0.08879734384331835
CTCF,RPL10A,-0.05843735259084512
CTCF,RPL11,-0.08352464952594821
CTCF,RPL12,-0.0746827419006076
CTCF,RPL13,-0.08393755158231694
CTCF,RPL13A,-0.07550555252240033
CTCF,RPL14,-0.06281197591022333
CTCF,RPL15,-0.0591874902545374
CTCF,RPL17,-0.06896984585549597
CTCF,RPL18,-0.06601074884118024
CTCF,RPL18A,-0.07896841055881257
CTCF,RPL19,-0.07351597289652632
CTCF,RPL21,-0.08661631430448487
CTCF,RPL22,-0.058069958083032454
CTCF,RPL23A,-0.0717235003633588
CTCF,RPL24,-0.05357142860379153
CTCF,RPL26,-0.0765659844140126
CTCF,RPL27,-0.05158507629781709
CTCF,RPL27A,-0.06728311319272891
CTCF,RPL28,-0.07627361066614483
CTCF,RPL29,-0.061448232976584
CTCF,RPL3,-0.06690095906534
CTCF,RPL30,-0.0772920904913257
CTCF,RPL31,-0.07462591654371599
CTCF,RPL32,-0.08996455017354617
CTCF,RPL34,-0.0940948809886602
CTCF,RPL35,-0.0642633126127038
CTCF,RPL35A,-0.08043132097486365
CTCF,RPL36,-0.07954896228850872
CTCF,RPL36A,-0.06396646578810546
CTCF,RPL37,-0.06906761127906268
CTCF,RPL37A,-0.058137255675600026
CTCF,RPL38,-0.06004597031900897
CTCF,RPL39,-0.08729112465612587
CTCF,RPL4,-0.04020782716345025
CTCF,RPL41,-0.08620489560159775
CTCF,RPL5,-0.062197828368702496
CTCF,RPL6,-0.05987236672926127
CTCF,RPL7,-0.06797900480248627
CTCF,RPL7A,-0.06000712398353003
CTCF,RPL8,-0.0606917246390798
CTCF,RPL9,-0.0587367358188245
CTCF,RPLP0,-0.04716776334656891
CTCF,RPLP1,-0.07293828614053523
CTCF,RPLP2,-0.07765505002320935
CTCF,RPS11,-0.04145110963019495
CTCF,RPS12,-0.0790943193769291
CTCF,RPS13,-0.07661021374860791
CTCF,RPS14,-0.08754607568506731
CTCF,RPS15,-0.0832055911594129
CTCF,RPS15A,-0.0883661891501253
CTCF,RPS16,-0.05685270486912937
CTCF,RPS18,-0.0828821274066387
CTCF,RPS19,-0.0837385797262388
CTCF,RPS2,-0.06652293380912445
CTCF,RPS20,-0.052614272060190335
CTCF,RPS21,-0.06623754044238969
CTCF,RPS24,-0.056532060045077624
CTCF,RPS25,-0.07868979444080855
CTCF,RPS27,-0.0922646333149761
CTCF,RPS27A,-0.08823077790533157
CTCF,RPS28,-0.08710495437257429
CTCF,RPS29,-0.07630269489500938
CTCF,RPS3,-0.07401331284357707
CTCF,RPS3A,-0.07193126290936835
CTCF,RPS4X,-0.0700641622475265
CTCF,RPS5,-0.0582064642378079
CTCF,RPS6,-0.07316537085230275
CTCF,RPS7,-0.0635988975157732
CTCF,RPS8,-0.0751745464216774
CTCF,RPS9,-0.055244751714406876
CTCF,RPSA,-0.04875296708092847
CTCF,SERF2,-0.03557264813359365
CTCF,SFPQ,0.02790628398682335
CTCF,SYNE2,0.033049984567253846
CTCF,THRAP3,0.0294199394367364
CTCF,TKT,0.02835327916388175
CTCF,TLN1,0.02949977011903375
CTCF,TMA7,-0.03758451541971535
CTCF,TMSB10,-0.07220470189313499
CTCF,TMSB4X,-0.07875116118740733
CTCF,TOMM7,-0.04783921243746215
CTCF,TPR,0.0294442201387248
CTCF,TPT1,-0.06294584050871264
CTCF,UBA52,-0.05072586389172967
CUX1,ACTB,-0.04545736626576593
CUX1,B2M,-0.08609870753067292
CUX1,FTH1,-0.047458849166030756
CUX1,FTL,-0.0448893254249219
CUX1,MYL12A,-0.0345407568390007
CUX1,PFDN5,-0.0493909738007055
CUX1,PFN1,-0.04050003298406945
CUX1,PTMA,-0.04959904472011348
CUX1,RPL11,-0.06900573692284942
CUX1,RPL15,-0.05213772760031073
CUX1,RPL19,-0.060100713898252306
CUX1,RPL22,-0.051025242147177234
CUX1,RPL23A,-0.06160117075477403
CUX1,RPL27,-0.04055092485861375
CUX1,RPL30,-0.06209697309776925
CUX1,RPL31,-0.05470408026268123
CUX1,RPL32,-0.07136938872434814
CUX1,RPL35A,-0.06270365392641505
CUX1,RPL36,-0.0620418395204563
CUX1,RPL37,-0.05860441039341163
CUX1,RPL7,-0.054615752759236504
CUX1,RPS12,-0.06060505885142123
CUX1,RPS14,-0.06791581749404205
CUX1,RPS19,-0.06618476410358246
CUX1,RPS24,-0.061558112891088645
CUX1,RPS27,-0.07373949691291914
CUX1,RPS29,-0.057534681846379075
CUX1,RPS5,-0.0475174179759101
CUX1,RPS8,-0.05827080702288717
CUX1,RPSA,-0.0504549145739876
DDIT3,AMD1,0.0552496272967511
DDIT3,ATF4,0.0428352136566107
DDIT3,BRD2,0.0545649514397736
DDIT3,BTG1,0.1075323051115375
DDIT3,BUD31,0.046793871256932254
DDIT3,CHD1,0.04350189431795095
DDIT3,CSRNP1,0.09141801698418224
DDIT3,DDIT4,0.07109609572643844
DDIT3,DNAJB9,0.05866904388144863
DDIT3,EEF1A1,-0.0524751458382393
DDIT3,EIF1,0.12459115094443085
DDIT3,GADD45A,0.0692082210573981
DDIT3,H4C3,0.0364932001233724
DDIT3,HERPUD1,0.05816808609825389
DDIT3,HSPA9,0.04343878932595725
DDIT3,IFRD1,0.056148222367630896
DDIT3,JMY,0.048936096748982846
DDIT3,JUN,0.07933844114880526
DDIT3,JUNB,0.10977103945189497
DDIT3,JUND,0.10536959002384937
DDIT3,KDM6B,0.06506678421049515
DDIT3,MAPK1IP1L,0.0506158774429685
DDIT3,MRPL54,0.0336648238165426
DDIT3,MYADM,0.08078078668288786
DDIT3,MYL12A,-0.04228470269336685
DDIT3,MYLIP,0.050082798588241
DDIT3,NFKBIA,0.08162306872582903
DDIT3,NR4A2,0.11938482012445027
DDIT3,RPL11,-0.0545656660899053
DDIT3,RPL41,-0.0591199204551498
DDIT3,RPS5,-0.0406051754244222
DDIT3,RPS7,-0.05071677365244095
DDIT3,SRSF2,0.07287535789987515
DDIT3,SRSF3,0.05961222782874755
DDIT3,SRSF7,0.07912316561056941
DDIT3,TSPYL1,0.0728380318787296
DDIT3,UBE2S,0.12385759644117275
DEAF1,EEF1A1,-0.0454021265861905
DEAF1,FAU,-0.05257425546856135
DEAF1,HLA-B,-0.03890226881899665
DEAF1,MT-CO2,-0.03674544902943295
DEAF1,PTMA,-0.04524942941874227
DEAF1,RPL10,-0.05836198303764243
DEAF1,RPL10A,-0.037239132737208
DEAF1,RPL11,-0.0558971899305343
DEAF1,RPL12,-0.05025358640482524
DEAF1,RPL13A,-0.04952650762119007
DEAF1,RPL14,-0.053880381161477295
DEAF1,RPL15,-0.0355589907665685
DEAF1,RPL18,-0.04682153343761815
DEAF1,RPL18A,-0.0496678851067249
DEAF1,RPL22,-0.0429545059002707
DEAF1,RPL23A,-0.04750566674609127
DEAF1,RPL27A,-0.0527750670212183
DEAF1,RPL28,-0.054988510818331726
DEAF1,RPL3,-0.039889848394883146
DEAF1,RPL32,-0.05978530706067886
DEAF1,RPL36,-0.05632850973683166
DEAF1,RPL39,-0.0645257666203466
DEAF1,RPLP2,-0.05545908030774077
DEAF1,RPS12,-0.054667290741164436
DEAF1,RPS18,-0.054738384561836405
DEAF1,RPS19,-0.060241681646357896
DEAF1,RPS2,-0.036954812039122105
DEAF1,RPS27,-0.06462396600179456
DEAF1,RPS27A,-0.05857710379832263
DEAF1,RPS29,-0.05655293263763017
DEAF1,RPS7,-0.051109203366903
DEAF1,RPS8,-0.05842090102518685
DNMT1,ACTR3,0.03229098662444195
DNMT1,ANKRD11,0.030275887593573948
DNMT1,APEX1,0.0278714559007552
DNMT1,BCLAF1,0.0334127334792568
DNMT1,BPTF,0.02988275635069815
DNMT1,BTF3,-0.034166466400861004
DNMT1,C1QBP,0.02810573966207225
DNMT1,CCSER2,0.02909206165497585
DNMT1,CFLAR,0.0329722149100238
DNMT1,CLIC1,0.0344090078743078
DNMT1,COX4I1,-0.0365066373998802
DNMT1,COX7C,-0.03857159601146217
DNMT1,DGKA,0.02934055673323415
DNMT1,DSTN,0.0280968020910245
DNMT1,EEF1B2,-0.04319308469989803
DNMT1,EIF1,-0.05295345720653125
DNMT1,ENO1,0.03322920529042385
DNMT1,EZR,0.03289379514395355
DNMT1,FTH1,-0.048848621637448825
DNMT1,FTL,-0.050208583281075275
DNMT1,GCC2,0.03073803515385365
DNMT1,GRB2,0.03246968579750765
DNMT1,H3-3B,-0.042261832445162
DNMT1,HADHA,0.02818970221408
DNMT1,HNRNPA3,0.029674339915144253
DNMT1,HSP90B1,0.03427130591851375
DNMT1,HSPD1,0.03041512113230685
DNMT1,ILF3,0.032667516124923746
DNMT1,ITGB2,0.033131949735522054
DNMT1,ITSN2,0.03323039278799935
DNMT1,JUNB,-0.042187489765298444
DNMT1,KHDRBS1,0.031431238821499
DNMT1,KIF5B,0.030968879363608003
DNMT1,LDHA,0.03183760139699715
DNMT1,LIMS1,0.03100004174433705
DNMT1,LPIN2,0.029926441774639052
DNMT1,LRRFIP1,0.03223388225417795
DNMT1,M6PR,0.033206831573176054
DNMT1,MRFAP1,0.0292144139632993
DNMT1,MYCBP2,0.0318675871569463
DNMT1,NACA,-0.052067765687536766
DNMT1,NCL,0.037677913083627446
DNMT1,NIPBL,0.02926533013888475
DNMT1,NSD3,0.030565801002321848
DNMT1,NUB1,0.02864318452134875
DNMT1,OCIAD1,0.02966886948958595
DNMT1,OSBPL8,0.03453108612798525
DNMT1,PDIA3,0.03557552834790335
DNMT1,PKM,0.03394316907729445
DNMT1,PNN,0.03228412209244165
DNMT1,PPM1G,0.031153285658310402
DNMT1,PTMA,-0.06936394461199753
DNMT1,RACK1,-0.048311347556108906
DNMT1,RPL10A,-0.06162192077733808
DNMT1,RPL11,-0.08952967968347288
DNMT1,RPL12,-0.08070480002172392
DNMT1,RPL13,-0.09022360695526525
DNMT1,RPL18,-0.06984100746318322
DNMT1,RPL19,-0.07696801600194583
DNMT1,RPL21,-0.08317312397743193
DNMT1,RPL23A,-0.0768332760560134
DNMT1,RPL24,-0.05719398624861523
DNMT1,RPL26,-0.08228301453855155
DNMT1,RPL27,-0.05059091464288822
DNMT1,RPL27A,-0.09957343446925229
DNMT1,RPL28,-0.08051670137460282
DNMT1,RPL32,-0.09829440355290756
DNMT1,RPL34,-0.10249591896827351
DNMT1,RPL35,-0.0713238965630233
DNMT1,RPL35A,-0.08589230185982978
DNMT1,RPL37,-0.07256679410508413
DNMT1,RPL37A,-0.0634799217813046
DNMT1,RPL38,-0.05840745977725327
DNMT1,RPL41,-0.09479580173086533
DNMT1,RPL5,-0.060533752271622866
DNMT1,RPL6,-0.06021701817900165
DNMT1,RPL7A,-0.059522983891102575
DNMT1,RPL9,-0.0649062203585597
DNMT1,RPLP1,-0.0780725896905367
DNMT1,RPLP2,-0.08449998720464225
DNMT1,RPS10,-0.0490884345589471
DNMT1,RPS12,-0.08343434880223916
DNMT1,RPS13,-0.08397877195611855
DNMT1,RPS15A,-0.0958920712582532
DNMT1,RPS18,-0.08915286965565228
DNMT1,RPS21,-0.06786914852675452
DNMT1,RPS26,-0.035654754425022035
DNMT1,RPS27,-0.09953045984984672
DNMT1,RPS29,-0.08263582327675388
DNMT1,RPS3A,-0.0760446577051539
DNMT1,RPS8,-0.07775670933790882
DNMT1,RPSA,-0.05135984779359897
DNMT1,SEPTIN9,0.03048705464799225
DNMT1,SERBP1,0.03135465846241415
DNMT1,SNX6,0.0300442616531909
DNMT1,TALDO1,0.03254473380503515
DNMT1,TAX1BP1,0.03298403819537945
DNMT1,TGFB1,0.0299630379246202
DNMT1,THRAP3,0.0338384882379861
DNMT1,TKT,0.03254284085829945
DNMT1,TMSB10,-0.074502923421387
DNMT1,TNFAIP8,0.0312170238423538
DNMT1,TNFRSF14,0.02895837643738655
DNMT1,TPM3,0.0344467450311125
DNMT1,TPR,0.03685621441944765
DNMT1,TRADD,0.0314769766175363
DNMT1,UBA52,-0.05547581352184925
DNMT1,VSIR,0.03091738512362295
DNMT1,XRCC5,0.0380136383629949
DNMT1,YWHAB,0.03136218791025465
DR1,ACTR3,0.033807963832589896
DR1,AKIRIN1,0.0277681434016724
DR1,ANXA2,0.0365183298511913
DR1,ATP5F1B,0.03333315120004695
DR1,B2M,-0.08699218221081537
DR1,BTG1,-0.0490186710497517
DR1,CLIC1,0.03641084343223035
DR1,COX4I1,-0.03740839916651426
DR1,COX7C,-0.03579706490840364
DR1,EEF1A1,-0.07282491574806152
DR1,EEF1B2,-0.051478819251911064
DR1,EEF1D,-0.042731974758285954
DR1,EEF1G,-0.0502226357383791
DR1,EIF1,-0.04969284341614157
DR1,EIF4G2,0.0325119754577997
DR1,EZR,0.02983067281613435
DR1,FAU,-0.0736520913484223
DR1,FTH1,-0.046342670913617295
DR1,FTL,-0.046678696410738574
DR1,H3-3B,-0.044149767901543055
DR1,HSPA5,0.029227882384698797
DR1,ID2,0.0301236038195253
DR1,ITGB1,0.0339671052530882
DR1,JPT1,0.03515795324188985
DR1,MYH9,0.029456350256222903
DR1,NACA,-0.06105090102926716
DR1,PHB2,0.029631610772652348
DR1,PTMA,-0.06450730492890286
DR1,RACK1,-0.04929927597950973
DR1,RHOA,0.0329162116981023
DR1,RPL10,-0.0961329048672476
DR1,RPL10A,-0.06524796047323131
DR1,RPL11,-0.09357807750172226
DR1,RPL12,-0.07993176362464985
DR1,RPL13,-0.09337665535512693
DR1,RPL13A,-0.07526420712397178
DR1,RPL14,-0.07297352866003937
DR1,RPL15,-0.06375672618086367
DR1,RPL17,-0.07261920770071856
DR1,RPL18,-0.07368217214070075
DR1,RPL18A,-0.0825608363061768
DR1,RPL19,-0.08151937532360293
DR1,RPL21,-0.07882069979316622
DR1,RPL22,-0.06468180608178847
DR1,RPL23A,-0.07565405967271722
DR1,RPL24,-0.06311792452074112
DR1,RPL26,-0.08012087409949592
DR1,RPL27,-0.053097440462663036
DR1,RPL27A,-0.0943397305447241
DR1,RPL28,-0.084883967984948
DR1,RPL29,-0.06651731145669762
DR1,RPL3,-0.0740538399809703
DR1,RPL30,-0.0879164793390542
DR1,RPL31,-0.07271026196194648
DR1,RPL32,-0.10018921210385132
DR1,RPL34,-0.09962941240688017
DR1,RPL35,-0.0666935970407633
DR1,RPL35A,-0.0882807220415527
DR1,RPL36,-0.08178396328001494
DR1,RPL36A,-0.06289047792435117
DR1,RPL37,-0.07442657447237705
DR1,RPL37A,-0.06111579584442188
DR1,RPL38,-0.06126527673752965
DR1,RPL39,-0.08881094656496273
DR1,RPL4,-0.0422721304012221
DR1,RPL41,-0.0901833219243969
DR1,RPL5,-0.069078474246466
DR1,RPL6,-0.06616992739403099
DR1,RPL7,-0.0682636529167196
DR1,RPL7A,-0.06650110054027157
DR1,RPL8,-0.06419637667265872
DR1,RPL9,-0.06975636648971532
DR1,RPLP0,-0.04899725752025106
DR1,RPLP1,-0.07659672547389318
DR1,RPLP2,-0.08830534037064568
DR1,RPS11,-0.0471576350445884
DR1,RPS12,-0.08870584450729795
DR1,RPS13,-0.0864147812371355
DR1,RPS14,-0.09693334861063005
DR1,RPS15,-0.09194764711553857
DR1,RPS15A,-0.0946480101045066
DR1,RPS16,-0.06462349986943022
DR1,RPS18,-0.08694567815197363
DR1,RPS19,-0.08799766065675907
DR1,RPS2,-0.07246457134240533
DR1,RPS20,-0.06358879350248434
DR1,RPS21,-0.07060354090359308
DR1,RPS23,-0.08743161682931375
DR1,RPS24,-0.06018760008693548
DR1,RPS25,-0.0876595659252738
DR1,RPS26,-0.0354605195450805
DR1,RPS27,-0.0970571044254825
DR1,RPS27A,-0.09688042081351923
DR1,RPS28,-0.092675703940923
DR1,RPS29,-0.07805308777967553
DR1,RPS3,-0.08528750554421491
DR1,RPS3A,-0.08031128344746513
DR1,RPS4X,-0.07730383075573093
DR1,RPS5,-0.06397085459549827
DR1,RPS6,-0.07958307709419868
DR1,RPS7,-0.06741853681083246
DR1,RPS8,-0.08017959490414672
DR1,RPS9,-0.06273086450990438
DR1,RPSA,-0.0545772754036064
DR1,SLC25A3,0.0295389341412854
DR1,TLN1,0.029937735965972448
DR1,TMA7,-0.03445540239058465
DR1,TMBIM6,0.029401272367372402
DR1,TMSB10,-0.0648029233125795
DR1,TNFAIP3,0.03194806040275565
DR1,TOMM7,-0.04787065014503427
DR1,TPT1,-0.07209372942702442
DR1,UBA52,-0.05433327856928555
DR1,UQCRB,-0.03136453097946025
DR1,XRCC5,0.02853021797029795
DR1,YWHAB,0.028840387958680748
DRAP1,ACTB,0.0579060485085544
DRAP1,ACTG1,0.05071762800288768
DRAP1,ACTR3,0.03729243791132705
DRAP1,ADRM1,0.0315866944514465
DRAP1,ANXA11,0.0338961968357923
DRAP1,ANXA2,0.03755815065439545
DRAP1,ANXA6,0.0427001078089664
DRAP1,AP2M1,0.038303888351264345
DRAP1,AQP3,0.03264643787892105
DRAP1,ARF1,0.03538098287957945
DRAP1,ARF5,0.03298092324357065
DRAP1,ARHGDIA,0.0364689448206992
DRAP1,ARPC2,0.0311587684715326
DRAP1,ARPC3,0.039535770143376
DRAP1,ARPC5,0.03610373013812623
DRAP1,ATP5F1A,0.0334944441002907
DRAP1,ATP5F1B,0.0411405874839008
DRAP1,ATP5IF1,0.0318575490681784
DRAP1,ATP5MC3,0.0362523679851979
DRAP1,ATP5MF,0.03745034394724065
DRAP1,ATP5PB,0.03391522722029765
DRAP1,ATP6V1F,0.0357244494883419
DRAP1,BAX,0.03044407479315725
DRAP1,BCAP31,0.0352603460930621
DRAP1,BLOC1S1,0.0334419533101592
DRAP1,BRK1,0.03797277772653525
DRAP1,BSG,0.03636760357236245
DRAP1,C4orf3,0.028800854486292347
DRAP1,CALM3,0.0339838392994078
DRAP1,CALR,0.0339917649234726
DRAP1,CAP1,0.03936145590015045
DRAP1,CAPZB,0.042296425410946054
DRAP1,CASP4,0.0344133640176603
DRAP1,CCDC107,0.0348584095581146
DRAP1,CCDC85B,0.0352399561043807
DRAP1,CCT3,0.03247060367077015
DRAP1,CD63,0.03465328337801
DRAP1,CD74,0.040703792099871766
DRAP1,CD99,0.035839116076354996
DRAP1,CFL1,0.0507513271865582
DRAP1,CHCHD2,0.02920350714595955
DRAP1,CIB1,0.03719411255548475
DRAP1,CLIC1,0.0452974817364356
DRAP1,CORO1A,0.04683215357846154
DRAP1,COX6A1,0.032306936825267196
DRAP1,COX7C,-0.03214169691686
DRAP1,COX8A,0.03138357522759485
DRAP1,CRIP1,0.03952069087242585
DRAP1,CSTB,0.036817710434631196
DRAP1,CTSC,0.033606896336381
DRAP1,CYBA,0.03975122548496435
DRAP1,DBI,0.036372351154747504
DRAP1,DBNL,0.0321925540711803
DRAP1,DSTN,0.03242777235550815
DRAP1,DYNLL1,0.03975708136099275
DRAP1,EEF1A1,-0.0755148336797649
DRAP1,EIF1,-0.039200480914605054
DRAP1,EIF3I,0.0373480926895196
DRAP1,EIF4A1,0.03057919887194165
DRAP1,ENO1,0.044647522211768695
DRAP1,ERH,0.03373093727680445
DRAP1,FAU,-0.069408095426849
DRAP1,FKBP1A,0.0379793396226054
DRAP1,FLT3LG,0.03048419511912375
DRAP1,FOXP1,-0.0419805711589219
DRAP1,FTL,-0.0475367255810393
DRAP1,GAPDH,0.04236553354307517
DRAP1,GBP2,0.0389167508833919
DRAP1,GHITM,0.03401323260211925
DRAP1,GSDMD,0.03547344637136565
DRAP1,GSTO1,0.03447551128555415
DRAP1,GTF3A,0.0296310433409013
DRAP1,GUK1,0.0392064950249394
DRAP1,HNRNPF,0.03198711839615785
DRAP1,HSP90B1,0.0298945510330947
DRAP1,ICAM3,0.0349077106051042
DRAP1,IFITM2,0.04725387059921551
DRAP1,IRF1,0.028175287068549097
DRAP1,ISG15,0.0449291517690179
DRAP1,ITGB2,0.040656669230809794
DRAP1,JPT1,0.03942897939216405
DRAP1,LAMTOR1,0.0322166416382873
DRAP1,LCK,0.0327332784220755
DRAP1,LDHA,0.0422895432407217
DRAP1,LIME1,0.03438543520564575
DRAP1,LRRFIP1,0.03361188783655615
DRAP1,MAP1LC3B,0.03218776471065315
DRAP1,MDH2,0.0368949196346689
DRAP1,MICOS13,0.0319061706063146
DRAP1,MT-ATP6,-0.054673285549664455
DRAP1,MT2A,0.0377247435957307
DRAP1,MYL12B,0.03426324091592205
DRAP1,MYL6,0.0388507974876747
DRAP1,NDUFA12,0.038661596260860506
DRAP1,NDUFA13,0.02853793773235945
DRAP1,NDUFA2,0.0333901455996716
DRAP1,NDUFB11,0.029887995516230052
DRAP1,NDUFB2,0.0322686689053983
DRAP1,NDUFB7,0.03447540671767825
DRAP1,NDUFS6,0.03571810711766295
DRAP1,NEDD8,0.03269654445001275
DRAP1,NHP2,0.03146316923821575
DRAP1,NOP10,0.0352856904592529
DRAP1,P4HB,0.034834851666926556
DRAP1,PARK7,0.03732152474470505
DRAP1,PDCD5,0.03379441970112205
DRAP1,PDIA3,0.036932723053312
DRAP1,PDIA6,0.03406106677831095
DRAP1,PDLIM2,0.0324637612395011
DRAP1,PEBP1,0.02851502973100435
DRAP1,PFDN5,-0.0482555222215483
DRAP1,PFN1,0.04764936499419828
DRAP1,PGK1,0.036956430196037796
DRAP1,PHPT1,0.03491745462152365
DRAP1,PKM,0.0390447211970169
DRAP1,PPA1,0.0312974639984888
DRAP1,PPIB,0.03562933010908115
DRAP1,PPM1G,0.0324533951214149
DRAP1,PPP1CA,0.04610962666806506
DRAP1,PPP4C,0.034997446372111746
DRAP1,PRDX1,0.0357471414470784
DRAP1,PRDX2,0.0339061147306758
DRAP1,PRELID1,0.0370330401987701
DRAP1,PRR13,0.03234337727399935
DRAP1,PSMA7,0.038246881596589344
DRAP1,PSMB1,0.03758108205876255
DRAP1,PSMB10,0.04155138572138877
DRAP1,PSMB8,0.03927637411265675
DRAP1,PSMB9,0.0460174152209224
DRAP1,PSMC5,0.036728918997745594
DRAP1,PSME1,0.05019797656418163
DRAP1,PSME2,0.0525902203209768
DRAP1,PTMA,-0.07613604276717295
DRAP1,RALY,0.03595362233574325
DRAP1,RAN,0.0316421621012747
DRAP1,RHOA,0.033835124020704654
DRAP1,RHOG,0.036092609319426
DRAP1,RNASET2,0.02924786693972315
DRAP1,RNF213,0.03215380579641345
DRAP1,RPL10,-0.08261230556624984
DRAP1,RPL10A,-0.0707842349750776
DRAP1,RPL11,-0.08102350300422984
DRAP1,RPL12,-0.0843596781248093
DRAP1,RPL13,-0.0833830966377367
DRAP1,RPL13A,-0.10675082392078411
DRAP1,RPL14,-0.0726199056764423
DRAP1,RPL15,-0.0690368941690296
DRAP1,RPL18,-0.06764553027733444
DRAP1,RPL18A,-0.091119083692086
DRAP1,RPL19,-0.06637248207062427
DRAP1,RPL21,-0.11520596716630575
DRAP1,RPL22,-0.05499519111497057
DRAP1,RPL23,-0.04886837941135315
DRAP1,RPL23A,-0.08953235178570221
DRAP1,RPL24,-0.056747621271401594
DRAP1,RPL26,-0.08988185413440014
DRAP1,RPL27,-0.06328751365835425
DRAP1,RPL27A,-0.09745816453175385
DRAP1,RPL28,-0.07098724324013057
DRAP1,RPL29,-0.0555376052734053
DRAP1,RPL3,-0.08523735728382226
DRAP1,RPL30,-0.0773163941247829
DRAP1,RPL31,-0.0906454350116764
DRAP1,RPL32,-0.08998108586688398
DRAP1,RPL34,-0.09188691245067258
DRAP1,RPL35,-0.081078028809177
DRAP1,RPL35A,-0.07860314460248363
DRAP1,RPL36,-0.07596248117997713
DRAP1,RPL37,-0.06874965042517267
DRAP1,RPL37A,-0.08121429876123246
DRAP1,RPL38,-0.07704676947954214
DRAP1,RPL39,-0.08757065344288244
DRAP1,RPL41,-0.10993077907031419
DRAP1,RPL5,-0.0589231505473154
DRAP1,RPL6,-0.0662776950993809
DRAP1,RPL7,-0.08406865123810064
DRAP1,RPL8,-0.05880639582673365
DRAP1,RPL9,-0.0816854051194401
DRAP1,RPLP1,-0.07894863825088155
DRAP1,RPLP2,-0.08211356474854353
DRAP1,RPS11,-0.042841407169291454
DRAP1,RPS12,-0.0792148639679261
DRAP1,RPS13,-0.0749157364050097
DRAP1,RPS14,-0.08217228263256786
DRAP1,RPS15,-0.07792447049983926
DRAP1,RPS15A,-0.08903966741007696
DRAP1,RPS16,-0.07653667022966774
DRAP1,RPS18,-0.0983398809570714
DRAP1,RPS19,-0.09764706145615945
DRAP1,RPS2,-0.07876402587537175
DRAP1,RPS20,-0.08009319714725235
DRAP1,RPS21,-0.05826129992552883
DRAP1,RPS23,-0.07397964490229707
DRAP1,RPS24,-0.05610826724905506
DRAP1,RPS25,-0.07625093411925286
DRAP1,RPS26,-0.03298278799756445
DRAP1,RPS27,-0.09435029930565775
DRAP1,RPS27A,-0.0876997655541802
DRAP1,RPS28,-0.08452383040918036
DRAP1,RPS29,-0.08253353167674127
DRAP1,RPS3,-0.07131301703706668
DRAP1,RPS3A,-0.07202924101483194
DRAP1,RPS4X,-0.08024102478041635
DRAP1,RPS5,-0.06116288443917215
DRAP1,RPS6,-0.0986991596591884
DRAP1,RPS7,-0.0647709800327942
DRAP1,RPS8,-0.075307073601685
DRAP1,RPS9,-0.06483205070456516
DRAP1,RTRAF,0.0306902651316873
DRAP1,S100A10,0.035596810350952496
DRAP1,SEC61B,0.0361759632010534
DRAP1,SEPTIN9,0.0318604936734523
DRAP1,SERPINB1,0.033146395787076455
DRAP1,SH3BGRL3,0.043883174184219054
DRAP1,SH3BP1,0.0419827458617097
DRAP1,SLC25A5,0.0372189400554926
DRAP1,SNRPG,0.0327166988389229
DRAP1,SNU13,0.03277135856785785
DRAP1,SNX6,0.03082719722114955
DRAP1,SP100,0.0327515755270683
DRAP1,SPOCK2,0.0287728617195869
DRAP1,STAT1,0.03808770095215772
DRAP1,STUB1,0.0321665477124457
DRAP1,TALDO1,0.039214356640696696
DRAP1,TAPBP,0.03300875397035095
DRAP1,TBCB,0.0367476331277729
DRAP1,TIMM13,0.030675624274905
DRAP1,TMBIM6,0.0323511169145736
DRAP1,TNFRSF14,0.0333188245487087
DRAP1,TOMM7,-0.0429716924743125
DRAP1,TPI1,0.04080772345935917
DRAP1,TPM3,0.03306222020547765
DRAP1,TPT1,-0.04315779201836853
DRAP1,TRAPPC1,0.03411060838560115
DRAP1,TRMT112,0.035851975228635355
DRAP1,TUFM,0.033722864058570196
DRAP1,TWF2,0.03450754241944065
DRAP1,TXN,0.03714327321297755
DRAP1,TXNIP,-0.04037849561011985
DRAP1,UBA52,-0.0584387479766589
DRAP1,UBE2I,0.032277880535992946
DRAP1,UBE2L3,0.0354419612583461
DRAP1,UBE2L6,0.041572726856856375
DRAP1,UBL5,0.0337361457017199
DRAP1,UCP2,0.0315000533834632
DRAP1,VAMP5,0.0350932569448015
DRAP1,VAMP8,0.036846696967940906
DRAP1,VDAC1,0.032806824762144055
DRAP1,WAS,0.0323946472947519
DRAP1,WDR83OS,0.03280419266522015
DRAP1,YWHAB,0.0325168018898581
DRAP1,YWHAQ,0.040109805094960205
E2F3,EEF1A1,-0.05185851164739795
E2F3,PTMA,-0.036938502346050534
E2F3,RPL14,-0.0550586680058447
E2F3,RPL18A,-0.0444100163960692
E2F3,RPL19,-0.052786113870971346
E2F3,RPL21,-0.04401253019061195
E2F3,RPL22,-0.043697773832046746
E2F3,RPL23A,-0.039494897906632354
E2F3,RPL35,-0.037094153904173546
E2F3,RPL36,-0.042823700600086445
E2F3,RPL41,-0.04244277486033626
E2F3,RPL6,-0.0451543331120057
E2F3,RPL7A,-0.0456905926058652
E2F3,RPL8,-0.04460822020361015
E2F3,RPLP2,-0.04121328288584995
E2F3,RPS12,-0.0542164053446186
E2F3,RPS13,-0.045841599046106206
E2F3,RPS14,-0.05121255556987373
E2F3,RPS15,-0.047819095865423066
E2F3,RPS15A,-0.0440576234838532
E2F3,RPS18,-0.047636012140185355
E2F3,RPS19,-0.04853864428204704
E2F3,RPS2,-0.03767066351821065
E2F3,RPS23,-0.043056678683504636
E2F3,RPS27A,-0.05180442741449446
E2F3,RPS3,-0.04308521277850103
E2F3,RPSA,-0.0441462762874615
E2F3,VIM,-0.0420337156884213
E2F4,B2M,-0.07334903053680976
E2F4,CLIC1,0.040257063009950106
E2F4,COX7C,-0.03735729715129865
E2F4,EEF1A1,-0.045740463088240875
E2F4,EIF1,-0.0384146401122919
E2F4,ENO1,0.03411486205305455
E2F4,FAU,-0.05592055096327266
E2F4,FTL,-0.034062358557749535
E2F4,NACA,-0.0414685789574864
E2F4,PFDN5,-0.03735996968277593
E2F4,PTMA,-0.06162002546758363
E2F4,RACK1,-0.03705463431312165
E2F4,RPL10,-0.0674523638118805
E2F4,RPL10A,-0.0469955084865343
E2F4,RPL11,-0.06742639176397595
E2F4,RPL12,-0.06722226032435118
E2F4,RPL13,-0.06674987914068903
E2F4,RPL13A,-0.06383024123373703
E2F4,RPL14,-0.05424813841692407
E2F4,RPL15,-0.04685339890489667
E2F4,RPL17,-0.06864415647510945
E2F4,RPL18,-0.0497279917353608
E2F4,RPL18A,-0.06785990240477524
E2F4,RPL19,-0.055816501681986805
E2F4,RPL21,-0.06921448929200791
E2F4,RPL22,-0.0528864109944188
E2F4,RPL23A,-0.05794577837689677
E2F4,RPL26,-0.06672018868943667
E2F4,RPL27A,-0.07092762142086755
E2F4,RPL29,-0.06266032051132585
E2F4,RPL3,-0.051361955747296295
E2F4,RPL30,-0.062178716388417904
E2F4,RPL31,-0.06045743555108383
E2F4,RPL32,-0.07334507325971565
E2F4,RPL35,-0.05663894759332716
E2F4,RPL35A,-0.06310003678164505
E2F4,RPL36,-0.07312327530978276
E2F4,RPL36A,-0.061393580994692845
E2F4,RPL37,-0.05938221091218297
E2F4,RPL37A,-0.0585679734234654
E2F4,RPL38,-0.055948122415816204
E2F4,RPL41,-0.07613890793958283
E2F4,RPL5,-0.052146333870792955
E2F4,RPL6,-0.04884573337710466
E2F4,RPL7,-0.05197364643058524
E2F4,RPL8,-0.04397252361160403
E2F4,RPL9,-0.0500811382162161
E2F4,RPLP1,-0.06204963665947266
E2F4,RPLP2,-0.06630115176061718
E2F4,RPS12,-0.06353003941290022
E2F4,RPS13,-0.06122608971209373
E2F4,RPS14,-0.06673770435996998
E2F4,RPS15,-0.07536894024740563
E2F4,RPS15A,-0.07324477485162689
E2F4,RPS16,-0.049493878190751676
E2F4,RPS18,-0.06274060428272595
E2F4,RPS19,-0.07233296809238167
E2F4,RPS2,-0.050930909221319896
E2F4,RPS20,-0.0549131127926833
E2F4,RPS21,-0.060029739367809774
E2F4,RPS23,-0.06316793657231418
E2F4,RPS24,-0.052792719949380736
E2F4,RPS25,-0.06172585648099975
E2F4,RPS26,-0.034158904248473704
E2F4,RPS27,-0.07395517498570237
E2F4,RPS27A,-0.06829246083395515
E2F4,RPS28,-0.08079563161305847
E2F4,RPS29,-0.0745026755578813
E2F4,RPS3,-0.053678430710068524
E2F4,RPS3A,-0.057650095461991104
E2F4,RPS4X,-0.05553272184809937
E2F4,RPS5,-0.0457323753359531
E2F4,RPS6,-0.05888610070497373
E2F4,RPS7,-0.06324521214135645
E2F4,RPS8,-0.06306486173940826
E2F4,RPS9,-0.042366755786686666
E2F4,TMSB10,-0.06494447165031726
E2F4,TOMM7,-0.0400006901132529
E2F4,TPT1,-0.048591928741844974
E2F4,UBA52,-0.0478868969135098
E2F5,B2M,-0.036774787169623804
E4F1,B2M,-0.045238146535456
E4F1,EEF1A1,-0.03946987068575285
E4F1,PTMA,-0.032568496424258
E4F1,RPL10,-0.04451709538057189
E4F1,RPL11,-0.04314994643202525
E4F1,RPL12,-0.03701567436498435
E4F1,RPL13,-0.04179843956026395
E4F1,RPL18A,-0.0382946834337818
E4F1,RPL19,-0.03579740431644395
E4F1,RPL26,-0.0378043149178284
E4F1,RPL28,-0.043725807350235804
E4F1,RPL30,-0.0438598344641661
E4F1,RPL32,-0.045393773246131655
E4F1,RPL34,-0.0493230668860384
E4F1,RPL35A,-0.0392914959569046
E4F1,RPL36,-0.0368623404741239
E4F1,RPL39,-0.04465620990119305
E4F1,RPL41,-0.03941250337439667
E4F1,RPLP1,-0.0380317947752045
E4F1,RPLP2,-0.03873850575922607
E4F1,RPS12,-0.03851127863508953
E4F1,RPS13,-0.0407032131331323
E4F1,RPS14,-0.0426190281564541
E4F1,RPS15,-0.04181762063716045
E4F1,RPS15A,-0.0439527612031099
E4F1,RPS18,-0.04174159470151685
E4F1,RPS19,-0.04201363600667045
E4F1,RPS23,-0.03957572834183121
E4F1,RPS25,-0.038804511546171594
E4F1,RPS27,-0.04458257147116865
E4F1,RPS27A,-0.0439930251346444
E4F1,RPS28,-0.0435622825323623
E4F1,RPS29,-0.03461333240446755
E4F1,RPS3,-0.03754430748876427
E4F1,RPS3A,-0.0347322060110401
E4F1,RPS4X,-0.036195973495959544
E4F1,RPS6,-0.03573187174627605
E4F1,RPS8,-0.0385299468394355
EGR1,BTG2,0.06093216911097945
EGR1,DUSP1,0.0556501844244457
EGR1,DUSP2,0.0585424858808266
EGR1,FOS,0.0965722514506752
EGR1,FOSB,0.08916184780335738
EGR1,GADD45B,0.1212739793377555
EGR1,IER2,0.18322696142823036
EGR1,IER5,0.0831099099116922
EGR1,JUN,0.16538980382059676
EGR1,JUNB,0.087136699964298
EGR1,NFKBIA,0.0421755747118438
EGR1,NR4A1,0.0984172229693635
EGR1,PPP1R15A,0.04453567582161307
EGR1,RPL13A,-0.04937913306212615
EGR1,RPL27A,-0.04892961588012065
EGR1,SERTAD1,0.0773064299674265
EGR1,TUBB4B,0.05661167584037535
EGR1,UBE2S,0.0592668857655829
EGR1,ZFP36,0.0745840017853386
ELF1,AHNAK,0.038790667087280635
ELF1,AKAP13,0.03804294312289905
ELF1,AP3M2,0.045197001148108554
ELF1,AREG,0.05801594489927635
ELF1,ARHGAP15,0.03281541869654535
ELF1,ARID4B,0.045051019495572
ELF1,ARID5A,0.050380361228235804
ELF1,ARID5B,0.0425876563469689
ELF1,ARL4A,0.0485151887241809
ELF1,ATP1B3,0.037499643809557545
ELF1,ATP2B1,0.03909028916312865
ELF1,ATP5F1E,-0.0497323977152474
ELF1,ATP5MC2,-0.0354214902959897
ELF1,ATP5MG,-0.03879241580577665
ELF1,ATXN1,0.038525630083363696
ELF1,B2M,-0.0769133786232339
ELF1,BCAS2,0.057938222448491096
ELF1,BCLAF1,0.05329482882518835
ELF1,BTG2,0.06514069247703361
ELF1,BTG3,0.043449306927307446
ELF1,BUD31,0.037659492444565
ELF1,CCDC59,0.04133765410134055
ELF1,CD52,-0.04482439999883586
ELF1,CD69,0.08056252006670157
ELF1,CD99,0.0360538594595404
ELF1,CDC42SE2,0.0364911481135353
ELF1,CDKN1B,0.05021781445075185
ELF1,CHD1,0.05075998528066215
ELF1,CHD2,0.03913078925918605
ELF1,CHMP1B,0.0513289246002039
ELF1,CLIC1,0.0332618183499129
ELF1,CNOT6L,0.040172551884481635
ELF1,COMMD6,-0.03659418046344637
ELF1,COTL1,0.04008959133515805
ELF1,COX4I1,-0.04332274186193795
ELF1,COX7C,-0.043815687554795306
ELF1,CREBRF,0.0341788529395231
ELF1,CREM,0.05371496053246663
ELF1,CSDE1,0.0389419065163335
ELF1,CSRNP1,0.07476631904214046
ELF1,CXCR4,0.09993691097966735
ELF1,CYCS,0.0498680041764828
ELF1,CYTIP,0.0467156559114277
ELF1,DDIT4,0.0492839241052964
ELF1,DNAJA1,0.0484518636874526
ELF1,DNAJB1,0.08695380445406355
ELF1,DNAJB6,0.04739353389178695
ELF1,DNAJB9,0.046122997044269295
ELF1,DUSP1,0.06925519524574864
ELF1,DUSP2,0.05953634939835233
ELF1,DYNLT1,0.0413184754064533
ELF1,EEF1A1,-0.09440564214858556
ELF1,EEF1B2,-0.053248597210602475
ELF1,EEF1D,-0.0471991477679194
ELF1,EEF1G,-0.0607210161636995
ELF1,EID1,0.034060317640965954
ELF1,EIF3A,0.03523570763434577
ELF1,EIF4G2,0.04012289818643235
ELF1,EIF5,0.0600625285883963
ELF1,EMB,0.03133000751322945
ELF1,EML4,0.041694073666320365
ELF1,EPC1,0.041967209175015646
ELF1,EVI2B,0.0331998750054788
ELF1,EZR,0.05370640709399163
ELF1,FAU,-0.0703778496510503
ELF1,FNBP1,0.03197274722974025
ELF1,FTL,-0.04403864893937737
ELF1,FYN,0.040812083280605205
ELF1,GPR183,0.0626291356733623
ELF1,GSPT1,0.044831956724625505
ELF1,GTF2B,0.04774378678030565
ELF1,HBP1,0.040285759693895654
ELF1,HERPUD1,0.04005722506268915
ELF1,HNRNPA0,0.04760529981819675
ELF1,HNRNPU,0.03784869696006555
ELF1,HNRNPUL1,0.03950873145276185
ELF1,HSP90AA1,0.04228587136405407
ELF1,HSPA5,0.0568124224366478
ELF1,HSPA9,0.04776031039343325
ELF1,IDI1,0.0578697239256223
ELF1,IDS,0.066126693090646
ELF1,IFI16,0.0379605655843475
ELF1,IFITM1,-0.0518626083888659
ELF1,IFRD1,0.0328595875027783
ELF1,IRF2BP2,0.05781210345051425
ELF1,ISCA1,0.0457539341318669
ELF1,ITGB1,0.04351743437622387
ELF1,JUNB,0.060633296428343156
ELF1,KLF2,0.0673383251584229
ELF1,KLF6,0.05152579012509367
ELF1,KMT2E,0.0429833989334423
ELF1,LCP1,0.03705300115288035
ELF1,LEPROTL1,0.05799925012409663
ELF1,LTB,-0.06094838304625683
ELF1,MAPK1IP1L,0.05357990714857165
ELF1,MCL1,0.05292347035648245
ELF1,MGAT4A,0.03829711741048345
ELF1,MORF4L1,0.036835400557023404
ELF1,MT-CO1,-0.054319884944390356
ELF1,MT-CO2,-0.04751435237913795
ELF1,MT-ND3,-0.066845784864842
ELF1,MTFP1,0.04550187832097695
ELF1,MYL12A,-0.07127817225501665
ELF1,NACA,-0.06024106493465142
ELF1,NAMPT,0.04208026337381825
ELF1,NFKBIA,0.0777146401089481
ELF1,NR3C1,0.043546017804140635
ELF1,NR4A2,0.08365424398109579
ELF1,NSMCE3,0.04964696525102915
ELF1,ODC1,0.04709481018869825
ELF1,OSER1,0.06285648474841996
ELF1,P2RY10,0.05360733904827095
ELF1,PASK,0.0374496356714819
ELF1,PDCD4,0.03686222021828235
ELF1,PELI1,0.06767062808600201
ELF1,PFDN5,-0.0504647670900522
ELF1,PHACTR2,0.03984961616619375
ELF1,PIK3IP1,0.0393473155127646
ELF1,PIK3R1,0.05542056921519765
ELF1,PIM3,0.03789224672623675
ELF1,PMAIP1,0.042833369132829244
ELF1,PPP1R15A,0.06259111558074666
ELF1,PPP2CA,0.038379125615113446
ELF1,PPP2R5C,0.042518062137799975
ELF1,PTMA,-0.04991786253223773
ELF1,RACK1,-0.052009972730429455
ELF1,REL,0.05813917898473944
ELF1,RESF1,0.0317833447006445
ELF1,RGS1,0.06825888263065012
ELF1,RHBDD2,0.0456385227238048
ELF1,RHOH,0.03947635694663925
ELF1,RILPL2,0.037393552944121
ELF1,RNF125,0.059367143270003794
ELF1,RNF139,0.0558513182922013
ELF1,RNF19A,0.049259155377897754
ELF1,RORA,0.040246164088285796
ELF1,RPL10,-0.09366904361260253
ELF1,RPL10A,-0.07917202407002817
ELF1,RPL11,-0.09197628106706981
ELF1,RPL12,-0.08222989308517362
ELF1,RPL13,-0.1119581713682307
ELF1,RPL14,-0.07621171235149139
ELF1,RPL15,-0.07286033553692303
ELF1,RPL17,-0.0926628525468615
ELF1,RPL18,-0.0784943017269366
ELF1,RPL18A,-0.08688388017266624
ELF1,RPL19,-0.08847895528841777
ELF1,RPL21,-0.0762985503949182
ELF1,RPL22,-0.07239079858636449
ELF1,RPL23,-0.0594651821668542
ELF1,RPL23A,-0.09053894964951624
ELF1,RPL24,-0.07162276418965559
ELF1,RPL26,-0.09426417203939992
ELF1,RPL27,-0.06959448406974407
ELF1,RPL28,-0.0970508100649285
ELF1,RPL29,-0.07851895547116536
ELF1,RPL3,-0.08631543000648452
ELF1,RPL30,-0.08638342996286907
ELF1,RPL31,-0.09041617415645047
ELF1,RPL32,-0.09609756010898607
ELF1,RPL34,-0.09346473649221328
ELF1,RPL35,-0.08378354099485974
ELF1,RPL35A,-0.08917858640094463
ELF1,RPL36,-0.07925366351726275
ELF1,RPL36A,-0.07000712024282743
ELF1,RPL37,-0.0809365843278799
ELF1,RPL37A,-0.08133515317727998
ELF1,RPL38,-0.0767499776664888
ELF1,RPL39,-0.08900501733952518
ELF1,RPL4,-0.04925259462361079
ELF1,RPL41,-0.08288856741943187
ELF1,RPL5,-0.06691830099748215
ELF1,RPL6,-0.07905572235305924
ELF1,RPL7,-0.075262121414251
ELF1,RPL7A,-0.0650705897275877
ELF1,RPL8,-0.0664012701627688
ELF1,RPL9,-0.0857853121819067
ELF1,RPLP0,-0.06264094426742783
ELF1,RPLP1,-0.09079654673053517
ELF1,RPLP2,-0.10370531920795106
ELF1,RPS10,-0.0575021808993246
ELF1,RPS11,-0.048401271942275004
ELF1,RPS12,-0.09242837151265412
ELF1,RPS13,-0.08661038986131592
ELF1,RPS14,-0.08957326039797905
ELF1,RPS15,-0.087743365932134
ELF1,RPS15A,-0.09073836385153944
ELF1,RPS16,-0.08489851835309586
ELF1,RPS18,-0.09930547775585453
ELF1,RPS19,-0.08952576223685496
ELF1,RPS2,-0.08406943453363226
ELF1,RPS21,-0.08269297332318715
ELF1,RPS23,-0.0908925450275551
ELF1,RPS24,-0.07271760004628867
ELF1,RPS25,-0.0991083161093201
ELF1,RPS26,-0.0430581915713616
ELF1,RPS27,-0.0890454381340458
ELF1,RPS27A,-0.08992718634816442
ELF1,RPS28,-0.09467602441125553
ELF1,RPS29,-0.07270574297876184
ELF1,RPS3,-0.09360965040418838
ELF1,RPS3A,-0.08413148654309563
ELF1,RPS4X,-0.08555822009100962
ELF1,RPS5,-0.07289387751010795
ELF1,RPS6,-0.09546835649465667
ELF1,RPS7,-0.06802932853566092
ELF1,RPS8,-0.07981867372542414
ELF1,RPS9,-0.0791558873904341
ELF1,RPSA,-0.052992791937582474
ELF1,RSRC2,0.03904025410031705
ELF1,SAMSN1,0.04456986406406057
ELF1,SAT1,0.0456061821595069
ELF1,SBDS,0.0736826796643545
ELF1,SDCBP,0.05629142945802875
ELF1,SELENOK,0.0563303389052296
ELF1,SERF2,-0.03979505515431885
ELF1,SF3B1,0.038263555176637154
ELF1,SFPQ,0.06248790502896645
ELF1,SIK3,0.03952976099595025
ELF1,SLC2A3,0.07251262737073465
ELF1,SMCHD1,0.04567958794713825
ELF1,SOCS3,0.04302099452019875
ELF1,SP100,0.0319031833097151
ELF1,SPOCK2,0.036962830514265604
ELF1,SRGN,0.08024276454998502
ELF1,SRSF7,0.04659200074990085
ELF1,STK17A,0.03437198823278405
ELF1,STRAP,0.03382502340804665
ELF1,SYNE2,0.03477572203822415
ELF1,TENT5C,0.07198553438067176
ELF1,TIGIT,0.02929106705323125
ELF1,TMA7,-0.040083332484260936
ELF1,TMSB10,-0.08488417413530652
ELF1,TMSB4X,-0.0758206368874083
ELF1,TNFAIP3,0.0790867935624221
ELF1,TOMM7,-0.050073519472452664
ELF1,TPT1,-0.07611241748893077
ELF1,TSC22D3,0.0937757297830925
ELF1,TUBA1A,0.050232268191929205
ELF1,TUBB4B,0.03923700822670915
ELF1,UBA52,-0.06589715807834844
ELF1,UBC,0.0484442390126187
ELF1,UQCRB,-0.03287674082153266
ELF1,USP3,0.04468235633510835
ELF1,WHAMM,0.04310357757380845
ELF1,WIPF1,0.04062716079783675
ELF1,YPEL5,0.08444226302383756
ELF1,YWHAB,0.03489380882233675
ELF1,YWHAZ,0.05639628788604345
ELF1,ZFP36,0.05505204059648957
ELF1,ZFP36L2,0.06156542397786305
ELF1,ZNF331,0.05791436330227158
ELF1,ZNF394,0.044508354876979545
ELF1,ZNF831,0.043528124283715
ELF2,ACTB,-0.04572163109805093
ELF2,ATP5F1E,-0.039083163569920906
ELF2,B2M,-0.0826318515805019
ELF2,COMMD6,-0.03376507446707
ELF2,COX7C,-0.03677567546972945
ELF2,EEF1A1,-0.06486136030780643
ELF2,EEF1D,-0.036141553423589
ELF2,EIF1,-0.03331276261999665
ELF2,FTL,-0.04550995152152455
ELF2,PFDN5,-0.04480168145284097
ELF2,PFN1,-0.0446295782963061
ELF2,PPP1R15A,0.03125609898967585
ELF2,RACK1,-0.0462653400584543
ELF2,RPL10,-0.08907328919629492
ELF2,RPL10A,-0.056358908799237266
ELF2,RPL11,-0.08230287767908219
ELF2,RPL12,-0.07234355680994027
ELF2,RPL14,-0.05717057227444603
ELF2,RPL15,-0.0605775933315174
ELF2,RPL17,-0.06623365092866876
ELF2,RPL18,-0.06145059121291
ELF2,RPL18A,-0.07970788105063646
ELF2,RPL19,-0.0712732165627651
ELF2,RPL21,-0.07901595709200666
ELF2,RPL22,-0.0523425922523757
ELF2,RPL23A,-0.0693547536762054
ELF2,RPL26,-0.07555694242757847
ELF2,RPL27,-0.041888749645377636
ELF2,RPL27A,-0.0718410649217755
ELF2,RPL29,-0.056262942770872765
ELF2,RPL31,-0.06479988669865126
ELF2,RPL32,-0.08846966181043814
ELF2,RPL34,-0.09238154148887402
ELF2,RPL35,-0.06221291750574893
ELF2,RPL35A,-0.07742594412818583
ELF2,RPL36,-0.07279681990030651
ELF2,RPL36A,-0.051163757246478474
ELF2,RPL37,-0.05774992395794176
ELF2,RPL38,-0.04674367833134707
ELF2,RPL4,-0.033812904752959755
ELF2,RPL41,-0.07228247376144127
ELF2,RPL6,-0.05895104784787016
ELF2,RPL7A,-0.05476672676478775
ELF2,RPL9,-0.054552997753542366
ELF2,RPLP1,-0.06827131328175333
ELF2,RPLP2,-0.0731517018513122
ELF2,RPS12,-0.0752796741595182
ELF2,RPS14,-0.08525505673323809
ELF2,RPS15,-0.0833368829120504
ELF2,RPS16,-0.053686681563411366
ELF2,RPS18,-0.08139299522410796
ELF2,RPS19,-0.08122849390368365
ELF2,RPS20,-0.045887458522094936
ELF2,RPS21,-0.05598453926998496
ELF2,RPS24,-0.05183689034326483
ELF2,RPS25,-0.07439758164714083
ELF2,RPS27,-0.0902371221825428
ELF2,RPS3,-0.07226427366083453
ELF2,RPS3A,-0.069533931927461
ELF2,RPS5,-0.054888645307223934
ELF2,RPS6,-0.0715659278295171
ELF2,RPS7,-0.059314151077917036
ELF2,RPS8,-0.0718761840124602
ELF2,RPS9,-0.05477861441225837
ELF2,RPSA,-0.04752193960848005
ELF2,TMA7,-0.034554277024379604
ELF2,UBA52,-0.05521509066259865
ELF2,UTRN,0.033339302462846845
ELF4,AHNAK,0.0557609842992667
ELF4,ANXA2,0.051444850656406096
ELF4,B2M,-0.055566104357404104
ELF4,BTG1,-0.0507657117992793
ELF4,C12orf57,-0.0409328806878765
ELF4,COX4I1,-0.04700072758329245
ELF4,COX7C,-0.0366144513624096
ELF4,EEF1A1,-0.07552280349405115
ELF4,EEF1B2,-0.06181740917858225
ELF4,EIF1,-0.050653454541530696
ELF4,FAU,-0.0769818608566871
ELF4,FTL,-0.0398780214803571
ELF4,ITGB1,0.0466872649988836
ELF4,NACA,-0.0674339183864831
ELF4,PFDN5,-0.05012398452802555
ELF4,PTMA,-0.0649308747000525
ELF4,RACK1,-0.0561521838865118
ELF4,RPL10,-0.0704932087308733
ELF4,RPL10A,-0.051004096299006395
ELF4,RPL11,-0.07118605817514173
ELF4,RPL12,-0.06104513624329353
ELF4,RPL13,-0.06930365875780033
ELF4,RPL13A,-0.043926409302002034
ELF4,RPL14,-0.07527442015880326
ELF4,RPL15,-0.045593762077691925
ELF4,RPL17,-0.05559016047882645
ELF4,RPL18,-0.0778902992825419
ELF4,RPL18A,-0.06390113945179866
ELF4,RPL19,-0.06572555605662633
ELF4,RPL21,-0.0509411257267083
ELF4,RPL22,-0.0759873358291061
ELF4,RPL23A,-0.04976408941722019
ELF4,RPL24,-0.07045464098673575
ELF4,RPL26,-0.0603360409972107
ELF4,RPL27,-0.0431294511651136
ELF4,RPL28,-0.08469336459835544
ELF4,RPL29,-0.07887402781932015
ELF4,RPL3,-0.054539948811132465
ELF4,RPL30,-0.09410429793544735
ELF4,RPL31,-0.04839982760052337
ELF4,RPL32,-0.07533879671231433
ELF4,RPL34,-0.07394837514979323
ELF4,RPL35,-0.04431716937080297
ELF4,RPL35A,-0.06860947084917222
ELF4,RPL36,-0.05837615802296813
ELF4,RPL36A,-0.04653259739825895
ELF4,RPL37,-0.08077772161765195
ELF4,RPL37A,-0.0542534719499697
ELF4,RPL38,-0.0557161475987788
ELF4,RPL39,-0.06537434410949806
ELF4,RPL41,-0.0602730306412139
ELF4,RPL5,-0.070053829922668
ELF4,RPL6,-0.06720663609724714
ELF4,RPL7,-0.0470229413917612
ELF4,RPL7A,-0.07052382935311295
ELF4,RPL8,-0.052184897180292365
ELF4,RPL9,-0.07054145695021155
ELF4,RPLP0,-0.0466936552815548
ELF4,RPLP1,-0.05834598003142033
ELF4,RPLP2,-0.0642215092775778
ELF4,RPS12,-0.06906945909779898
ELF4,RPS13,-0.07165341303222324
ELF4,RPS14,-0.07257350177768603
ELF4,RPS15,-0.06730218866893135
ELF4,RPS15A,-0.0742068519246808
ELF4,RPS16,-0.0649812029839706
ELF4,RPS18,-0.0627386364162006
ELF4,RPS19,-0.060104007120261836
ELF4,RPS2,-0.0538409181992317
ELF4,RPS21,-0.0737392709524465
ELF4,RPS23,-0.0701229385887081
ELF4,RPS24,-0.07665900505557366
ELF4,RPS25,-0.06666358877021437
ELF4,RPS27,-0.07007840633877203
ELF4,RPS27A,-0.07326977200248187
ELF4,RPS28,-0.0687908282632939
ELF4,RPS29,-0.048847889261826004
ELF4,RPS3,-0.06429385260225316
ELF4,RPS3A,-0.06639108336785
ELF4,RPS4X,-0.060919002970790066
ELF4,RPS5,-0.07117781712757751
ELF4,RPS6,-0.059881037906621165
ELF4,RPS7,-0.07246754496547775
ELF4,RPS8,-0.06610286026576223
ELF4,RPS9,-0.04899891991293346
ELF4,RPSA,-0.053931472536461245
ELF4,TMSB4X,-0.04908692426109893
ELF4,TOMM7,-0.04687922864044285
ELF4,TPT1,-0.0611986021466359
ELF4,UBA52,-0.0577223794133492
ELK1,PTMA,-0.03941843028950075
ELK1,RPL10,-0.04984745896007485
ELK1,RPL11,-0.047801256609320955
ELK1,RPL12,-0.04329543731996095
ELK1,RPL13,-0.0472214793172913
ELK1,RPL18A,-0.0429536668274267
ELK1,RPL19,-0.0397540208072904
ELK1,RPL23A,-0.0340973938900958
ELK1,RPL26,-0.0425223753151813
ELK1,RPL28,-0.04305029020942214
ELK1,RPL30,-0.04355781437210204
ELK1,RPL32,-0.0537685939950909
ELK1,RPL34,-0.05499088097744495
ELK1,RPL35,-0.0344098020959819
ELK1,RPL35A,-0.04568259215463625
ELK1,RPL36,-0.04435261790133315
ELK1,RPL39,-0.050832125406712655
ELK1,RPL41,-0.043434745709819166
ELK1,RPLP1,-0.03957083377349355
ELK1,RPLP2,-0.0454076857882764
ELK1,RPS12,-0.04579130358180085
ELK1,RPS13,-0.04562583057405335
ELK1,RPS14,-0.04991807981790855
ELK1,RPS15,-0.04977831293786885
ELK1,RPS15A,-0.05103308426014205
ELK1,RPS18,-0.0457309791195928
ELK1,RPS19,-0.0462968724941949
ELK1,RPS23,-0.04426415873354575
ELK1,RPS25,-0.042012498876929746
ELK1,RPS27,-0.0464491566077481
ELK1,RPS27A,-0.0514562240593327
ELK1,RPS28,-0.0497294207162583
ELK1,RPS29,-0.03818689949762965
ELK1,RPS3,-0.04017154911675025
ELK1,RPS3A,-0.0382792462026963
ELK1,RPS4X,-0.03770874518296655
ELK1,RPS6,-0.03814045600040085
ELK3,BTF3,-0.0440588750139813
ELK3,C12orf57,-0.05241410740055245
ELK3,CDC14A,0.0335010871837128
ELK3,CDC42EP3,0.04660064787856945
ELK3,CLIC1,0.0507793505833846
ELK3,EEF1B2,-0.07199349497088195
ELK3,ERN1,0.048069348995261094
ELK3,PARP8,0.03245630619354425
ELK3,PFDN5,-0.053481514809915275
ELK3,RPL10,-0.0925945756046086
ELK3,RPL10A,-0.06972674209246789
ELK3,RPL19,-0.0891743998458349
ELK3,RPL23A,-0.06990850896718283
ELK3,RPL26,-0.08136975019933294
ELK3,RPL30,-0.0949372594034959
ELK3,RPL32,-0.10504203756963766
ELK3,RPL37,-0.0767334968250656
ELK3,RPL37A,-0.0562024758590601
ELK3,RPL41,-0.07856704227339485
ELK3,RPL6,-0.06408363603353166
ELK3,RPLP1,-0.07634552520600917
ELK3,RPLP2,-0.0869943315513209
ELK3,RPS10,-0.03634572456318235
ELK3,RPS14,-0.1001569386904023
ELK3,RPS18,-0.08500194674536223
ELK3,RPS19,-0.08075705253664513
ELK3,RPS21,-0.06771798236667899
ELK3,RPS27A,-0.10085094718198813
ELK3,RPS6,-0.08356198420800924
ELK3,UBA52,-0.057350020441464665
ELK4,ACTB,-0.04128124953706717
ELK4,COMMD6,-0.0332378565286524
ELK4,COX7C,-0.03779984041215585
ELK4,EEF1A1,-0.057471783786039926
ELK4,EIF1,-0.0493224394150002
ELK4,FTH1,-0.0543224142619844
ELK4,FXYD5,-0.0415183988887591
ELK4,PFDN5,-0.05040780547336795
ELK4,PFN1,-0.03859991280899465
ELK4,RPL10,-0.07146764689473312
ELK4,RPL10A,-0.05729285200866516
ELK4,RPL11,-0.06438320567170547
ELK4,RPL12,-0.057795574233999975
ELK4,RPL13,-0.068954697020341
ELK4,RPL13A,-0.0584876460552509
ELK4,RPL15,-0.0508675516748139
ELK4,RPL18,-0.0500072480700167
ELK4,RPL19,-0.0578756526564374
ELK4,RPL21,-0.0627748478280981
ELK4,RPL23A,-0.0633734446053142
ELK4,RPL24,-0.04296547036619763
ELK4,RPL26,-0.05914091286527312
ELK4,RPL27,-0.034901722510883464
ELK4,RPL27A,-0.05824283167859915
ELK4,RPL28,-0.059915194601335424
ELK4,RPL29,-0.05008464144495415
ELK4,RPL3,-0.0559480786082919
ELK4,RPL30,-0.05888700437010305
ELK4,RPL31,-0.05460774923833764
ELK4,RPL32,-0.06505994973575327
ELK4,RPL34,-0.06928421305306058
ELK4,RPL35A,-0.05795787048965628
ELK4,RPL37,-0.06184382555948689
ELK4,RPL37A,-0.04133070612128817
ELK4,RPL38,-0.04413279993162805
ELK4,RPL39,-0.0613151572060389
ELK4,RPL41,-0.06968866340736354
ELK4,RPL6,-0.05200852982428547
ELK4,RPL7A,-0.05160321628539266
ELK4,RPL8,-0.05177659295065272
ELK4,RPLP1,-0.05480587355647708
ELK4,RPLP2,-0.06020240940747327
ELK4,RPS12,-0.05735756690389007
ELK4,RPS14,-0.07277001334050677
ELK4,RPS15,-0.06508144790861026
ELK4,RPS15A,-0.0642575455533453
ELK4,RPS16,-0.043093694658253634
ELK4,RPS18,-0.07153681417329247
ELK4,RPS19,-0.062444875231411706
ELK4,RPS20,-0.0417061959786719
ELK4,RPS21,-0.046941484726627375
ELK4,RPS25,-0.06397586991797354
ELK4,RPS27,-0.0754008763701596
ELK4,RPS27A,-0.06784729558026885
ELK4,RPS3,-0.059204122413044874
ELK4,RPS3A,-0.05507274287859143
ELK4,RPS4X,-0.058471167469904856
ELK4,RPS5,-0.054409869863388305
ELK4,RPS6,-0.056206974300768674
ELK4,RPS7,-0.055079128568102396
ELK4,RPS9,-0.05463962385617725
ELK4,RPSA,-0.04642910051533745
ELK4,TMA7,-0.0352757683145331
ELK4,TMSB4X,-0.07310763596791109
ELK4,TPT1,-0.05636959717904975
EOMES,GZMK,0.14099620374896393
EOMES,RPL10,-0.0379884006487747
EOMES,RPL21,-0.03477673179195015
EOMES,RPL32,-0.04250695334516197
EOMES,RPS18,-0.0369576457353442
ERF,B2M,-0.042042037885719065
ERF,EEF1A1,-0.03636977252676575
ERF,RPL10,-0.03732988127778023
ERF,RPL11,-0.0381427828467431
ERF,RPL13,-0.03577467094893545
ERF,RPL18A,-0.03429036926422945
ERF,RPL19,-0.03827890771082685
ERF,RPL26,-0.034196535504424794
ERF,RPL28,-0.041643772137766
ERF,RPL30,-0.0435570883987587
ERF,RPL32,-0.03951702433983237
ERF,RPL34,-0.041160703929177804
ERF,RPL35A,-0.03703051365913527
ERF,RPL41,-0.03720881620057115
ERF,RPLP2,-0.03265857938434605
ERF,RPS12,-0.040927210150966
ERF,RPS13,-0.03620565155080975
ERF,RPS14,-0.0383509324104307
ERF,RPS15,-0.037301078244627035
ERF,RPS15A,-0.03877820414333804
ERF,RPS18,-0.03406474478232265
ERF,RPS19,-0.0341861723148591
ERF,RPS23,-0.0348418950194892
ERF,RPS25,-0.0327470201407626
ERF,RPS27,-0.0395533222055205
ERF,RPS27A,-0.0400769975643598
ERF,RPS28,-0.0371180026917435
ERF,RPS3,-0.032180162164387
ERF,TMSB10,-0.03316073915687075
ESRRA,B2M,-0.038192764826589204
ESRRA,RPL10,-0.0360368942766167
ESRRA,RPL11,-0.0335553751910099
ESRRA,RPL13,-0.03366500878232865
ESRRA,RPL13A,-0.0366323198694292
ESRRA,RPL32,-0.03750032369356385
ESRRA,RPL34,-0.040374578644662096
ESRRA,RPL35A,-0.0332843478402926
ESRRA,RPLP2,-0.03394330171132397
ESRRA,RPS13,-0.0334687600409772
ESRRA,RPS14,-0.037378975875265764
ESRRA,RPS15,-0.0343203201893799
ESRRA,RPS15A,-0.0366564712556023
ESRRA,RPS23,-0.03175415252338625
ESRRA,RPS27A,-0.037852634786040736
ESRRA,RPS28,-0.037085882274542445
ETS1,AAK1,0.0741413279928195
ETS1,ABLIM1,0.0727018053146253
ETS1,ACTB,-0.1215393658354654
ETS1,ACTG1,-0.1104437872458445
ETS1,ACTN1,0.05124811585067725
ETS1,ACTR2,0.04256686126663035
ETS1,ADAM10,0.041149770740856004
ETS1,ADD3,0.04568448636469453
ETS1,ADGRE5,0.03542237813381435
ETS1,AFF1,0.04475094766338315
ETS1,AFF3,0.041322639528282704
ETS1,AKAP13,0.0487006187697617
ETS1,ANKRD11,0.04894620079644345
ETS1,ANKRD44,0.0581218539764855
ETS1,ANXA2,-0.07199122179766144
ETS1,AP3M2,0.0338217870184774
ETS1,ARGLU1,0.05602993681528057
ETS1,ARHGAP30,0.04184943722817
ETS1,ARHGEF3,0.049794173424426755
ETS1,ARID5B,0.041622404332546
ETS1,ARPC1B,-0.0703069038710119
ETS1,ARRDC3,0.0374774917643322
ETS1,ATF7IP,0.056362102877989
ETS1,ATM,0.07717327992933537
ETS1,ATP1A1,0.036800462753631594
ETS1,ATP2B1,0.039286051727268054
ETS1,ATP5F1E,-0.036255206173850446
ETS1,B2M,-0.13312373189246376
ETS1,BACH2,0.05355859967643983
ETS1,BCL2,0.06126350837253047
ETS1,BCLAF1,0.05739923809775775
ETS1,BEST1,0.042740165148024
ETS1,BPTF,0.0454135659045583
ETS1,BTF3,-0.0443809896119561
ETS1,CALM1,-0.06508083417511555
ETS1,CAMK4,0.07783578032771783
ETS1,CBX3,0.02955388400638145
ETS1,CCDC88C,0.048275692128171344
ETS1,CCNL1,0.0526976575829973
ETS1,CCR7,0.06050843493362399
ETS1,CD52,-0.07402436581353217
ETS1,CD55,0.0563666697503429
ETS1,CDC14A,0.04508979181009126
ETS1,CDC42SE2,0.0286225439496941
ETS1,CDCA7L,0.048834604583364596
ETS1,CDKN1B,0.03539964090073995
ETS1,CDV3,0.045163387905777654
ETS1,CEMIP2,0.0547802582610707
ETS1,CERS6,0.041170814204711845
ETS1,CFL1,-0.0641999822628689
ETS1,CFLAR,0.04053947777600865
ETS1,CHD2,0.052702510324593894
ETS1,CHD3,0.0484164247750905
ETS1,CHMP7,0.03863932563727775
ETS1,CLIC1,-0.09305503872853951
ETS1,CNOT6L,0.036333602621159
ETS1,CNST,0.05394210212545635
ETS1,CORO1A,-0.0621820634062115
ETS1,COTL1,-0.0741723765123202
ETS1,COX4I1,-0.037068834771607856
ETS1,COX7A2,-0.0370069214947774
ETS1,CREBRF,0.0455867093067141
ETS1,CRTC3,0.0372145359843085
ETS1,CYBA,-0.06120083811947083
ETS1,CYFIP2,0.04632360126047075
ETS1,CYLD,0.05514502611052905
ETS1,CYTH1,0.059905792095410346
ETS1,DDX17,0.08441356460201045
ETS1,DDX21,0.04194090699647985
ETS1,DDX5,0.0681153463629122
ETS1,DDX6,0.05535210331774115
ETS1,DGKA,0.0554902608170027
ETS1,DHRS3,0.03742475337157495
ETS1,DIP2B,0.0467685404364701
ETS1,DOCK10,0.06574735063326816
ETS1,DPEP2,0.0340207776256167
ETS1,DPYD,0.0463356068450155
ETS1,EEA1,0.04490535586242675
ETS1,EEF1A1,-0.0839661124757244
ETS1,EEF1D,-0.05370716751915905
ETS1,EIF1,-0.0644266531888827
ETS1,EIF2S3,0.0448881829665857
ETS1,EIF3A,0.05056650920407495
ETS1,EIF4B,0.0840616652641657
ETS1,EIF4G2,0.043291084356177546
ETS1,EMP3,-0.10819287711790429
ETS1,EPB41,0.0719019611350731
ETS1,EPHX2,0.03615740650514825
ETS1,ERCC5,0.036695142340599604
ETS1,ESYT2,0.038192145641899905
ETS1,EZR,0.0355500033034154
ETS1,FAM117B,0.04927119350055365
ETS1,FAU,-0.07024387147353721
ETS1,FCMR,0.06600438059846167
ETS1,FHIT,0.0434899270854803
ETS1,FKBP5,0.0541478557365922
ETS1,FNBP1,0.0484557507906916
ETS1,FNBP4,0.052998707397301
ETS1,FOXP1,0.078955375575078
ETS1,FTH1,-0.064304016444033
ETS1,FTL,-0.07479033085066975
ETS1,FXYD5,-0.06193200877619555
ETS1,FYN,0.04657223977812577
ETS1,GAPDH,-0.08338250484360854
ETS1,GCC2,0.0555485486911024
ETS1,GLG1,0.04831085040531925
ETS1,H1-3,0.06104823262777145
ETS1,H1-4,0.06508786127335556
ETS1,HINT1,-0.03829094168032967
ETS1,HIVEP2,0.04630929909854695
ETS1,HLA-B,-0.045486211481196026
ETS1,HMGB2,0.034833407500389546
ETS1,HNRNPA2B1,0.04928225168155165
ETS1,HNRNPD,0.05437309147783075
ETS1,HNRNPU,0.0589657728128072
ETS1,HNRNPUL1,0.03381317149093055
ETS1,ID2,0.0438952183931533
ETS1,IFI16,0.03581018320749725
ETS1,IFITM1,-0.05970298251213285
ETS1,IFITM2,-0.07398085469116486
ETS1,IKZF1,0.069061204851605
ETS1,IL32,-0.07508779564040734
ETS1,IL6ST,0.07223176228598588
ETS1,IRF2BP2,0.0319291587484183
ETS1,ITGA4,0.0558127966644386
ETS1,ITK,0.07685250546700056
ETS1,ITPKB,0.036904798543547154
ETS1,JAK1,0.061461443215497596
ETS1,KAT6A,0.05562829499270425
ETS1,KIF2A,0.058392168244908546
ETS1,KLF3,0.058115515004450925
ETS1,KLF7,0.042988772216611154
ETS1,KLF9,0.04716011334836605
ETS1,LBH,0.06290413174093246
ETS1,LCP2,0.04559564974256885
ETS1,LEF1,0.07824436796292344
ETS1,LGALS1,-0.0820874100425439
ETS1,LNPEP,0.0480825381984615
ETS1,LPIN2,0.04629473765547546
ETS1,LSM14A,0.03988087403826095
ETS1,LUC7L3,0.05152993574975865
ETS1,LY6E,-0.06722610015345895
ETS1,MAML2,0.0726524403017141
ETS1,MAP3K1,0.055518378662351445
ETS1,MBNL1,0.06646926868120658
ETS1,MCL1,0.0398744899574768
ETS1,MDM4,0.0403645529848468
ETS1,MIF,-0.05381461788444325
ETS1,MSL3,0.04535308149223495
ETS1,MT-ND6,0.05331786416333986
ETS1,MXI1,0.03405204741681915
ETS1,MYC,0.0398161952496908
ETS1,MYCBP2,0.0544073494886846
ETS1,MYH9,0.0568478915544611
ETS1,MYL12A,-0.072498628297176
ETS1,MYL6,-0.06022614457656947
ETS1,N4BP2L2,0.03881564952594125
ETS1,NACA,-0.046680090854448145
ETS1,NAP1L4,0.0497361623346649
ETS1,NCL,0.07338546278519245
ETS1,NCOA3,0.04796818896768085
ETS1,NDUFA4,-0.0403137764013709
ETS1,NFKBIA,0.0321626823882243
ETS1,NFKBIZ,0.0477183092791428
ETS1,NKTR,0.0538137818604886
ETS1,NSD3,0.04332775353558577
ETS1,NUCB2,0.04343151593304855
ETS1,NUMA1,0.04308142797049285
ETS1,OGA,0.05666611349814845
ETS1,OGT,0.05373873136147795
ETS1,OXNAD1,0.06426456374757807
ETS1,PACS1,0.051275660240405904
ETS1,PCED1B,0.06211037108932063
ETS1,PCMTD2,0.0399970837426065
ETS1,PDE3B,0.0602040564935735
ETS1,PDE7A,0.04830989396134235
ETS1,PDK1,0.06592353507604526
ETS1,PFDN5,-0.0798504182376454
ETS1,PFN1,-0.08429844223768646
ETS1,PHC3,0.04580082921494935
ETS1,PHF3,0.0679968795266956
ETS1,PIK3CD,0.046886199667052
ETS1,PIK3IP1,0.07339570907200094
ETS1,PIK3R1,0.04412585504487965
ETS1,PIM1,0.04827877589238027
ETS1,PITPNC1,0.03460651105700145
ETS1,PLAC8,0.04921668069083285
ETS1,PLCL1,0.0572763106314774
ETS1,PLCL2,0.0407150186945028
ETS1,PNISR,0.04795677342558065
ETS1,PNRC1,0.0678851000529558
ETS1,PPP2R5C,0.03222505600723035
ETS1,PRKACB,0.0564290876846045
ETS1,PRKCH,0.040010082664129754
ETS1,PRKCQ,0.03996365183266795
ETS1,PRMT2,0.061558665058804946
ETS1,PRRC2C,0.0644576175874052
ETS1,PSME1,-0.061037460031352055
ETS1,PTMA,-0.07102313241362396
ETS1,PTP4A2,0.04359241347699305
ETS1,PTPN4,0.044449950634488894
ETS1,RAC2,-0.062593808449741
ETS1,RACK1,-0.0495750037422685
ETS1,RAD21,0.042535137616155405
ETS1,RAPGEF6,0.05046579517679444
ETS1,RASA2,0.048832171466485365
ETS1,RBL2,0.0683815325085631
ETS1,RBM25,0.04465322113539025
ETS1,RBM33,0.0468265703376994
ETS1,RCAN3,0.0712987224336197
ETS1,RERE,0.0401849111822451
ETS1,RETREG1,0.0329113920221349
ETS1,RGS19,-0.0632422529329095
ETS1,RIN3,0.0364255579487892
ETS1,RNF213,0.049369104881129194
ETS1,RORA,0.04090813457608815
ETS1,RPL10,-0.11565734426482606
ETS1,RPL10A,-0.0721467139561619
ETS1,RPL11,-0.09172137816599057
ETS1,RPL12,-0.0809025535089829
ETS1,RPL13,-0.09648955270043086
ETS1,RPL14,-0.05246314275180974
ETS1,RPL15,-0.12486735611548055
ETS1,RPL17,-0.062804954425383
ETS1,RPL18,-0.0711715223743126
ETS1,RPL18A,-0.1001590352154806
ETS1,RPL19,-0.07913149460856514
ETS1,RPL21,-0.14656389544566645
ETS1,RPL22,-0.047496103131575096
ETS1,RPL23A,-0.10065003156822966
ETS1,RPL24,-0.05092920556194245
ETS1,RPL26,-0.09137703259118263
ETS1,RPL27,-0.0569195128658602
ETS1,RPL27A,-0.12376147847014175
ETS1,RPL28,-0.0693822761628798
ETS1,RPL29,-0.05840664968955637
ETS1,RPL3,-0.1345226473285019
ETS1,RPL30,-0.07182227323873856
ETS1,RPL31,-0.1254908136712623
ETS1,RPL32,-0.10128509111982416
ETS1,RPL34,-0.11004077164508284
ETS1,RPL35,-0.07733014604521134
ETS1,RPL35A,-0.08698166720303728
ETS1,RPL36,-0.0872818492502993
ETS1,RPL36A,-0.0740515505107206
ETS1,RPL36AL,-0.0391322282515732
ETS1,RPL37A,-0.05475955308499575
ETS1,RPL38,-0.047137027411132
ETS1,RPL39,-0.08799177606647075
ETS1,RPL41,-0.12008299085485763
ETS1,RPL6,-0.06198149423510233
ETS1,RPL7A,-0.05614773311338415
ETS1,RPL8,-0.0753603956635867
ETS1,RPL9,-0.07289525097856715
ETS1,RPLP0,-0.0467934018536513
ETS1,RPLP1,-0.09245312107870286
ETS1,RPLP2,-0.0947649332684066
ETS1,RPS10,-0.045141023813025295
ETS1,RPS12,-0.07276392210324704
ETS1,RPS13,-0.1173127978315483
ETS1,RPS14,-0.11383925981101627
ETS1,RPS15,-0.1027126598298993
ETS1,RPS15A,-0.08693424936811196
ETS1,RPS16,-0.06432080927041715
ETS1,RPS18,-0.11389152712851808
ETS1,RPS19,-0.1104528560886957
ETS1,RPS2,-0.1101137559382727
ETS1,RPS20,-0.087835451003099
ETS1,RPS21,-0.06648777121682689
ETS1,RPS23,-0.07905856848550856
ETS1,RPS25,-0.0871506678374999
ETS1,RPS26,-0.03550330387050815
ETS1,RPS27,-0.1450596440935415
ETS1,RPS27A,-0.10600796460384974
ETS1,RPS28,-0.09532065893915899
ETS1,RPS29,-0.12438368069394395
ETS1,RPS3,-0.09617641641017666
ETS1,RPS3A,-0.0937576070216813
ETS1,RPS4X,-0.10201001135221731
ETS1,RPS5,-0.065263913587755
ETS1,RPS6,-0.10449113669408895
ETS1,RPS7,-0.06781874584622943
ETS1,RPS8,-0.07403855796322531
ETS1,RPS9,-0.09937139973487649
ETS1,RPSA,-0.0582074026370982
ETS1,RSRC2,0.04878149043984195
ETS1,RSRP1,0.0511006879395449
ETS1,S100A11,-0.0718208645723254
ETS1,SAMHD1,0.0642453460540576
ETS1,SELL,0.06150039261700723
ETS1,SEPTIN6,0.05002100105055155
ETS1,SERF2,-0.060448992194902906
ETS1,SERINC5,0.060018072137640696
ETS1,SESN3,0.060844252756511806
ETS1,SETD1B,0.045671372691274595
ETS1,SF1,0.0574936381320646
ETS1,SF3B1,0.0628722772997663
ETS1,SFPQ,0.04687731714751245
ETS1,SGTB,0.04060105931859015
ETS1,SH3BGRL3,-0.0790368512115651
ETS1,SLC12A6,0.04617267704409275
ETS1,SLC38A1,0.05429703536510245
ETS1,SLC7A6,0.04197843410330855
ETS1,SLC8B1,0.04423319611807085
ETS1,SMAP2,0.0574874070749736
ETS1,SMCHD1,0.05768070344873875
ETS1,SOX4,0.0432169299142951
ETS1,SPTBN1,0.06743839476235315
ETS1,SSH2,0.05121417096348495
ETS1,STAT3,0.0456208442154769
ETS1,STK17B,0.0528632697312963
ETS1,STK38,0.057971168314213166
ETS1,STK4,0.059931347428861456
ETS1,STX16,0.0422548165199503
ETS1,TAB2,0.05228908945363603
ETS1,TAGLN2,0.032333410874904545
ETS1,TCF7,0.07512308776778456
ETS1,TCP11L2,0.05407741865740254
ETS1,TESPA1,0.059951370232990554
ETS1,TGFBR2,0.059244916146179695
ETS1,TIMP1,-0.0573534491934939
ETS1,TLE4,0.036174998787499996
ETS1,TLK1,0.045982574722833694
ETS1,TMA7,-0.06719127283205205
ETS1,TMEM123,0.061235586549103896
ETS1,TMEM131L,0.05350895805066635
ETS1,TMEM243,0.03740098307243815
ETS1,TMF1,0.0385184637252634
ETS1,TMSB4X,-0.12211834176792634
ETS1,TNFAIP3,0.04301888017531405
ETS1,TNFAIP8,0.036870144921281954
ETS1,TNRC6B,0.05189493707261985
ETS1,TPP2,0.045921710475965605
ETS1,TRAM1,0.028748035816672998
ETS1,TRIM44,0.04819046227866945
ETS1,TSPAN14,0.061155599316617806
ETS1,TSPYL2,0.03612055938506745
ETS1,TUT4,0.05994844889268085
ETS1,TXNIP,0.0940659301756266
ETS1,UBA52,-0.053957333451593745
ETS1,UBALD2,0.03315443784107275
ETS1,UCP2,0.042828271302351825
ETS1,UPP1,0.0504344929550905
ETS1,UQCRB,-0.04390838433179105
ETS1,USP10,0.028763564167820548
ETS1,USP15,0.057190015881697545
ETS1,USP3,0.05112140657173955
ETS1,UTRN,0.05465792811826605
ETS1,VMP1,0.0297830176480509
ETS1,VPS13C,0.062639756334878
ETS1,WASF2,0.0488606578926681
ETS1,XRN1,0.046384312402379405
ETS1,YPEL2,0.04254321453641795
ETS1,YTHDC1,0.0463968497653845
ETS1,ZBTB20,0.0408384079259531
ETS1,ZC3HAV1,0.06130468450405045
ETS1,ZFP36L1,0.03630276539381225
ETS1,ZNF101,0.04273652147468905
ETS1,ZNF609,0.0394298864428841
ETS1,ZNF91,0.04456915239395895
ETS1,ZYX,-0.06425362405635765
ETS2,EEF1A1,-0.0331663885407895
ETS2,RPL11,-0.0474952673058676
ETS2,RPL12,-0.0401656206238101
ETS2,RPL13,-0.048190463676997655
ETS2,RPL19,-0.0390609669479572
ETS2,RPL26,-0.041553958854203654
ETS2,RPL30,-0.03996418533645135
ETS2,RPL32,-0.0514790106879168
ETS2,RPL6,-0.031116665557743
ETS2,RPS14,-0.051689113823478655
ETS2,RPS18,-0.0502217390635488
ETV3,ACTB,-0.07262581178171265
ETV3,C12orf57,-0.044080978754510045
ETV3,CDK17,0.05372189913831085
ETV3,DDIT3,0.06693224409492525
ETV3,EEF1B2,-0.0490808906635618
ETV3,JUN,0.04744250202825015
ETV3,PFN1,-0.0521587373293758
ETV3,PTMA,-0.0427374012782483
ETV3,RANBP2,0.04395743292331615
ETV3,RPL19,-0.0652682898490452
ETV3,RPL22,-0.0728093891787386
ETV3,RPL23A,-0.052406529743980745
ETV3,RPL30,-0.0685318790308286
ETV3,RPL32,-0.07282777689282943
ETV3,RPL6,-0.0571154693629509
ETV3,RPLP1,-0.05056179560953027
ETV3,RPLP2,-0.06053554512111065
ETV3,RPS18,-0.06461795627904901
ETV3,RPS19,-0.05795751323177133
ETV3,RPS24,-0.06870917779877456
ETV3,RPS27A,-0.06784909113264237
ETV6,ABCC1,0.0394864149668891
ETV6,AHNAK,0.05327236965116697
ETV6,ARID5B,0.0489273098689076
ETV6,CCR4,0.04327436578929095
ETV6,COTL1,0.0476301984076917
ETV6,DUSP5,0.04593667682700395
ETV6,EEF1A1,-0.0765685750395176
ETV6,EEF1B2,-0.0765702490266721
ETV6,EZR,0.04207169051817635
ETV6,FAM107B,0.03626448070431585
ETV6,FAS,0.04247502294444245
ETV6,FAU,-0.06963380676721133
ETV6,GNB1,0.03625635519372055
ETV6,ITGB1,0.0497758377534298
ETV6,LIMS1,0.0497748075602884
ETV6,LMNA,0.0372245270119984
ETV6,MAF,0.044025769047683405
ETV6,MAP3K5,0.0449254504859792
ETV6,MT-CO2,-0.041994987181962956
ETV6,NACA,-0.08300331128254554
ETV6,NFKB1,0.04401312710465585
ETV6,NPDC1,0.04054127851318525
ETV6,PPP2R5C,0.04528478340433445
ETV6,PREX1,0.052820004747769
ETV6,PRKCB,0.046028052930357055
ETV6,PTMA,-0.07021660640434425
ETV6,RACK1,-0.06665255130321085
ETV6,RAPGEF1,0.0421845388543365
ETV6,RNF19A,0.04532421138574515
ETV6,RPL10,-0.08815783447718667
ETV6,RPL10A,-0.06366209933585477
ETV6,RPL11,-0.08668643662452546
ETV6,RPL12,-0.0730213307661245
ETV6,RPL13,-0.0819647130254393
ETV6,RPL13A,-0.06878178735360085
ETV6,RPL14,-0.07275726132766404
ETV6,RPL15,-0.0663364108747268
ETV6,RPL17,-0.07126625162231165
ETV6,RPL18,-0.0743855389666385
ETV6,RPL18A,-0.07518702399749193
ETV6,RPL21,-0.08375398782683655
ETV6,RPL22,-0.065974580986227
ETV6,RPL23A,-0.0743808329090769
ETV6,RPL26,-0.07107933272773666
ETV6,RPL27,-0.048998668285763144
ETV6,RPL27A,-0.04978242943650485
ETV6,RPL28,-0.0730290871262104
ETV6,RPL29,-0.0662183561705973
ETV6,RPL3,-0.06671847515831814
ETV6,RPL31,-0.07031311099284229
ETV6,RPL32,-0.09166895762935338
ETV6,RPL34,-0.0848345619296791
ETV6,RPL35,-0.06489130130336584
ETV6,RPL35A,-0.0816733842391186
ETV6,RPL37,-0.0635791436416826
ETV6,RPL37A,-0.05695193798701639
ETV6,RPL41,-0.06298246894931124
ETV6,RPL5,-0.0889712459420253
ETV6,RPL6,-0.06542943419502163
ETV6,RPL7A,-0.08073725240705965
ETV6,RPL8,-0.065909450097591
ETV6,RPL9,-0.06331877483479817
ETV6,RPLP1,-0.08011450593279035
ETV6,RPLP2,-0.07251668688367631
ETV6,RPS12,-0.08358606104920853
ETV6,RPS13,-0.09095420695859334
ETV6,RPS14,-0.08817209617876891
ETV6,RPS15,-0.08178631468286669
ETV6,RPS15A,-0.0831885570112796
ETV6,RPS16,-0.0680935623535476
ETV6,RPS18,-0.08683254912143551
ETV6,RPS19,-0.07295848210743167
ETV6,RPS20,-0.05119712117991525
ETV6,RPS21,-0.059501430373974734
ETV6,RPS24,-0.06727696344915393
ETV6,RPS25,-0.07570383099383297
ETV6,RPS27,-0.096978317499215
ETV6,RPS27A,-0.09015222343159063
ETV6,RPS29,-0.062251667410074596
ETV6,RPS3,-0.08001707656275386
ETV6,RPS3A,-0.08358055223720544
ETV6,RPS5,-0.07212728614863843
ETV6,RPS6,-0.08532641423532095
ETV6,RPS7,-0.06505416209877883
ETV6,RPS8,-0.0765150734767357
ETV6,RPS9,-0.060674209548734294
ETV6,RPSA,-0.07123432646606954
ETV6,SRGN,0.04701376983282825
ETV6,TMSB10,-0.0767642309961317
ETV6,TMSB4X,-0.07226406004948265
ETV6,TNFRSF4,0.0379734586810182
ETV6,ZC3H12D,0.036656656511571295
FLI1,COX7C,-0.04292852537738826
FLI1,CSK,0.0321466692597449
FLI1,DYNLRB1,0.0311100227412539
FLI1,GNAI2,0.0327290348071108
FLI1,IFI16,0.03150066071495
FLI1,KHDRBS1,0.029658576390733153
FLI1,PHB2,0.0324529834470067
FLI1,RACK1,-0.056219713945709626
FLI1,RPL19,-0.09085347280099557
FLI1,RPL22,-0.07435816821346208
FLI1,RPL26,-0.09215168740391615
FLI1,RPL27A,-0.07551479427416664
FLI1,RPL28,-0.09066781919286733
FLI1,RPL30,-0.09770937707755482
FLI1,RPL6,-0.0696245042365787
FLI1,RPS18,-0.10377539627483448
FLI1,SF3B2,0.02859738475010545
FLI1,TMA7,-0.0396085967422401
FLI1,UBA52,-0.06676908646512877
FLI1,XRCC5,0.03422219865094095
FOS,AAK1,-0.0378168616738098
FOS,ACTG1,-0.0656058841943008
FOS,ACTN1,-0.06104921643370275
FOS,AHNAK,0.0695902515006757
FOS,ALG13,0.06763959829076804
FOS,AMD1,0.05289026030022037
FOS,AP3M2,0.050641275478137265
FOS,ARHGAP25,-0.046065692312074
FOS,ARIH1,0.06650101122166885
FOS,ARL4A,0.135940782686564
FOS,ARPC5,-0.07652735318258444
FOS,ATF4,0.0469946303295846
FOS,ATP1B3,0.0503643393375407
FOS,BCAS2,0.08298784167665173
FOS,BEST1,0.111665317717314
FOS,BHLHE40,0.05937582955973503
FOS,BORCS5,0.06456058943142741
FOS,BRD2,0.04192056732472926
FOS,BTG1,0.11646682064367313
FOS,BTG3,0.05366495923982245
FOS,BZW1,0.0545921248331534
FOS,C14orf119,-0.08301096403630374
FOS,CALM1,0.0652631925734679
FOS,CCDC59,0.07126831703749426
FOS,CCL5,0.07246772993124576
FOS,CCNH,0.10717899930284504
FOS,CCNI,0.0442481815734849
FOS,CCNL1,0.10252356690459888
FOS,CCR7,-0.09280186150865921
FOS,CD3D,-0.05583587889028707
FOS,CD44,0.08890865574407669
FOS,CD55,0.0813719828066114
FOS,CD7,-0.0544914514874551
FOS,CDC42,0.057082514594409495
FOS,CDKN1A,0.11389084210253365
FOS,CHD1,0.07395950999987021
FOS,CHMP1B,0.10732566958505524
FOS,CITED2,0.0824254362831267
FOS,CKS2,0.0528341309630106
FOS,CLEC2B,0.057466696042462254
FOS,CLEC2D,-0.05603237570617315
FOS,CLK1,0.06635771226763088
FOS,COQ10B,0.0371278277176576
FOS,COQ7,0.057842208581493436
FOS,CREM,0.08457556859507592
FOS,CRYBG1,0.043519393531214104
FOS,CSDE1,0.048227079131876446
FOS,CSRNP1,0.15184311838747108
FOS,CYB561,0.04756346517169985
FOS,CYCS,0.12420960517820742
FOS,DDIT3,0.1000425419982905
FOS,DDX3X,0.10555215781389288
FOS,DDX5,0.08028747777743256
FOS,DENND2D,-0.0921519207553334
FOS,DNAJA1,0.08595618106113707
FOS,DNAJB9,0.09393213761393653
FOS,DSE,0.0455245475974629
FOS,DUSP1,0.41895706311482644
FOS,DUSP6,0.048623188159995154
FOS,EIF1,0.2156905882817152
FOS,EIF4A1,0.0804179440242157
FOS,EIF4G2,0.05790848592706375
FOS,EIF5,0.11113830644195774
FOS,ELL2,0.10993005272533665
FOS,EPHA4,0.0430394645247931
FOS,ETV3,0.09852477820628336
FOS,EZR,0.0787237622600513
FOS,FAM177A1,0.1020355449791677
FOS,FAM53C,0.04954459992155
FOS,FHIT,-0.0627240718721616
FOS,FOSB,0.2761847009102529
FOS,FOSL2,0.1187408910733179
FOS,FRAT1,0.04457035918619855
FOS,FTH1,0.20341910849595413
FOS,G3BP2,0.0703589668618033
FOS,GABARAPL1,0.057229275580049
FOS,GADD45A,0.0803105448932485
FOS,GADD45B,0.11030965148422306
FOS,GIMAP4,-0.10824734902900424
FOS,GIMAP5,-0.11176013179687365
FOS,GLA,0.0557320846626867
FOS,GLIPR1,0.04387701473128753
FOS,GLRX,-0.048020757022797095
FOS,GTPBP1,0.037612298412569
FOS,GZMK,0.04181069423805695
FOS,H3-3B,0.19632785188329485
FOS,H4C3,0.0564585056769723
FOS,HERPUD1,0.05986900209907125
FOS,HERPUD2,0.0793076391962519
FOS,HEXIM1,0.043331849476462764
FOS,HNRNPA0,0.08811116039860556
FOS,HNRNPA2B1,-0.03939913573198215
FOS,HNRNPDL,0.06131052402810055
FOS,HNRNPF,-0.06229279715762345
FOS,HNRNPUL1,0.05959719607522814
FOS,HOOK2,0.23361477113326762
FOS,HSP90AA1,0.0761771570196361
FOS,HSP90AB1,0.0843545464087008
FOS,HSPA5,0.08699903833747355
FOS,HSPA9,0.0605964207736468
FOS,HSPH1,0.05552713294874185
FOS,ID1,0.08794758654808735
FOS,ID2,0.07990068172772162
FOS,IDI1,0.0775452322264763
FOS,IER2,0.13595930843250298
FOS,IER5,0.09999032761182897
FOS,IFRD1,0.0817193869542689
FOS,IL16,-0.08360191504642175
FOS,IRF1,0.06356658805612565
FOS,IRF2BP2,0.0729332666556045
FOS,IVNS1ABP,0.0685604972099744
FOS,JUN,0.37471422390163245
FOS,JUNB,0.40889213529378815
FOS,JUND,0.14083372744817424
FOS,KDM2A,0.0638207078651519
FOS,KDM6B,0.0897455065260279
FOS,KLF10,0.05033618723409477
FOS,KLF4,0.06234324171525085
FOS,KLF6,0.20076701586129728
FOS,KLF9,0.060841379839303995
FOS,KPNA2,0.05303800905860853
FOS,LCK,-0.0675104954819211
FOS,LDHA,0.050598128296221
FOS,LETM2,0.0785460885249571
FOS,LGALS1,0.04641066325925023
FOS,LMNA,0.11840438750784783
FOS,LYPD3,0.075558790446183
FOS,MAPK1IP1L,0.0562606450858931
FOS,MAT2B,-0.06361940069353345
FOS,MCL1,0.09450978684782478
FOS,MED30,0.03915444309540715
FOS,MIDN,0.07800392587847947
FOS,MLF1,0.041341609574264096
FOS,MORF4L1,0.0502109956272628
FOS,MPHOSPH8,-0.03614417400710955
FOS,MRPS18C,-0.04352807520501685
FOS,MT-CO1,-0.0814238281612863
FOS,MT-ND3,-0.0859847658620161
FOS,MTFP1,0.08370524955624359
FOS,MYADM,0.12511090015825221
FOS,MYC,-0.07126849764846947
FOS,NAMPT,0.07955323537868976
FOS,NDUFC1,-0.0527380920795169
FOS,NEU1,0.052224792856447905
FOS,NFKB1,0.06568533106552245
FOS,NFKBIZ,0.0704115515878284
FOS,NR1D2,0.058049682486760054
FOS,NR4A2,0.24134585481554338
FOS,NR4A3,0.17282299807394674
FOS,NSMCE3,0.07975465508279983
FOS,NUCB2,-0.035330474717575604
FOS,NUP58,0.0800495168027681
FOS,OGT,-0.04003283843419765
FOS,OSM,0.0653917321776189
FOS,OXNAD1,-0.045737228096843
FOS,PABPC1,0.10474615954495675
FOS,PCGF5,0.04890164481298535
FOS,PDE4B,0.04483020502789955
FOS,PDE4D,0.07266416255106335
FOS,PECAM1,-0.0376656450154376
FOS,PER1,0.11245761647495094
FOS,PEX11B,-0.0492543353626962
FOS,PFN1,-0.0560505666637486
FOS,PHLDB3,0.0624337802872595
FOS,PLK3,0.07271372184751633
FOS,PNISR,-0.04463367673470603
FOS,PNRC1,0.14252858692947074
FOS,POLR2A,0.04282673686622163
FOS,PPP1CB,0.04984954071358545
FOS,PPP1R15A,0.27721145165492045
FOS,PPP1R15B,0.07925744215549353
FOS,PPP2CA,0.04154912399111015
FOS,PPP2R5C,0.04672359478653175
FOS,PRAG1,-0.048439918211669
FOS,PRDM1,0.047426402366082164
FOS,PRMT9,0.06984125885068725
FOS,PSMA5,-0.06048342583315655
FOS,RACK1,-0.052921022771288545
FOS,RANBP2,0.04666484314989455
FOS,RBM7,0.055614263786777154
FOS,RBM8A,0.05208931944619
FOS,RBX1,-0.043096867422070695
FOS,RELB,0.07846367471218835
FOS,RGS2,0.08191173869346202
FOS,RHOB,0.0535933616855529
FOS,RIPOR2,-0.0579187446142432
FOS,RNF139,0.10668095825108874
FOS,RPA2,-0.0505187868935681
FOS,RPL30,-0.06641120550102815
FOS,RPL37,-0.0425267932932604
FOS,RPL6,-0.0612861657332792
FOS,RPLP0,0.0663127375222747
FOS,RPS13,-0.04768310419200745
FOS,RPS24,-0.04741990505420385
FOS,RPS27,-0.0489649736261255
FOS,RPS29,-0.04206984190910693
FOS,RRP12,0.0920835346157053
FOS,S100A10,0.04458854435600767
FOS,S100A4,0.08435514546112523
FOS,S1PR4,-0.0657074282982135
FOS,SAMSN1,0.04385966484782916
FOS,SARAF,0.0947973722436351
FOS,SELENOK,0.08691749560739526
FOS,SERTAD1,0.08528055400638637
FOS,SGK1,0.10016319653153394
FOS,SH3BGRL3,0.045714808944053456
FOS,SIAH2,0.052528439839989394
FOS,SIK1,0.03760390587287285
FOS,SKIL,0.0965633908362363
FOS,SLC38A2,0.05411539772972287
FOS,SOCS3,0.14759722385646504
FOS,SRGN,0.13059595060323362
FOS,SRP9,-0.07118922511343875
FOS,SRSF2,0.06945986305779575
FOS,SRSF3,0.06025668397876966
FOS,SRSF7,0.12961351963400813
FOS,ST6GAL1,-0.042896717887154545
FOS,STAT3,0.089654689566916
FOS,STMN1,-0.0602383881484571
FOS,STMN3,-0.047627758044201496
FOS,TAGLN2,0.0478090006137043
FOS,TBC1D4,-0.042820956831869594
FOS,TGIF1,0.03752509765085715
FOS,TIMM8B,-0.0480782199065039
FOS,TIMP1,0.044062793661604094
FOS,TIPARP,0.08331783702390175
FOS,TNFAIP3,0.27431179108213966
FOS,TOB1,0.09959428940762745
FOS,TPR,-0.035669451414642506
FOS,TRA2A,0.03759299665025175
FOS,TRAF3IP3,-0.09748487265141413
FOS,TRAPPC1,-0.04744465030613465
FOS,TSPYL2,0.08099953710605425
FOS,TUBA1A,0.16463216226155383
FOS,TUBA1C,0.0436730670527812
FOS,TUBB2A,0.07956575157457857
FOS,TUBB4B,0.10443965838446462
FOS,TXNIP,-0.034109551123193554
FOS,UBB,0.09466528948527125
FOS,UBC,0.12270866370177333
FOS,UBE2S,0.1453443979207347
FOS,UCP2,-0.0888031593825249
FOS,USP36,0.0730974474561546
FOS,VIM,0.051543205105584335
FOS,VPS37B,0.05885878165824156
FOS,WDR1,-0.05250440459435515
FOS,WSB1,0.03402821121858485
FOS,YES1,0.043323757080447695
FOS,YME1L1,0.0753398696501958
FOS,YPEL5,0.19028219183957096
FOS,YWHAZ,0.06616902277380131
FOS,ZBTB1,0.066596689296768
FOS,ZBTB10,0.080685823981323
FOS,ZBTB21,0.044474950490085305
FOS,ZFAND5,0.07402766682786506
FOS,ZNF10,0.0856711241495633
FOS,ZNF331,0.15083018189817668
FOS,ZNF706,-0.0567591809665048
FOS,ZRANB2,-0.052068535134885297
FOSB,ACTB,-0.07914508236213014
FOSB,AFF4,0.03743384649375145
FOSB,ANXA1,0.06491853932288998
FOSB,ARIH1,0.0891793651098485
FOSB,ARL4A,0.10438243248827038
FOSB,ARRDC3,0.0431705264039065
FOSB,ATF4,0.05693354908847803
FOSB,ATF7IP,0.04081743988728635
FOSB,ATP2B1,0.0456735806548385
FOSB,ATP5MC2,-0.053728059522370544
FOSB,BCL7B,0.0378926504713363
FOSB,BCLAF1,0.06331962534590325
FOSB,BHLHE40,0.053907224196751
FOSB,BRD2,0.059055816203240255
FOSB,BTF3,-0.04053999164330935
FOSB,BTG1,0.12683218388354695
FOSB,CCNL1,0.10003727546093548
FOSB,CCNT1,0.055067563679017696
FOSB,CDKN1B,0.04841702800552983
FOSB,CEBPZ,0.0372634595578687
FOSB,CHD1,0.07434585368588133
FOSB,CHD2,0.053822391375133366
FOSB,CHRAC1,0.039114499360983004
FOSB,CREM,0.12832324445417853
FOSB,CSKMT,0.034854710162074365
FOSB,CSRNP1,0.11810076459447685
FOSB,CYTH1,0.04061819676574695
FOSB,DDIT3,0.13267625472244804
FOSB,DDIT4,0.09210378315779726
FOSB,DDX21,0.050051346616864105
FOSB,DDX3X,0.09593383503179963
FOSB,DHX9,0.0373568866708353
FOSB,DNAJB9,0.06692959272029808
FOSB,DNTTIP2,0.03720047251166335
FOSB,DUSP1,0.23056281326749822
FOSB,EEF1A1,-0.07064669786007888
FOSB,EFCAB2,0.050046575885057565
FOSB,EGR1,0.0891618478033574
FOSB,EIF1,0.14564051270663916
FOSB,EIF4A1,0.06664247988672824
FOSB,EIF5A,0.049015347043757845
FOSB,EPC1,0.05165435214606745
FOSB,EPM2AIP1,0.0387655063321173
FOSB,EZR,0.08176746528653353
FOSB,FAM53C,0.05718931700111137
FOSB,FOS,0.2761847009102529
FOSB,FTL,-0.05814684717221625
FOSB,FUS,0.063055588188929
FOSB,G3BP2,0.06223471039175488
FOSB,GABARAPL1,0.06695963191583436
FOSB,GADD45B,0.06929285048602479
FOSB,GPCPD1,0.04709952124678223
FOSB,H1-2,0.058515930206565744
FOSB,H2AC20,0.05034290184612635
FOSB,HEXIM1,0.049854201756819344
FOSB,HNRNPA0,0.09085282886533225
FOSB,HNRNPH3,0.038428463495071494
FOSB,HNRNPL,0.04306208591901605
FOSB,HNRNPUL1,0.05660995508893946
FOSB,HSPA5,0.09812358369746128
FOSB,HSPA9,0.0639197652987348
FOSB,ID1,0.07695488819901031
FOSB,IDI1,0.08487234368491696
FOSB,IER2,0.10614198095988367
FOSB,IER5,0.07705251815236511
FOSB,IRF2BP2,0.0636973642617309
FOSB,JUN,0.24497299592118285
FOSB,JUNB,0.20488043078676063
FOSB,KBTBD2,0.0520528129000995
FOSB,KDM6B,0.08175432961602755
FOSB,KLF10,0.06044922447204115
FOSB,KLF6,0.12444725009812427
FOSB,KMT2E,0.0449764843069859
FOSB,LDHA,0.06275785517986054
FOSB,LMNA,0.10137381404997041
FOSB,MCL1,0.0922178312101357
FOSB,MEPCE,0.03861071550530805
FOSB,MYADM,0.11703171942956092
FOSB,MYL6,-0.04616684959471795
FOSB,NR3C1,0.047570636839285196
FOSB,NR4A1,0.15195219388600345
FOSB,NR4A2,0.18154597692434693
FOSB,ODC1,0.09593510194516107
FOSB,PDE4D,0.06486230836234047
FOSB,PER1,0.11519712984219327
FOSB,PFN1,-0.0608702032525342
FOSB,PHLDA1,0.0679174585834646
FOSB,PNRC1,0.10285986638457996
FOSB,POLR2A,0.06688528291441333
FOSB,PPP1R10,0.04598494841614417
FOSB,PPP1R15A,0.19879830215562488
FOSB,PPP2CA,0.04433873371821305
FOSB,RBM3,0.0511039774110832
FOSB,RBM39,0.05929451079280527
FOSB,RBMX,0.0412489596671789
FOSB,REL,0.08165828065779507
FOSB,RELB,0.0720986047411092
FOSB,RGS2,0.0669760200850497
FOSB,RPL10,-0.09033056123054771
FOSB,RPL12,-0.07862711305341293
FOSB,RPL15,-0.0772346682575365
FOSB,RPL18,-0.07076968531111948
FOSB,RPL19,-0.08313492269969892
FOSB,RPL22L1,0.06592551990295535
FOSB,RPL23A,-0.0857283001380768
FOSB,RPL24,-0.057229220137658465
FOSB,RPL26,-0.10033870180558944
FOSB,RPL3,-0.08266891215433399
FOSB,RPL35,-0.07475513615954084
FOSB,RPL36A,-0.07460235775588452
FOSB,RPL37,-0.06541993930196255
FOSB,RPL38,-0.053077320808978035
FOSB,RPL41,-0.09776353128781742
FOSB,RPL5,-0.07276608941244007
FOSB,RPL6,-0.07534856430159075
FOSB,RPL7A,-0.06232909150593627
FOSB,RPLP1,-0.07593118717765174
FOSB,RPS14,-0.1086404579775148
FOSB,RPS15,-0.08988229947323738
FOSB,RPS16,-0.05555155959972174
FOSB,RPS19,-0.09974805791745052
FOSB,RPS2,-0.08475750380962006
FOSB,RPS23,-0.0840981717995252
FOSB,RPS27A,-0.0958791872167664
FOSB,RPS5,-0.06506653292970915
FOSB,RPS6,-0.08964024759982743
FOSB,RPS8,-0.07531821638799177
FOSB,RPS9,-0.06913464028455477
FOSB,RRP12,0.1036891585790431
FOSB,RSRC2,0.05129768101086583
FOSB,SAT1,0.07122118986354598
FOSB,SIAH2,0.0449586705536865
FOSB,SKIL,0.10183623384087875
FOSB,SLC38A2,0.06098105638146642
FOSB,SLC3A2,0.0403973784543528
FOSB,SPTBN1,0.04020495412077245
FOSB,SRSF2,0.07366609297374527
FOSB,SRSF7,0.11959167800829745
FOSB,SUPT5H,0.03545220778504295
FOSB,SYAP1,0.051855183716763606
FOSB,TAGLN2,0.04380315433833075
FOSB,TIPARP,0.0966861133548759
FOSB,TMSB4X,-0.1029487317112333
FOSB,TNRC6B,0.03912216303822775
FOSB,TOB1,0.07586384200475145
FOSB,TOB2,0.04238854091610495
FOSB,TRA2A,0.0409535716955897
FOSB,TUBA1B,0.037869365251686396
FOSB,TUBA1C,0.041050749183296306
FOSB,UBC,0.09624268207461713
FOSB,USP3,0.045447441435982734
FOSB,WDR74,0.045371811967119896
FOSB,WSB1,0.04515442537034567
FOSB,YME1L1,0.0751688981314814
FOSB,YWHAZ,0.07875646333989333
FOSB,ZBTB1,0.0636365420299151
FOSB,ZFAND5,0.06948077174004642
FOSB,ZFP36,0.17105897903815837
FOSB,ZFP36L1,0.046519486797647946
FOSB,ZFP36L2,0.10785370728492227
FOSL2,AHNAK,0.06297396397175756
FOSL2,ANXA1,0.059138036638616574
FOSL2,ANXA2,0.0434063448284091
FOSL2,ATG2A,0.0458338221571498
FOSL2,AUTS2,0.061369419194569744
FOSL2,B2M,-0.04332312310528675
FOSL2,BHLHE40,0.06901775560731584
FOSL2,BTG2,0.08799519300634485
FOSL2,C12orf57,-0.05625188491828355
FOSL2,CAST,0.04155270153950335
FOSL2,CDKN1A,0.0958355609139406
FOSL2,COX4I1,-0.0427480177628749
FOSL2,COX7C,-0.049421116338230694
FOSL2,CREM,0.0657406100852958
FOSL2,CRIP1,0.0447579229925536
FOSL2,CSRNP1,0.09096195015046703
FOSL2,DDIT4,0.071673194509007
FOSL2,DNAJA1,0.06740645128866544
FOSL2,DUSP1,0.09118352178269244
FOSL2,EEF1A1,-0.057161860837616
FOSL2,EEF1B2,-0.052467986847029906
FOSL2,EEF1D,-0.043296454082529266
FOSL2,EEF1G,-0.040932710762553504
FOSL2,ELL2,0.07693345171829724
FOSL2,ERN1,0.04471876457010843
FOSL2,EZR,0.08475091545515885
FOSL2,FLNA,0.056163510346736
FOSL2,FOS,0.1187408910733179
FOSL2,FOSB,0.11737664384239746
FOSL2,GATA3,0.03748891274240345
FOSL2,HOOK2,0.0765567359652741
FOSL2,ID2,0.046576760228439
FOSL2,IDS,0.0841199555610255
FOSL2,IER5,0.05236019794199615
FOSL2,ITGB1,0.0454529104518003
FOSL2,JUN,0.0486034875609775
FOSL2,JUNB,0.08068474704393885
FOSL2,KLF6,0.06432212327834996
FOSL2,LMNA,0.12121817781129515
FOSL2,LYAR,0.038089875669221875
FOSL2,MYADM,0.09879354969915215
FOSL2,MYBL1,0.03850882393198215
FOSL2,NACA,-0.05833256591302257
FOSL2,NFKBIA,0.07917149091578586
FOSL2,NR4A2,0.11169705551047764
FOSL2,NR4A3,0.11401628159030955
FOSL2,PDE4D,0.0595771568891779
FOSL2,PER1,0.1066135012626582
FOSL2,PFDN5,-0.042505399807428235
FOSL2,PIK3R1,0.05034939172075975
FOSL2,PPP1R15A,0.0854348826783008
FOSL2,PRDM1,0.054599799051714304
FOSL2,PTMA,-0.034494445827291796
FOSL2,RACK1,-0.0511801953529319
FOSL2,RNF125,0.07558726882084679
FOSL2,RORA,0.0510661286794751
FOSL2,RPL10,-0.06303974816467767
FOSL2,RPL10A,-0.046748660585600725
FOSL2,RPL12,-0.06046430341627763
FOSL2,RPL13,-0.06366620178517138
FOSL2,RPL14,-0.04972654938955307
FOSL2,RPL15,-0.04514661756595087
FOSL2,RPL17,-0.0493984473759054
FOSL2,RPL18,-0.0578908410757783
FOSL2,RPL18A,-0.060586690246314745
FOSL2,RPL19,-0.0670425518154259
FOSL2,RPL21,-0.06618626620375825
FOSL2,RPL22,-0.06258968417045102
FOSL2,RPL23A,-0.047049879614928763
FOSL2,RPL24,-0.04315164371287353
FOSL2,RPL26,-0.055608978878693954
FOSL2,RPL28,-0.05482522108674945
FOSL2,RPL29,-0.056140839040895923
FOSL2,RPL3,-0.053262774219495636
FOSL2,RPL30,-0.07221224275501856
FOSL2,RPL31,-0.052541876552843626
FOSL2,RPL34,-0.07548074794956995
FOSL2,RPL35,-0.039146525623804336
FOSL2,RPL36,-0.059576374045782046
FOSL2,RPL36A,-0.0549673581490567
FOSL2,RPL37,-0.060248625581379694
FOSL2,RPL37A,-0.04153191479199873
FOSL2,RPL38,-0.04373453897422223
FOSL2,RPL4,-0.0372146341403523
FOSL2,RPL41,-0.05920450857169018
FOSL2,RPL5,-0.07032501319991037
FOSL2,RPL6,-0.056496139774113927
FOSL2,RPL7,-0.05187710808265047
FOSL2,RPL7A,-0.05166338662368306
FOSL2,RPL8,-0.047775714105352377
FOSL2,RPL9,-0.05280121786293913
FOSL2,RPLP1,-0.047561980092323174
FOSL2,RPLP2,-0.054717564624665926
FOSL2,RPS10,-0.05911688810535565
FOSL2,RPS12,-0.06659368035892645
FOSL2,RPS13,-0.07457475018567333
FOSL2,RPS14,-0.06529163390601855
FOSL2,RPS15,-0.06377986891229717
FOSL2,RPS15A,-0.07339312221460735
FOSL2,RPS16,-0.04666369947191773
FOSL2,RPS18,-0.054011389279638604
FOSL2,RPS19,-0.0486816801944766
FOSL2,RPS2,-0.04739749541308613
FOSL2,RPS20,-0.04748323701783835
FOSL2,RPS21,-0.06281448160112123
FOSL2,RPS23,-0.07056313046138928
FOSL2,RPS24,-0.05365247081099558
FOSL2,RPS25,-0.05726168526722522
FOSL2,RPS26,-0.0357803061854161
FOSL2,RPS27,-0.07656776254951442
FOSL2,RPS27A,-0.06783443234475078
FOSL2,RPS28,-0.07650457679019385
FOSL2,RPS29,-0.057352968659069074
FOSL2,RPS3,-0.05827043340658485
FOSL2,RPS3A,-0.06970288448907362
FOSL2,RPS4X,-0.0554261401807304
FOSL2,RPS5,-0.05932747977636418
FOSL2,RPS6,-0.05534875347910482
FOSL2,RPS7,-0.0554150153489565
FOSL2,RPS8,-0.06959442937315938
FOSL2,RPS9,-0.04528738890901717
FOSL2,S100A10,0.03971016841419015
FOSL2,S100A4,0.05585096168058687
FOSL2,SIK3,0.045542285378556896
FOSL2,SRGN,0.0739044883155786
FOSL2,TAGLN2,0.0484600455951318
FOSL2,TGFB1,0.0542158723507095
FOSL2,TMSB10,-0.06548489808452057
FOSL2,TMSB4X,-0.055704200723366626
FOSL2,TNFAIP3,0.0985115674338687
FOSL2,TOB1,0.0760655484334184
FOSL2,TPT1,-0.04773870739548655
FOSL2,TUBB4B,0.0725207068183054
FOSL2,TXN,0.0351900512736803
FOSL2,TXNIP,-0.059302024311255544
FOSL2,UBA52,-0.0440449723492828
FOSL2,UBE2S,0.08138028859854635
FOSL2,YPEL5,0.1250370122663392
FOSL2,ZFP36,0.1041436669663377
FOSL2,ZFP36L2,0.08017263014692935
FOSL2,ZNF331,0.1067098854671264
FOXJ2,EEF1A1,-0.056074076163249456
FOXJ2,FAU,-0.0584142835140781
FOXJ2,RPL13,-0.05135322424846103
FOXJ2,RPL15,-0.0358376066123022
FOXJ2,RPL18,-0.05662658379852615
FOXJ2,RPL18A,-0.0498052216446871
FOXJ2,RPL19,-0.05119708955543497
FOXJ2,RPL21,-0.0429121131227539
FOXJ2,RPL22,-0.053817924233921205
FOXJ2,RPL23A,-0.03906161583713904
FOXJ2,RPL24,-0.0477200870780713
FOXJ2,RPL26,-0.048072158874769004
FOXJ2,RPL28,-0.06443649920496974
FOXJ2,RPL29,-0.059387310019575396
FOXJ2,RPL32,-0.056886703593364
FOXJ2,RPL34,-0.05795433023576233
FOXJ2,RPL35A,-0.0510416752487875
FOXJ2,RPL36,-0.04629034494143483
FOXJ2,RPL36A,-0.04074809426191285
FOXJ2,RPL37,-0.06096578658042599
FOXJ2,RPL38,-0.038206221683883046
FOXJ2,RPL5,-0.05310937740275945
FOXJ2,RPL9,-0.04481774895590625
FOXJ2,RPLP2,-0.044106190013197134
FOXJ2,RPS12,-0.05245961363814187
FOXJ2,RPS14,-0.053434108252362035
FOXJ2,RPS15,-0.0528490880389699
FOXJ2,RPS18,-0.046056567208188536
FOXJ2,RPS19,-0.04765974186923557
FOXJ2,RPS2,-0.039636328493757
FOXJ2,RPS24,-0.05920759810670895
FOXJ2,RPS25,-0.04797131205013397
FOXJ2,RPS27A,-0.056633790680120304
FOXJ2,RPS29,-0.0372594789180952
FOXJ2,RPS7,-0.05904381882733199
FOXJ2,RPS8,-0.05130577649849377
FOXJ2,RPSA,-0.03945215838783195
FOXJ2,TMSB4X,-0.04699530390962273
FOXJ3,ANKRD44,0.0355183221598374
FOXJ3,ATP5F1E,-0.04356619072307305
FOXJ3,ATP5MC2,-0.044228665300504746
FOXJ3,B2M,-0.10528758928155059
FOXJ3,BCLAF1,0.0322750819351778
FOXJ3,BTF3,-0.04706533507969135
FOXJ3,C12orf57,-0.04281048205913755
FOXJ3,CELF2,0.03191134027160645
FOXJ3,CFL1,-0.03714287879781435
FOXJ3,CHD2,0.03069128618298795
FOXJ3,COX4I1,-0.0503640148715498
FOXJ3,COX7C,-0.0489571549076436
FOXJ3,DOCK10,0.03933956382659425
FOXJ3,EEF1A1,-0.07647597686028673
FOXJ3,EEF1B2,-0.06540978715599854
FOXJ3,EIF1,-0.048494895301819704
FOXJ3,EPB41,0.03803476257474935
FOXJ3,FAU,-0.07629514176282416
FOXJ3,FTL,-0.0495019725714097
FOXJ3,H1-4,0.053067746800568104
FOXJ3,HLA-B,-0.05477483282731495
FOXJ3,JUNB,-0.036598935073592645
FOXJ3,MACF1,0.038048130882714
FOXJ3,MYL12A,-0.04250610282730065
FOXJ3,PTMA,-0.06593457715077593
FOXJ3,RACK1,-0.07289465703354064
FOXJ3,RORA,0.03727469723506045
FOXJ3,RPL10A,-0.056792962941245605
FOXJ3,RPL11,-0.09058268784043914
FOXJ3,RPL12,-0.0785510235199388
FOXJ3,RPL13,-0.08105137115337867
FOXJ3,RPL14,-0.0901225252835015
FOXJ3,RPL15,-0.06541891827725124
FOXJ3,RPL18,-0.07375569547183436
FOXJ3,RPL18A,-0.0824096907802171
FOXJ3,RPL23A,-0.07416314827390941
FOXJ3,RPL24,-0.07797586984304836
FOXJ3,RPL26,-0.07643750170469331
FOXJ3,RPL27A,-0.04893557111383305
FOXJ3,RPL31,-0.0664834089558655
FOXJ3,RPL35,-0.0646671722585379
FOXJ3,RPL35A,-0.08270981689428082
FOXJ3,RPL36,-0.07155671441827717
FOXJ3,RPL37,-0.08277095346077386
FOXJ3,RPL5,-0.0753486641866772
FOXJ3,RPLP2,-0.07100950874627726
FOXJ3,RPS12,-0.08102634046007666
FOXJ3,RPS13,-0.08363452698748036
FOXJ3,RPS14,-0.0901613759072762
FOXJ3,RPS15,-0.08737896342144796
FOXJ3,RPS15A,-0.08814973323634306
FOXJ3,RPS18,-0.0735388428900544
FOXJ3,RPS19,-0.07814395947738763
FOXJ3,RPS20,-0.04560078538828215
FOXJ3,RPS21,-0.06155614298878456
FOXJ3,RPS24,-0.0851902528226874
FOXJ3,RPS27,-0.08387728779005303
FOXJ3,RPS29,-0.06529870604880306
FOXJ3,RPS3A,-0.07672083706184453
FOXJ3,RPS7,-0.07468399195788973
FOXJ3,RPS8,-0.0744425450310272
FOXJ3,RPS9,-0.055385091226971994
FOXJ3,RPSA,-0.0678294477571876
FOXJ3,SLC38A1,0.0342689715525927
FOXJ3,SMCHD1,0.0352303284482489
FOXJ3,SYNE2,0.03797769515475965
FOXJ3,UTRN,0.039349639382878096
FOXK1,FAU,-0.045319129557999195
FOXK1,PFDN5,-0.03519256376520501
FOXK1,PTMA,-0.043553755078416
FOXK1,RPL10A,-0.040864889810959065
FOXK1,RPL12,-0.051219542928840296
FOXK1,RPL14,-0.0515524595564279
FOXK1,RPL15,-0.04382107679418914
FOXK1,RPL17,-0.0526301176487409
FOXK1,RPL18,-0.043898750759020465
FOXK1,RPL18A,-0.05638677103991654
FOXK1,RPL19,-0.05026360605512403
FOXK1,RPL21,-0.056386459345936196
FOXK1,RPL22,-0.0448896076790857
FOXK1,RPL26,-0.0550722968955909
FOXK1,RPL28,-0.0492229584704492
FOXK1,RPL29,-0.04850967140371125
FOXK1,RPL3,-0.04730563880301017
FOXK1,RPL31,-0.0473021041226648
FOXK1,RPL32,-0.06201730398788937
FOXK1,RPL34,-0.0663789269194457
FOXK1,RPL35A,-0.054621939135683036
FOXK1,RPL36,-0.050094690852950874
FOXK1,RPL36A,-0.03665890565848146
FOXK1,RPL37,-0.05155263033493695
FOXK1,RPL37A,-0.04179598410341595
FOXK1,RPL38,-0.0378881545191041
FOXK1,RPL39,-0.056468106585219634
FOXK1,RPL6,-0.0439504963602261
FOXK1,RPL8,-0.0411028423095784
FOXK1,RPL9,-0.042298434885788244
FOXK1,RPS12,-0.05232606672280776
FOXK1,RPS13,-0.05394043098883244
FOXK1,RPS14,-0.06038022455342546
FOXK1,RPS15,-0.06068980526559653
FOXK1,RPS15A,-0.061952697443808026
FOXK1,RPS16,-0.04505685839782815
FOXK1,RPS18,-0.05961578542792193
FOXK1,RPS19,-0.059370260298268605
FOXK1,RPS2,-0.04833358380976057
FOXK1,RPS20,-0.04331261767045115
FOXK1,RPS21,-0.045826989252372954
FOXK1,RPS27,-0.0634424120558115
FOXK1,RPS27A,-0.06369872216604977
FOXK1,RPS28,-0.05865177758291664
FOXK1,RPS29,-0.05892579645702545
FOXK1,RPS3,-0.051994060649380065
FOXK1,RPS3A,-0.04991112224509486
FOXK1,RPS5,-0.03872477646970207
FOXK1,RPS6,-0.051346048257099465
FOXK1,RPS7,-0.0436431684261074
FOXK1,RPS8,-0.05173990509570573
FOXK1,SELENOK,0.03355914588218
FOXK1,SOCS3,0.04098046518721475
FOXK1,TMSB10,-0.05155719680018833
FOXK1,TNFAIP3,0.0570315981269897
FOXK1,UBA52,-0.0408877614009146
FOXK1,YPEL5,0.053408377213975455
FOXK1,ZNF331,0.047047357296368095
FOXK2,B2M,-0.057025048866493
FOXK2,RPL10,-0.05364440648988325
FOXK2,RPL13,-0.04964292672128085
FOXK2,RPL13A,-0.034561561228142
FOXK2,RPL15,-0.037627990285234544
FOXK2,RPL18A,-0.047116291793799406
FOXK2,RPL21,-0.0423307201172345
FOXK2,RPL23A,-0.03916541433956315
FOXK2,RPL26,-0.04495311149948585
FOXK2,RPL3,-0.0415028933289249
FOXK2,RPL31,-0.03365453532907825
FOXK2,RPL32,-0.05266006186904294
FOXK2,RPL34,-0.05383996750923615
FOXK2,RPL35A,-0.0465319865336537
FOXK2,RPL36,-0.0413512716065911
FOXK2,RPL39,-0.048452382595545504
FOXK2,RPL41,-0.0428122718246806
FOXK2,RPL7,-0.0361063179278009
FOXK2,RPLP2,-0.04306223989844605
FOXK2,RPS13,-0.04625446071822605
FOXK2,RPS14,-0.05157386326476495
FOXK2,RPS15,-0.05050338613989905
FOXK2,RPS15A,-0.049613363772198854
FOXK2,RPS18,-0.04772444705753775
FOXK2,RPS19,-0.0470989227028809
FOXK2,RPS2,-0.0422168577191982
FOXK2,RPS23,-0.0460122866797532
FOXK2,RPS25,-0.04503779058137065
FOXK2,RPS27,-0.052044812023586295
FOXK2,RPS27A,-0.053313952146305646
FOXK2,RPS28,-0.048728948554551246
FOXK2,RPS29,-0.03511295312843665
FOXK2,RPS3,-0.0470287065127445
FOXK2,RPS6,-0.04328316742842085
FOXK2,RPS8,-0.04485965202988975
FOXK2,TMSB4X,-0.047174112805408744
FOXO1,AAK1,0.033954757319530196
FOXO1,ACTB,-0.060108813357989566
FOXO1,ACTN1,0.0531850686393783
FOXO1,APBA2,0.0499676031018838
FOXO1,ATM,0.04418863385544853
FOXO1,ATP5F1E,-0.055463144977501655
FOXO1,BACH2,0.07762067271667919
FOXO1,CALM1,-0.044570107754840604
FOXO1,CCR7,0.06896322408364335
FOXO1,CD55,0.05738085089852025
FOXO1,CERS6,0.048535237874874945
FOXO1,CFL1,-0.0665847033179683
FOXO1,CRIP1,-0.09019205423559334
FOXO1,CRTC3,0.0394446512611129
FOXO1,CYBA,-0.0558307207755029
FOXO1,EEF1A1,-0.0658166551158921
FOXO1,EIF1,-0.0467978274830788
FOXO1,ETS1,0.03817324739358505
FOXO1,FAM117B,0.04712536589321535
FOXO1,FAU,-0.06505986311458825
FOXO1,FHIT,0.046103250613302005
FOXO1,FOXP1,0.0728618328101045
FOXO1,FTH1,-0.05174580170466615
FOXO1,FTL,-0.04658866320331735
FOXO1,GAPDH,-0.06368459274452185
FOXO1,GSTK1,-0.056371330198562955
FOXO1,HLA-B,-0.0636883141704777
FOXO1,IGF1R,0.03824033581403985
FOXO1,IL6ST,0.060893153040975
FOXO1,ITGA6,0.03880085703591425
FOXO1,KLF3,0.0360888351164783
FOXO1,LTB,-0.060869026994055345
FOXO1,MBNL1,0.04613848305001123
FOXO1,MLLT3,0.0455375998225033
FOXO1,MYCBP2,0.03132194470985535
FOXO1,MYL12A,-0.06273628374987095
FOXO1,PDE3B,0.06476974712524364
FOXO1,PFDN5,-0.051165789947780996
FOXO1,PFN1,-0.0697903490529338
FOXO1,PNRC1,0.03400906235918905
FOXO1,PTMA,-0.05975761432430765
FOXO1,RAPGEF6,0.050432554355169454
FOXO1,RPL10A,-0.053055547561937
FOXO1,RPL11,-0.07700277158206925
FOXO1,RPL12,-0.07074324531461165
FOXO1,RPL13,-0.07963800804536571
FOXO1,RPL15,-0.0611383115989555
FOXO1,RPL18,-0.05941868887559365
FOXO1,RPL18A,-0.077413612056522
FOXO1,RPL19,-0.0666363760355886
FOXO1,RPL3,-0.0607708945559529
FOXO1,RPL31,-0.05572014928803635
FOXO1,RPL34,-0.09433115966293334
FOXO1,RPL36,-0.07838038525535596
FOXO1,RPL6,-0.06156645168274395
FOXO1,RPL8,-0.05927415650996065
FOXO1,RPLP1,-0.0805455987716471
FOXO1,RPS12,-0.0700482025094466
FOXO1,RPS13,-0.06687147103048835
FOXO1,RPS14,-0.08393861146398285
FOXO1,RPS15,-0.0814603393696075
FOXO1,RPS15A,-0.0802457595189173
FOXO1,RPS18,-0.08795773683567329
FOXO1,RPS19,-0.09092151833355515
FOXO1,RPS2,-0.06853301765168375
FOXO1,RPS20,-0.0370640123863474
FOXO1,RPS27,-0.08758058519075546
FOXO1,RPS27A,-0.0843161075851168
FOXO1,RPS28,-0.08525978348549035
FOXO1,RPS29,-0.07148597319453395
FOXO1,RPS3A,-0.05794751084629145
FOXO1,RPS7,-0.0649227358082672
FOXO1,SERF2,-0.047355943335562097
FOXO1,SH3BGRL3,-0.1029173293308672
FOXO1,SPTBN1,0.03757358962503985
FOXO1,SSH2,0.0431964996720207
FOXO1,STAT3,0.042443041512586654
FOXO1,TCF7,0.04552432710654785
FOXO1,TGFBR2,0.0652163510556633
FOXO1,TMSB10,-0.07790161429836501
FOXO1,TSHZ2,0.048653902527699855
FOXO1,UBC,-0.04691555828195645
FOXO1,UTRN,0.032228916730568
FOXO1,YPEL5,0.039149971258532146
FOXO3,EEF1B2,-0.0442821017980307
FOXO3,RPL26,-0.05768968644705145
FOXO3,RPS24,-0.05450068101191147
FOXO3,RPS6,-0.0518833453128633
FOXO3,RPSA,-0.04287902520319233
FOXP1,AAK1,0.05287023711251635
FOXP1,ABLIM1,0.097545957673549
FOXP1,ACTN1,0.0711665367377594
FOXP1,ACTR3,-0.0572458866208817
FOXP1,ADRM1,-0.0462064200112415
FOXP1,ADTRP,0.05969656735596285
FOXP1,AHNAK,-0.10550083137553601
FOXP1,ALDOA,-0.06412607037345991
FOXP1,ANKRD11,0.03754501875260035
FOXP1,ANKRD55,0.05848126071423035
FOXP1,ANXA2,-0.1427489711374905
FOXP1,ANXA6,-0.06772994129523094
FOXP1,ANXA7,-0.0391179431714982
FOXP1,ARID1B,0.047180345890663
FOXP1,ARIH1,0.04631129036968215
FOXP1,ARL6IP5,-0.0601071763272447
FOXP1,ATP5MK,-0.056599719081321
FOXP1,ATP8A1,0.0509687327135655
FOXP1,AURKAIP1,-0.04318709125266535
FOXP1,BCAP31,-0.05354067140345473
FOXP1,BHLHE40,-0.06854164830990321
FOXP1,BLVRA,-0.045257263728668104
FOXP1,BRAF,0.04154708400002595
FOXP1,BSG,-0.05758640994908561
FOXP1,BTG1,0.0834541491127177
FOXP1,C12orf57,0.0411802727856717
FOXP1,CALM2,-0.04037913629607215
FOXP1,CAMK2D,0.050153292213907796
FOXP1,CAPG,-0.08146155719296329
FOXP1,CAPZB,-0.05064115374141575
FOXP1,CASP4,-0.0508986245591661
FOXP1,CAST,-0.05387024972716973
FOXP1,CCDC107,-0.06819255290552877
FOXP1,CCNI,0.03529613941725817
FOXP1,CCR6,-0.08847476366846675
FOXP1,CCT7,-0.03676949900488505
FOXP1,CD55,0.08177098329097844
FOXP1,CDC42,0.0526968132660205
FOXP1,CDKAL1,0.0449971778679633
FOXP1,CDKN2D,-0.0397551407930799
FOXP1,CEP95,0.04174925314161115
FOXP1,CHD1,0.04996855958482946
FOXP1,CHD2,0.057132140870251306
FOXP1,CISH,-0.062328630510042504
FOXP1,CKLF,-0.06462791319055229
FOXP1,CLDND1,-0.045727688053493
FOXP1,CLIC1,-0.13224976427290083
FOXP1,CMTM3,-0.05465894148500355
FOXP1,CNOT6L,0.0438594284610266
FOXP1,CNST,0.051577786739274295
FOXP1,COPE,-0.05655963613450425
FOXP1,CORO1B,-0.056330610785574727
FOXP1,COX4I1,0.05998104301872789
FOXP1,COX7B,-0.04490894734082135
FOXP1,CSNK2B,-0.03613089701812795
FOXP1,CTNNB1,0.0409722978115882
FOXP1,CTSA,-0.05588813917172733
FOXP1,CYBA,-0.08388311140170565
FOXP1,CYTH1,0.050635812986388605
FOXP1,DAD1,-0.0467496974741407
FOXP1,DBI,-0.051792668732874726
FOXP1,DDX5,0.06009218373673335
FOXP1,DEK,-0.04273730325983205
FOXP1,DGKA,0.03602986181621765
FOXP1,DHRS3,0.04681613351166985
FOXP1,DRAP1,-0.0419805711589219
FOXP1,ECH1,-0.0498229261304023
FOXP1,EEF1B2,0.055257066215976036
FOXP1,EIF3E,0.06299046614940225
FOXP1,EIF4B,0.059225972054235604
FOXP1,ELMO1,0.045346435920831554
FOXP1,ELOB,-0.0583296754230049
FOXP1,ENO1,-0.054868091983902335
FOXP1,EPC2,0.03837548112930385
FOXP1,ETS1,0.078955375575078
FOXP1,FAM153A,0.03929638206003175
FOXP1,FBXO33,0.05296161760545945
FOXP1,FBXW5,-0.06921355090890599
FOXP1,FCMR,0.0746717386823042
FOXP1,FKBP1A,-0.03876415397622385
FOXP1,FKBP5,0.04192544160361444
FOXP1,FOXN3,0.054680514680695264
FOXP1,FRY,-0.0473115602195932
FOXP1,FUS,0.05115707202711347
FOXP1,FYN,0.05505900402706
FOXP1,GALM,-0.0504437535755962
FOXP1,GCC2,0.05418569485440834
FOXP1,GHITM,-0.0426426705693815
FOXP1,GNG5,-0.054181681152924994
FOXP1,GPATCH8,0.0381946611827132
FOXP1,GPR108,-0.04099014002986055
FOXP1,GPR171,-0.04855771112160265
FOXP1,GSDMD,-0.0485701473066639
FOXP1,GSTO1,-0.04223115372792985
FOXP1,GSTP1,-0.0438643357976971
FOXP1,GUK1,-0.0559192408351012
FOXP1,GZMK,-0.06469659438721002
FOXP1,HERC1,0.03848094220608865
FOXP1,HIF1A,0.05433359482451845
FOXP1,HIGD2A,-0.037601157051004655
FOXP1,HIVEP1,0.05547250257995065
FOXP1,HIVEP2,0.04845969074210265
FOXP1,HMGN4,-0.05178439655636235
FOXP1,HNRNPF,-0.0599761679378212
FOXP1,HNRNPH1,0.08123326567969787
FOXP1,HNRNPLL,-0.06052159113742645
FOXP1,HNRNPU,0.045463418382292745
FOXP1,HSP90AA1,-0.0390989921015991
FOXP1,HSPE1,-0.03507411238734025
FOXP1,ICAM2,-0.0580621915235037
FOXP1,IGF1R,0.0660024730302598
FOXP1,IL32,-0.13137253681149746
FOXP1,IL6ST,0.08987999642728867
FOXP1,ILK,-0.05886261133935085
FOXP1,IQGAP2,-0.03883700375701365
FOXP1,ISG20,-0.03984095868773805
FOXP1,ITGA6,0.047025646436072065
FOXP1,ITGB1,-0.09073101908136318
FOXP1,JAK1,0.0379126070254421
FOXP1,JMJD1C,0.06034148397592255
FOXP1,KANSL1,0.03818909571854595
FOXP1,KAT6A,0.051954630411877
FOXP1,KDM7A,0.0435833750709321
FOXP1,KLF6,-0.0812227967430747
FOXP1,KLRG1,-0.0529926624860907
FOXP1,KMT2C,0.03093043694813115
FOXP1,LCP1,-0.06272487951069887
FOXP1,LDHA,-0.061088520695028736
FOXP1,LEPROTL1,0.104656723463931
FOXP1,LMNA,-0.0983922014812085
FOXP1,LMO4,-0.058454347927270466
FOXP1,LMO7,0.0422129390294825
FOXP1,LNPEP,0.04245838236686045
FOXP1,LUC7L3,0.037691292088896704
FOXP1,MAN2A1,0.0550230799134248
FOXP1,MAP1LC3B,-0.036842016799073646
FOXP1,MAP3K2,0.038403031279935995
FOXP1,MAP4K4,0.045353387256581945
FOXP1,MAPK8,0.0412630803612976
FOXP1,MAPKAPK3,-0.04470056893629405
FOXP1,MDH1,-0.039334981384991
FOXP1,MLLT3,0.06618980349634761
FOXP1,MT-ND1,0.04574714183780605
FOXP1,MT-ND4,0.0462020617166363
FOXP1,MVP,-0.042008793892322704
FOXP1,MYCBP2,0.039860673395464764
FOXP1,MYDGF,-0.0502824889213864
FOXP1,MYL12A,-0.0941113903268232
FOXP1,MYLIP,0.034461798749345005
FOXP1,NCF4,-0.0646102422713022
FOXP1,NCOA3,0.0471442711626769
FOXP1,NDUFA13,-0.04442375922906855
FOXP1,NDUFAB1,-0.04404015655884265
FOXP1,NDUFB3,-0.04903013016767405
FOXP1,NDUFB7,-0.05070419978287424
FOXP1,NDUFC2,-0.04985684855611685
FOXP1,NEDD8,-0.046079076842443334
FOXP1,NFKBIZ,0.06413824321564715
FOXP1,NIBAN1,-0.0809681595397338
FOXP1,NLRP1,0.0401806092668119
FOXP1,NME2,-0.07162511381277979
FOXP1,NUCB2,0.06791085570814086
FOXP1,NUTF2,-0.03986399424086835
FOXP1,OAZ1,-0.0563790036834268
FOXP1,OGA,0.0411666621653359
FOXP1,OGT,0.0393890886511342
FOXP1,OPTN,-0.0577558137925549
FOXP1,ORAI1,-0.0637217155316327
FOXP1,ORMDL2,-0.04508104924508255
FOXP1,P4HB,-0.06361722365561634
FOXP1,PABPC1,0.1070344198209113
FOXP1,PACS1,0.080164123474913
FOXP1,PAN3,0.04517030839658575
FOXP1,PBXIP1,-0.0361152089069149
FOXP1,PCSK5,0.06349054234287085
FOXP1,PDCD6,-0.0444231886907229
FOXP1,PDE7A,0.07625236420248374
FOXP1,PDK1,0.05144835049190635
FOXP1,PEBP1,-0.0345495424798372
FOXP1,PELI1,0.07239200041480405
FOXP1,PERP,-0.05672826869709435
FOXP1,PGK1,-0.0530276726897817
FOXP1,PHB1,-0.03954360058683825
FOXP1,PHF3,0.048802762519793035
FOXP1,PIK3CA,0.03966268280365915
FOXP1,PIK3IP1,0.08362607889047008
FOXP1,PKM,-0.0628581444354857
FOXP1,PMVK,-0.04466181282558605
FOXP1,PNN,0.0427694906235637
FOXP1,PNRC1,0.07067365397216897
FOXP1,PPIB,-0.0829496197942282
FOXP1,PPM1G,-0.0465241255822153
FOXP1,PRDM1,-0.07895863368890566
FOXP1,PRDX1,-0.07330965967508417
FOXP1,PRDX2,-0.040378207892701995
FOXP1,PRKCH,0.057090452180166354
FOXP1,PRMT2,0.04931483515252443
FOXP1,PRR13,-0.0427361925453884
FOXP1,PRRC2C,0.0585144568069701
FOXP1,PSMA6,-0.0465393309672156
FOXP1,PSMB2,-0.047661333965328054
FOXP1,PSMB6,-0.0474298072990108
FOXP1,PSMB8,-0.0460340965122112
FOXP1,PSMB9,-0.06756531771826714
FOXP1,PSMC5,-0.050370940178667944
FOXP1,PSMD4,-0.038463781054534754
FOXP1,PSMD8,-0.05621611319554865
FOXP1,PSMD9,-0.042284220979906
FOXP1,PSME1,-0.07726557085538706
FOXP1,PSME2,-0.0704865235572119
FOXP1,PTPN6,-0.0411208877614901
FOXP1,PUM1,0.036788935496652
FOXP1,PUM2,0.0440984868552428
FOXP1,RAB5C,-0.03691339038816565
FOXP1,RAB5IF,-0.05319121133614905
FOXP1,RABAC1,-0.05352153264698347
FOXP1,RALGAPA1,0.0406006632765106
FOXP1,RANBP2,0.048078166634112796
FOXP1,RB1CC1,0.03739161189534245
FOXP1,RBL2,0.03910944687750067
FOXP1,RBM26,0.03902488138302517
FOXP1,RBM39,0.0571606348628809
FOXP1,RBX1,-0.04891322407998925
FOXP1,RERE,0.045793572847020445
FOXP1,RETREG1,0.053381249680781
FOXP1,RGS14,-0.05720711961204834
FOXP1,RHEB,-0.043308067720940396
FOXP1,RHOC,-0.05291356629568924
FOXP1,RHOH,0.0718843743749491
FOXP1,RICTOR,0.04477701288835164
FOXP1,RLF,0.03900622182925775
FOXP1,RNF125,0.04572440103943825
FOXP1,RNF167,-0.047490776811799154
FOXP1,RPL22,0.08081768411967849
FOXP1,RPL23,0.0825869882339414
FOXP1,RPL38,0.07175327883189264
FOXP1,RPL4,0.07371005605285
FOXP1,RPN2,-0.04404699688458755
FOXP1,RPS11,0.0582455657755093
FOXP1,RPS20,0.07530754487234465
FOXP1,RPS27L,-0.0347564064215814
FOXP1,RPS3A,0.10241786049143735
FOXP1,RPTOR,0.035543854997779054
FOXP1,SAMHD1,0.03872417503946663
FOXP1,SATB1,0.0828746624710415
FOXP1,SCML1,0.0600029932324858
FOXP1,SCP2,-0.044428081041151854
FOXP1,SECISBP2,0.0411130670256043
FOXP1,SEM1,-0.04308140112168035
FOXP1,SEPTIN11,-0.050841150268217
FOXP1,SERF2,-0.0573468501934278
FOXP1,SET,0.05850054767972185
FOXP1,SF3B5,-0.036243136159718956
FOXP1,SFI1,0.04159237141982925
FOXP1,SLC12A6,0.06412479601359106
FOXP1,SLC7A6,0.0406125662610438
FOXP1,SMARCA2,0.043916609411227644
FOXP1,SND1,-0.035747322796062644
FOXP1,SNRPG,-0.0396209267051269
FOXP1,SNX17,-0.034790202887715
FOXP1,SPTBN1,0.0592487681630461
FOXP1,SQOR,-0.0550295749494916
FOXP1,SRI,-0.0592525216221073
FOXP1,SRSF11,0.03730897768346295
FOXP1,SRSF6,0.0297955532993235
FOXP1,SSNA1,-0.0446190299509891
FOXP1,STAT3,0.0701557230008672
FOXP1,STK17B,0.05494289202832177
FOXP1,STK4,0.05580301575670415
FOXP1,STOM,-0.06758699917917986
FOXP1,TAGLN2,-0.09029236588918027
FOXP1,TBC1D15,0.0408556748606745
FOXP1,TBC1D4,0.03824401523692033
FOXP1,TBCB,-0.06867259208871197
FOXP1,TBL1X,0.050040260516134
FOXP1,TCF7,0.08548379714612797
FOXP1,TCP11L2,0.05529822670763469
FOXP1,TGFBR2,0.0961046304725245
FOXP1,TMBIM1,-0.0541413919845397
FOXP1,TMBIM6,-0.0492353290066258
FOXP1,TMEM123,0.035893632916122
FOXP1,TMEM160,-0.03663131859400015
FOXP1,TMEM35B,-0.05971683935616575
FOXP1,TMEM59,-0.0359663349007552
FOXP1,TNIP1,-0.0392618625725742
FOXP1,TNRC6B,0.06524046427757453
FOXP1,TOMM20,0.0333111024704734
FOXP1,TOMM5,-0.04566167048140545
FOXP1,TPM3,-0.054990545245165
FOXP1,TPM4,-0.054207703846993104
FOXP1,TPP2,0.04688095495644525
FOXP1,TRADD,-0.09635735308144673
FOXP1,TSHZ2,0.07535572782858013
FOXP1,TSPYL1,0.046327389989026364
FOXP1,TTN,0.07085350257613343
FOXP1,TUBB4B,-0.03887378047006555
FOXP1,TUFM,-0.038471881917674006
FOXP1,TUT4,0.043390292216934696
FOXP1,TWF2,-0.06227263867407635
FOXP1,TXK,0.0758902645769101
FOXP1,TXN,-0.09150053989685959
FOXP1,TYMP,-0.0567493986068502
FOXP1,UBB,-0.04545766098295523
FOXP1,UBC,-0.06151191466227993
FOXP1,UBE2L3,-0.038372560663052
FOXP1,UFC1,-0.03414835693562385
FOXP1,USP15,0.0641048356390191
FOXP1,USP3,0.05241785556009687
FOXP1,WAS,-0.0413064843780946
FOXP1,WDR83OS,-0.050617941215327894
FOXP1,WDR86,-0.053501009848092904
FOXP1,YPEL5,0.0765201007343253
FOXP1,YTHDC1,0.0367434740893072
FOXP1,YWHAB,-0.05569198971829583
FOXP1,YWHAQ,-0.0747891877126687
FOXP1,ZBTB20,0.07886827484536679
FOXP1,ZEB1,0.05152927028467995
FOXP1,ZNF292,0.0422154330169721
GABPA,B2M,-0.073768765744133
GABPA,EEF1A1,-0.0518480587708601
GABPA,EIF1,-0.04795955601922275
GABPA,FAU,-0.05397655272616627
GABPA,FTH1,-0.03769182661105817
GABPA,FTL,-0.03522332668957135
GABPA,MT-CO1,-0.03694560192999375
GABPA,MT-CO2,-0.04068728481455885
GABPA,MT-CO3,-0.037710219572642
GABPA,NACA,-0.0490626312548392
GABPA,PFDN5,-0.038712757322044
GABPA,PTMA,-0.04941772505126237
GABPA,RACK1,-0.042086745348579896
GABPA,RPL10,-0.06688192605574053
GABPA,RPL10A,-0.04307372353407337
GABPA,RPL11,-0.0638346679587467
GABPA,RPL12,-0.0577111650186852
GABPA,RPL13,-0.06240126658526807
GABPA,RPL13A,-0.04810477817522485
GABPA,RPL14,-0.06214479655215595
GABPA,RPL15,-0.04447063889725117
GABPA,RPL17,-0.0478456406107942
GABPA,RPL18,-0.0513537993816624
GABPA,RPL18A,-0.06130329077959693
GABPA,RPL19,-0.057177482459391804
GABPA,RPL21,-0.0555607504679701
GABPA,RPL22,-0.0552673448762267
GABPA,RPL23A,-0.05050442120823113
GABPA,RPL24,-0.05265098665971015
GABPA,RPL26,-0.05794577642052063
GABPA,RPL28,-0.06003607218214013
GABPA,RPL29,-0.05040092500521437
GABPA,RPL3,-0.047576704106849
GABPA,RPL30,-0.06062954676212417
GABPA,RPL31,-0.048791557937413854
GABPA,RPL32,-0.06769473984391704
GABPA,RPL34,-0.06968214184984053
GABPA,RPL35,-0.043891304381901565
GABPA,RPL35A,-0.05969313838408963
GABPA,RPL36,-0.05821641699738637
GABPA,RPL36A,-0.04264061715026895
GABPA,RPL37,-0.0654966116281239
GABPA,RPL37A,-0.04606343067358175
GABPA,RPL39,-0.06399630359708454
GABPA,RPL41,-0.06304084026430157
GABPA,RPL5,-0.051078071082264295
GABPA,RPL6,-0.047204163355835105
GABPA,RPL7A,-0.05571428322725115
GABPA,RPL8,-0.04889377056204993
GABPA,RPL9,-0.04222703280498891
GABPA,RPLP0,-0.04047767524253115
GABPA,RPLP1,-0.05577008370669387
GABPA,RPLP2,-0.0561714432006741
GABPA,RPS12,-0.058591456543210296
GABPA,RPS13,-0.05899396422304007
GABPA,RPS14,-0.0646611939653101
GABPA,RPS15,-0.0641923370630315
GABPA,RPS15A,-0.06414927644172173
GABPA,RPS16,-0.04723850024190545
GABPA,RPS18,-0.060839116723194
GABPA,RPS19,-0.0619147994517687
GABPA,RPS2,-0.05099442218453887
GABPA,RPS21,-0.059918485740643346
GABPA,RPS23,-0.0587110757730517
GABPA,RPS24,-0.0591597782646201
GABPA,RPS25,-0.0578062294665389
GABPA,RPS27,-0.06671216064420114
GABPA,RPS27A,-0.06565497525822916
GABPA,RPS28,-0.06393012639646954
GABPA,RPS29,-0.04950847447969347
GABPA,RPS3,-0.05672671594323397
GABPA,RPS3A,-0.05253340912283657
GABPA,RPS4X,-0.054890451359100735
GABPA,RPS5,-0.0421033389858973
GABPA,RPS6,-0.04993607185922324
GABPA,RPS7,-0.05182342773994653
GABPA,RPS8,-0.055777684622522465
GABPA,RPS9,-0.041178240879582
GABPA,TMSB10,-0.05788000880642733
GABPA,TPT1,-0.05643480071641925
GABPA,UBA52,-0.043380751293186345
GATA3,ABLIM1,-0.09013566516559655
GATA3,ACOT9,0.041984708302770464
GATA3,ACTG1,0.0436152378856451
GATA3,ACTN1,-0.08422421705702415
GATA3,ACTN4,0.0906016627541456
GATA3,ACTR2,0.032785989886656194
GATA3,ACTR3,0.03625050952910575
GATA3,ADAR,0.030982476358972798
GATA3,ADGRE5,0.05081486803368038
GATA3,ADRM1,0.0377038865526354
GATA3,ADSS2,0.02999225653528325
GATA3,ADTRP,-0.05467230138829543
GATA3,AHNAK,0.1348866564389375
GATA3,AHR,0.06823363214087899
GATA3,AIF1,-0.06859540220679207
GATA3,AK5,-0.0594808314876205
GATA3,AKAP13,0.044230568346760625
GATA3,ALOX5AP,0.0824633360965175
GATA3,ANAPC11,0.0351892282939546
GATA3,ANKRD13A,0.04147320500330234
GATA3,ANKRD13D,0.036667220169549
GATA3,ANKRD28,0.050502266985102004
GATA3,ANP32E,0.03436012002150545
GATA3,ANTXR2,0.051394400320084
GATA3,ANXA1,0.16464576122420665
GATA3,ANXA2,0.12931257248925226
GATA3,ANXA6,0.058900497275480974
GATA3,AP3S1,0.040274292906506276
GATA3,APH1A,0.03668564599969075
GATA3,ARF5,0.0406603280527693
GATA3,ARHGDIA,0.055955258404891475
GATA3,ARID4B,0.037112536168865534
GATA3,ARID5B,0.052748251499776896
GATA3,ARL4A,0.0453436032520319
GATA3,ARL6IP5,0.05107411816350482
GATA3,ARPC1B,0.07636426072253505
GATA3,ARPC2,0.05047928734568623
GATA3,ARPC4,0.040453133120612245
GATA3,ARPC5,0.03399369600132975
GATA3,ARPC5L,0.040203344826398146
GATA3,ATG2A,0.0495516316347127
GATA3,ATP1B3,0.03999072558804935
GATA3,ATP2B1,0.07375542110542391
GATA3,ATP2B4,0.054380714618711995
GATA3,ATP5F1B,0.0505225622505177
GATA3,ATP5F1C,0.0385033397339005
GATA3,ATP5MC2,-0.04933283860249815
GATA3,ATP5PB,0.03890660577431925
GATA3,ATP6V0E1,0.043114453344845795
GATA3,ATP6V1E1,0.03405395249556495
GATA3,ATP6V1F,0.0366817214132305
GATA3,AUP1,0.03413151594011455
GATA3,AURKAIP1,0.036563056107633704
GATA3,AUTS2,0.078741753483675
GATA3,B2M,-0.07404755595321323
GATA3,BATF,0.044463523688501025
GATA3,BCL11B,-0.06483793141951685
GATA3,BCLAF1,0.029957262687031798
GATA3,BHLHE40,0.07383141196272835
GATA3,BIRC3,0.043836534127951576
GATA3,BLVRA,0.03685007723366117
GATA3,BRD2,0.0352124004599927
GATA3,BRK1,0.04129068124458935
GATA3,BSG,0.04238587116007845
GATA3,BTF3,-0.05036756760777403
GATA3,BTG1,-0.0610877998083625
GATA3,BTG2,0.035526987336558805
GATA3,BUD31,0.03851975429813085
GATA3,BZW1,0.03512328340416545
GATA3,C12orf57,-0.0923191430694783
GATA3,C12orf75,0.07128005491651647
GATA3,C17orf49,0.041492526113516136
GATA3,C1orf162,0.0402267792013635
GATA3,CALHM2,0.0728896380037823
GATA3,CALM1,0.04091449130889213
GATA3,CALM2,0.03955239931164775
GATA3,CALR,0.0435235641689303
GATA3,CANX,0.05320318547865985
GATA3,CAP1,0.0391175517957639
GATA3,CAPG,0.09630643887505838
GATA3,CAPN1,0.04280820904251125
GATA3,CAPN12,0.04297356713948425
GATA3,CAPN2,0.07445380290803363
GATA3,CAPNS1,0.04931619111861087
GATA3,CAPZA2,0.0304975639684992
GATA3,CAPZB,0.04417078578677475
GATA3,CASP4,0.04496697319212417
GATA3,CAST,0.07154833200940337
GATA3,CBLL1,0.03171113465283597
GATA3,CCDC107,0.052093719869295604
GATA3,CCR7,-0.0833081262544174
GATA3,CCSAP,0.03672444303017515
GATA3,CCT6A,0.03684596715092275
GATA3,CD151,0.045480988964719436
GATA3,CD164,0.03000237465731305
GATA3,CD200R1,0.0645786076292844
GATA3,CD226,0.050637058417748654
GATA3,CD27,-0.0600434497133709
GATA3,CD44,0.03646398672687327
GATA3,CD58,0.07180607455912955
GATA3,CD63,0.07069593919662635
GATA3,CD82,0.0863849433979759
GATA3,CD8A,0.0798795697014491
GATA3,CD96,0.03512910561814715
GATA3,CDC14A,0.0526953551332134
GATA3,CDC25B,0.037645242625422
GATA3,CDC42EP3,0.05607279703540202
GATA3,CDK2AP2,0.05707859395966255
GATA3,CDKN1A,0.05624728212651495
GATA3,CEBPZ,0.0303006045076419
GATA3,CFL1,0.04511432159898773
GATA3,CFLAR,0.048705709436957276
GATA3,CHMP2A,0.04145734200126242
GATA3,CHMP4A,0.033513074912486646
GATA3,CHST11,0.06260298987029339
GATA3,CIB1,0.04005761228062525
GATA3,CIRBP,-0.04506145216517756
GATA3,CITED2,0.030970374373095903
GATA3,CLDND1,0.04820157749947545
GATA3,CLIC1,0.11180498171378855
GATA3,CLU,0.037684994594810395
GATA3,CMC2,0.0416196271876789
GATA3,CNN2,0.0334416965895395
GATA3,COMMD6,-0.04564862016024215
GATA3,COPE,0.04438459909224497
GATA3,COPZ1,0.0349492102105034
GATA3,COQ10B,0.0336198740984359
GATA3,CORO7,0.0429312213867503
GATA3,COTL1,0.09397866527377388
GATA3,COX14,0.0353475805410315
GATA3,COX17,0.0395312679599954
GATA3,COX4I1,-0.08366113448174638
GATA3,COX5A,0.04289453673871903
GATA3,COX7B,0.038663358997269553
GATA3,COX7C,-0.0534259318546211
GATA3,CRBN,0.0340380011788211
GATA3,CREB3L2,0.042572700929457696
GATA3,CREM,0.03707280705898095
GATA3,CRIP1,0.12797104554759275
GATA3,CRIP2,0.0589675899822309
GATA3,CRYBG1,0.03555198496241207
GATA3,CSK,0.03538486329700055
GATA3,CSRNP1,0.04853651612030153
GATA3,CTSA,0.06044208661271413
GATA3,CTSB,0.0380537106173855
GATA3,CTSC,0.04942220525360488
GATA3,CTSH,0.0432154079034015
GATA3,CYB561,0.06431041509220824
GATA3,CYB5B,0.03032344251042595
GATA3,CYCS,0.040504741967695754
GATA3,DBI,0.046236480664782864
GATA3,DCTN2,0.03576025211137665
GATA3,DDIT4,0.05341489505063675
GATA3,DDX3X,0.031525059944868705
GATA3,DDX5,-0.05199151393629133
GATA3,DEK,0.04541662646656493
GATA3,DERL1,0.0359281207687007
GATA3,DGKZ,0.030629120825581148
GATA3,DHRS7,0.059116223080753774
GATA3,DIAPH1,0.04637184409091815
GATA3,DNAJA1,0.04722862081200783
GATA3,DNAJB9,0.04202257152993174
GATA3,DNAJC7,0.028820225350342
GATA3,DSTN,0.06214462408341452
GATA3,DTD1,0.03809057904614415
GATA3,DUSP1,0.06249072976528963
GATA3,DUSP5,0.0445936727059555
GATA3,DUT,0.03413517680809925
GATA3,DYNLL1,0.059868501356774774
GATA3,DYNLRB1,0.04922930377685303
GATA3,EBP,0.03562358312575515
GATA3,EEF1A1,-0.1251469379980582
GATA3,EEF1D,-0.07572806581836515
GATA3,EHD1,0.0388751549568597
GATA3,EHD4,0.05110887155232832
GATA3,EIF1,-0.0478149408447027
GATA3,EIF2AK2,0.02990394301322785
GATA3,EIF3E,-0.07011836089537235
GATA3,EIF3H,-0.05113786087012405
GATA3,EIF3J,0.033519135908223904
GATA3,EIF5,0.03423955286464745
GATA3,ELOVL5,0.04862693065354245
GATA3,EMC7,0.040909049358117865
GATA3,EMP3,0.08611214590220398
GATA3,ENO1,0.0431642003164367
GATA3,EPC1,0.03088755878833875
GATA3,EPHA4,0.05622226647311275
GATA3,EPS15,0.037116231446362946
GATA3,ERH,0.04412275400916285
GATA3,ERN1,0.09628324902902563
GATA3,ERO1A,0.03301152095240197
GATA3,ETF1,0.031717004742861155
GATA3,ETFB,0.03761971716782075
GATA3,FAM107B,0.046718384458925066
GATA3,FAM174C,0.03147707225996155
GATA3,FAM50A,0.0380653095668763
GATA3,FBXW5,0.0434388281131981
GATA3,FBXW7,0.0358939205026782
GATA3,FDX1,0.036972659207992246
GATA3,FKBP1A,0.0374718598750803
GATA3,FKBP2,0.0409302454875698
GATA3,FLI1,0.03960337785519667
GATA3,FOSL2,0.03748891274240345
GATA3,FOXP1,-0.07056135482005184
GATA3,FRMD4B,0.0394751027883284
GATA3,FRY,0.0835184865271854
GATA3,FTL,-0.05945205498852392
GATA3,FXYD5,0.0650536045206695
GATA3,FYN,0.03225840758265675
GATA3,GAB2,0.0487134324651819
GATA3,GADD45B,0.04606277998472165
GATA3,GADD45G,0.0458892696681808
GATA3,GALM,0.050689756246422246
GATA3,GALT,0.04461390580068357
GATA3,GAPDH,0.0658957410847324
GATA3,GBP2,0.036903894110985755
GATA3,GCNT1,0.060635582437965005
GATA3,GDI2,0.03652593499051465
GATA3,GET3,0.0464456582094355
GATA3,GGA1,0.030552151759840048
GATA3,GHITM,0.0432248121378285
GATA3,GLOD4,0.03544572024145415
GATA3,GLUL,0.041920299951977304
GATA3,GNA13,0.037307149955391444
GATA3,GNAI2,0.03973788214577937
GATA3,GNAQ,0.042933226862714675
GATA3,GNB1,0.035873980212176096
GATA3,GNB2,0.0410642077098837
GATA3,GNG2,0.03629860543363456
GATA3,GPR108,0.04347809029214485
GATA3,GPR183,0.0544761839771366
GATA3,GPRIN3,0.04203410149839645
GATA3,GRB2,0.0318170114905192
GATA3,GSPT1,0.03332839333337495
GATA3,GSTK1,0.07536690494998155
GATA3,GTDC1,0.04309908876421765
GATA3,GYG1,0.029997052526832803
GATA3,H1-2,0.0317110750231959
GATA3,H2AC20,0.033093489924001
GATA3,HADHB,0.03132934125186615
GATA3,HEBP2,0.03349320798350695
GATA3,HELZ,0.0296000955387919
GATA3,HERPUD2,0.032345615524115454
GATA3,HK1,0.03757257639768897
GATA3,HLA-A,0.04802978439608677
GATA3,HM13,0.04425249956477902
GATA3,HMGN4,0.04337142676064757
GATA3,HMOX2,0.03500269785865945
GATA3,HNRNPA1,-0.04972815580824755
GATA3,HNRNPD,0.0318550275486637
GATA3,HNRNPDL,-0.053134338509368245
GATA3,HNRNPF,0.0396983318284479
GATA3,HNRNPLL,0.06956785401372974
GATA3,HNRNPUL1,0.0380839457628279
GATA3,HOPX,0.0812299397983344
GATA3,HPRT1,0.03502644741464235
GATA3,HSP90AA1,0.04411802712163484
GATA3,HSP90B1,0.0485452057628327
GATA3,HSPA1A,0.0545858578148906
GATA3,HSPA5,0.05845783206819592
GATA3,HSPA9,0.0364280182476875
GATA3,HSPE1,0.03470189171930145
GATA3,ID2,0.04371028741852077
GATA3,IDS,0.06414358482309047
GATA3,IER2,0.0462182748800866
GATA3,IER5,0.04500534187325277
GATA3,IFI16,0.042649980613886675
GATA3,IFRD1,0.04045599662609645
GATA3,IGBP1,0.03259068273526875
GATA3,IL7R,0.05042430120574067
GATA3,INPP4B,0.041557611509297196
GATA3,IQGAP2,0.056796762465202426
GATA3,IRF1,0.04314677394533484
GATA3,IRF2BP2,0.03940896211920285
GATA3,ISG15,0.0417392958076758
GATA3,ITGB1,0.1620967494821831
GATA3,ITGB2,0.043375113475333196
GATA3,ITSN2,0.0311568574877234
GATA3,JAZF1,0.046100298057572806
GATA3,JPT1,0.06409859558811452
GATA3,JUNB,-0.047233484093271605
GATA3,JUND,0.03659003350570155
GATA3,KATNAL1,0.0407787931696629
GATA3,KDELR2,0.033698956735820004
GATA3,KDSR,0.035412700293584246
GATA3,KIF5C,0.0500537676500594
GATA3,KLF10,0.047498089174938606
GATA3,KLF12,0.03240255102855165
GATA3,KLF6,0.12207677914291508
GATA3,KMT2E,0.0336418563999198
GATA3,LAMTOR5,0.03836173728965255
GATA3,LAPTM4A,0.04047589473607217
GATA3,LBH,-0.0677753476237647
GATA3,LCP1,0.0698733528916546
GATA3,LDHA,0.0613346779078836
GATA3,LMAN1,0.0361223453599034
GATA3,LMAN2,0.0395267239147211
GATA3,LMNA,0.12995615699403298
GATA3,LPAR6,0.04735007650293857
GATA3,LPP,0.04347045839525475
GATA3,LPXN,0.038012438303117235
GATA3,LRP10,0.03782971621516695
GATA3,LRRFIP1,0.06068566074542898
GATA3,LRRN3,-0.05800713276690705
GATA3,LSR,0.04449256341194615
GATA3,LY6E,0.0432483824440313
GATA3,MACF1,0.04418934893449442
GATA3,MAF,0.05076656038801493
GATA3,MAML2,-0.06384290302783956
GATA3,MANF,0.039392162888698
GATA3,MAP1LC3B,0.0407359276455058
GATA3,MAP2K1,0.0315175446863576
GATA3,MAP4,0.05395806454973798
GATA3,MAP4K1,0.04297030033408641
GATA3,MAPK1IP1L,0.03500705197330085
GATA3,MBNL1,-0.06687963340568374
GATA3,MBNL2,0.046904098993246254
GATA3,MBP,0.04610877887308035
GATA3,MCL1,0.04542349380920746
GATA3,MDH2,0.03452620141084565
GATA3,MED15,0.037123799494123096
GATA3,METTL9,0.04043681452916235
GATA3,MGAT2,0.04202100003123643
GATA3,MGST3,0.05248779420877825
GATA3,MINK1,0.04022398028831505
GATA3,MIS18BP1,0.03638482514844948
GATA3,MOB1A,0.0341375739391994
GATA3,MOSPD3,0.037932050904514944
GATA3,MPRIP,0.03764364213751732
GATA3,MRPL51,0.0376270268232712
GATA3,MSN,0.04609735408051782
GATA3,MT2A,0.039606741992359897
GATA3,MTSS1,0.04353864988414555
GATA3,MYADM,0.0539771629363752
GATA3,MYH9,0.04505293029795182
GATA3,MYL12B,0.05505685079036443
GATA3,MYL6,0.0572275591418853
GATA3,NACA,-0.101722898943784
GATA3,NCALD,0.04050429346999
GATA3,NCOA7,0.05251108914729838
GATA3,NCOR1,0.0346615924094265
GATA3,NDFIP1,-0.0777051828080092
GATA3,NDRG1,0.036489363520653045
GATA3,NDUFB10,0.042255103789279755
GATA3,NDUFB7,0.0394484575178198
GATA3,NDUFC2,0.0422531254585739
GATA3,NDUFS6,0.0405831949102787
GATA3,NDUFV2,0.03540159692780985
GATA3,NEDD8,0.0341992389882778
GATA3,NEK6,0.0657023763692827
GATA3,NFATC2,0.04672464505590617
GATA3,NFKBIA,0.0492894459864711
GATA3,NIBAN1,0.12318226556199804
GATA3,NOP53,-0.058786144574757206
GATA3,NOSIP,-0.0598562674064205
GATA3,NPM1,-0.07593319265639967
GATA3,NR3C1,0.06517746609714578
GATA3,NR4A2,0.0509271011051701
GATA3,NSD3,0.03448761590108565
GATA3,NSG1,0.040437640645281
GATA3,NUCB2,-0.0799647362079524
GATA3,OGDH,0.06169146647279655
GATA3,OPTN,0.06805032984730255
GATA3,OSBPL3,0.049429054245600054
GATA3,OSBPL8,0.035418725556109434
GATA3,OSTC,0.0398393554159027
GATA3,OXNAD1,-0.0731913701450739
GATA3,P4HB,0.07110089878758757
GATA3,PABPC1,-0.09016563548775891
GATA3,PAFAH1B1,0.03210552578360535
GATA3,PARK7,0.0376442015898138
GATA3,PAXX,0.04119728524589938
GATA3,PCMT1,0.036487256397335396
GATA3,PCNX1,0.048521293495628295
GATA3,PDCD10,0.03552199201097775
GATA3,PDCD4,0.03457817632433975
GATA3,PDE4D,0.03728820107553907
GATA3,PDIA6,0.07023595874466179
GATA3,PERP,0.04783520797023227
GATA3,PFKP,0.0428738321084714
GATA3,PFN1,0.05277176733502407
GATA3,PGAM1,0.05152467496095968
GATA3,PGK1,0.046883214116361246
GATA3,PHB2,0.0378701551617429
GATA3,PHLDA1,0.06860174251591254
GATA3,PHPT1,0.03990386852250245
GATA3,PHTF2,0.04904314222494448
GATA3,PI16,0.0948832587419247
GATA3,PIK3IP1,-0.0875882414263973
GATA3,PIK3R1,0.0525097034028417
GATA3,PIP4K2A,0.03720739621255225
GATA3,PKM,0.04689044913156997
GATA3,PLAC8,-0.060072354501054304
GATA3,PLEKHA5,0.05087674584125225
GATA3,PLEKHG3,0.07836967069336656
GATA3,PLEKHO1,0.03951918579811625
GATA3,PMVK,0.0358560187105339
GATA3,PNRC1,-0.07656118699725756
GATA3,POLR2K,0.036677409594202
GATA3,POMP,0.04010923795854685
GATA3,PPHLN1,0.03235304858275895
GATA3,PPIB,0.06992084585127155
GATA3,PPP1CC,0.03210698300365525
GATA3,PPP1R12A,0.04095564408869037
GATA3,PPP1R15A,0.07106382105366314
GATA3,PPP1R7,0.039514619161946804
GATA3,PPP1R9B,0.04583586757110653
GATA3,PPP2R5C,0.05560642316067835
GATA3,PPP4C,0.041091165593568596
GATA3,PRDM1,0.09042282805114757
GATA3,PRDX1,0.06161106309436243
GATA3,PRDX2,0.0337512048379637
GATA3,PRDX5,0.0343650062111461
GATA3,PRELID1,0.0398585434633502
GATA3,PREX1,0.052906445425980525
GATA3,PRMT2,-0.06737911229309175
GATA3,PRNP,0.06348080115491855
GATA3,PRR13,0.03390656229831275
GATA3,PSMA3,0.03718275244360265
GATA3,PSMB10,0.04100805456178365
GATA3,PSMB2,0.04156204685647427
GATA3,PSMB6,0.03901292903894215
GATA3,PSMB9,0.060428637649365374
GATA3,PSMC5,0.042175147067492896
GATA3,PSMD8,0.041838591552444904
GATA3,PSME2,0.04812130558894213
GATA3,PTGES3,0.0330731161099445
GATA3,PTMA,-0.0895014992774856
GATA3,PTPN2,0.03049786929695935
GATA3,RAB11A,0.036241869318091
GATA3,RAB27A,0.037456891239701064
GATA3,RAB2A,0.03421647441722775
GATA3,RAB5C,0.039235555571554746
GATA3,RAB5IF,0.03885894886855192
GATA3,RAB7A,0.03767345286776315
GATA3,RABAC1,0.04430066439496502
GATA3,RABGAP1L,0.0370200544380446
GATA3,RACK1,-0.082957137288168
GATA3,RALGDS,0.04593867995736573
GATA3,RALY,0.03746982414573905
GATA3,RAN,0.0406975210386175
GATA3,RAP2B,0.03516954328655533
GATA3,RARA,0.0525886436583784
GATA3,RECQL,0.0381142850035627
GATA3,REL,0.037708147828011206
GATA3,RER1,0.0392803232268321
GATA3,RESF1,0.03358306162758525
GATA3,RHBDD2,0.038531962434374574
GATA3,RHOC,0.0447956525172153
GATA3,RHOG,0.04779549326047006
GATA3,RNASEK,0.0391399610463212
GATA3,RNF19A,0.0471475111961503
GATA3,RNF213,0.0312561765453262
GATA3,RNF7,0.0398419042389288
GATA3,RNPS1,0.0317803812955688
GATA3,ROCK1,0.03638406848289055
GATA3,RPL10,-0.13846759510514836
GATA3,RPL10A,-0.1211345609200839
GATA3,RPL11,-0.15640531951379594
GATA3,RPL12,-0.12254549434905412
GATA3,RPL13A,-0.10494830302808023
GATA3,RPL14,-0.11643739897572145
GATA3,RPL15,-0.10731333316412027
GATA3,RPL17,-0.10690436551774651
GATA3,RPL18,-0.1271754466503354
GATA3,RPL19,-0.14408239098643
GATA3,RPL21,-0.1448221122682511
GATA3,RPL22,-0.1335918207038337
GATA3,RPL22L1,0.035143826029789396
GATA3,RPL23,-0.082061219357146
GATA3,RPL23A,-0.10447158372657678
GATA3,RPL24,-0.11466772414977908
GATA3,RPL26,-0.12366954273607797
GATA3,RPL27,-0.09082523777884893
GATA3,RPL27A,-0.11083741777052086
GATA3,RPL28,-0.11475453325272778
GATA3,RPL29,-0.11515300162063527
GATA3,RPL30,-0.15783392266155788
GATA3,RPL31,-0.13425620997959287
GATA3,RPL32,-0.1716092759881189
GATA3,RPL35,-0.08763234102881942
GATA3,RPL35A,-0.1573583769277455
GATA3,RPL36A,-0.06971627878544018
GATA3,RPL37,-0.1306005274159716
GATA3,RPL37A,-0.1001750348266737
GATA3,RPL38,-0.10830850363206883
GATA3,RPL4,-0.07847250162369468
GATA3,RPL41,-0.11477752453375412
GATA3,RPL5,-0.12241193999988165
GATA3,RPL6,-0.09458318631718549
GATA3,RPL7,-0.13209986170515237
GATA3,RPL7A,-0.08789583861743605
GATA3,RPL8,-0.08904166157296067
GATA3,RPLP0,-0.05305678775889793
GATA3,RPLP1,-0.10890089163906043
GATA3,RPN2,0.0447510427169079
GATA3,RPS10,-0.0763581056444875
GATA3,RPS11,-0.05768685454237049
GATA3,RPS12,-0.15015790661107048
GATA3,RPS13,-0.17105301546474172
GATA3,RPS14,-0.16893179520437093
GATA3,RPS15,-0.13361139117337378
GATA3,RPS15A,-0.16390150704969667
GATA3,RPS16,-0.1230968430194486
GATA3,RPS17,-0.09211146022795799
GATA3,RPS18,-0.12727539069996807
GATA3,RPS19,-0.1081175897562362
GATA3,RPS2,-0.1070137310178992
GATA3,RPS21,-0.11425899497936652
GATA3,RPS24,-0.11712451719336237
GATA3,RPS25,-0.139747090787047
GATA3,RPS26,-0.0499676482445012
GATA3,RPS27,-0.15532149318587382
GATA3,RPS27A,-0.15591853532107955
GATA3,RPS27L,0.03447013972798075
GATA3,RPS28,-0.14550003026081926
GATA3,RPS29,-0.11355611450177805
GATA3,RPS3,-0.1393552550936486
GATA3,RPS3A,-0.1715001568868376
GATA3,RPS4X,-0.12798345644044157
GATA3,RPS5,-0.13741361536402125
GATA3,RPS6,-0.15239117652150502
GATA3,RPS6KA3,0.0449159515782568
GATA3,RPS7,-0.09851237633639867
GATA3,RPS9,-0.12118555999064257
GATA3,RPSA,-0.0630241128073111
GATA3,RRBP1,0.034651621953804196
GATA3,RSRC2,0.0307298926068041
GATA3,RTN4,0.0433811406924589
GATA3,RUNX2,0.06829704376168755
GATA3,RWDD1,0.03369421919304915
GATA3,S100A10,0.11307422001026148
GATA3,S100A11,0.14626255808723398
GATA3,S100A4,0.1605466832894848
GATA3,SATB1,-0.0786336587846576
GATA3,SCAND1,0.03237749513716575
GATA3,SDF2L1,0.041297080029613825
GATA3,SEC11A,0.04058551183241505
GATA3,SEC22C,0.02891411327194075
GATA3,SEC61B,0.0884941552939682
GATA3,SELENOT,0.044124719674510766
GATA3,SELL,-0.07747554641720206
GATA3,SELPLG,0.03727764140969182
GATA3,SEPTIN11,0.056663774927750425
GATA3,SEPTIN9,0.02831530374505
GATA3,SERPINB1,0.0330030880298309
GATA3,SF3B2,0.035848128609066
GATA3,SH3BP5,0.052310698310621476
GATA3,SH3KBP1,0.03874135069082316
GATA3,SIGMAR1,0.041504623764636595
GATA3,SLC25A24,0.04358537772742383
GATA3,SLC2A3,0.03914389817370015
GATA3,SLC38A1,0.03236888508780705
GATA3,SLC38A10,0.039899043395074205
GATA3,SLC3A2,0.03818597577306855
GATA3,SLC4A7,0.0453528311690177
GATA3,SLF1,0.05062860841896907
GATA3,SMAD5,0.05184462770609055
GATA3,SMC4,0.04223124597561615
GATA3,SMIM29,0.0347863950718306
GATA3,SND1,0.046812743973964725
GATA3,SNED1,0.0851482238032244
GATA3,SNRNP200,0.03170340332052235
GATA3,SNRPB2,0.03493907170828985
GATA3,SNRPG,0.0424124484970152
GATA3,SNU13,0.043433431759098
GATA3,SNX10,0.04091587705060165
GATA3,SOS1,0.044257958124676644
GATA3,SOX13,0.0483914877541596
GATA3,SPCS3,0.04294039342538955
GATA3,SPTAN1,0.03853953494816823
GATA3,SQOR,0.045456084648928426
GATA3,SQSTM1,0.04481448082455525
GATA3,SRI,0.047742301860386624
GATA3,SRP72,0.03521447074897385
GATA3,SRSF3,0.029787349718818898
GATA3,SRSF5,-0.0386330297240372
GATA3,SRSF7,0.041011547569685156
GATA3,SS18L2,0.0444111920438962
GATA3,SSR1,0.0296392465078115
GATA3,SSR3,0.0515095001073309
GATA3,STAM,0.04027809171438365
GATA3,STAT1,0.03317016850650673
GATA3,STING1,0.0369317858392642
GATA3,STK10,0.031102578636071347
GATA3,STOM,0.045837713729448774
GATA3,STT3B,0.04385950382346073
GATA3,SUB1,0.0430765260027549
GATA3,SULT1B1,-0.047058823612688
GATA3,SYNE2,0.06732528628345524
GATA3,TAB2,0.0328253745247157
GATA3,TAGLN2,0.10156864607882873
GATA3,TANK,0.03951408852603858
GATA3,TAP1,0.0465516907417954
GATA3,TBCB,0.0544572637213028
GATA3,TBK1,0.04231567400602637
GATA3,TCF25,0.0293555964113969
GATA3,TCIRG1,0.03958724550786285
GATA3,TENT5C,0.0596390557403173
GATA3,TGFB1,0.06877709987240865
GATA3,TGFBR2,-0.0745322946746691
GATA3,TGFBR3,0.05332454173731
GATA3,THRAP3,0.03176867749660775
GATA3,TIMP1,0.08916865073022337
GATA3,TLE4,0.03379840515448505
GATA3,TLN1,0.05204104824446195
GATA3,TMA7,-0.03300258199019715
GATA3,TMBIM1,0.0435826722595627
GATA3,TMBIM4,0.03531144474338625
GATA3,TMCO1,0.03580368267638
GATA3,TMED10,0.046062892958994926
GATA3,TMED2,0.043530503513347904
GATA3,TMEM14C,0.03509209079624385
GATA3,TMEM208,0.03156280393134085
GATA3,TMEM59,0.0373141840225621
GATA3,TMEM65,0.03993499851631124
GATA3,TMEM9B,0.040224978518637766
GATA3,TMOD3,0.034288417920231073
GATA3,TMSB10,-0.10857549593853305
GATA3,TMSB4X,-0.09003685729627724
GATA3,TMX4,0.06051233062886885
GATA3,TNIP1,0.04472660799243877
GATA3,TOB1,0.039256045598702036
GATA3,TOMM5,0.03585428174761285
GATA3,TOMM7,-0.08184928831938493
GATA3,TP53INP1,0.0372498185090404
GATA3,TPD52,0.0444948734026969
GATA3,TPI1,0.05858209417040677
GATA3,TPM3,0.05140457017317365
GATA3,TPM4,0.06113388498107633
GATA3,TPRG1,0.041334866815966
GATA3,TPST2,0.0374731932817804
GATA3,TPT1,-0.09074263810743927
GATA3,TRAF1,0.0394537467997258
GATA3,TRAPPC6A,0.0312187033008813
GATA3,TRIM69,0.04390393676521046
GATA3,TRMT112,0.0434419775825152
GATA3,TRPV2,0.0402737775407511
GATA3,TSPAN2,0.06052924099681047
GATA3,TTC39C,0.04587029230155485
GATA3,TUBA1B,0.03518197750421205
GATA3,TUBA1C,0.06017802148342227
GATA3,TUBB,0.0314472223434417
GATA3,TUBB4B,0.0489586186968185
GATA3,TXK,-0.07584525754200125
GATA3,TXN,0.08306190832751632
GATA3,TXNIP,-0.04277176184851927
GATA3,TYMP,0.05749065487242645
GATA3,UBC,0.05085648305590627
GATA3,UBE2A,0.03939860000348275
GATA3,UBE2I,0.04027872751969415
GATA3,UBE2J1,0.03355142808327535
GATA3,UBL5,0.03016917119533795
GATA3,UFC1,0.0388629222763211
GATA3,UQCRB,-0.06298916527889853
GATA3,USP46,0.07006088782826284
GATA3,UTRN,0.043136654167476196
GATA3,VAMP8,0.045873993953387746
GATA3,VASP,0.04073225216762663
GATA3,VCP,0.03573365295581705
GATA3,VIM,0.09653860772021862
GATA3,VKORC1,0.039022480579014196
GATA3,VMP1,0.0346341150874526
GATA3,VPS28,0.036021398696206394
GATA3,WDR1,0.04433028879603705
GATA3,WEE1,0.053823893114874254
GATA3,WIPF1,0.03259991516180885
GATA3,XBP1,0.05327612669232047
GATA3,XRN2,0.029740799055130447
GATA3,YTHDF2,0.03152879563633145
GATA3,YWHAZ,0.04198879177648015
GATA3,YY1,0.03188010417247195
GATA3,ZFAND5,0.0307134461869788
GATA3,ZFP36L1,0.033535578369031496
GATA3,ZFP36L2,0.04099157868561755
GATA3,ZFYVE28,0.05018692023856295
GATA3,ZYX,0.044723472727693225
GATAD2A,AHNAK,0.03190387343049563
GATAD2A,CD52,-0.032207434269387096
GATAD2A,COMMD6,-0.03115483020195755
GATAD2A,EEF1A1,-0.06461102662010103
GATAD2A,EEF1D,-0.036973221821754
GATAD2A,EEF1G,-0.03852214465795355
GATAD2A,EIF1,-0.0392928055586652
GATAD2A,FAU,-0.061313302674442266
GATAD2A,FTL,-0.0443340283404667
GATAD2A,MT-CO2,-0.03573688397300715
GATAD2A,NACA,-0.047119280573777435
GATAD2A,PFDN5,-0.0428276539392794
GATAD2A,PTMA,-0.05377103621702676
GATAD2A,RACK1,-0.0461048252780137
GATAD2A,RPL10,-0.07166050495293108
GATAD2A,RPL10A,-0.054854873873327964
GATAD2A,RPL11,-0.06828932101023268
GATAD2A,RPL12,-0.06697131933356266
GATAD2A,RPL13,-0.07664565034393579
GATAD2A,RPL13A,-0.06455069490593214
GATAD2A,RPL15,-0.05769412995743676
GATAD2A,RPL18,-0.0594396758344711
GATAD2A,RPL18A,-0.07351466074075276
GATAD2A,RPL19,-0.0620882592068919
GATAD2A,RPL21,-0.0739244287364971
GATAD2A,RPL22,-0.0523767272981567
GATAD2A,RPL23A,-0.06484050717421443
GATAD2A,RPL24,-0.04859192572366627
GATAD2A,RPL26,-0.07171290830743256
GATAD2A,RPL27,-0.04241954783740993
GATAD2A,RPL27A,-0.06525002550152975
GATAD2A,RPL28,-0.06564002833597314
GATAD2A,RPL29,-0.05520885307578277
GATAD2A,RPL3,-0.06267837746524584
GATAD2A,RPL30,-0.0640548560593191
GATAD2A,RPL31,-0.0619990278820444
GATAD2A,RPL32,-0.0708793898531104
GATAD2A,RPL34,-0.07298803022503658
GATAD2A,RPL35,-0.05662121943937176
GATAD2A,RPL35A,-0.0648035632404248
GATAD2A,RPL36,-0.06668702305994204
GATAD2A,RPL36A,-0.04744621458933137
GATAD2A,RPL37,-0.07124373589303586
GATAD2A,RPL37A,-0.047603973299633805
GATAD2A,RPL38,-0.0553023065315876
GATAD2A,RPL39,-0.07521473092270707
GATAD2A,RPL4,-0.0370787948390818
GATAD2A,RPL5,-0.06210548265617325
GATAD2A,RPL6,-0.05097758818595175
GATAD2A,RPL7,-0.06113404979839987
GATAD2A,RPL7A,-0.0562309795746674
GATAD2A,RPL8,-0.05456078320175347
GATAD2A,RPL9,-0.0558694291256303
GATAD2A,RPLP1,-0.06496257003139573
GATAD2A,RPLP2,-0.0696349648031318
GATAD2A,RPS11,-0.035491370021114
GATAD2A,RPS12,-0.06257276969826207
GATAD2A,RPS13,-0.06551653817314995
GATAD2A,RPS14,-0.08048708658058647
GATAD2A,RPS15,-0.06647314827776665
GATAD2A,RPS15A,-0.0693456337145286
GATAD2A,RPS16,-0.05301037052376123
GATAD2A,RPS18,-0.07432053583699046
GATAD2A,RPS19,-0.07283760034766613
GATAD2A,RPS2,-0.0635280300188148
GATAD2A,RPS20,-0.04591665135735554
GATAD2A,RPS21,-0.05399560390482803
GATAD2A,RPS24,-0.047754551335190326
GATAD2A,RPS25,-0.07026316860986394
GATAD2A,RPS27,-0.08296785222030487
GATAD2A,RPS29,-0.06312741944981808
GATAD2A,RPS3,-0.07063455631081857
GATAD2A,RPS3A,-0.0703805222856515
GATAD2A,RPS4X,-0.06710737636043752
GATAD2A,RPS6,-0.06819270225497043
GATAD2A,RPS7,-0.058228883791920934
GATAD2A,RPS8,-0.0606744432491976
GATAD2A,RPSA,-0.050208437886806706
GATAD2A,TMSB10,-0.0611374791538963
GATAD2A,TMSB4X,-0.07245154808346177
GATAD2A,TOMM7,-0.0399296813171482
GATAD2A,TPT1,-0.05872666314912395
GATAD2A,UBA52,-0.0558042913439381
GATAD2A,UQCRB,-0.031358224055011104
GFI1,EEF1A1,-0.042473651081035305
GFI1,NACA,-0.04033595200187045
GFI1,RPL12,-0.039719586522068445
GFI1,RPL13,-0.04569730642149105
GFI1,RPL14,-0.045714326558719154
GFI1,RPL19,-0.0467842275023896
GFI1,RPL28,-0.04650109451681694
GFI1,RPL29,-0.04307459405414665
GFI1,RPL32,-0.048890060170650146
GFI1,RPL35A,-0.04582897285363595
GFI1,RPL37,-0.0402434389427795
GFI1,RPL39,-0.039768319698436846
GFI1,RPL5,-0.04151955057899185
GFI1,RPL6,-0.0366909272048265
GFI1,RPL7A,-0.038665900817976204
GFI1,RPL9,-0.0392660647516953
GFI1,RPS12,-0.04893906245873335
GFI1,RPS15,-0.0442909928037727
GFI1,RPS15A,-0.04621867920554805
GFI1,RPS16,-0.037280057824225554
GFI1,RPS18,-0.03784040056646505
GFI1,RPS27,-0.0400393033943406
GFI1,RPS27A,-0.04606111475334635
GFI1,RPS3A,-0.04522620663777005
GFI1,RPS6,-0.0392185787154095
GFI1,RPS7,-0.03867787080789565
GFI1,RPS8,-0.04392367740981015
GFI1,TMSB10,-0.04625800340320585
GLI4,PTMA,-0.0353163992921715
GLI4,RPL10,-0.04709555439007615
GLI4,RPL11,-0.041892533279952696
GLI4,RPL12,-0.038863848739576795
GLI4,RPL13,-0.04390359069429395
GLI4,RPL13A,-0.04511377989613905
GLI4,RPL15,-0.03214199085333395
GLI4,RPL21,-0.0459111181138787
GLI4,RPL23A,-0.04190557487333885
GLI4,RPL26,-0.0412026416875124
GLI4,RPL27A,-0.043476947773448654
GLI4,RPL3,-0.0351327552872321
GLI4,RPL31,-0.03732640275804755
GLI4,RPL35A,-0.0393432338788064
GLI4,RPL36,-0.04503477265861085
GLI4,RPL41,-0.0543209263427681
GLI4,RPL7,-0.034964864494387696
GLI4,RPLP1,-0.035356305372831
GLI4,RPLP2,-0.04009143415441575
GLI4,RPS13,-0.0340919963477638
GLI4,RPS14,-0.0441558045299103
GLI4,RPS15,-0.0446664225942395
GLI4,RPS15A,-0.0425796449474549
GLI4,RPS18,-0.047065659706742355
GLI4,RPS2,-0.037039254298468896
GLI4,RPS27,-0.052366970937149246
GLI4,RPS27A,-0.04635381326364245
GLI4,RPS29,-0.04936794581311115
GLI4,RPS3,-0.03604331582006385
GLI4,RPS4X,-0.03423284567418565
GLI4,RPS6,-0.03907878329957525
GLI4,RPS8,-0.037675529178667
GLI4,TMSB10,-0.0379621030311554
GMEB1,B2M,-0.05811475915894937
GMEB1,EEF1A1,-0.04591000312370825
GMEB1,FAU,-0.042329041772480626
GMEB1,PTMA,-0.038438677243447766
GMEB1,RPL10,-0.053807218198692996
GMEB1,RPL10A,-0.0348884423607939
GMEB1,RPL11,-0.050398283578932106
GMEB1,RPL12,-0.04442844705949477
GMEB1,RPL13,-0.05134906679378617
GMEB1,RPL14,-0.04454119027649345
GMEB1,RPL17,-0.039012026845505796
GMEB1,RPL18,-0.04065795550265647
GMEB1,RPL18A,-0.04870112818289457
GMEB1,RPL19,-0.0437941143592216
GMEB1,RPL21,-0.0492905481371258
GMEB1,RPL23A,-0.04251770188454964
GMEB1,RPL24,-0.0405347218694491
GMEB1,RPL26,-0.0466569394822361
GMEB1,RPL29,-0.045174290837634
GMEB1,RPL3,-0.041144737221338566
GMEB1,RPL30,-0.046485415625596334
GMEB1,RPL32,-0.055436067583929195
GMEB1,RPL34,-0.05620812450318307
GMEB1,RPL35,-0.03966918928187415
GMEB1,RPL35A,-0.0482243028086319
GMEB1,RPL36,-0.0500783316052693
GMEB1,RPL36A,-0.032578009078789646
GMEB1,RPL37,-0.047951597059263704
GMEB1,RPL39,-0.0571186191458327
GMEB1,RPL41,-0.05084182904616707
GMEB1,RPL6,-0.03768450176355525
GMEB1,RPL7A,-0.0404836378403689
GMEB1,RPL8,-0.037308821694636396
GMEB1,RPL9,-0.03858734098498165
GMEB1,RPLP1,-0.0439210435414878
GMEB1,RPLP2,-0.04541230353942736
GMEB1,RPS12,-0.04626831649983663
GMEB1,RPS13,-0.047009820990512464
GMEB1,RPS14,-0.0541290811353031
GMEB1,RPS15,-0.0507585873482557
GMEB1,RPS15A,-0.05240326755500627
GMEB1,RPS16,-0.03923339897752705
GMEB1,RPS18,-0.052618408533921836
GMEB1,RPS19,-0.050782358969650436
GMEB1,RPS2,-0.0434993239113163
GMEB1,RPS23,-0.0481810932133627
GMEB1,RPS24,-0.04196627819686285
GMEB1,RPS25,-0.04914220998903646
GMEB1,RPS27,-0.05443868818484237
GMEB1,RPS27A,-0.0543064495554424
GMEB1,RPS28,-0.05021684459617793
GMEB1,RPS29,-0.04739824675929185
GMEB1,RPS3,-0.04612609564830423
GMEB1,RPS3A,-0.04108215973274753
GMEB1,RPS4X,-0.04892408570994635
GMEB1,RPS5,-0.03379451251674525
GMEB1,RPS6,-0.04344283245922096
GMEB1,RPS7,-0.043004835591773
GMEB1,RPS8,-0.042693554639528265
GMEB1,TMSB10,-0.04717206589258525
GMEB1,TMSB4X,-0.05836245204923825
GMEB1,TPT1,-0.046299470248244295
GMEB2,RPL10,-0.0466998798046893
GMEB2,RPL13,-0.043482688639767
GMEB2,RPL21,-0.0387604443325758
GMEB2,RPL23A,-0.036290870503481454
GMEB2,RPL32,-0.0465846152086936
GMEB2,RPL34,-0.0516805531673923
GMEB2,RPL35A,-0.04200174761123965
GMEB2,RPL36,-0.0398268488447183
GMEB2,RPS13,-0.039857501860446246
GMEB2,RPS14,-0.0462683076324312
GMEB2,RPS15,-0.0444650364599991
GMEB2,RPS15A,-0.0447381166200104
GMEB2,RPS18,-0.045148419163446196
GMEB2,RPS19,-0.046142469160222355
GMEB2,RPS27,-0.047282726022450594
GMEB2,RPS27A,-0.047127917529642
GMEB2,RPS28,-0.04646690487824745
GMEB2,RPS29,-0.0356446226258327
GMEB2,RPS3,-0.038714096833974296
GMEB2,RPS4X,-0.038812804489432695
GTF2I,B2M,-0.11465043158130124
GTF2I,COX4I1,-0.0463011708673088
GTF2I,EEF1G,-0.04125727080466745
GTF2I,EIF1,-0.0724028435793922
GTF2I,FXYD5,-0.0496387008735774
GTF2I,JUNB,-0.0605943103963954
GTF2I,KLF2,-0.0547852101385055
GTF2I,MACF1,0.034210980054020845
GTF2I,NACA,-0.060176773744607504
GTF2I,RACK1,-0.05524644003281557
GTF2I,RPL10,-0.10019290916331643
GTF2I,RPL10A,-0.0672885493270336
GTF2I,RPL11,-0.09711446877017531
GTF2I,RPL13,-0.09069603372016906
GTF2I,RPL13A,-0.0676019797217906
GTF2I,RPL14,-0.0869340977518065
GTF2I,RPL15,-0.0616707340132475
GTF2I,RPL18,-0.0806150385898188
GTF2I,RPL18A,-0.08633547321002183
GTF2I,RPL22,-0.07100661762865319
GTF2I,RPL27A,-0.0606938341339721
GTF2I,RPL29,-0.07683814924347014
GTF2I,RPL3,-0.0711886718906664
GTF2I,RPL32,-0.09673149822596176
GTF2I,RPL35,-0.0709720479050239
GTF2I,RPL36,-0.08454216813659403
GTF2I,RPL36A,-0.06164954074831821
GTF2I,RPL38,-0.059739929681169625
GTF2I,RPL4,-0.0439968501658934
GTF2I,RPL41,-0.0888555248670239
GTF2I,RPL5,-0.07375200496646629
GTF2I,RPL6,-0.07741823625489651
GTF2I,RPL7A,-0.0708129978693886
GTF2I,RPL9,-0.07205603866023401
GTF2I,RPLP2,-0.08738726273672176
GTF2I,RPS10,-0.0443481093475499
GTF2I,RPS11,-0.03919937087025855
GTF2I,RPS12,-0.09741183346444048
GTF2I,RPS14,-0.09309734964905336
GTF2I,RPS15,-0.09343693077324207
GTF2I,RPS15A,-0.0989790493123553
GTF2I,RPS16,-0.06857023673169664
GTF2I,RPS18,-0.08390822581781893
GTF2I,RPS24,-0.06730463163908619
GTF2I,RPS29,-0.07193819765785282
GTF2I,RPS3A,-0.08189402745952844
GTF2I,RPS7,-0.08419334797444866
GTF2I,RPS8,-0.0849633040079102
GTF2I,RPS9,-0.060782722449495306
GTF2I,RPSA,-0.06466939710256099
GTF2I,TMSB10,-0.07494827365768353
GTF2I,TPT1,-0.07091401899150414
GTF2I,UBC,-0.054469149113484855
GTF2I,ZFP36L2,-0.050196436469732396
GTF3A,ABHD14B,0.0323829109471499
GTF3A,ADRM1,0.03183307935416215
GTF3A,ANAPC5,0.0320810591745436
GTF3A,ANKRD12,0.036135647765428755
GTF3A,ANXA7,0.03105213942258525
GTF3A,APEX1,0.0331903867233173
GTF3A,APRT,0.033261797725827234
GTF3A,ARHGDIA,0.046114609148428395
GTF3A,ARPC2,0.03089521871035985
GTF3A,ARPC3,0.0367169823249488
GTF3A,ARPC5L,0.03356962195751585
GTF3A,ATP2B1,0.031401985992308395
GTF3A,AURKAIP1,0.0319297139134265
GTF3A,BAZ1A,0.03497959859984095
GTF3A,BLOC1S2,0.02880392067075655
GTF3A,BTG1,-0.04005072620478937
GTF3A,CACYBP,0.031111138195806298
GTF3A,CALR,0.03479733458137615
GTF3A,CAMLG,0.031199383662173202
GTF3A,CANX,0.032184826802481
GTF3A,CAP1,0.033259904839431656
GTF3A,CAPG,0.0294226496471399
GTF3A,CCDC85B,0.041545791182052955
GTF3A,CCND3,0.03914657573156295
GTF3A,CCT7,0.03617845658649525
GTF3A,CDC25B,0.036955799503230746
GTF3A,CFLAR,0.0337795762698613
GTF3A,CIB1,0.0383082821318008
GTF3A,CLNS1A,0.0328100440468069
GTF3A,CNPY2,0.030092280317161102
GTF3A,COPS6,0.03087536402532325
GTF3A,COX5A,0.03980704408141515
GTF3A,CTSH,0.0358058406040619
GTF3A,CYCS,0.0337377574973205
GTF3A,DDX21,0.040528658673570805
GTF3A,DRAP1,0.0296310433409013
GTF3A,DUSP1,0.034556881200196496
GTF3A,DYNLRB1,0.0352505234959673
GTF3A,EEF1A1,-0.0575741384579079
GTF3A,EHD1,0.031402224058080803
GTF3A,EIF2S2,0.029317105188999402
GTF3A,EMC4,0.0317701686456999
GTF3A,FAU,-0.05831101648078607
GTF3A,FKBP1A,0.03219025411487195
GTF3A,G3BP2,0.029405396772530498
GTF3A,GHITM,0.0350724177810127
GTF3A,GTF3C6,0.0338145878228213
GTF3A,HDDC2,0.0286305268299819
GTF3A,HERPUD1,0.02922376013460415
GTF3A,HNRNPA0,0.034963798922610353
GTF3A,ISG15,0.03093285894246815
GTF3A,ITGB1BP1,0.0342675159080353
GTF3A,ITGB2,0.03403374776315675
GTF3A,KLRG1,0.0300175443501904
GTF3A,LAMTOR5,0.03269228048556335
GTF3A,LDHA,0.05603793672716775
GTF3A,LRRFIP1,0.03978855380869
GTF3A,LSM14A,0.029457105898761802
GTF3A,M6PR,0.03418345384364585
GTF3A,MAP1LC3B,0.034148551817311704
GTF3A,MDH2,0.03799845304327955
GTF3A,METTL9,0.0361327544628461
GTF3A,MIF,0.0483495976522665
GTF3A,MRPL34,0.030803142473796202
GTF3A,MRPL54,0.0321182071752818
GTF3A,MRPS34,0.03277293343553205
GTF3A,MYDGF,0.0366487019683589
GTF3A,NAAA,0.02825849124294505
GTF3A,NCOR1,0.0341802649125292
GTF3A,NDUFB7,0.03258888869609605
GTF3A,NECAP2,0.032977080587794555
GTF3A,NFKBIA,0.04386816230935515
GTF3A,NME2,0.050906306269943004
GTF3A,NOL7,0.03179274995785065
GTF3A,NOP56,0.033190759497661454
GTF3A,NUTF2,0.035203211231612755
GTF3A,OXA1L,0.03262789845905575
GTF3A,PARK7,0.0382068192266191
GTF3A,PGLS,0.03451819373059045
GTF3A,PIM1,0.03950594226832385
GTF3A,PKM,0.03877260606739155
GTF3A,PPIA,0.0426503834643737
GTF3A,PPP1R7,0.03073591994445255
GTF3A,PPP4C,0.03020851576216915
GTF3A,PRDX1,0.03935675869305755
GTF3A,PRDX5,0.0341494076352544
GTF3A,PRDX6,0.0347875166569638
GTF3A,PRKCSH,0.031096449227869097
GTF3A,PSMA7,0.037961832209397944
GTF3A,PSMB1,0.0360425205753327
GTF3A,PSMC5,0.038597869742084595
GTF3A,PSMD8,0.03740408487465195
GTF3A,PSME1,0.0356592419799572
GTF3A,PSME2,0.040866661359178505
GTF3A,PSMG2,0.0286198851345885
GTF3A,PTMA,-0.08665367817182246
GTF3A,RAD23A,0.033506299020575156
GTF3A,RBCK1,0.02997274696850635
GTF3A,REXO2,0.0332974632056427
GTF3A,RNH1,0.03196558544341505
GTF3A,RNPS1,0.0406233021874013
GTF3A,RPL10A,-0.0613418420626948
GTF3A,RPL12,-0.09353042136376485
GTF3A,RPL13,-0.11403736429799
GTF3A,RPL23,-0.05573452839960695
GTF3A,RPL27,-0.05796935535288525
GTF3A,RPL27A,-0.10371506185767346
GTF3A,RPL31,-0.10689523471831966
GTF3A,RPL36,-0.11347202188714195
GTF3A,RPL37A,-0.0878105040899961
GTF3A,RPL38,-0.08610869416571
GTF3A,RPL6,-0.05315009496084535
GTF3A,RPLP1,-0.08095788590233904
GTF3A,RPLP2,-0.08793150347687194
GTF3A,RPN2,0.034929843379833805
GTF3A,RPS13,-0.08391853128837873
GTF3A,RPS14,-0.0914467521002471
GTF3A,RPS15,-0.08708541840951738
GTF3A,RPS16,-0.07507758251580321
GTF3A,RPS18,-0.1103433663722991
GTF3A,RPS19,-0.11443592417592915
GTF3A,RPS20,-0.08133501614265565
GTF3A,RPS21,-0.07728290392559314
GTF3A,RPS27A,-0.09428873437085471
GTF3A,RPS3,-0.06755008899949823
GTF3A,RPS8,-0.08348329736672487
GTF3A,RSL1D1,0.034211425827839106
GTF3A,RWDD1,0.0311579980241143
GTF3A,SCAND1,0.03470550014537625
GTF3A,SDF4,0.0318047950084683
GTF3A,SEC11C,0.03778914960498
GTF3A,SELENOF,0.03540968457110905
GTF3A,SELENOW,0.030811143704044048
GTF3A,SEPTIN9,0.0329314319088159
GTF3A,SERPINB1,0.03613744669577635
GTF3A,SF3B2,0.03691150613949375
GTF3A,SF3B6,0.03389350021058895
GTF3A,SNRPA1,0.0284238819851719
GTF3A,SNRPB,0.0385478776266544
GTF3A,SNRPC,0.03295149250032
GTF3A,SNU13,0.0374844231564562
GTF3A,SNX17,0.03393403656770695
GTF3A,SNX6,0.02872517940884425
GTF3A,SPCS1,0.02878156996685255
GTF3A,SPCS2,0.03015273921645445
GTF3A,TALDO1,0.0348734729406924
GTF3A,TAX1BP1,0.03122353908379665
GTF3A,TIMM13,0.029511853373510498
GTF3A,TMEM230,0.0306860529566823
GTF3A,TRADD,0.051603186554944176
GTF3A,TRAPPC1,0.035806444231874096
GTF3A,TRMT112,0.0337575026254633
GTF3A,TUBA1B,0.0335250165524832
GTF3A,TUBA4A,0.0307348250394385
GTF3A,TUBB,0.0361325102611441
GTF3A,TUFM,0.038566743803698095
GTF3A,UBA52,-0.058861062897091795
GTF3A,UCP2,0.036792274915896456
GTF3A,UPP1,0.03884932716522465
GTF3A,UQCRC2,0.0318643745023931
GTF3A,USP10,0.03584222365407415
GTF3A,VPS28,0.035155501373951
GTF3A,XRCC6,0.03629199604200525
GTF3A,YWHAQ,0.04204810799783795
GZF1,RPS27A,-0.0328887696914321
GZF1,RPS28,-0.033988900090122766
HBP1,ACTB,-0.07321627840395925
HBP1,ATP5F1E,-0.04648149734958037
HBP1,B2M,-0.08078393340699742
HBP1,BCAS2,0.03662846864909635
HBP1,CHD1,0.03916168772062905
HBP1,DYNLT1,0.0346388803951312
HBP1,EEF1A1,-0.06769733196512011
HBP1,EEF1D,-0.0460722962611288
HBP1,EIF5,0.0409280757357552
HBP1,FAU,-0.0679823945998288
HBP1,FTL,-0.039583065866381134
HBP1,GTF2B,0.033912573503385904
HBP1,HOOK2,0.0392691064897415
HBP1,IL32,-0.050294839460223145
HBP1,MYL12A,-0.0604859321002139
HBP1,NACA,-0.05834903032318871
HBP1,NFKBIA,0.049130295752239254
HBP1,OSER1,0.04883880249585845
HBP1,PTMA,-0.0573788590496087
HBP1,RACK1,-0.0519319994243939
HBP1,RPL10A,-0.0573755448845265
HBP1,RPL11,-0.08641513715637261
HBP1,RPL12,-0.07718174553050167
HBP1,RPL13,-0.0859749937148732
HBP1,RPL14,-0.06626552094533944
HBP1,RPL15,-0.0565688742193291
HBP1,RPL17,-0.08187570344657516
HBP1,RPL18,-0.0670365385878028
HBP1,RPL18A,-0.08100337474423293
HBP1,RPL19,-0.07606986846324709
HBP1,RPL21,-0.07122454254792952
HBP1,RPL22,-0.05965963129734164
HBP1,RPL23A,-0.07385346862893623
HBP1,RPL26,-0.07796636104573867
HBP1,RPL27,-0.051256135999537995
HBP1,RPL28,-0.08289308965924654
HBP1,RPL3,-0.060877980397631364
HBP1,RPL30,-0.07858982546150413
HBP1,RPL31,-0.06376430707333447
HBP1,RPL32,-0.09025462335478363
HBP1,RPL34,-0.09100459261033583
HBP1,RPL35,-0.06673527762754763
HBP1,RPL35A,-0.07930683246603437
HBP1,RPL36,-0.07740904891758531
HBP1,RPL37,-0.07328661382198733
HBP1,RPL37A,-0.06219204394676281
HBP1,RPL39,-0.07916778700219212
HBP1,RPL4,-0.041259504284888754
HBP1,RPL41,-0.07235302956565065
HBP1,RPL5,-0.06719244735393715
HBP1,RPL6,-0.06502797689370747
HBP1,RPL7A,-0.0684013503258891
HBP1,RPLP0,-0.05272755309313935
HBP1,RPLP1,-0.07617813294441371
HBP1,RPLP2,-0.08125244607154469
HBP1,RPS13,-0.07250357759228017
HBP1,RPS14,-0.08371511488502786
HBP1,RPS15,-0.08475801356334135
HBP1,RPS15A,-0.0902638984188252
HBP1,RPS16,-0.061071626304778866
HBP1,RPS18,-0.08298023100939693
HBP1,RPS19,-0.0865597316295375
HBP1,RPS2,-0.06421914894564111
HBP1,RPS20,-0.05144209723016143
HBP1,RPS21,-0.0600044312360381
HBP1,RPS23,-0.07842967536333917
HBP1,RPS27,-0.08924610792024273
HBP1,RPS27A,-0.08921997853490975
HBP1,RPS29,-0.0742498802971937
HBP1,RPS3,-0.0729423720034522
HBP1,RPS3A,-0.07134378820017823
HBP1,RPS7,-0.0653328369320453
HBP1,RPS8,-0.07410524296833276
HBP1,SELENOK,0.0351855759843811
HBP1,SERF2,-0.0392056486829847
HBP1,SOCS3,0.0363720919951178
HBP1,TNFAIP3,0.0570299434362155
HBP1,TOMM7,-0.04439152852091015
HBP1,TPT1,-0.07454325124257495
HBP1,UBA52,-0.0568651204053447
HBP1,YPEL5,0.05608805172840233
HBP1,ZNF331,0.0489862186709499
HIF1A,EEF1D,-0.03863168933773515
HIF1A,FOXP1,0.05433359482451845
HIF1A,HLA-C,-0.0449987542846243
HIF1A,ITGA4,0.03650886028915695
HIF1A,PACS1,0.03458818313020926
HIF1A,PPIA,-0.041478313500122
HIF1A,RICTOR,0.03208135797144235
HIF1A,RPL18A,-0.07566587484602637
HIF1A,RPL3,-0.0633940687566976
HIF1A,RPS21,-0.05010754299108145
HIF1A,S100A10,-0.07135297280769165
HIF1A,SSH2,0.035073698021125595
HIF1A,TPT1,-0.06135833025546315
HIF1A,ZNF292,0.033909090871449554
HIF1A,ZNF331,0.0670704815052357
HINFP,RPL13,-0.0332513831469537
HINFP,RPL32,-0.0372545430130315
HINFP,RPL34,-0.0409226364782137
HINFP,RPL35A,-0.0314302303740277
HINFP,RPL36,-0.0317698320016798
HINFP,RPLP1,-0.0306258336579922
HINFP,RPS15,-0.035715074793262
HINFP,RPS15A,-0.035741082860053605
HINFP,RPS27,-0.0377356773465192
HINFP,RPS27A,-0.0371869668580666
HINFP,TMSB10,-0.03147203375076205
HIVEP1,ACTB,-0.0724261663501657
HIVEP1,ATM,0.03631582926060687
HIVEP1,ATP5F1E,-0.0564704785201539
HIVEP1,ATP5MG,-0.032706964572614
HIVEP1,B2M,-0.1093834049302491
HIVEP1,CD52,-0.06698198435464783
HIVEP1,CD55,0.057399734616178144
HIVEP1,CFL1,-0.0547463509400653
HIVEP1,COMMD6,-0.037826142270973806
HIVEP1,CYTH1,0.03537094465478135
HIVEP1,EEF1A1,-0.060254041300488906
HIVEP1,EIF1,-0.039636019262626
HIVEP1,EMP3,-0.04901628982571575
HIVEP1,EPB41,0.03575203577468405
HIVEP1,ESYT2,0.03626153536394535
HIVEP1,FAM117B,0.0387615190243685
HIVEP1,FAU,-0.053506503675744464
HIVEP1,GAPDH,-0.0489423521213
HIVEP1,HLA-A,-0.0550755110971494
HIVEP1,IL32,-0.059943209837457066
HIVEP1,IL6ST,0.04182766524159733
HIVEP1,JMJD1C,0.03799439205197875
HIVEP1,KAT6A,0.03449135966499677
HIVEP1,KLF3,0.03318970392976765
HIVEP1,LEF1,0.040406478156278555
HIVEP1,MBNL1,0.040286588316539196
HIVEP1,MIF,-0.03925087599626165
HIVEP1,MYL12A,-0.0615717606006562
HIVEP1,MYL6,-0.05043376368829035
HIVEP1,NFKBIZ,0.03814422363647735
HIVEP1,PHF3,0.0333741432929991
HIVEP1,PNRC1,0.035362503135894355
HIVEP1,PRRC2C,0.038127043387797696
HIVEP1,PTMA,-0.056691705669977846
HIVEP1,RPL10A,-0.04749971518043965
HIVEP1,RPL11,-0.07250575558866845
HIVEP1,RPL13,-0.07167626233701314
HIVEP1,RPL13A,-0.056281858030055795
HIVEP1,RPL15,-0.05483442474975585
HIVEP1,RPL18,-0.0573098968665504
HIVEP1,RPL18A,-0.0723815866988464
HIVEP1,RPL19,-0.06206795562939295
HIVEP1,RPL21,-0.06428419405168365
HIVEP1,RPL23A,-0.06592029264784965
HIVEP1,RPL26,-0.06875836198008489
HIVEP1,RPL28,-0.05766127490320303
HIVEP1,RPL31,-0.0522355714801492
HIVEP1,RPL32,-0.0773858038722997
HIVEP1,RPL35A,-0.06746175600040495
HIVEP1,RPL36,-0.06123658725611023
HIVEP1,RPL41,-0.06923255190055362
HIVEP1,RPL6,-0.06429878453249731
HIVEP1,RPL7,-0.0513647714790139
HIVEP1,RPLP1,-0.0717310964514386
HIVEP1,RPLP2,-0.0601148716206544
HIVEP1,RPS14,-0.0775362552203882
HIVEP1,RPS15,-0.06523807898340887
HIVEP1,RPS15A,-0.0739181650377175
HIVEP1,RPS18,-0.07799872458737406
HIVEP1,RPS19,-0.08373434602186886
HIVEP1,RPS20,-0.0334163853899477
HIVEP1,RPS21,-0.0639566819660912
HIVEP1,RPS23,-0.0628330407704244
HIVEP1,RPS25,-0.067473436670153
HIVEP1,RPS26,-0.042442253453378403
HIVEP1,RPS27,-0.08124051944530769
HIVEP1,RPS27A,-0.08010329439388131
HIVEP1,RPS28,-0.06866830230171928
HIVEP1,RPS29,-0.0620451060299468
HIVEP1,RPS3,-0.0677383385968014
HIVEP1,RPS3A,-0.05327955665189105
HIVEP1,RPS4X,-0.06637535054016624
HIVEP1,RPS5,-0.0447328141228729
HIVEP1,RPS6,-0.05299226833624365
HIVEP1,RPS7,-0.054517496530916636
HIVEP1,RPS9,-0.04597662907722724
HIVEP1,SERF2,-0.04543314316293246
HIVEP1,SMCHD1,0.039130336911282565
HIVEP1,SNX9,0.0413255134922922
HIVEP1,SRRM2,0.034672855437098804
HIVEP1,SSH2,0.039630603238147405
HIVEP1,TMA7,-0.04064754274976513
HIVEP1,TUT4,0.03171192352992215
HIVEP1,UTRN,0.032508662838958105
HIVEP1,VIM,-0.04426840750840295
HIVEP1,WHAMM,0.03497463832823425
HMBOX1,BTF3,-0.038924983120277756
HMBOX1,FTL,-0.041543007968711264
HMBOX1,FXYD5,-0.038772552169672
HMBOX1,IFITM1,-0.04185935636538665
HMBOX1,MT-CO1,-0.03351891030196135
HMBOX1,MT-CO2,-0.03658126387906797
HMBOX1,NACA,-0.061571061507112446
HMBOX1,RPL10A,-0.04946644038563978
HMBOX1,RPL12,-0.06702880960735152
HMBOX1,RPL15,-0.050742573753625474
HMBOX1,RPL18,-0.05750164422734218
HMBOX1,RPL19,-0.06421678284707458
HMBOX1,RPL22,-0.05750022124754373
HMBOX1,RPL23A,-0.06173878905378455
HMBOX1,RPL26,-0.06828082079807737
HMBOX1,RPL27A,-0.06269624903097555
HMBOX1,RPL41,-0.07676890038128048
HMBOX1,RPLP0,-0.0585025948932695
HMBOX1,RPLP1,-0.06692370346285212
HMBOX1,RPS11,-0.0355144703765196
HMBOX1,RPS15A,-0.07584637918134318
HMBOX1,RPS18,-0.07073461019005535
HMBOX1,RPS19,-0.07198783630417323
HMBOX1,RPS23,-0.06379988801203834
HMBOX1,RPS24,-0.05892636027886874
HMBOX1,RPS25,-0.06629153850431657
HMBOX1,RPS27A,-0.07578633833833362
HMBOX1,RPS3,-0.06491238957942638
HMBOX1,RPS6,-0.06046444506595078
HMBOX1,RPS7,-0.05873669169103787
HMBOX1,RPSA,-0.048652742182432596
HMBOX1,SERF2,-0.03500275944896755
HMBOX1,TOMM7,-0.0396493112310485
HMG20A,EIF1,-0.048270166796755
HMG20A,RPL13A,-0.039959611311136095
HMG20A,RPL15,-0.03443453627654095
HMG20A,RPL21,-0.043706151031021656
HMG20A,RPL3,-0.040461682541684044
HMG20A,RPL31,-0.03758420424654655
HMG20A,RPL36,-0.0479752314978676
HMG20A,RPS15A,-0.0544768024677931
HMG20A,RPS18,-0.053073571089013394
HMG20A,RPS25,-0.0473414307588264
HMG20A,RPS27,-0.05598528662794485
HMG20A,RPS3A,-0.04340863434204025
HMG20A,RPS6,-0.0426891793606924
HMG20A,TMSB10,-0.050610326651397655
HMG20B,EEF1A1,-0.046115905434740735
HMG20B,FAU,-0.052428003210070295
HMG20B,FTL,-0.03476893043343035
HMG20B,RPL10A,-0.043357292852580664
HMG20B,RPL11,-0.06922388609342191
HMG20B,RPL13,-0.06935959351044957
HMG20B,RPL15,-0.049598976000103046
HMG20B,RPL19,-0.05569524213993684
HMG20B,RPL22,-0.04550996053591327
HMG20B,RPL23A,-0.058517643662560404
HMG20B,RPL24,-0.0479842840036432
HMG20B,RPL26,-0.061614752551917173
HMG20B,RPL31,-0.0667818484830381
HMG20B,RPL34,-0.0799484020537551
HMG20B,RPL35A,-0.06637079392726997
HMG20B,RPL37,-0.059497087026499106
HMG20B,RPL37A,-0.0520601351380913
HMG20B,RPL38,-0.052296655712205174
HMG20B,RPL41,-0.0719211049899724
HMG20B,RPL5,-0.04622724086244505
HMG20B,RPS12,-0.0670292919794817
HMG20B,RPS15,-0.06971081127276624
HMG20B,RPS15A,-0.0764848061486509
HMG20B,RPS18,-0.06610932559413493
HMG20B,RPS20,-0.053138222523255244
HMG20B,RPS21,-0.054076064671218095
HMG20B,RPS27,-0.0796814243994097
HMG20B,RPS27A,-0.06450316406393493
HMG20B,RPS3A,-0.056313945875219464
HMG20B,RPS6,-0.06084921756666276
HMG20B,RPS7,-0.04765353788551276
HMG20B,RPS9,-0.0458519724832903
HMG20B,TPT1,-0.04530622597563425
HMG20B,UBA52,-0.0428829267912077
HSF1,B2M,-0.07991461854997396
HSF1,EEF1A1,-0.0456197592707465
HSF1,FTL,-0.0311186883690323
HSF1,MT-CO1,-0.0378724991189473
HSF1,MT-CO2,-0.04646283345756345
HSF1,MT-ND3,-0.03377589371030605
HSF1,PTMA,-0.06057808378551447
HSF1,RPL10A,-0.04609101618751247
HSF1,RPL11,-0.07418704603842943
HSF1,RPL12,-0.0653625652103935
HSF1,RPL13,-0.07398015855944244
HSF1,RPL13A,-0.06421854219362433
HSF1,RPL17,-0.06663574283075095
HSF1,RPL18,-0.051449594269092035
HSF1,RPL19,-0.05870777607723754
HSF1,RPL22,-0.0493031762861528
HSF1,RPL23A,-0.0596523763790738
HSF1,RPL27,-0.044171579304958464
HSF1,RPL32,-0.08124330970554833
HSF1,RPL34,-0.09024636165844895
HSF1,RPL35A,-0.07148433512965724
HSF1,RPL36,-0.07296033414344107
HSF1,RPL37,-0.0649174700395656
HSF1,RPL37A,-0.05751352937886827
HSF1,RPL38,-0.0552157485075585
HSF1,RPL41,-0.07927550675300217
HSF1,RPL6,-0.04900377745650564
HSF1,RPS12,-0.07123076260455584
HSF1,RPS14,-0.07503609811019313
HSF1,RPS15,-0.07502586601404837
HSF1,RPS15A,-0.0837718253214295
HSF1,RPS18,-0.0728190219979976
HSF1,RPS20,-0.05468365220425875
HSF1,RPS26,-0.033299906108094746
HSF1,RPS3,-0.05908905554598359
HSF1,RPS7,-0.05143135637992763
HSF1,RPS9,-0.04192285239802066
HSF1,TOMM7,-0.037946783831543596
HSF1,TPT1,-0.0498155284487648
HSF2,HLA-A,-0.042554752660018846
HSF2,IL32,-0.055085088354184256
HSF2,RPL10,-0.04797892981257745
HSF2,RPL12,-0.038398604105672654
HSF2,RPL23A,-0.0379114004023516
HSF2,RPL35,-0.034506630370921304
HSF2,RPL39,-0.04752614220386335
HSF2,RPS15,-0.04343565684333125
HSF2,RPS15A,-0.040705964437660655
HSF2,RPS18,-0.04591255097692165
HSF2,RPS23,-0.0325086502391833
IKZF1,AAK1,0.041612808973916
IKZF1,ABLIM1,0.05893295142495647
IKZF1,ACTB,-0.07983449774786723
IKZF1,ACTG1,-0.05619265171441071
IKZF1,ACTN1,0.04023486724589985
IKZF1,ADTRP,0.038501806381052
IKZF1,AIF1,0.03879984263789223
IKZF1,ANKRD44,0.049571860638867066
IKZF1,APBA2,0.04400146501542133
IKZF1,ASH1L,0.038120727840219436
IKZF1,ATM,0.05488895644459508
IKZF1,ATP5F1E,-0.05949175895007665
IKZF1,ATP5MG,-0.03883833931019045
IKZF1,B2M,-0.11754722591106
IKZF1,BCL11B,0.05002676437642443
IKZF1,BCL2,0.03991991831536975
IKZF1,BIRC6,0.0329197404769505
IKZF1,CALM1,-0.05657636690053605
IKZF1,CAMK4,0.06494257563989103
IKZF1,CCL5,-0.0485627311129403
IKZF1,CCR7,0.05966894788745567
IKZF1,CD52,-0.07038345250870683
IKZF1,CD55,0.0495918104703279
IKZF1,CELF2,0.046336669048031666
IKZF1,CEMIP2,0.0386160412411772
IKZF1,CERS6,0.05376230433979385
IKZF1,CFL1,-0.07001966085800035
IKZF1,CHD2,0.040824435307288034
IKZF1,CHD3,0.042946173451978195
IKZF1,CHMP7,0.04106062583321715
IKZF1,COMMD6,-0.040749061351488605
IKZF1,COX7C,-0.03893990377566385
IKZF1,CRIP1,-0.0758350479589605
IKZF1,CRLF3,0.03095982859968015
IKZF1,CRTC3,0.03966839569953155
IKZF1,CSGALNACT1,0.043313759488481235
IKZF1,CYBA,-0.0599776286539028
IKZF1,CYFIP2,0.03810215993562507
IKZF1,CYTH1,0.03976584341652225
IKZF1,CYTIP,0.0387781550692858
IKZF1,DDX17,0.0470892258880016
IKZF1,DDX6,0.04112577544196926
IKZF1,DOCK10,0.051531891491695535
IKZF1,DPYD,0.038388637691972004
IKZF1,DUSP1,-0.0409976727195855
IKZF1,EEF1A1,-0.06729434788728145
IKZF1,EIF1,-0.0567142252965981
IKZF1,EIF4B,0.05740132418972235
IKZF1,EMP3,-0.07773844225872151
IKZF1,EPB41,0.04401635632551417
IKZF1,EPHX2,0.0363940942492213
IKZF1,ETS1,0.069061204851605
IKZF1,FAM117B,0.042371026189681034
IKZF1,FAU,-0.0720965546464602
IKZF1,FHIT,0.055921475732106624
IKZF1,FKBP5,0.044082856513573354
IKZF1,FOXN3,0.03964225711385517
IKZF1,FOXO1,0.042425186689293196
IKZF1,FOXP1,0.064007898717145
IKZF1,FRYL,0.03189310497526415
IKZF1,FTH1,-0.0588809083937096
IKZF1,FTL,-0.055631892567643754
IKZF1,FXYD5,-0.06204811748319695
IKZF1,FYB1,0.03791710984876475
IKZF1,GAPDH,-0.08004260585668445
IKZF1,GCC2,0.0320703603994569
IKZF1,GLG1,0.03662112079409937
IKZF1,HERC1,0.0368905611204557
IKZF1,HIF1A,0.037070857478301356
IKZF1,HINT1,-0.047667934503537346
IKZF1,HLA-A,-0.0692376478322657
IKZF1,HLA-B,-0.050073836145723104
IKZF1,HLA-C,-0.046019635035939754
IKZF1,HNRNPU,0.040427167869487954
IKZF1,IFITM1,-0.0518556366654188
IKZF1,IFITM2,-0.04655611428735315
IKZF1,IGF1R,0.042832739931661
IKZF1,IL32,-0.06722211029215615
IKZF1,IL6ST,0.0667385117278763
IKZF1,ITK,0.047542662365952566
IKZF1,JMJD1C,0.03445716365412955
IKZF1,JUNB,-0.0391865055243618
IKZF1,KAT6A,0.0388616418089733
IKZF1,KLF12,0.03480756448691545
IKZF1,KLF6,-0.0694589907303559
IKZF1,KLRB1,-0.05966786646485617
IKZF1,LEF1,0.07357715261280114
IKZF1,LNPEP,0.0334054934096411
IKZF1,LRRN3,0.039507747713227966
IKZF1,LTB,-0.0467487950939243
IKZF1,LUC7L3,0.039511595031136534
IKZF1,MAL,0.039387047720347595
IKZF1,MAML2,0.06280708985334017
IKZF1,MBNL1,0.06334982217194064
IKZF1,MIF,-0.051300740717608054
IKZF1,MLLT3,0.045001862649932896
IKZF1,MYCBP2,0.037901754829401446
IKZF1,MYH9,0.03568075438499295
IKZF1,MYL12A,-0.0495206029050198
IKZF1,MYL6,-0.06452752238780496
IKZF1,NDFIP1,0.0520635533294568
IKZF1,NFKBIZ,0.03452243989031065
IKZF1,NIN,0.03785774029696865
IKZF1,NIPBL,0.0374691435559371
IKZF1,NUCB2,0.0377866616842378
IKZF1,OST4,-0.0330249021425863
IKZF1,OXNAD1,0.04635866750877528
IKZF1,PACS1,0.041949493081644605
IKZF1,PCED1B,0.040514247027051566
IKZF1,PCSK5,0.0406711718551434
IKZF1,PDE7A,0.04638028894355347
IKZF1,PDK1,0.04676905262545117
IKZF1,PFDN5,-0.06031080567856055
IKZF1,PFN1,-0.07030600204079282
IKZF1,PHC3,0.03707849768945263
IKZF1,PHF3,0.0409180998864871
IKZF1,PIK3CD,0.04423981106615145
IKZF1,PIK3IP1,0.05086337455013293
IKZF1,PIM1,0.030423834255588852
IKZF1,PITPNC1,0.03583324383417685
IKZF1,PLCL1,0.05976010442585085
IKZF1,PNISR,0.03802530692171195
IKZF1,PNN,0.03920487918464645
IKZF1,PPIA,-0.04993414810740685
IKZF1,PRKCA,0.049502399546691105
IKZF1,PRMT2,0.03902140528306005
IKZF1,PRPF8,0.035732457114181854
IKZF1,PRRC2C,0.0491884507354843
IKZF1,PSME1,-0.0532055094722437
IKZF1,PTMA,-0.05876021154124916
IKZF1,RAPGEF6,0.05287152273974614
IKZF1,RASA2,0.04127485290937067
IKZF1,RASA3,0.04369020275022243
IKZF1,RASGRP1,0.03115399887310925
IKZF1,RBL2,0.041852154919135645
IKZF1,RBMS1,0.0394934329854654
IKZF1,RCAN3,0.04533891868162526
IKZF1,RICTOR,0.0343120762005803
IKZF1,RIPOR2,0.0528788518719909
IKZF1,RPL10,-0.08158224192607497
IKZF1,RPL10A,-0.0581834617378676
IKZF1,RPL11,-0.08853718869669235
IKZF1,RPL12,-0.08699010873154114
IKZF1,RPL13,-0.0927988472233181
IKZF1,RPL14,-0.05966415501151735
IKZF1,RPL15,-0.0714333457166392
IKZF1,RPL17,-0.05838791899567365
IKZF1,RPL18,-0.0650562167789996
IKZF1,RPL18A,-0.0704152360666986
IKZF1,RPL19,-0.0717967602242779
IKZF1,RPL21,-0.0815346983706013
IKZF1,RPL23A,-0.066549471878237
IKZF1,RPL26,-0.06968180357548287
IKZF1,RPL27A,-0.06380275463273535
IKZF1,RPL28,-0.06652702625665151
IKZF1,RPL29,-0.06060600174782195
IKZF1,RPL3,-0.0733978540574
IKZF1,RPL31,-0.06616507618140205
IKZF1,RPL32,-0.09889113831707495
IKZF1,RPL34,-0.08716620457750346
IKZF1,RPL35,-0.060745069121194296
IKZF1,RPL35A,-0.08417995156421375
IKZF1,RPL36,-0.07620189653702747
IKZF1,RPL36A,-0.053217392572268304
IKZF1,RPL36AL,-0.0463145299626577
IKZF1,RPL39,-0.08329898739552634
IKZF1,RPL41,-0.08959194324354426
IKZF1,RPL6,-0.06551454939043085
IKZF1,RPL8,-0.07132150894657485
IKZF1,RPLP1,-0.07324755002052367
IKZF1,RPLP2,-0.07467995815548491
IKZF1,RPS12,-0.07580260194805966
IKZF1,RPS13,-0.07347713261578175
IKZF1,RPS14,-0.10037833182649014
IKZF1,RPS15,-0.10251552878996034
IKZF1,RPS15A,-0.07295158354858743
IKZF1,RPS18,-0.08293017267795887
IKZF1,RPS19,-0.08552281887956292
IKZF1,RPS2,-0.0858741829084655
IKZF1,RPS20,-0.04149448640304905
IKZF1,RPS21,-0.062034649647290704
IKZF1,RPS23,-0.07576763099767919
IKZF1,RPS25,-0.08236313102850959
IKZF1,RPS27,-0.08266679542928229
IKZF1,RPS27A,-0.0994398343467765
IKZF1,RPS28,-0.07796371847421917
IKZF1,RPS29,-0.0724427482747118
IKZF1,RPS3,-0.0839593096999082
IKZF1,RPS3A,-0.0591651149174691
IKZF1,RPS4X,-0.08711013869607864
IKZF1,RPS5,-0.050889018780948495
IKZF1,RPS6,-0.07593978297970186
IKZF1,RPS7,-0.06932333038627005
IKZF1,RPS8,-0.0758092614568107
IKZF1,RPS9,-0.055673588602681096
IKZF1,S100A10,-0.09271931225383434
IKZF1,S100A11,-0.08259766330396545
IKZF1,S100A4,-0.0868258512510166
IKZF1,S100A6,-0.05399568851231722
IKZF1,SAMHD1,0.04366403535925075
IKZF1,SATB1,0.05243151677309895
IKZF1,SELL,0.04307428293084758
IKZF1,SEMA4D,0.0390012772888479
IKZF1,SERF2,-0.04822726167103617
IKZF1,SERINC5,0.0436741034334967
IKZF1,SESN3,0.03663142798997596
IKZF1,SF1,0.047895351951945705
IKZF1,SH3BGRL3,-0.0849654863397098
IKZF1,SKAP1,0.03295406569099845
IKZF1,SLC38A1,0.0374238095863774
IKZF1,SLC8B1,0.03383448451454265
IKZF1,SMAP2,0.04381565658670533
IKZF1,SMCHD1,0.04772623808508656
IKZF1,SNX9,0.03881634985097875
IKZF1,SORL1,0.038185571796177833
IKZF1,SPTBN1,0.0407898912099798
IKZF1,SRRM2,0.043392480066002145
IKZF1,SSH2,0.0393617792008623
IKZF1,STAG1,0.032472159125220404
IKZF1,STAT3,0.039474858532535295
IKZF1,STK17B,0.041626568128257165
IKZF1,STK38,0.034762117375617546
IKZF1,STK4,0.0345126320775005
IKZF1,SUCLG2,0.03079414575972605
IKZF1,TAGLN2,-0.06128169472799465
IKZF1,TC2N,0.03631411351832025
IKZF1,TCF7,0.05141927434327525
IKZF1,TGFBR2,0.0645690693273665
IKZF1,TMA7,-0.04782121131892924
IKZF1,TMC8,0.0393338892836281
IKZF1,TMEM131L,0.0406158762793766
IKZF1,TMSB10,-0.06652273513749556
IKZF1,TMSB4X,-0.09990153519868643
IKZF1,TNRC6B,0.0398354679279846
IKZF1,TRABD2A,0.04803911633631007
IKZF1,TSHZ2,0.0438199021956864
IKZF1,TTC3,0.039311367466114855
IKZF1,TUT4,0.0388963924262812
IKZF1,TXK,0.05124903734441187
IKZF1,UBC,-0.07630259831102955
IKZF1,USP15,0.034237627725673694
IKZF1,USP3,0.03757815456075585
IKZF1,UTRN,0.0387516272397751
IKZF1,XRN1,0.03454878767335625
IKZF1,ZBTB20,0.0531158809218992
IKZF1,ZC3HAV1,0.043309296278126436
IKZF1,ZNF331,0.0357374952599642
IKZF1,ZNF609,0.03342628706310505
IKZF2,CHST11,0.0379190176476706
IKZF2,EEF1A1,-0.048809973778799656
IKZF2,EEF1B2,-0.050274739076359196
IKZF2,HINT1,-0.0394208084818215
IKZF2,IL10RA,0.040376051549239955
IKZF2,IL2RA,0.04270921605438995
IKZF2,IL7R,-0.05237826749628015
IKZF2,MAP3K1,0.0388728304234805
IKZF2,NIBAN1,0.04581989215063915
IKZF2,NOSIP,-0.06732521881324675
IKZF2,RGS1,0.03702117681294695
IKZF2,RPL11,-0.0465258014078765
IKZF2,RPL18,-0.0466032755814282
IKZF2,RPL23A,-0.0406240284823245
IKZF2,RPL26,-0.03756491798979045
IKZF2,RPL34,-0.0416301805900894
IKZF2,RPL35A,-0.049217288798755005
IKZF2,RPL7A,-0.05517813440516285
IKZF2,RPLP0,-0.0499091146778984
IKZF2,RPS12,-0.0476049779664836
IKZF2,RPS13,-0.0470109349488218
IKZF2,RPS14,-0.0645758199727833
IKZF2,RPS15A,-0.04801220703198225
IKZF2,RPS27A,-0.05662163755930095
IKZF2,RPS28,-0.0456086917888205
IKZF2,RPS3,-0.05591267708536875
IKZF2,RPS3A,-0.0455207654054467
IKZF2,RPSA,-0.0420275427034778
IKZF2,SOX4,0.06341403738176815
IKZF2,STAM,0.05924492726333205
IKZF2,TIGIT,0.0924127864606397
IKZF2,TOMM7,-0.044652058271541145
IKZF2,TPT1,-0.03863855247780125
IKZF2,TSHZ2,-0.057839047612107355
IKZF2,VAV3,0.04628267927501335
IKZF3,AHNAK,0.050948520556887325
IKZF3,AKAP13,0.035074157627116
IKZF3,ALOX5AP,0.03424994689404595
IKZF3,ANXA2,0.04392865309500535
IKZF3,ARAP2,0.043049680629730705
IKZF3,ATP2B4,0.04132447034085345
IKZF3,ATP5F1E,-0.041446482598140495
IKZF3,ATP5MC2,-0.045836237278410255
IKZF3,BTF3,-0.05403392106419771
IKZF3,BTG1,-0.05152226552719445
IKZF3,C12orf57,-0.05014961997455075
IKZF3,CD84,0.0364564383657958
IKZF3,CFLAR,0.0356754434864457
IKZF3,CLDND1,0.037881460719115856
IKZF3,COMMD6,-0.0473754727616269
IKZF3,CXCR3,0.0483515077062735
IKZF3,DUSP16,0.0429482038690348
IKZF3,EEF1A1,-0.09694784423446146
IKZF3,EEF1B2,-0.07571744447278483
IKZF3,EEF1D,-0.05821039542846317
IKZF3,EEF1G,-0.07181669504474754
IKZF3,EEF2,-0.052719974270510395
IKZF3,EIF1,-0.052440018424593476
IKZF3,EIF3E,-0.0483919166974346
IKZF3,EIF3K,-0.04219475506905365
IKZF3,FLNA,0.0431008771285307
IKZF3,FTH1,-0.050722344141395995
IKZF3,FXYD5,-0.04493133164984485
IKZF3,FYN,0.03916987743087415
IKZF3,GBP5,0.044680366065228405
IKZF3,GZMA,0.04931889432699825
IKZF3,H3-3B,-0.0421293296254438
IKZF3,HINT1,-0.039805597145575966
IKZF3,HIVEP2,0.0424282436090829
IKZF3,HNRNPA1,-0.0407139199051801
IKZF3,IQGAP2,0.035981001952267805
IKZF3,ITGA4,0.03961176892339158
IKZF3,ITGB1,0.04508547418421295
IKZF3,JUNB,-0.0443083592300373
IKZF3,KLF2,-0.05860782630918065
IKZF3,KLF6,0.044067404370392305
IKZF3,LCP1,0.03538569549556556
IKZF3,LDHB,-0.057641804074902804
IKZF3,LGALS3,0.038114375847057846
IKZF3,LIMS1,0.05468774214836903
IKZF3,MACF1,0.038799458907791726
IKZF3,MAF,0.05605443368559251
IKZF3,MAP3K4,0.043620641990032044
IKZF3,MAP3K5,0.04844248101092255
IKZF3,MYBL1,0.04732132224774045
IKZF3,MYH9,0.03613771825358373
IKZF3,MYO5A,0.036850717126184346
IKZF3,NACA,-0.0911345433951964
IKZF3,NOP53,-0.04897329778824895
IKZF3,NOSIP,-0.05163680010216105
IKZF3,NPM1,-0.05605852607633364
IKZF3,OGDH,0.037485207699438444
IKZF3,OPTN,0.0286125117695673
IKZF3,PABPC1,-0.060606892614930304
IKZF3,PHTF2,0.03919745812772135
IKZF3,PREX1,0.044365267866446054
IKZF3,PRKCB,0.0341862673318993
IKZF3,PTMA,-0.07827496036228052
IKZF3,PYHIN1,0.04541679625866727
IKZF3,RABGAP1L,0.044062654532807055
IKZF3,RACK1,-0.08561086150404344
IKZF3,RESF1,0.03954427502692018
IKZF3,RNF19A,0.0397778481021754
IKZF3,RNF213,0.03678019914681755
IKZF3,RORA,0.042169378733499324
IKZF3,RPL11,-0.11001509275372146
IKZF3,RPL12,-0.09763544022813048
IKZF3,RPL13A,-0.07986864978099462
IKZF3,RPL15,-0.08253748119662087
IKZF3,RPL17,-0.09572430587668428
IKZF3,RPL18,-0.09400286030165465
IKZF3,RPL18A,-0.106636995930079
IKZF3,RPL21,-0.08931679581934795
IKZF3,RPL22,-0.08400932887735495
IKZF3,RPL23,-0.05313844102370496
IKZF3,RPL23A,-0.08777406847379045
IKZF3,RPL24,-0.07703802001078955
IKZF3,RPL26,-0.10042737247601495
IKZF3,RPL27,-0.0653677559075312
IKZF3,RPL28,-0.09848885374448554
IKZF3,RPL3,-0.08626813783158835
IKZF3,RPL31,-0.08252337070797053
IKZF3,RPL34,-0.11363077628940747
IKZF3,RPL35A,-0.10303920954041645
IKZF3,RPL36,-0.09127207964318587
IKZF3,RPL36A,-0.06749601912419315
IKZF3,RPL37,-0.11102450407152453
IKZF3,RPL38,-0.0822005388804829
IKZF3,RPL39,-0.09989696756951685
IKZF3,RPL4,-0.06606065542848354
IKZF3,RPL41,-0.09760855273526167
IKZF3,RPL5,-0.10121754448319936
IKZF3,RPL6,-0.0836443756935335
IKZF3,RPL7,-0.0782637262876189
IKZF3,RPL7A,-0.09715929440322373
IKZF3,RPL8,-0.08616286926215735
IKZF3,RPL9,-0.08062521312107182
IKZF3,RPLP0,-0.08096977411040347
IKZF3,RPLP1,-0.08924652832099367
IKZF3,RPLP2,-0.096403635996168
IKZF3,RPS10,-0.06708400417479655
IKZF3,RPS11,-0.05721737895795926
IKZF3,RPS12,-0.10367446682262643
IKZF3,RPS13,-0.10608104601757709
IKZF3,RPS14,-0.10715974777032453
IKZF3,RPS15A,-0.10838010548415007
IKZF3,RPS16,-0.08128041361403603
IKZF3,RPS17,-0.06880823563623681
IKZF3,RPS18,-0.10024358786449977
IKZF3,RPS19,-0.1035661447048407
IKZF3,RPS20,-0.06113905784624465
IKZF3,RPS24,-0.08776240583906317
IKZF3,RPS25,-0.10231824820914828
IKZF3,RPS27A,-0.11231175965459647
IKZF3,RPS29,-0.08098026155435514
IKZF3,RPS3,-0.09406740099793498
IKZF3,RPS4X,-0.09214654515877037
IKZF3,RPS5,-0.08872813999047276
IKZF3,RPS7,-0.08971525823049563
IKZF3,RPS9,-0.08014191789535012
IKZF3,RPSA,-0.09183794366090144
IKZF3,S100A11,0.039189414387693355
IKZF3,SLAMF1,0.04442067222447345
IKZF3,SLFN5,0.0296450485051502
IKZF3,SMAD3,0.041072261997572954
IKZF3,SMCHD1,0.03356643858341745
IKZF3,SNRPD2,-0.04307134874430045
IKZF3,SPTAN1,0.036816058005829544
IKZF3,STOM,0.0438346789220501
IKZF3,TPT1,-0.0989954927678625
IKZF3,TSPAN5,0.036556449451094306
IKZF3,UTRN,0.0356635203249772
IKZF3,VPS13C,0.0349048190898939
IKZF3,YWHAH,0.03791211666390755
IKZF3,ZBTB38,0.04275543511053925
IKZF5,ACTB,-0.07480347033117005
IKZF5,ATP5F1E,-0.053779051757465
IKZF5,B2M,-0.09504325818224153
IKZF5,CFL1,-0.045946845088028404
IKZF5,EEF1A1,-0.05327263470046944
IKZF5,FAU,-0.05594176363010397
IKZF5,FTH1,-0.0392144511125646
IKZF5,HLA-A,-0.0472369550867006
IKZF5,HLA-B,-0.04794648800773285
IKZF5,HLA-C,-0.0393204464312294
IKZF5,IL32,-0.0593150061930051
IKZF5,LTB,-0.0483355344147037
IKZF5,MT-CO2,-0.03256570807179395
IKZF5,MYL12A,-0.0547175695242545
IKZF5,PDE3B,0.04167450911012535
IKZF5,PFDN5,-0.0413072809014915
IKZF5,PFN1,-0.0629981591191245
IKZF5,PSTK,0.05085493646075145
IKZF5,PTMA,-0.05149353957172405
IKZF5,RPL10,-0.06957592052976894
IKZF5,RPL10A,-0.046303873197558604
IKZF5,RPL11,-0.064254534213232
IKZF5,RPL12,-0.06021195896648993
IKZF5,RPL13,-0.06883145584954176
IKZF5,RPL13A,-0.05238222855428195
IKZF5,RPL14,-0.06230488108756731
IKZF5,RPL15,-0.05079356662956955
IKZF5,RPL18,-0.050903868586407774
IKZF5,RPL18A,-0.0596470444593692
IKZF5,RPL19,-0.05742123767016704
IKZF5,RPL21,-0.0578184088508339
IKZF5,RPL26,-0.05741028366592876
IKZF5,RPL28,-0.060993046193423106
IKZF5,RPL29,-0.0650102759044375
IKZF5,RPL3,-0.053111822538081804
IKZF5,RPL30,-0.056794206215181366
IKZF5,RPL31,-0.0481691847769557
IKZF5,RPL32,-0.0634510720508804
IKZF5,RPL34,-0.0722870789055786
IKZF5,RPL35,-0.052257188505923244
IKZF5,RPL35A,-0.05854285000024087
IKZF5,RPL36,-0.0584136646101534
IKZF5,RPL36A,-0.06430548134145131
IKZF5,RPL37,-0.06335835297131735
IKZF5,RPL39,-0.0716844222236082
IKZF5,RPL41,-0.06990171420780776
IKZF5,RPL6,-0.05625955156619003
IKZF5,RPL7,-0.0474279322972909
IKZF5,RPL8,-0.05180635075359654
IKZF5,RPLP0,-0.0499955164628366
IKZF5,RPLP1,-0.054416032127513635
IKZF5,RPLP2,-0.0584677162371446
IKZF5,RPS12,-0.057381249846711564
IKZF5,RPS13,-0.0627545259762394
IKZF5,RPS14,-0.0729881662531805
IKZF5,RPS15,-0.06448150917565407
IKZF5,RPS15A,-0.06333831960232757
IKZF5,RPS18,-0.06967434659768094
IKZF5,RPS19,-0.06171256561276347
IKZF5,RPS2,-0.06058565907985545
IKZF5,RPS20,-0.03268862670386795
IKZF5,RPS21,-0.07017078214996605
IKZF5,RPS23,-0.061740329198340355
IKZF5,RPS24,-0.0619417066099156
IKZF5,RPS25,-0.0628737620917128
IKZF5,RPS27,-0.0644843056414963
IKZF5,RPS27A,-0.0646172388681234
IKZF5,RPS28,-0.06925808218042744
IKZF5,RPS29,-0.0520135788447013
IKZF5,RPS3,-0.06352340508829579
IKZF5,RPS3A,-0.05596595055193995
IKZF5,RPS4X,-0.0638906952885276
IKZF5,RPS5,-0.046880847964105
IKZF5,RPS6,-0.0537564805902535
IKZF5,RPS7,-0.0577797913617272
IKZF5,RPS8,-0.05577283145460893
IKZF5,RPS9,-0.046421728643796
IKZF5,SERF2,-0.0472785103111107
IKZF5,SH3BGRL3,-0.05443142833033515
IKZF5,SMCHD1,0.0339315494328469
IKZF5,TMA7,-0.0435718758513569
IKZF5,TMSB10,-0.06695443528811407
IKZF5,ZNF331,0.050201560252525396
IRF1,ABLIM1,0.040401508664785854
IRF1,AHNAK,0.06548875012398628
IRF1,AIDA,0.03737240268454445
IRF1,AKAP13,0.038203671178465626
IRF1,ANKRD11,0.0365662449818528
IRF1,APOL3,0.035974573028663595
IRF1,APOL6,0.0429941570209163
IRF1,ARAP2,0.0392733945995598
IRF1,ARHGDIA,0.0407841357717679
IRF1,ARID4B,0.0416096143972804
IRF1,ARID5B,0.04208301819092865
IRF1,ASXL1,0.0333997508128869
IRF1,ATP5F1E,-0.042723661135193776
IRF1,ATP5MC2,-0.03714979844158395
IRF1,ATXN7,0.04257695631205155
IRF1,AZIN1,0.035147108705548546
IRF1,B2M,-0.11370270901180844
IRF1,BAZ1A,0.034694323464183344
IRF1,BCLAF1,0.047927664900666196
IRF1,BEST1,0.05887727627135815
IRF1,BRD2,0.0393560989505565
IRF1,BTF3,-0.0386762713062652
IRF1,BZW1,0.03766886033475857
IRF1,CANX,0.03661514700503185
IRF1,CAPNS1,0.0307929827085506
IRF1,CASP4,0.0341262487256053
IRF1,CAST,0.04505090360621023
IRF1,CCDC107,0.02973366894326155
IRF1,CCNH,0.054792449841391554
IRF1,CCNL1,0.05617795727719635
IRF1,CCT7,0.0313511521377093
IRF1,CD3D,-0.051551157788729804
IRF1,CD3E,-0.06695139930919035
IRF1,CD44,0.0569106227444831
IRF1,CD47,0.031034436093576902
IRF1,CD55,0.06885623741283595
IRF1,CD69,0.10604413919257753
IRF1,CD74,0.05083238487310815
IRF1,CD82,0.03410979000230515
IRF1,CD99,0.04410083404656025
IRF1,CDC42SE2,0.03480604866331735
IRF1,CEMIP2,0.044136735699858654
IRF1,CFLAR,0.0465573698583789
IRF1,CHMP4A,0.036057552579099955
IRF1,CHST11,0.03469153287434815
IRF1,CLIC1,0.0387329897443275
IRF1,CLK1,0.04918814630712115
IRF1,COQ7,0.03063262143942975
IRF1,COX4I1,-0.04774438995418193
IRF1,COX5A,0.03403843584369535
IRF1,CREBBP,0.03840520707904125
IRF1,CREM,0.0605402952477556
IRF1,CRYBG1,0.043389356105673696
IRF1,CTSA,0.031384105818288446
IRF1,CTSS,0.038373301962364104
IRF1,CXCR4,0.10650987003560665
IRF1,CYCS,0.0539781167199536
IRF1,CYLD,0.03924664202364528
IRF1,DDX3X,0.05867552355505163
IRF1,DHRS7,0.03343505375654025
IRF1,DNAJA1,0.0643336435325766
IRF1,DYNLRB1,0.0347264160967511
IRF1,EAPP,0.029949684000545748
IRF1,EEF1A1,-0.08571461681461835
IRF1,EHD1,0.03359858849526765
IRF1,EIF3E,-0.042908435207329204
IRF1,EIF5A,0.05613364903791575
IRF1,EMB,0.04506910272993285
IRF1,EML4,0.03894391139350847
IRF1,ENO1,0.0426859253534161
IRF1,ENY2,0.0290174917704643
IRF1,EPSTI1,0.038767142057586766
IRF1,ERP44,0.0296646844826383
IRF1,EZR,0.0542184643649931
IRF1,FAS,0.03910600546473727
IRF1,FBXO7,0.030321540933428752
IRF1,FTL,-0.06549073769794833
IRF1,FYN,0.03923569025820265
IRF1,G3BP2,0.04819641470267962
IRF1,GALM,0.0313919819846928
IRF1,GALT,0.0305994679792221
IRF1,GBP1,0.052206811481799204
IRF1,GBP4,0.04901548811970567
IRF1,GHITM,0.03257609036494855
IRF1,GLIPR1,0.04177952890454365
IRF1,GNL1,0.02797268133019115
IRF1,GOLGB1,0.041887207124648745
IRF1,GSDMD,0.03561384776369985
IRF1,GSTK1,0.03651761584987345
IRF1,GTF3A,0.03696085892373715
IRF1,GUK1,0.0353095847693993
IRF1,HERC1,0.037388951716019456
IRF1,HERPUD1,0.045753437803949304
IRF1,HEXIM1,0.03555999417484985
IRF1,HLA-DPA1,0.03772683406464005
IRF1,HLA-DPB1,0.037411068575463946
IRF1,HLA-F,0.03913408448065415
IRF1,HNRNPA3,0.0361140482121351
IRF1,HNRNPUL1,0.048790351190555636
IRF1,HOPX,0.0395812155270149
IRF1,HSPA9,0.04403602239216226
IRF1,ID2,0.055749247264259234
IRF1,IDH2,0.0326165419877779
IRF1,IER2,0.057086614838674
IRF1,IFI16,0.0402661338466252
IRF1,IFRD1,0.05550712593472847
IRF1,IL10RA,0.044242000305588544
IRF1,IQGAP2,0.036726967359666296
IRF1,IRF9,0.06397892075807884
IRF1,ISG15,0.03306858162096365
IRF1,ITGB1,0.05293547188504663
IRF1,ITGB2,0.0409119368883347
IRF1,IVNS1ABP,0.05627724397453571
IRF1,JAK1,0.04620496805016935
IRF1,JMJD1C,0.0518063346363397
IRF1,JUND,0.07815073254037447
IRF1,KARS1,0.0377069308283464
IRF1,KDM2A,0.06816085288992955
IRF1,KLRB1,0.04749489427917677
IRF1,KLRG1,0.038398749908828855
IRF1,LMNA,0.05990275068714979
IRF1,LRP10,0.0307546128501391
IRF1,LRRFIP1,0.052806217995303995
IRF1,LY6E,0.0306251941891659
IRF1,M6PR,0.0367451117141806
IRF1,MAPKAPK2,0.03394087772653355
IRF1,MBP,0.04857116311535935
IRF1,MCL1,0.06820412137750315
IRF1,METTL9,0.0353330413737862
IRF1,MKRN1,0.03100804448139985
IRF1,MOB1A,0.03697378807864755
IRF1,MRFAP1,0.03478585978040365
IRF1,MRPL54,0.03209835404880375
IRF1,MVP,0.031043772492933948
IRF1,MYL12A,-0.06552473350326815
IRF1,NACA,-0.0721921818870582
IRF1,NAMPT,0.05476512311289244
IRF1,NAP1L4,0.0385384711308035
IRF1,NCK2,0.03663767137131635
IRF1,NDUFV2,0.029445711572589302
IRF1,NECAP2,0.03599074968948565
IRF1,NFKBIA,0.1334030022790503
IRF1,NLRC5,0.04125320304713818
IRF1,NMI,0.030106233391776302
IRF1,NOP56,0.03343673825162505
IRF1,NPM1,-0.0378321671743335
IRF1,NR3C1,0.03694578743398353
IRF1,NR4A2,0.0985257326774324
IRF1,NSMCE3,0.0455137067602346
IRF1,NUB1,0.034182198299589
IRF1,ODC1,0.04856992644285454
IRF1,OPTN,0.04813704170289983
IRF1,P4HB,0.0408021341832953
IRF1,PARP1,0.0348029014526755
IRF1,PARP8,0.03772242969689528
IRF1,PARP9,0.041131840540617935
IRF1,PCGF5,0.03943895571736005
IRF1,PDIA6,0.0388460414155748
IRF1,PFN1,-0.0446179047915036
IRF1,PGK1,0.0361271086834931
IRF1,PIK3R1,0.041909445081760324
IRF1,PMAIP1,0.05108883196543396
IRF1,PNPLA8,0.03925653556371365
IRF1,PNRC1,0.09082860237277475
IRF1,PPM1G,0.0350817160299729
IRF1,PPP1R12A,0.035738096245168396
IRF1,PPP2R5C,0.04427347386264883
IRF1,PRDM1,0.03979002330033935
IRF1,PRDX1,0.03688096960076985
IRF1,PRKCB,0.0369935059801931
IRF1,PRRC2C,0.06454652017560765
IRF1,PSMA3,0.0324576492268628
IRF1,PSMB10,0.034744400649218
IRF1,PSMB8,0.03719565267162585
IRF1,PSMB9,0.044258550201239165
IRF1,PSME2,0.04075258443383967
IRF1,PTMA,-0.08473168638050636
IRF1,PTP4A2,0.032196187039262296
IRF1,RAB2A,0.031286755686958496
IRF1,RAB7A,0.0312715500651715
IRF1,RACK1,-0.05433814610226535
IRF1,RALY,0.0322188918101853
IRF1,RAN,0.03599839034424425
IRF1,RANBP2,0.03543042245048025
IRF1,RBBP6,0.037658071732054155
IRF1,RBM3,0.04050169230167635
IRF1,RBM39,0.04314842583010285
IRF1,RHOH,0.045311712564384904
IRF1,RNF125,0.0563773370400959
IRF1,RNF139,0.053844079030472565
IRF1,RNF149,0.0321816066738973
IRF1,RNF19A,0.0463093801959344
IRF1,RNF213,0.04527084400155505
IRF1,RPL10A,-0.09488348867209663
IRF1,RPL14,-0.08195793524329781
IRF1,RPL18,-0.08804901087079033
IRF1,RPL19,-0.10024366821059522
IRF1,RPL23,-0.055821281211139204
IRF1,RPL24,-0.07759870982998797
IRF1,RPL29,-0.0748180207569409
IRF1,RPL31,-0.1200520607776338
IRF1,RPL37,-0.08557028148142853
IRF1,RPL37A,-0.08617846314051593
IRF1,RPL38,-0.07655289700770505
IRF1,RPL5,-0.08594039779003408
IRF1,RPL7,-0.12141364503823139
IRF1,RPL9,-0.0797443838905969
IRF1,RPS11,-0.0550482976309913
IRF1,RPS12,-0.09717140741390268
IRF1,RPS15A,-0.11602070703591294
IRF1,RPS16,-0.08629601157556323
IRF1,RPS18,-0.1378278537889343
IRF1,RPS20,-0.08112096423988903
IRF1,RPS21,-0.09446417729476961
IRF1,RPS27,-0.13632940557008577
IRF1,RPS27A,-0.11863175699110998
IRF1,RPS29,-0.11426864502158272
IRF1,RPS3,-0.09990058645023395
IRF1,RPS8,-0.09679383700006433
IRF1,RSRC2,0.04673305524190875
IRF1,RTN4,0.03657956272358485
IRF1,S100A10,0.0371758745150438
IRF1,SAMD9L,0.032586317978114204
IRF1,SCAND1,0.03014876208846455
IRF1,SCP2,0.0296158872893508
IRF1,SEC11A,0.03390934596815755
IRF1,SELENOK,0.06178437949628884
IRF1,SIK3,0.0452417838428219
IRF1,SMARCE1,0.0304143207838341
IRF1,SMCHD1,0.0502117551971115
IRF1,SNRPB,0.0350373784334216
IRF1,SNX6,0.0346300674891767
IRF1,SOCS1,0.058323488808909196
IRF1,SOD2,0.04679449100718295
IRF1,SORL1,0.0401951372561474
IRF1,SP100,0.0393243824428791
IRF1,SQSTM1,0.042747601301993496
IRF1,SRRM2,0.05303356518921446
IRF1,SRSF7,0.0609972502287665
IRF1,SSBP4,0.0325354547899952
IRF1,STAT1,0.100696851675976
IRF1,STAT3,0.05009422948177225
IRF1,STING1,0.0322432578241914
IRF1,STRAP,0.030239295774889048
IRF1,STT3B,0.0356698926195666
IRF1,SUB1,0.0369838579985843
IRF1,SYNE2,0.05311707929305505
IRF1,SYTL1,0.03523603783211275
IRF1,TAGLN2,0.05700108642103495
IRF1,TANK,0.03036222802098855
IRF1,TAP1,0.049574503782673696
IRF1,TAPBP,0.04228665065372791
IRF1,TAX1BP1,0.03613647125043605
IRF1,TCAF2,0.0429418946135737
IRF1,TENT5C,0.07621665260717886
IRF1,TERF2IP,0.034118364665832804
IRF1,TFRC,0.037124441908432754
IRF1,THOC7,0.02936604268900285
IRF1,TLE4,0.03289888774397155
IRF1,TMBIM6,0.03262344620117
IRF1,TMSB10,-0.0984353698267314
IRF1,TMX4,0.03416501462041955
IRF1,TNFRSF1B,0.0322168921129177
IRF1,TNFSF10,0.0350123889749132
IRF1,TOB1,0.055536627178490755
IRF1,TPM3,0.0421926209129151
IRF1,TPM4,0.033960301107213
IRF1,TRADD,0.051800879567723446
IRF1,TRIM22,0.038082458727755
IRF1,TSC22D3,0.0776184146750384
IRF1,TUBA4A,0.031109972427841803
IRF1,TXNIP,-0.04810387797584065
IRF1,UBALD2,0.05383628537477365
IRF1,UBC,0.05174183083394605
IRF1,UBE2L6,0.049230361948461504
IRF1,UCP2,0.034612062430842194
IRF1,USP10,0.03671374301025785
IRF1,USP3,0.05051969656675695
IRF1,USP36,0.05069186923214255
IRF1,UTRN,0.042806420456039454
IRF1,VAMP5,0.02969678037243675
IRF1,WDR74,0.030478593410214597
IRF1,WHAMM,0.054575925218299404
IRF1,WIPF1,0.03750756367655455
IRF1,WNK1,0.0338813341749303
IRF1,XAF1,0.0335160267203093
IRF1,XRCC5,0.03648034185318335
IRF1,YPEL5,0.08686554798699657
IRF1,YWHAH,0.03210183549446755
IRF1,YWHAQ,0.039016455305827355
IRF1,ZC3H12D,0.03400208107180085
IRF1,ZC3HAV1,0.045320678815604795
IRF1,ZFP36,0.08313828321468823
IRF1,ZFP36L1,0.0423363780517981
IRF2,ACTR3,0.03128891574101445
IRF2,ANXA6,0.03161081917397985
IRF2,B2M,-0.08572775002212914
IRF2,COX7C,-0.0329795712755217
IRF2,DENND2D,0.0402444943130363
IRF2,EEF1A1,-0.061761956682695476
IRF2,EEF1B2,-0.0374448255346823
IRF2,EEF1D,-0.0358229640551209
IRF2,EIF1,-0.057814405403069924
IRF2,ENO1,0.03038204241714325
IRF2,FAU,-0.06579837662898623
IRF2,FTH1,-0.05432578478430178
IRF2,FTL,-0.04453083188080174
IRF2,H3-3B,-0.0512836111922245
IRF2,JUNB,-0.04273074688369565
IRF2,LCP1,0.0344673607383829
IRF2,MT-ATP6,-0.0443045031366711
IRF2,MT-CO2,-0.049668390156991704
IRF2,MT-CO3,-0.051883163318682354
IRF2,NACA,-0.0489825400366682
IRF2,PFDN5,-0.046990732318821
IRF2,PGK1,0.029131930796145497
IRF2,PPP1R18,0.0372158663020877
IRF2,PSMB9,0.037173512444194
IRF2,PTMA,-0.05756958884459458
IRF2,RHOA,0.0291347581962607
IRF2,RPL10,-0.08026776351096404
IRF2,RPL10A,-0.054336913567269926
IRF2,RPL11,-0.0746391159430755
IRF2,RPL12,-0.07599490407938427
IRF2,RPL13,-0.07868762559276357
IRF2,RPL13A,-0.07548999457179525
IRF2,RPL14,-0.05993759002419371
IRF2,RPL15,-0.05915331501325523
IRF2,RPL17,-0.058879109127846406
IRF2,RPL18,-0.05897998697903782
IRF2,RPL18A,-0.07337234754444442
IRF2,RPL19,-0.064266940646793
IRF2,RPL21,-0.0796545017862453
IRF2,RPL22,-0.056654257498244175
IRF2,RPL23A,-0.06741638962506598
IRF2,RPL24,-0.0498227279245868
IRF2,RPL26,-0.0675464051102165
IRF2,RPL27,-0.046318495971577195
IRF2,RPL27A,-0.07677209481676987
IRF2,RPL28,-0.07018892706626914
IRF2,RPL29,-0.059090877799365504
IRF2,RPL30,-0.06677680960873114
IRF2,RPL31,-0.07077189175200681
IRF2,RPL32,-0.08021950501529834
IRF2,RPL34,-0.09755212725475647
IRF2,RPL35,-0.059593936285848526
IRF2,RPL35A,-0.08024053190448806
IRF2,RPL36,-0.07975151139270567
IRF2,RPL36A,-0.058204849001260765
IRF2,RPL37,-0.06681576080633954
IRF2,RPL37A,-0.05431521233461105
IRF2,RPL38,-0.056456431987123724
IRF2,RPL4,-0.0468228469522198
IRF2,RPL41,-0.08847656503907807
IRF2,RPL5,-0.0555057760239693
IRF2,RPL6,-0.05813786984769223
IRF2,RPL7,-0.0651035427940697
IRF2,RPL7A,-0.055586105622766405
IRF2,RPL8,-0.0582536184868891
IRF2,RPL9,-0.05571770163193818
IRF2,RPLP0,-0.04025653157019135
IRF2,RPLP1,-0.06722388330824867
IRF2,RPLP2,-0.07347074450910593
IRF2,RPS11,-0.04218474873105204
IRF2,RPS12,-0.06859031235430657
IRF2,RPS13,-0.0764290676705917
IRF2,RPS14,-0.07848624675372365
IRF2,RPS15,-0.07423301916497918
IRF2,RPS15A,-0.07853877663209755
IRF2,RPS16,-0.05954170959518398
IRF2,RPS18,-0.07979709807589777
IRF2,RPS19,-0.07468179491909518
IRF2,RPS2,-0.06981757452549958
IRF2,RPS20,-0.0556389155774919
IRF2,RPS21,-0.06294558149697203
IRF2,RPS23,-0.0679337949129327
IRF2,RPS24,-0.0556145157122021
IRF2,RPS25,-0.07079843353639295
IRF2,RPS26,-0.036496898324963445
IRF2,RPS27,-0.09450212222026382
IRF2,RPS27A,-0.07842199646865093
IRF2,RPS28,-0.08861621365468786
IRF2,RPS29,-0.08139785431366753
IRF2,RPS3,-0.06760107626877297
IRF2,RPS3A,-0.06313542211777427
IRF2,RPS4X,-0.06518903984436336
IRF2,RPS5,-0.05395025938438314
IRF2,RPS6,-0.06992032191486393
IRF2,RPS7,-0.05662569366129637
IRF2,RPS8,-0.0733201041425466
IRF2,RPS9,-0.05276658676581207
IRF2,RPSA,-0.04362858628298413
IRF2,SLFN5,0.0367287392290613
IRF2,STAT1,0.0318114468518606
IRF2,TMSB10,-0.0714026153761436
IRF2,TNFSF10,0.038104956360057896
IRF2,TOMM7,-0.038101167771555
IRF2,TPT1,-0.05498256274666253
IRF2,UBA52,-0.04731168964873737
IRF2,VSIR,0.0280081458475922
IRF2,XRCC5,0.02997635669748345
IRF3,ACTB,-0.035868879971227265
IRF3,ADAR,0.0325605912683246
IRF3,AHNAK,0.03630630179580925
IRF3,AKAP13,0.02992832270870155
IRF3,ANKRD11,0.0342714528881668
IRF3,ANKRD12,0.0332804323024017
IRF3,APEX1,0.03039131539371465
IRF3,ARHGAP15,0.02918345768696845
IRF3,ARHGAP30,0.0366331730713188
IRF3,ARID4A,0.0288097516555186
IRF3,ARID4B,0.0322489827634584
IRF3,ATRX,0.033362359942686146
IRF3,B2M,-0.1008545698694334
IRF3,BPTF,0.028878658686217452
IRF3,BTN3A2,0.03249362955529715
IRF3,CAST,0.0304417279139385
IRF3,CD74,0.0350817434001778
IRF3,CDC37,0.0316252802622531
IRF3,CFLAR,0.03340982408716425
IRF3,CISH,0.038359043958644604
IRF3,COMMD6,-0.03336739417569405
IRF3,COTL1,0.030976642972380848
IRF3,COX7C,-0.037119066953891305
IRF3,CRBN,0.0280784400711977
IRF3,CYLD,0.031835450817347705
IRF3,CYTH1,0.03238385342579945
IRF3,DDX39B,0.0365382850672377
IRF3,EEF1A1,-0.07036980940896635
IRF3,EEF1D,-0.03759277726147317
IRF3,EEF1G,-0.050899870065000255
IRF3,EIF1,-0.054597942754299
IRF3,ENO1,0.03320180086719775
IRF3,FNBP4,0.029564061419056452
IRF3,FTL,-0.0467951533488086
IRF3,FYN,0.031544773915788554
IRF3,GIMAP2,0.03051498137423645
IRF3,GIMAP7,0.04375865379162954
IRF3,GRB2,0.0318097505581508
IRF3,H3-3B,-0.04764473361787225
IRF3,HLA-F,0.0332972119419114
IRF3,HNRNPA1,-0.0337482398128894
IRF3,HSP90B1,0.0306995645311013
IRF3,HSPD1,0.02991295117862005
IRF3,IL10RA,0.03102320292315435
IRF3,ILF3,0.03331928538652045
IRF3,ITGB1,0.0288463995279499
IRF3,ITGB2,0.031947017165737
IRF3,JAK1,0.03522699216698795
IRF3,JUNB,-0.04564469312731543
IRF3,LBH,0.0350530875473117
IRF3,LCP1,0.03630212892373675
IRF3,LRCH4,0.02955265539813505
IRF3,M6PR,0.03141942487991375
IRF3,MYH9,0.03435076027179875
IRF3,NACA,-0.0448007636914692
IRF3,NAP1L4,0.034034170519972096
IRF3,NCL,0.03482699968624335
IRF3,NKTR,0.030986767988835352
IRF3,OPTN,0.0380742700462151
IRF3,OSBPL8,0.0292489265338661
IRF3,PBXIP1,0.0396583135902627
IRF3,PCM1,0.0317164730602673
IRF3,PFDN5,-0.05222384158083663
IRF3,PGLS,0.029577060238345
IRF3,PHB2,0.03199810051253435
IRF3,PHF3,0.03239289417009885
IRF3,PIK3R1,0.03110021135299835
IRF3,PKM,0.03245897206841755
IRF3,PNN,0.0378826572044861
IRF3,PPM1G,0.029141040207904402
IRF3,PRDX1,0.0296830468901228
IRF3,PRPF40A,0.03045093059866425
IRF3,PSAP,0.03340874639541805
IRF3,PSMB8,0.03113938996739265
IRF3,PTMA,-0.07116531589214767
IRF3,RAC2,0.0326174550449122
IRF3,RAN,0.029911522360979353
IRF3,RBM25,0.03228162608810665
IRF3,RCSD1,0.03526940622445075
IRF3,RNF213,0.0338782655463582
IRF3,RPL11,-0.0817807773143237
IRF3,RPL13,-0.08695934968137405
IRF3,RPL13A,-0.0805418781774361
IRF3,RPL14,-0.061275754197562975
IRF3,RPL17,-0.07253745060962843
IRF3,RPL18A,-0.08448376763106893
IRF3,RPL22,-0.05356522384900205
IRF3,RPL23,-0.043606306252059
IRF3,RPL23A,-0.07676861091254225
IRF3,RPL27,-0.05547894071722575
IRF3,RPL28,-0.07586950564693207
IRF3,RPL29,-0.05885431077609385
IRF3,RPL3,-0.07525210657116313
IRF3,RPL30,-0.07083853859180259
IRF3,RPL35A,-0.07841963582535168
IRF3,RPL37,-0.06270254732131438
IRF3,RPL38,-0.059943262397050334
IRF3,RPL39,-0.10356438511376154
IRF3,RPL4,-0.05491437667951325
IRF3,RPL5,-0.05576874632987686
IRF3,RPL6,-0.060036077458444324
IRF3,RPL9,-0.05916443167282667
IRF3,RPLP0,-0.04544211328018186
IRF3,RPLP1,-0.07246282503777254
IRF3,RPLP2,-0.0805499556369364
IRF3,RPS11,-0.0496250621009442
IRF3,RPS12,-0.0768934692923289
IRF3,RPS16,-0.06429910086845357
IRF3,RPS18,-0.08960789935708117
IRF3,RPS2,-0.07662213269296984
IRF3,RPS20,-0.060401398581556465
IRF3,RPS23,-0.07655044080717355
IRF3,RPS26,-0.0317639179598867
IRF3,RPS28,-0.09909506801804242
IRF3,RPS3,-0.07184083101103503
IRF3,RPS4X,-0.07388204646883298
IRF3,RPS5,-0.058924438981915905
IRF3,RPS7,-0.060997934491659606
IRF3,RPS8,-0.07522778671936647
IRF3,RPS9,-0.0613880172933746
IRF3,RPSA,-0.048925886683712096
IRF3,SAFB2,0.03065185577646765
IRF3,SAMHD1,0.0335834431277589
IRF3,SF3B2,0.0294524541948106
IRF3,SFPQ,0.03373507037314
IRF3,SLFN5,0.034790610301026
IRF3,SLTM,0.028857114837211602
IRF3,SMC3,0.0303290173551878
IRF3,SNW1,0.02977873629649535
IRF3,STAT1,0.029654101812971748
IRF3,SYNE2,0.03909698917662845
IRF3,TAOK3,0.02999389414255115
IRF3,TAPBP,0.031063574749588097
IRF3,THRAP3,0.0328069455398281
IRF3,TMA7,-0.0353752963983388
IRF3,TMSB10,-0.08601351765504606
IRF3,TPR,0.034008563604170705
IRF3,TRIM44,0.030306610234179597
IRF3,UBE2I,0.0294890947708478
IRF3,UCP2,0.0315573376622911
IRF3,UTRN,0.03192390684880045
IRF3,VPS51,0.03162902878454235
IRF3,WDR1,0.0292237764245913
IRF3,XRCC5,0.03108893665936625
IRF3,ZNF101,0.02830085603390425
IRF3,ZNF292,0.02896278962677775
IRF4,B2M,-0.0437706756274213
IRF4,BCL2,0.0382288111969152
IRF4,IL32,-0.0417189336265391
IRF4,PFN1,-0.03820370857928595
IRF4,RPS19,-0.035148938509507
IRF4,SH3BGRL3,-0.0399502209632202
IRF5,ACTN4,0.05381971890162204
IRF5,AHNAK,0.0672887786198907
IRF5,CLIC1,0.0648445877134806
IRF5,CRIP1,0.0599961487482254
IRF5,EEF1A1,-0.0587164708350222
IRF5,EEF1B2,-0.06193070982547305
IRF5,NPDC1,0.05125620342698995
IRF5,RPL10A,-0.0524683264252976
IRF5,RPL11,-0.058107472204182796
IRF5,RPL12,-0.04450697889723881
IRF5,RPL13,-0.05472387143330563
IRF5,RPL13A,-0.04583205726646055
IRF5,RPL15,-0.04629038139551585
IRF5,RPL18,-0.06093616765314849
IRF5,RPL19,-0.055375336987050966
IRF5,RPL21,-0.0455240723771753
IRF5,RPL23A,-0.0443568461114717
IRF5,RPL24,-0.05794381620493485
IRF5,RPL26,-0.0433854043898344
IRF5,RPL3,-0.0475124843714571
IRF5,RPL31,-0.04866674355523751
IRF5,RPL34,-0.05499478124488986
IRF5,RPL35A,-0.055761273047878125
IRF5,RPL36,-0.04058792841709367
IRF5,RPL5,-0.06354336892856755
IRF5,RPL7,-0.0484238215102863
IRF5,RPL7A,-0.05168109780514055
IRF5,RPL8,-0.045590306160191496
IRF5,RPLP2,-0.0520830240487253
IRF5,RPS12,-0.07107318008472215
IRF5,RPS13,-0.06436503753798456
IRF5,RPS15,-0.0497598747158258
IRF5,RPS15A,-0.05628396582293304
IRF5,RPS18,-0.04781105327902554
IRF5,RPS19,-0.04605572424822975
IRF5,RPS2,-0.05263807204466456
IRF5,RPS21,-0.0508610253372967
IRF5,RPS23,-0.0583841123853463
IRF5,RPS27,-0.05226946499922324
IRF5,RPS27A,-0.05834165184844394
IRF5,RPS28,-0.0491359349573977
IRF5,RPS29,-0.0373783067227775
IRF5,RPS3,-0.05259308835986026
IRF5,RPS3A,-0.07601011634692625
IRF5,RPS5,-0.06584115044025529
IRF5,RPS6,-0.052861942115571874
IRF5,RPS7,-0.048859651435332704
IRF5,RPS8,-0.0675111839677348
IRF5,RPS9,-0.0461249999001457
IRF5,SARAF,-0.06324701688704609
IRF5,SH3BGRL3,0.0669016510694784
IRF5,TMSB10,-0.0363763643600153
IRF5,TPT1,-0.05725948329649315
IRF7,EIF2AK2,0.0411581122905132
IRF7,EPSTI1,0.05210465445585127
IRF7,GBP1,0.0448906758236167
IRF7,IFI44,0.0463002825940997
IRF7,IFI6,0.04482303916278245
IRF7,IFIT3,0.06288514630551086
IRF7,ISG15,0.050176410042605896
IRF7,MX1,0.062088325091646836
IRF7,OAS3,0.045518839800195
IRF7,PARP10,0.037783853826186646
IRF7,PARP9,0.045651942725839
IRF7,PSMB10,0.03796202457596465
IRF7,RPL5,-0.0450849422097756
IRF7,RPS15A,-0.062223060892208776
IRF7,SAMD9L,0.04741944809100525
IRF7,SHFL,0.038084876229364004
IRF7,STAT1,0.04877860656923165
IRF7,TRIM22,0.037490929480881646
IRF7,UBE2L6,0.04643124150299947
IRF7,XAF1,0.054302967999301226
IRF9,ADAR,0.037605890617219154
IRF9,B2M,-0.08090002741638613
IRF9,CFLAR,0.029893666887015648
IRF9,COX7C,-0.04084929641806275
IRF9,EEF1A1,-0.0682820425701775
IRF9,EIF1,-0.038987543891121974
IRF9,EPSTI1,0.049241285772275135
IRF9,FTL,-0.04210432681698667
IRF9,GBP1,0.04423921927797088
IRF9,H3-3B,-0.03448331753788635
IRF9,IRF1,0.06397892075807884
IRF9,IRF7,0.04407103357090015
IRF9,ISG15,0.04079176219019065
IRF9,LY6E,0.0454160168104161
IRF9,MX1,0.041611470015206306
IRF9,PARP9,0.0442362268335003
IRF9,PSMB9,0.04548240895139005
IRF9,PSME2,0.047670306946386506
IRF9,RACK1,-0.04919297141413195
IRF9,RNF213,0.0300157586308771
IRF9,RPL10A,-0.059962460989481825
IRF9,RPL13A,-0.0728613616301254
IRF9,RPL24,-0.0611051439812044
IRF9,RPL26,-0.07427625547656483
IRF9,RPL27,-0.05711650420880224
IRF9,RPL37,-0.0660786541296314
IRF9,RPL41,-0.08367946703036895
IRF9,RPL7A,-0.05977964454185253
IRF9,RPL9,-0.05957330127326098
IRF9,RPS14,-0.08684519988134398
IRF9,RPS15A,-0.08396041146429037
IRF9,RPS18,-0.08245793562113887
IRF9,RPS25,-0.07726484204077702
IRF9,RPS26,-0.03972903065567225
IRF9,RPS27,-0.08999538880510587
IRF9,RPS3A,-0.0704867478470107
IRF9,SAMD9L,0.03999346227722485
IRF9,SAMHD1,0.03164558024338295
IRF9,STAT1,0.084213271722827
IRF9,SYNE2,0.03186952295915465
IRF9,TAP1,0.0436952685435781
IRF9,TKT,0.02813401297884055
IRF9,TMSB4X,-0.08073361784606083
IRF9,TPT1,-0.06929604988839894
IRF9,TRIM22,0.037437317243379065
IRF9,UBA52,-0.060408795692061264
IRF9,UBE2L6,0.0470429695641381
IRF9,XAF1,0.04587803649615385
JUN,AMD1,0.05966548607795184
JUN,ANXA1,0.07062589978654481
JUN,AP3M2,0.0338816560124155
JUN,AREG,0.09155721035320356
JUN,ARF1,0.0379487914771974
JUN,ARF6,0.040967297114522905
JUN,ARID5B,0.0432663417882254
JUN,ARIH1,0.05985619501631085
JUN,ARL4A,0.09936821523295103
JUN,ARL4C,0.04752891238687453
JUN,ARL6IP1,0.03054421221187985
JUN,ARPC5,-0.0429255429188243
JUN,ATF3,0.03982431876242705
JUN,ATF4,0.03895540297354175
JUN,ATG2A,0.04638768797653145
JUN,BCAS2,0.06264990016170878
JUN,BCLAF1,0.0358060677702546
JUN,BHLHE40,0.03671389018477358
JUN,BRD2,0.0592784884993795
JUN,BTG1,0.11802697282526692
JUN,BTG2,0.15647234128283816
JUN,CALM1,0.05725803627326803
JUN,CALM2,0.044800472025737545
JUN,CCL5,0.04551921522051173
JUN,CCNH,0.07015051498910768
JUN,CCNL1,0.08523744674339245
JUN,CCR7,-0.05003013586736495
JUN,CD44,0.05666752468717915
JUN,CD55,0.05056820146596265
JUN,CD69,0.2198960885741778
JUN,CD99,0.0521527764378379
JUN,CEBPB,0.04535998322580595
JUN,CFL1,0.036632578401492796
JUN,CHD1,0.03551647814069553
JUN,CHMP1B,0.08438095774792007
JUN,CITED2,0.09915555244780547
JUN,CKS2,0.047284694584663
JUN,CLEC2B,0.03369687863961375
JUN,CLK1,0.05098232052600338
JUN,COQ10B,0.03413424386278825
JUN,COQ7,0.05645853273258827
JUN,CORO7,0.043423067839038
JUN,COX4I1,-0.0335201830126036
JUN,CREM,0.049766829877437906
JUN,CSKMT,0.039139728732877764
JUN,CSRNP1,0.09686281026603663
JUN,CYCS,0.10872221353891047
JUN,DDIT3,0.07933844114880526
JUN,DDIT4,0.08275735936385792
JUN,DDX17,-0.05707885994682875
JUN,DDX21,0.045698258995045746
JUN,DDX24,0.0415912984370883
JUN,DDX3X,0.08034305372726923
JUN,DDX5,0.08983839444880004
JUN,DNAAF2,0.0421932401996596
JUN,DNAJA1,0.07461070479321487
JUN,DNAJB1,0.15497384509674367
JUN,DNAJB9,0.07140357504430565
JUN,DSE,0.04165612558952845
JUN,DUSP1,0.34141329291855843
JUN,DUSP10,0.0396664215725234
JUN,DUSP5,0.036252626132803896
JUN,EFCAB2,0.0437170440559115
JUN,EGR1,0.1653898038205967
JUN,EIF1,0.17644691051278016
JUN,EIF4A1,0.05208520707757853
JUN,EIF4A3,0.08291323483618515
JUN,EIF4G2,0.036698803537269835
JUN,EIF5,0.06941482726418356
JUN,ELL2,0.058390216489881755
JUN,ETV3,0.04744250202825015
JUN,FAM177A1,0.0364337445965474
JUN,FAM53C,0.037774909442556445
JUN,FOS,0.37471422390163245
JUN,FOSB,0.24497299592118282
JUN,FOSL2,0.048603487560977446
JUN,FTH1,0.11894583458842557
JUN,FUS,0.04520740798011617
JUN,FXYD5,0.04181808290039685
JUN,G3BP2,0.03828338459592805
JUN,GABARAPL1,0.031127473267521896
JUN,GADD45A,0.04009076388611635
JUN,GADD45B,0.14850873990139504
JUN,GALM,0.032773965876067554
JUN,GIMAP4,-0.06478953594699631
JUN,GLA,0.040549003647784965
JUN,GTPBP1,0.03169098706897715
JUN,GZMK,0.0545008715403933
JUN,H1-2,0.0385547053648438
JUN,H2AX,0.08334352548823322
JUN,H3-3B,0.15210677609592668
JUN,H4C3,0.08272641516334306
JUN,HERPUD1,0.05270291620687272
JUN,HEXIM1,0.06610806182161312
JUN,HNRNPA0,0.06513983714131763
JUN,HNRNPA1,0.042560262586615896
JUN,HNRNPUL1,0.04586273175656335
JUN,HOOK2,0.15630947042394983
JUN,HSP90AA1,0.0635171812701259
JUN,HSPA2,0.0492582497282615
JUN,HSPA5,0.06015182332770815
JUN,HSPA8,0.0706130542076087
JUN,ID1,0.04894372767603916
JUN,ID2,0.06936880845838365
JUN,IDI1,0.03847289169733392
JUN,IDS,0.07885085283658105
JUN,IER2,0.22879508514996127
JUN,IER5,0.11017636276451928
JUN,IER5L,0.0716180235683626
JUN,IFRD1,0.09216681553630958
JUN,INTS6,0.062153331707835005
JUN,IQGAP1,0.037289121168388
JUN,IRF1,0.048247729583877796
JUN,IRF2BP2,0.0408284365688183
JUN,IRS2,0.0551928522495915
JUN,ITGB1,0.0632093563373931
JUN,JMJD6,0.0292846567466786
JUN,JMY,0.04588236892001725
JUN,JUNB,0.35419788616006853
JUN,JUND,0.1338022237278098
JUN,KDM6B,0.0637348205233802
JUN,KLF10,0.03688216659787813
JUN,KLF2,0.09667443138186498
JUN,KLF3,0.0358617198695335
JUN,KLF6,0.1499975297050037
JUN,KLF9,0.04775044189756435
JUN,KPNA2,0.03792196331423335
JUN,LDHA,0.048412747619536796
JUN,LMNA,0.048985929649951104
JUN,LUC7L3,-0.0679120941971683
JUN,LYAR,0.044619769884256796
JUN,MAPK1IP1L,0.04103681858021925
JUN,MARCKSL1,0.0635586027343276
JUN,MCL1,0.0575667339732763
JUN,MEPCE,0.03911789297565965
JUN,MIDN,0.06182606936043857
JUN,MT-ND6,-0.0461336545112816
JUN,MTFP1,0.0399300120297915
JUN,MYADM,0.07843257190112803
JUN,MYC,-0.045673324948900154
JUN,MYL12A,0.0436413445509984
JUN,MYLIP,0.07480588334991589
JUN,N4BP2L2,-0.035536497159761836
JUN,NAMPT,0.06529039181991625
JUN,NCOA4,-0.03896443211783805
JUN,NEU1,0.04532887587933904
JUN,NFKBIA,0.15988616141803225
JUN,NFKBIZ,0.06779571393240698
JUN,NR4A1,0.1189492420663115
JUN,NR4A2,0.16061407371233205
JUN,NR4A3,0.07575628478804305
JUN,NSMCE3,0.05838882700285475
JUN,NUP58,0.05818906361300795
JUN,NXT1,0.046544423446554725
JUN,ODC1,0.05435363942779956
JUN,OSER1,0.03388621740029345
JUN,OSM,0.03620600443648525
JUN,PABPC1,0.075864813061209
JUN,PDE4D,0.04030456015902455
JUN,PER1,0.04698315223988677
JUN,PHLDA1,0.0497937796002663
JUN,PLK2,0.07510053512725234
JUN,PLK3,0.049841267174743936
JUN,PMAIP1,0.0689931755456627
JUN,PNISR,-0.04626519369093065
JUN,PNRC1,0.09731662692873168
JUN,POLR2A,0.04175036738101965
JUN,PPP1R10,0.0521447681227093
JUN,PPP1R15A,0.235121141844897
JUN,PPP1R15B,0.05417518844886723
JUN,PPP2R5C,0.05325017011474995
JUN,PRMT2,-0.044191062289303695
JUN,PRMT9,0.06041026806583904
JUN,PTGER4,0.08450989537651687
JUN,PTPN7,0.0337963249252927
JUN,PTPRC,-0.0537126703958835
JUN,RBL2,-0.036944595784421747
JUN,RBM23,0.037390121000829155
JUN,RBM39,0.0355744149980532
JUN,RBM8A,0.03826132890240575
JUN,REL,0.03706180140660683
JUN,RGS2,0.06023662961778725
JUN,RHOB,0.07194909342159721
JUN,RHOH,0.03510686948796925
JUN,RIPOR2,-0.03592621172271785
JUN,RNF125,0.031135712549731603
JUN,RNF139,0.05684487945183037
JUN,RPL21,-0.11752493900164321
JUN,RPL22L1,0.05478231030619549
JUN,RPL23,-0.06822968950241876
JUN,RPL27,-0.0615470035224835
JUN,RPL27A,-0.08093742827120975
JUN,RPL31,-0.09354803498498095
JUN,RPL37A,-0.09013929454222905
JUN,RPL38,-0.0794388419324172
JUN,RPL4,-0.0463462863845137
JUN,RPL7,-0.07687748847926851
JUN,RPLP0,0.0716595078820014
JUN,RPS11,-0.049652471917618304
JUN,RPS20,-0.087265012042383
JUN,RRP12,0.05335837825003539
JUN,RSRP1,0.0464433394851355
JUN,S100A4,0.065445937516729
JUN,S1PR4,-0.04035145191979845
JUN,SAP18,0.03759679001440655
JUN,SARAF,0.06390349570378741
JUN,SAT1,0.0758529684820942
JUN,SBDS,0.06773563121725401
JUN,SELENOK,0.056371995806429494
JUN,SERTAD1,0.11470384597804355
JUN,SF1,0.04265447135355
JUN,SF3B5,0.03859052804313595
JUN,SFPQ,0.03199660061238643
JUN,SGK1,0.0695614488600565
JUN,SIAH2,0.038930330037528854
JUN,SKIL,0.0815440739466636
JUN,SLC2A3,0.1544867181936614
JUN,SLC38A2,0.06301235833409152
JUN,SLC3A2,0.0379567250180973
JUN,SNAI1,0.06884059842173405
JUN,SOCS1,0.08366356372486637
JUN,SOCS3,0.09926406511013927
JUN,SRGN,0.08370382628108952
JUN,SRP9,-0.04141889083046805
JUN,SRSF2,0.05765716334132785
JUN,SRSF3,0.049658580328118325
JUN,SRSF7,0.13732076365462462
JUN,STAT3,0.04056154483313715
JUN,STK17B,0.037020388868166595
JUN,STK38,-0.049449942379862444
JUN,TBCC,0.05848593594101761
JUN,TENT5C,0.0767717600391044
JUN,TGIF1,0.03318304057147795
JUN,TIMP1,0.0428806042610348
JUN,TIPARP,0.03433137391540775
JUN,TLE4,0.05564308709611617
JUN,TMED2,0.03391265322985055
JUN,TMEM107,0.04104641835676243
JUN,TMEM50A,0.0392402344955761
JUN,TNFAIP3,0.15668310512690117
JUN,TOB1,0.06188575988233198
JUN,TOB2,0.0284573314168416
JUN,TOMM7,-0.0468168752502116
JUN,TRA2B,0.0604342049860213
JUN,TRAM1,0.03026367235297445
JUN,TSC22D3,0.18597559249028606
JUN,TSPYL1,0.0629185786734747
JUN,TSPYL2,0.0805487637984704
JUN,TSPYL4,0.04527673885496734
JUN,TTC14,-0.04657457921176127
JUN,TUBA1A,0.16752246213362576
JUN,TUBA1B,0.056966204341194954
JUN,TUBB2A,0.049984046248408874
JUN,TUBB4B,0.1021160748432131
JUN,UBB,0.06687629491096832
JUN,UBC,0.15151565117686588
JUN,UBE2S,0.1020475575631364
JUN,UCP2,-0.056164743307305504
JUN,VMP1,0.0312320621875544
JUN,WDR54,0.02907634658283045
JUN,WHAMM,0.03173351949845485
JUN,YME1L1,0.07898181553629707
JUN,YPEL5,0.1143718781854164
JUN,YWHAZ,0.04683501540180135
JUN,ZBTB10,0.06781346446204109
JUN,ZC3H12A,0.06324345179367305
JUN,ZFAND5,0.0505332069662114
JUN,ZFP36,0.20634344182865483
JUN,ZFP36L1,0.0532400559670658
JUN,ZFP36L2,0.149797938502102
JUN,ZNF10,0.0712511978035323
JUN,ZNF331,0.08689851652662012
JUN,ZRANB2,-0.048522494542615605
JUNB,AAK1,-0.06480538643106135
JUNB,ABCD2,-0.0443430906979749
JUNB,ABRACL,-0.0501784542852252
JUNB,ACAT1,-0.0418561435290436
JUNB,ACTR2,-0.0427241133741772
JUNB,ACTR3,-0.05699800681960205
JUNB,ADAM10,-0.0489425284670188
JUNB,ADAM17,-0.03782568850215765
JUNB,ADAM19,-0.05873897503474555
JUNB,ADAR,-0.04087940301922825
JUNB,AFF1,-0.032959282292307046
JUNB,AGTPBP1,-0.0358039399915863
JUNB,AHNAK,-0.0643507113430466
JUNB,AHSA1,-0.0466378522947219
JUNB,AKAP11,-0.03811209650318495
JUNB,AKAP13,-0.038717419372569103
JUNB,AKNA,-0.03847824159026263
JUNB,AKT3,-0.05008024808573875
JUNB,ANAPC5,-0.036624080922059966
JUNB,ANKRD44,-0.06078503917052527
JUNB,ANTXR2,-0.0516857705156718
JUNB,ANXA1,0.0609497648032528
JUNB,ANXA2,-0.09408917452536425
JUNB,ANXA5,-0.06868947481469495
JUNB,ANXA6,-0.0762158731854095
JUNB,AP2A2,-0.033152957540411
JUNB,AP2B1,-0.03645349683812037
JUNB,AP2S1,-0.03851279371345025
JUNB,AP3M2,0.047541826662201865
JUNB,APOL6,-0.0499607295093554
JUNB,AQP3,-0.07340618406056564
JUNB,ARHGAP1,-0.0401773949212243
JUNB,ARHGAP15,-0.06967566016201576
JUNB,ARHGAP25,-0.0686419800346823
JUNB,ARHGEF3,-0.05143823003119535
JUNB,ARHGEF6,-0.04244938447871083
JUNB,ARID2,-0.03749840266589905
JUNB,ARL4A,0.10726670518759955
JUNB,ARL6IP5,-0.056587290901849746
JUNB,ARMC1,-0.038374922786451146
JUNB,ARPC5,-0.0619553411806581
JUNB,ARPC5L,-0.0395220463052547
JUNB,ARRDC2,0.07411564427665095
JUNB,ARRDC3,-0.05233746867651635
JUNB,ASH1L,-0.04754261145583985
JUNB,ASXL2,-0.04349058383107275
JUNB,ATF6,-0.0346000683153528
JUNB,ATM,-0.06911787899973325
JUNB,ATP5MC2,0.0580006595201949
JUNB,ATP8B2,-0.0515383863088085
JUNB,ATP9B,-0.033589769273638395
JUNB,ATR,-0.0343420926609908
JUNB,ATRX,-0.04637354166287505
JUNB,B2M,0.153968945408594
JUNB,BANF1,-0.04879361285558065
JUNB,BAZ1B,-0.04131750508116305
JUNB,BCAS2,0.08350835526432596
JUNB,BDP1,-0.0382139904894453
JUNB,BOD1L1,-0.0359134148159892
JUNB,BPTF,-0.04802176040817445
JUNB,BTG2,0.1815045804762555
JUNB,C11orf98,-0.053916592129050506
JUNB,CAB39,-0.049148732752107946
JUNB,CALCOCO2,-0.03440285652110537
JUNB,CALM2,0.059769989181926844
JUNB,CANX,-0.045040057394439066
JUNB,CAPG,-0.05665758883569791
JUNB,CAPN2,-0.0452231998736153
JUNB,CASP1,-0.06442646473580925
JUNB,CASP10,-0.03967711688903835
JUNB,CASP2,-0.05356689619466935
JUNB,CASP8,-0.046845914498566
JUNB,CAST,-0.047991552173367896
JUNB,CBLL1,-0.040376223310572196
JUNB,CCDC59,0.07242103270875595
JUNB,CCND2,-0.06085631697121695
JUNB,CCNL1,0.09494102491393923
JUNB,CCNT2,-0.04102692782938275
JUNB,CCR6,-0.05857935984486705
JUNB,CCR7,-0.061664719242388547
JUNB,CCT5,-0.053755714079274736
JUNB,CD200R1,-0.05491480727749655
JUNB,CD247,-0.0464155656952955
JUNB,CD27,-0.04004366407327745
JUNB,CD44,0.05177273170362895
JUNB,CD46,-0.05282855824093974
JUNB,CD58,-0.06959325870522914
JUNB,CD63,-0.04331887216242675
JUNB,CD69,0.27661097779125265
JUNB,CDC42SE1,-0.034527435571958545
JUNB,CDC5L,-0.0318130328082453
JUNB,CDKN1A,0.0683323772835012
JUNB,CEACAM21,-0.04862488215051785
JUNB,CELF1,-0.037173685899178424
JUNB,CEP85L,-0.0330361808530555
JUNB,CEPT1,-0.043988975447564096
JUNB,CFLAR,-0.040736881002575165
JUNB,CHCHD1,-0.0451527710550794
JUNB,CHD9,-0.036070797744359465
JUNB,CHMP1B,0.12766809667668103
JUNB,CIRBP,0.09721970534577729
JUNB,CITED2,0.0953889022091827
JUNB,CLCN3,-0.0437362854656035
JUNB,CLEC2D,-0.04434392804514445
JUNB,CLINT1,-0.036482015419876945
JUNB,CLTC,-0.04666229730168135
JUNB,CNTRL,-0.0480623764469478
JUNB,COG5,-0.0482693982412017
JUNB,COMMD3,-0.04233837021965736
JUNB,COMMD6,0.050514638952642375
JUNB,COPB2,-0.0583096799938263
JUNB,COQ7,0.0440974990681801
JUNB,CORO1A,-0.0676625333680786
JUNB,CORO7,0.05438175530024365
JUNB,COX4I1,0.10863180113512515
JUNB,COX7A2,0.0457868303566452
JUNB,CREB1,-0.035269710066122596
JUNB,CREBZF,-0.047516930215656825
JUNB,CREM,0.06981761525085539
JUNB,CSK,-0.0462739208858847
JUNB,CSKMT,0.031975369769630446
JUNB,CSNK2A1,-0.0341663367517106
JUNB,CSRNP1,0.13455553009935434
JUNB,CTSB,-0.056379188157677756
JUNB,CTSC,-0.05668984984444664
JUNB,CTSS,-0.03440524895941305
JUNB,CUL4A,-0.03987217913759945
JUNB,CWF19L2,-0.0447838288714228
JUNB,CXCR4,0.2770022385944557
JUNB,CYBC1,-0.05018858371395283
JUNB,CYCS,0.11851011851593825
JUNB,DCP2,-0.03832886705884985
JUNB,DDB1,-0.0434120068798324
JUNB,DDIT3,0.10977103945189497
JUNB,DDIT4,0.1473582609211396
JUNB,DDX21,0.042450353488143244
JUNB,DDX39B,-0.06047125429840473
JUNB,DDX60L,-0.0370867381359478
JUNB,DECR1,-0.0470918220698944
JUNB,DEK,-0.03649899895501505
JUNB,DENR,-0.04392539145799365
JUNB,DICER1,-0.0389281042427869
JUNB,DIP2A,-0.04126226810034
JUNB,DMTF1,-0.034363198358025995
JUNB,DNAJB14,-0.03763572884045157
JUNB,DNAJB9,0.08591953205871697
JUNB,DNMT1,-0.042187489765298444
JUNB,DOCK10,-0.0405188011891201
JUNB,DOCK2,-0.0409287492180491
JUNB,DOK2,-0.0598573637790265
JUNB,DSTN,-0.037844990452946245
JUNB,DUSP1,0.3598948921071493
JUNB,DUSP2,0.22227324352757466
JUNB,DYNLT1,0.05736675466552535
JUNB,ECH1,-0.04284818892131707
JUNB,ECHDC1,-0.0347825605985464
JUNB,EEF1A1,0.16682363087694232
JUNB,EEF1D,0.11433670668219226
JUNB,EEPD1,-0.042316579663322404
JUNB,EFCAB14,-0.04279620391784109
JUNB,EGLN2,-0.049083768601076695
JUNB,EGR1,0.087136699964298
JUNB,EIF1,0.295309396592765
JUNB,EIF3J,-0.03652743192020875
JUNB,EIF5,0.13171897542025734
JUNB,EIF6,-0.043897447271064344
JUNB,ELF1,0.060633296428343156
JUNB,ELK3,-0.0510660392205403
JUNB,ELL2,0.0921202350776165
JUNB,EMB,-0.04557283188134845
JUNB,ENO1,-0.04297998407914835
JUNB,EPB41,-0.05598242108757515
JUNB,EPRS1,-0.0480397132276599
JUNB,EPS15,-0.0511775756422051
JUNB,ERAP1,-0.04607009288896267
JUNB,ERAP2,-0.03908462033991085
JUNB,ERN1,-0.037408692107257
JUNB,ESYT1,-0.0757604384854482
JUNB,FAM107B,-0.03668690928845715
JUNB,FAM177A1,0.10882594571526635
JUNB,FAS,-0.03976095848405835
JUNB,FBXO3,-0.03126230975204155
JUNB,FERMT3,-0.06829728875840305
JUNB,FKBP2,-0.04008254862802365
JUNB,FLI1,-0.048819590580133736
JUNB,FNTA,-0.04530017662031036
JUNB,FOS,0.40889213529378815
JUNB,FOSB,0.2048804307867607
JUNB,FOSL2,0.08068474704393885
JUNB,FOXJ3,-0.036598935073592645
JUNB,FOXN2,-0.0472841816501334
JUNB,FRAT1,0.050697485037511106
JUNB,FRYL,-0.04652640281373483
JUNB,FTH1,0.28341484657370253
JUNB,FUBP1,-0.039628181873552
JUNB,FXYD5,0.051178450972544136
JUNB,G3BP2,0.07946776766654025
JUNB,GABARAPL1,0.06704391892481665
JUNB,GADD45B,0.11704438126267752
JUNB,GATA3,-0.047233484093271605
JUNB,GBF1,-0.0384980380527372
JUNB,GBP1,-0.06041519567742463
JUNB,GBP2,-0.05313853098823635
JUNB,GBP4,-0.04551332236422745
JUNB,GIMAP4,-0.12501734261567338
JUNB,GLG1,-0.04811667182326534
JUNB,GLOD4,-0.03603630109530525
JUNB,GLRX,-0.05099705658846604
JUNB,GLS,-0.038294694300178504
JUNB,GLYR1,-0.04074250333659895
JUNB,GNAS,0.07957071083368855
JUNB,GNB2,-0.03799265173257465
JUNB,GNG5,-0.0424264193049082
JUNB,GPALPP1,-0.0338480126547326
JUNB,GPATCH2L,-0.0343325303754895
JUNB,GPR183,0.06685854779243273
JUNB,GRAP2,-0.0594053962638889
JUNB,GSTO1,-0.043100664615852255
JUNB,GTF2I,-0.0605943103963954
JUNB,H2AX,0.07960607024914475
JUNB,H3-3B,0.24080814190035985
JUNB,H4C3,0.07598207084964016
JUNB,HDAC7,-0.03770947575195985
JUNB,HDAC8,-0.04149612250566315
JUNB,HDLBP,-0.04012038569758175
JUNB,HELZ,-0.03560954639573395
JUNB,HERC1,-0.03362420474063915
JUNB,HERPUD1,0.0541095991862958
JUNB,HEXIM1,0.045190147330306234
JUNB,HIBCH,-0.04842172785491165
JUNB,HINT1,0.054957385091228994
JUNB,HK1,-0.05342567492686755
JUNB,HMOX2,-0.04515322560773885
JUNB,HNRNPA1,0.1030117535248894
JUNB,HNRNPD,-0.05359258624157745
JUNB,HNRNPUL1,0.04699165211173325
JUNB,HOOK2,0.33121513055229346
JUNB,HSPA1A,-0.0811739178425834
JUNB,HSPD1,-0.0465554780858446
JUNB,IBTK,-0.04099931695660095
JUNB,ICAM2,-0.06064059501608537
JUNB,ICE1,-0.036200865062571606
JUNB,ICE2,-0.0365339387134474
JUNB,ID1,0.08065543532848425
JUNB,IDI1,0.0990590228468768
JUNB,IER2,0.18003740577992694
JUNB,IER5,0.09489851805388927
JUNB,IFNAR2,-0.05354006084556941
JUNB,IFRD1,0.09508060087008911
JUNB,IKZF1,-0.0391865055243618
JUNB,IKZF3,-0.0443083592300373
JUNB,IL10RA,-0.05951957574198255
JUNB,IL16,-0.05349578755689523
JUNB,IL6R,-0.06596706968655311
JUNB,IL7R,-0.0490431345807888
JUNB,IMMT,-0.039810170231529635
JUNB,ING4,-0.039007784663881766
JUNB,INPP4A,-0.04342650497340706
JUNB,INPP4B,-0.070197943306131
JUNB,IQGAP1,-0.049779408722972346
JUNB,IQGAP2,-0.04931670216204495
JUNB,IRF1,0.079422669107408
JUNB,IRF2BP2,0.07806604145466056
JUNB,IST1,-0.0326906537355164
JUNB,ITFG2,-0.04802467206391435
JUNB,ITGAL,-0.0377999954096501
JUNB,ITGB2,-0.0414873560599985
JUNB,ITGB7,-0.0629910477069883
JUNB,ITM2B,0.041496717001738195
JUNB,JAK2,-0.04119964866640825
JUNB,JAML,-0.0451395635221866
JUNB,JMY,0.0728045724390499
JUNB,JPT1,-0.0681648239388457
JUNB,JUN,0.35419788616006853
JUNB,JUND,0.16887933297591923
JUNB,KANSL1,-0.0436116865287845
JUNB,KDM6B,0.07414361130739884
JUNB,KHDC4,-0.0408390839674102
JUNB,KIAA0319L,-0.0378915718044269
JUNB,KLF6,0.06830459446086665
JUNB,KLHL22,-0.042053140523410804
JUNB,KMT2A,-0.042621107993372
JUNB,KMT2C,-0.04246947986423665
JUNB,KTN1,-0.03522742548740923
JUNB,LAIR1,-0.04314959193767814
JUNB,LARP4B,-0.03956406902717245
JUNB,LARS1,-0.048912840752346254
JUNB,LBR,-0.05359140647493487
JUNB,LCP1,-0.0591055608466928
JUNB,LDAH,-0.040668043612597696
JUNB,LDLRAD4,-0.045582806126492695
JUNB,LGALS1,-0.06255704367571414
JUNB,LIMS1,-0.048218896241025946
JUNB,LMAN1,-0.041181491736749704
JUNB,LMNA,0.0476966177834307
JUNB,LNPEP,-0.06255883399384933
JUNB,LPXN,-0.054526351417018795
JUNB,LRBA,-0.050442258982622404
JUNB,LRCH3,-0.0343034990393564
JUNB,LSM2,-0.0436420693836639
JUNB,LUC7L2,-0.03985803454748475
JUNB,LYPLAL1,-0.0395677500477961
JUNB,MACF1,-0.05632622792242547
JUNB,MAN1A2,-0.04009101657891195
JUNB,MAP4,-0.048321582138385846
JUNB,MAPK1,-0.0386161582302859
JUNB,MAPK14,-0.04387004850747825
JUNB,MAT2B,-0.048665266057146696
JUNB,MBNL1,-0.06512952837581415
JUNB,MCL1,0.06746686488069344
JUNB,MCM3,-0.04851328008516825
JUNB,MDH1,-0.04404833274852255
JUNB,MDN1,-0.0377779046358396
JUNB,MED23,-0.0337000093812825
JUNB,MGAT1,-0.0633526702677956
JUNB,MGST3,-0.04141508632553445
JUNB,MIDN,0.10605288138488052
JUNB,MIS18BP1,-0.041470544551289096
JUNB,MKLN1,-0.0382346583745906
JUNB,MLEC,-0.05165179331173965
JUNB,MON2,-0.0349730655190255
JUNB,MPLKIP,-0.04358962235371625
JUNB,MRPL16,-0.0533640081472787
JUNB,MRPL17,-0.056611997761041755
JUNB,MRPS12,-0.04702774735118615
JUNB,MRPS18C,-0.042590688516522
JUNB,MRPS23,-0.03780164979953935
JUNB,MRPS34,-0.04509676637449965
JUNB,MT-ATP6,0.0577119121651263
JUNB,MT-ATP8,-0.04122537410367965
JUNB,MT-CO2,0.07389732527106037
JUNB,MT-CO3,0.07998039433413405
JUNB,MT-CYB,0.069577217352997
JUNB,MT-ND5,-0.052346925097896346
JUNB,MT-ND6,-0.06833014018034679
JUNB,MTFP1,0.06194723189522658
JUNB,MYADM,0.11401857474839533
JUNB,MYC,-0.07746977714016345
JUNB,MYH9,-0.0419649964380364
JUNB,MYO1F,-0.0780823607474713
JUNB,MYO5A,-0.04081348549460545
JUNB,NAMPT,0.0872149934459341
JUNB,NBAS,-0.03691968285942675
JUNB,NCOA3,-0.0416609137401166
JUNB,NCOA4,-0.0582088486277757
JUNB,NDUFAF3,-0.04455677145928135
JUNB,NFAT5,-0.03995143339229163
JUNB,NFKBIA,0.1651569573035251
JUNB,NFKBIZ,0.0719239688998919
JUNB,NIBAN1,-0.06297969612115209
JUNB,NIN,-0.04107835445397235
JUNB,NKTR,-0.049507051479443696
JUNB,NMI,-0.0386638811958873
JUNB,NOL8,-0.04016607249638937
JUNB,NOP10,-0.0618861632299752
JUNB,NPAT,-0.0463328594991362
JUNB,NR4A2,0.24174415823737455
JUNB,NR4A3,0.16262679820444406
JUNB,NRDC,-0.04143976641684186
JUNB,NSMCE3,0.0823222525380693
JUNB,NUDT5,-0.04739382731541387
JUNB,NUP42,-0.0461840955151189
JUNB,OGA,-0.048347310846724306
JUNB,OPTN,-0.04476855986895445
JUNB,ORC2,-0.0416530251542194
JUNB,ORMDL1,-0.038722313989244465
JUNB,OSBPL8,-0.03833367756024855
JUNB,OSM,0.038663713737781547
JUNB,OSTF1,-0.042477683607571246
JUNB,OXLD1,-0.0447145738817824
JUNB,PABPC1,0.15544366053097347
JUNB,PACS1,-0.0406128242966464
JUNB,PAM,-0.042133086773557746
JUNB,PARP14,-0.04867973319419077
JUNB,PARP15,-0.0524623038414562
JUNB,PARP4,-0.05639389014068
JUNB,PAXBP1,-0.04381372010384825
JUNB,PCMT1,-0.04440053608993705
JUNB,PCSK7,-0.04460323141634446
JUNB,PDE7A,-0.05071796494781244
JUNB,PDLIM2,-0.050055900948431
JUNB,PHKB,-0.0349265441423062
JUNB,PHTF2,-0.04753549967704675
JUNB,PI16,-0.05811226089111025
JUNB,PIM1,-0.0663893225009187
JUNB,PIN4,-0.03702894681909675
JUNB,PJA2,-0.03381853645674785
JUNB,PKM,-0.03713425871851825
JUNB,PLCB1,-0.041862772839568296
JUNB,PLK3,0.0884540002071119
JUNB,PMAIP1,0.0413049550724073
JUNB,PNISR,-0.04996447867608813
JUNB,PPIP5K2,-0.039245814399783564
JUNB,PPP1R15A,0.21725999291946999
JUNB,PPP1R18,-0.07324813557248984
JUNB,PPP2R5A,-0.040786215321611
JUNB,PPP3CB,-0.040206405519066846
JUNB,PRDX1,-0.044406784218208845
JUNB,PRDX3,-0.06008112099826616
JUNB,PRKCB,-0.038512279708022
JUNB,PRKDC,-0.05448910292797484
JUNB,PRMT2,-0.046798456909316624
JUNB,PRPF6,-0.041280593201000804
JUNB,PSIP1,-0.05199623922520885
JUNB,PSMA4,-0.0345167062393311
JUNB,PSMA5,-0.06522538277100604
JUNB,PSMC4,-0.042868669786128646
JUNB,PTBP3,-0.0374464497686404
JUNB,PTK2B,-0.0381363703006937
JUNB,PTPRC,-0.0677071024955863
JUNB,PUM3,-0.0387711849243689
JUNB,PYCARD,-0.05143411168034645
JUNB,R3HDM2,-0.03779738809797755
JUNB,RAB10,-0.05759847945856225
JUNB,RAB8B,-0.0424522679310033
JUNB,RABGAP1L,-0.0530755993376788
JUNB,RACK1,0.1382184820253356
JUNB,RALBP1,-0.0394732364209072
JUNB,RASA2,-0.041915238682863856
JUNB,RASGRP1,-0.038615104366407534
JUNB,RBBP4,-0.04477654413771626
JUNB,RBM28,-0.0405076288196072
JUNB,RBM8A,0.06511090862725215
JUNB,RBPJ,-0.03930539862055585
JUNB,RC3H1,-0.0350945082937822
JUNB,RCSD1,-0.05570571259136632
JUNB,REEP3,-0.0485997086290147
JUNB,RGS1,0.11359072591714423
JUNB,RGS2,0.08624926917532212
JUNB,RIF1,-0.04107878881482403
JUNB,RIPOR2,-0.07160223070414033
JUNB,RNF20,-0.0415434198459596
JUNB,RNF34,-0.05038392475380565
JUNB,RNMT,0.041878026516162195
JUNB,RPA2,-0.045187128194425996
JUNB,RPL10A,0.1649862972056786
JUNB,RPL13A,0.10163916253769867
JUNB,RPL17,0.12371373366960943
JUNB,RPL18,0.1363972957561658
JUNB,RPL19,0.15672287807627705
JUNB,RPL21,0.0941319339053736
JUNB,RPL23A,0.12687740657356728
JUNB,RPL24,0.1319591433011209
JUNB,RPL27,0.10245709431112104
JUNB,RPL3,0.12865666539680498
JUNB,RPL34,0.13873272852228577
JUNB,RPL36,0.11662131350729148
JUNB,RPL6,0.1583051075521383
JUNB,RPLP0,0.09829730714855146
JUNB,RPLP2,0.15990522583474123
JUNB,RPRD1A,-0.03817550724029307
JUNB,RPS12,0.16252938479170176
JUNB,RPS13,0.15115372506943411
JUNB,RPS14,0.15249941053802182
JUNB,RPS18,0.14766109944467656
JUNB,RPS20,0.1337363546289977
JUNB,RPS26,0.04245241241451425
JUNB,RPS27,0.12555152370353856
JUNB,RPS29,0.09104448317544331
JUNB,RPS3A,0.14094203660011842
JUNB,RPS5,0.12168327001460054
JUNB,RPS6KA1,-0.05838396181677525
JUNB,RPS6KA3,-0.0475892255115028
JUNB,RPS7,0.1372281765532872
JUNB,RSBN1L,-0.037558711443666064
JUNB,RUNX1,-0.04005487784688617
JUNB,SACM1L,-0.04317192585479675
JUNB,SAMD3,-0.0450639420776587
JUNB,SAMD9,-0.05241589431529644
JUNB,SARAF,0.1630248062954517
JUNB,SARS1,-0.043519661776109345
JUNB,SBDS,0.0980995256883662
JUNB,SEC22B,-0.0414131547364763
JUNB,SEM1,-0.0400280269903638
JUNB,SEPTIN2,-0.0354564418778731
JUNB,SERTAD1,0.1089455492046785
JUNB,SESN1,-0.04730070089833783
JUNB,SESN3,-0.039369211752243796
JUNB,SETD5,-0.04155837957585026
JUNB,SF3A3,-0.0304189393423301
JUNB,SH3BP5,-0.05642491092482785
JUNB,SHKBP1,-0.0371491946051906
JUNB,SIAH2,0.0533225187127743
JUNB,SIRPG,-0.045806609921865
JUNB,SKIL,0.09750512159594524
JUNB,SLC25A45,-0.04581683857637675
JUNB,SLC38A1,-0.0470209075462273
JUNB,SLC38A2,0.0563228248047469
JUNB,SLC39A10,-0.03886679507837195
JUNB,SLC7A6,-0.04036925922917875
JUNB,SLC9A9,-0.0498340026994233
JUNB,SLFN12L,-0.0432433313294229
JUNB,SLMAP,-0.03480127389801963
JUNB,SMARCC1,-0.03554286285314715
JUNB,SMARCC2,-0.03528520058070035
JUNB,SMG1,-0.050504568246453406
JUNB,SNRNP40,-0.041930431067232196
JUNB,SNRPD3,-0.039082329566670904
JUNB,SNX1,-0.04408543620759042
JUNB,SOCS1,0.12283982856401088
JUNB,SP140,-0.0493249605359667
JUNB,SPCS2,-0.04120339636790215
JUNB,SPN,-0.06528959758470247
JUNB,SRGN,0.11954726920151873
JUNB,SRI,-0.047987335801935205
JUNB,SRP9,-0.05378695505600787
JUNB,SRSF2,0.07901967116422717
JUNB,SRSF7,0.12015781286561755
JUNB,SSH2,-0.0326008848775031
JUNB,ST6GAL1,-0.059378023329923736
JUNB,ST8SIA4,-0.03543129733671305
JUNB,STAT1,-0.05267929296992643
JUNB,STAT3,0.09642320113444164
JUNB,STAT5B,-0.04524235514026495
JUNB,STAT6,-0.0408335491525776
JUNB,STIM2,-0.038782359605557454
JUNB,STT3A,-0.0607842457278499
JUNB,SUGP2,-0.03440721489615665
JUNB,SUPT16H,-0.0407458158610049
JUNB,SYNCRIP,-0.04151408562059723
JUNB,SYNE1,-0.0475306721285976
JUNB,SYNGR2,-0.04523697515270745
JUNB,SYT11,-0.041920744166270354
JUNB,SYTL1,-0.05053033941398695
JUNB,SYTL2,-0.0375067567269501
JUNB,SYTL3,0.049334891982232995
JUNB,TBC1D4,-0.043866594912352494
JUNB,TBC1D5,-0.0550539398962402
JUNB,TBCK,-0.0444947990765734
JUNB,TBL1XR1,-0.03960897335136163
JUNB,TBXAS1,-0.0426520048486739
JUNB,TCEA1,-0.03778360700950675
JUNB,TES,-0.040182664176531706
JUNB,TESPA1,-0.04472201386462903
JUNB,THRAP3,-0.0459036309523767
JUNB,TIAL1,-0.0389289271618318
JUNB,TIMP1,-0.04371896420759195
JUNB,TLN1,-0.053506427392820764
JUNB,TM2D1,-0.03542543516220453
JUNB,TM9SF2,-0.0555834726502251
JUNB,TMBIM4,-0.0552814883413732
JUNB,TMBIM6,-0.04429961728103925
JUNB,TMEM131,-0.0427840973575868
JUNB,TMEM131L,-0.0380334157943248
JUNB,TMEM165,-0.05156230602086865
JUNB,TMEM168,-0.03815955558772665
JUNB,TMEM179B,-0.0450084849662772
JUNB,TMEM273,-0.04439952862308555
JUNB,TMEM50B,-0.040517224654404
JUNB,TMEM60,-0.05321720014505935
JUNB,TMOD3,-0.051270631253263234
JUNB,TMSB4X,0.1364198481789838
JUNB,TNFAIP3,0.21263577688014554
JUNB,TNFAIP8,-0.043277644456418504
JUNB,TNFRSF1B,-0.0604688519306776
JUNB,TOB1,0.08133539589588692
JUNB,TPM4,-0.054973033228099946
JUNB,TPR,-0.04761150208905166
JUNB,TRAF3IP3,-0.08968051639032693
JUNB,TRANK1,-0.051097212818475846
JUNB,TRAPPC1,-0.06064980550531935
JUNB,TRIM27,-0.055970645383913
JUNB,TRIM52,-0.0454573815365261
JUNB,TRIM73,-0.0473987660292102
JUNB,TRMT13,-0.05044325322592216
JUNB,TRPV2,-0.051091587419821394
JUNB,TTC14,-0.06375194965507658
JUNB,TUBA1A,0.1439658070639993
JUNB,TUBA1B,0.06967147460938936
JUNB,TUBB,-0.05163301320977675
JUNB,TUBB2A,0.06721194478322307
JUNB,TXK,-0.05356752821976091
JUNB,UBB,0.09005135808899818
JUNB,UBC,0.16272168507332432
JUNB,UBE2S,0.1467823699354522
JUNB,UBE4A,-0.033869574797873066
JUNB,UBLCP1,-0.0392670189222782
JUNB,UBR2,-0.05026227853469395
JUNB,UBXN4,-0.039370073541846545
JUNB,UCP2,-0.04511552720374072
JUNB,UPF2,-0.046734030584710595
JUNB,USP48,-0.03919638290997197
JUNB,UTP3,-0.03967049330160045
JUNB,UTRN,-0.051638586268415436
JUNB,VAMP8,-0.0475060256570404
JUNB,VCL,-0.06827261784206834
JUNB,VPS13C,-0.05856790073468457
JUNB,VPS41,-0.04455667585631355
JUNB,VSIR,-0.03802588524498275
JUNB,VTA1,-0.04610188174422385
JUNB,WASHC3,-0.0474170574487542
JUNB,WASHC5,-0.04205011831106955
JUNB,WDR1,-0.04757440152609975
JUNB,XPC,-0.035520748833887
JUNB,XPO1,-0.0523426955812226
JUNB,XRN2,-0.0397779762832706
JUNB,YIPF4,-0.057160844989382856
JUNB,YME1L1,0.0731235072301584
JUNB,YPEL5,0.19195344989742547
JUNB,YWHAH,-0.06208935759465737
JUNB,YWHAZ,0.07873789750701285
JUNB,ZBTB10,0.061545941962049065
JUNB,ZBTB20,-0.04301075216999
JUNB,ZFAND5,0.08461374482419999
JUNB,ZKSCAN1,-0.04126635829048697
JUNB,ZMYND11,-0.0338838969421885
JUNB,ZNF148,-0.0352449462706714
JUNB,ZNF217,-0.051509399278131564
JUNB,ZNF292,-0.036515886712155096
JUNB,ZNF331,0.17716019366677885
JUNB,ZNF337,-0.04370250960514245
JUNB,ZNF33B,-0.040713337571813446
JUNB,ZNF397,-0.05127857213092875
JUNB,ZNF512,-0.046830488085943
JUNB,ZNF609,-0.03338737683504765
JUNB,ZNF638,-0.05234416386010187
JUNB,ZNHIT1,-0.0416840858735101
JUNB,ZRANB2,-0.06456602459129004
JUND,AHNAK,0.05197492229655629
JUND,ALYREF,0.13399652593305486
JUND,AMD1,0.08041486658333069
JUND,ANKRD11,0.04133397798302275
JUND,ANXA1,0.06972912895685492
JUND,AP3M2,0.042704217380524795
JUND,AREG,0.1114004296555431
JUND,ARF1,0.04640011003398445
JUND,ARHGDIA,0.0361500532787809
JUND,ARID5A,0.07252462019278375
JUND,ARID5B,0.03857398236202815
JUND,ARL4A,0.0817482042990041
JUND,ARL6IP1,0.0385320254799788
JUND,ASXL1,0.0482345238801865
JUND,ATF4,0.059465428324729654
JUND,ATG2A,0.03700842702802405
JUND,ATP2B1,0.0339095902065863
JUND,BCAS2,0.0782158129840006
JUND,BCL7B,0.0462486417776111
JUND,BCLAF1,0.05609542258367335
JUND,BEST1,0.0382763586847189
JUND,BRD2,0.08523514560303586
JUND,BRD4,0.08702799110871384
JUND,BTG2,0.07790097195480965
JUND,BTG3,0.05753688773961965
JUND,BUD31,0.0576135551040072
JUND,CCDC167,0.030523534685560447
JUND,CCDC59,0.0647778152736498
JUND,CCNH,0.0826225267733976
JUND,CCNL1,0.05384024501755578
JUND,CCR7,-0.042271197949334496
JUND,CD44,0.047528259263827734
JUND,CD69,0.12573671874301942
JUND,CD99,0.036369453004985855
JUND,CDKN1A,0.10686110183730865
JUND,CDKN2D,0.044415834544312346
JUND,CDV3,0.0461666624039311
JUND,CEMIP2,0.054839736404061
JUND,CFAP20,0.04782230192972765
JUND,CHD1,0.045797481986407464
JUND,CHMP1B,0.08384311968019309
JUND,CITED2,0.09555635382641105
JUND,CLEC2B,0.0368237966859968
JUND,CLK1,0.057567529611460465
JUND,CNOT1,0.03625213457406575
JUND,CORO7,0.04391766950375497
JUND,COTL1,0.04015032414790407
JUND,COX7B,0.0353668429585486
JUND,CREBRF,0.04185234708730775
JUND,CREM,0.07137897964941346
JUND,CRIP1,0.05123000753365345
JUND,CSRNP1,0.121844378317482
JUND,CXCR4,0.18640630117013146
JUND,CYCS,0.0871508465720629
JUND,DAZAP2,0.03695083303937905
JUND,DDIT3,0.10536959002384937
JUND,DDIT4,0.1162697123099593
JUND,DDX21,0.0428479548854764
JUND,DDX3X,0.0913655907052726
JUND,DNAJA1,0.08608441587722483
JUND,DNAJB1,0.12211382015424513
JUND,DNAJB6,0.0561402399473908
JUND,DNAJB9,0.08012358853741025
JUND,DUSP1,0.15723179561332232
JUND,DUSP2,0.12406211033535867
JUND,DUSP5,0.10243809851030905
JUND,DYNLT1,0.06608672061466589
JUND,EIF1,0.1945723615174667
JUND,EIF1B,0.040375132372314354
JUND,EIF3A,0.03489340542287545
JUND,EIF4A1,0.11240285962175345
JUND,EIF4G2,0.034891870635933346
JUND,EIF5,0.10286072615511048
JUND,ELL2,0.0714138201850734
JUND,EML4,0.0367503496543607
JUND,EMP3,0.0331615992628044
JUND,EPC1,0.04337920936334055
JUND,EZR,0.05678441428597497
JUND,FAM107B,0.08662716082354326
JUND,FAM177A1,0.11299943396930505
JUND,FBXO33,0.06609947247726294
JUND,FHIT,-0.05087785748562515
JUND,FOS,0.14083372744817424
JUND,FOSB,0.11865688607976563
JUND,FTH1,0.2598999931330723
JUND,G3BP2,0.07582203445413985
JUND,GABARAPL1,0.08650463229600244
JUND,GADD45A,0.10468435785993205
JUND,GADD45B,0.08665373894661572
JUND,GAPDH,0.0376570498617175
JUND,GATA3,0.03659003350570155
JUND,GIMAP4,-0.133694550506021
JUND,GLIPR1,0.03241620158006645
JUND,GNAS,0.1584249123871758
JUND,GNB1,0.08894990132949235
JUND,GNG2,0.0289744477728113
JUND,GPR183,0.07756762577400106
JUND,H1-10,0.0361722108626819
JUND,H1-2,0.031017528155132902
JUND,H3-3B,0.1604813726836987
JUND,H4C3,0.0691104407657087
JUND,HECA,0.0979566252214102
JUND,HERPUD1,0.0642570867269508
JUND,HERPUD2,0.055982107940175496
JUND,HLA-DPB1,0.02885391754132865
JUND,HNRNPA0,0.09580459883958184
JUND,HNRNPL,0.046361775183383344
JUND,HNRNPUL1,0.05037912280864895
JUND,HOOK2,0.105119474698178
JUND,HSP90AA1,0.06266064658354385
JUND,HSPA5,0.06466460302021677
JUND,HSPA9,0.05425951313523496
JUND,ID2,0.07567502314513407
JUND,IDI1,0.08676853691811676
JUND,IDS,0.06478791677533426
JUND,IER2,0.06975407131451387
JUND,IER5,0.0923391228084352
JUND,IFRD1,0.07167692463550503
JUND,IRF1,0.07815073254037447
JUND,IRF2BP2,0.07789165187626561
JUND,IRS2,0.09609120474846378
JUND,ISCA1,0.0672702876229242
JUND,JMJD1C,0.0426852142034712
JUND,JMJD6,0.0348424751444995
JUND,JMY,0.06400252922074155
JUND,JOSD1,0.057044005406388903
JUND,JUN,0.1338022237278098
JUND,JUNB,0.16887933297591923
JUND,KDM2A,0.05912912039064605
JUND,KDM6B,0.0805198432654882
JUND,KLF6,0.07653879440991544
JUND,KLF9,0.04103873980242395
JUND,KPNA2,0.06654262521279025
JUND,KRR1,0.03637094262810165
JUND,LDHA,0.05337437932187456
JUND,LGALS1,0.0388924380262924
JUND,LIMS1,0.0302565072570475
JUND,LMNA,0.08587679762018725
JUND,LRRFIP1,0.037335663572411595
JUND,MAP1LC3B,0.03497826560262745
JUND,MAPK1IP1L,0.07147669490017586
JUND,MAPKAPK2,0.0463787227384662
JUND,MBD2,0.08784237000801096
JUND,MCL1,0.053696504130091534
JUND,MIDN,0.10721985250266801
JUND,MPC2,0.0386790822849728
JUND,MRPL54,0.0492025123112034
JUND,MTFP1,0.07191913022698909
JUND,MYADM,0.09910403075828472
JUND,MYC,-0.07042520060988094
JUND,MYLIP,0.07400249167154
JUND,NAMPT,0.07647331375921985
JUND,NCOA7,0.02832855821655115
JUND,NFKBIA,0.11669481626109492
JUND,NFKBIZ,0.03739091645253703
JUND,NPDC1,0.03298298441848765
JUND,NR3C1,0.04048472162203445
JUND,NR4A2,0.1399838170457726
JUND,NR4A3,0.13214103409208425
JUND,NSD3,0.0304610273960668
JUND,NSMCE3,0.08092956543148715
JUND,NXT1,0.057266496081026144
JUND,ODC1,0.070056979695758
JUND,OSER1,0.11327103549469955
JUND,PABPN1,0.0474336324806296
JUND,PCED1B,-0.05839921194053995
JUND,PDE4D,0.06750795477273334
JUND,PER1,0.148209337833299
JUND,PHACTR2,0.04475416982716455
JUND,PIK3R1,0.042583058432076645
JUND,PIM3,0.08135401979234365
JUND,PLK3,0.1100691007507675
JUND,PMAIP1,0.05261502523634935
JUND,PNRC1,0.13834729979570326
JUND,POMP,0.0452250285277468
JUND,PPP1R15A,0.12809044612725784
JUND,PPP1R15B,0.0370030035702516
JUND,PPP2R5C,0.045185094637612604
JUND,PRDM1,0.029422987987537952
JUND,PREX1,0.05423304357367365
JUND,PRKCB,0.06969850172221624
JUND,PRMT9,0.06761603741822075
JUND,PTP4A2,0.058878106718598805
JUND,PTPRC,-0.09807034033603675
JUND,RBBP6,0.05111528984679675
JUND,RBM38,0.14851468128998999
JUND,RBM39,0.044078993302283
JUND,RBM7,0.0447075417049472
JUND,RBM8A,0.07250705440721254
JUND,REL,0.05015439653225543
JUND,RGS1,0.096353514344532
JUND,RGS2,0.05941204257880457
JUND,RHBDD2,0.0430879130991284
JUND,RILPL2,0.033712804577227036
JUND,RNF125,0.06206473752258793
JUND,RNF126,0.03607166756870205
JUND,RNF139,0.07747241001339171
JUND,RNF145,0.04090004120902675
JUND,RNF19A,0.028881755579778852
JUND,RNMT,0.04251979569087275
JUND,RNPEPL1,0.1112715851681631
JUND,RORA,0.039366377081113096
JUND,RPL22L1,0.06693307216365604
JUND,RSRC2,0.040449562614958065
JUND,RSRP1,0.03055427878844795
JUND,S100A10,0.03398146482926175
JUND,S100A4,0.04419938456848774
JUND,SAMSN1,0.06009317860006945
JUND,SAT1,0.06133293393839263
JUND,SBDS,0.086342012886168
JUND,SCAND1,0.0410798992469522
JUND,SDCBP,0.07236606891088385
JUND,SEC61B,0.03681672397040875
JUND,SEC61G,0.03874574309614895
JUND,SELENOK,0.0897924925681178
JUND,SERTAD1,0.09799862725604468
JUND,SF1,0.07087956552533783
JUND,SFPQ,0.051026907059753525
JUND,SH3BGRL3,0.032850581259056
JUND,SIAH2,0.0612496583494542
JUND,SKIL,0.0912128638350405
JUND,SLC38A2,0.05678170151653095
JUND,SMCHD1,0.03303317787660025
JUND,SNRPB,0.03673035031222155
JUND,SNRPG,0.043320792211204204
JUND,SNU13,0.0530793118242067
JUND,SOCS1,0.1055928570138487
JUND,SOCS3,0.11015675223559827
JUND,SORL1,0.0336306446561095
JUND,SRGN,0.1255389079240668
JUND,SRRM2,0.037315871290445404
JUND,SRSF2,0.10185919388815885
JUND,SRSF3,0.0659053424100462
JUND,SRSF7,0.09482446044665033
JUND,STK17B,0.05609228674492
JUND,TAGLN2,0.05516712780707095
JUND,TGFB1,0.042266295083983434
JUND,TIMP1,0.0336621318958539
JUND,TLE4,0.0408276283187617
JUND,TNFAIP3,0.13779034941409252
JUND,TOB1,0.08330913667074775
JUND,TRA2B,0.04116821517839685
JUND,TSC22D3,0.1652967277216247
JUND,TSPYL1,0.06655486284641983
JUND,TUBA1A,0.10687371355006414
JUND,TUBB2A,0.07851365421722725
JUND,TUBB4B,0.11018262590900033
JUND,TXN,0.03770389266968055
JUND,TXNIP,-0.04490272432255013
JUND,UBALD2,0.14861935091081843
JUND,UBC,0.1372496529786517
JUND,UBE2M,0.07378625300844395
JUND,UBE2S,0.13584253736183274
JUND,UQCRFS1,0.04030707276719385
JUND,USP36,0.05240097111045609
JUND,VAPA,0.03350578711710825
JUND,VIM,0.0487281200032079
JUND,WDR26,0.05026346475678915
JUND,YME1L1,0.0361581080921012
JUND,YPEL5,0.14755729043501453
JUND,YWHAZ,0.08234363324331836
JUND,ZFAND5,0.090544561608825
JUND,ZFP36,0.14783920676162557
JUND,ZFP36L2,0.1588147153192821
JUND,ZNF331,0.10531709395287005
JUND,ZNF394,0.04232541229926545
KAT7,ACTB,-0.04957376577135175
KAT7,ATP5F1E,-0.055137106157155946
KAT7,B2M,-0.08969120917194673
KAT7,BTF3,-0.03770341147286995
KAT7,COMMD6,-0.04361099279388255
KAT7,EEF1A1,-0.06380070340549557
KAT7,EEF1B2,-0.04502579384466767
KAT7,EEF1D,-0.0497180821664911
KAT7,EIF1,-0.0330799422903099
KAT7,FAU,-0.06585274931757676
KAT7,FTL,-0.044729048238391834
KAT7,HLA-A,-0.04084514992198135
KAT7,MT-CO1,-0.050954749020368145
KAT7,MT-CO2,-0.04367079690033617
KAT7,MT-ND3,-0.04358856915337845
KAT7,MYL12A,-0.0390679231766148
KAT7,NACA,-0.05579159140876177
KAT7,PFN1,-0.04240960205426885
KAT7,PTMA,-0.05092330957274905
KAT7,RACK1,-0.04890244916534914
KAT7,RPL10,-0.08153340982633622
KAT7,RPL10A,-0.05123341893488845
KAT7,RPL11,-0.07932814276495798
KAT7,RPL12,-0.07044165612318555
KAT7,RPL13,-0.07508852007731714
KAT7,RPL13A,-0.0626452981650374
KAT7,RPL14,-0.06050654729536995
KAT7,RPL15,-0.05600060924942566
KAT7,RPL17,-0.059277406467262005
KAT7,RPL18,-0.062335940130542423
KAT7,RPL18A,-0.07281160976161115
KAT7,RPL19,-0.07132509153313457
KAT7,RPL21,-0.0676544751566289
KAT7,RPL22,-0.0662461778552306
KAT7,RPL23A,-0.059347444431507
KAT7,RPL24,-0.05722222614308936
KAT7,RPL27,-0.04913878084934
KAT7,RPL27A,-0.052650156742943766
KAT7,RPL28,-0.07214078877533117
KAT7,RPL3,-0.057124632367312224
KAT7,RPL30,-0.07350924140279352
KAT7,RPL31,-0.0616709122759809
KAT7,RPL32,-0.08270443664418688
KAT7,RPL35,-0.05638649648721915
KAT7,RPL36,-0.07373872591395897
KAT7,RPL37,-0.08037726346490433
KAT7,RPL37A,-0.0573841827899138
KAT7,RPL38,-0.056065698384173225
KAT7,RPL4,-0.033491474953787
KAT7,RPL41,-0.08202472596651683
KAT7,RPL5,-0.061600726622672
KAT7,RPL6,-0.06348618065887937
KAT7,RPL7,-0.058021251624968
KAT7,RPL7A,-0.06379689312602083
KAT7,RPL8,-0.0579621401447277
KAT7,RPL9,-0.052853593842804775
KAT7,RPLP0,-0.0619428574322093
KAT7,RPLP1,-0.06834413585986632
KAT7,RPLP2,-0.0657309061494836
KAT7,RPS10,-0.0448414311602034
KAT7,RPS12,-0.07412160040982638
KAT7,RPS13,-0.07097492278816456
KAT7,RPS14,-0.07812516148168946
KAT7,RPS15,-0.07789468166587685
KAT7,RPS15A,-0.08089597888553038
KAT7,RPS16,-0.051189269465385566
KAT7,RPS18,-0.07088445818909395
KAT7,RPS2,-0.0580369172030621
KAT7,RPS20,-0.04625718679787153
KAT7,RPS21,-0.06510647262049843
KAT7,RPS27,-0.08465749993215445
KAT7,RPS27A,-0.0804379331722513
KAT7,RPS28,-0.08343642439059998
KAT7,RPS29,-0.06774284494234442
KAT7,RPS3,-0.06796727978321115
KAT7,RPS3A,-0.06404376752422547
KAT7,RPS5,-0.0549302996205374
KAT7,RPS6,-0.061600186599967625
KAT7,RPS7,-0.06452784923729024
KAT7,RPS8,-0.06941249822995454
KAT7,SERF2,-0.047464262074006655
KAT7,SRRM2,0.0339518294988475
KAT7,TMA7,-0.04247585064210424
KAT7,TMSB10,-0.07042060244721987
KAT7,TNFAIP3,0.04760847536778013
KAT7,TOMM7,-0.040933406290556335
KAT7,TPT1,-0.058258082400847476
KAT7,UBA52,-0.0508787194229805
KAT7,YPEL5,0.0401910847486247
KDM2A,ABCC1,0.04526262949860855
KDM2A,ABLIM1,0.035667100954937844
KDM2A,ACTB,-0.06365625554325935
KDM2A,ADAR,0.03546273541293543
KDM2A,AGTPBP1,0.0317505780672802
KDM2A,AHNAK,0.05448109475319695
KDM2A,AKAP13,0.04137185617686776
KDM2A,AMD1,0.03449253428185755
KDM2A,ANKHD1,0.037745189814136645
KDM2A,ANKRD11,0.03429146946319605
KDM2A,ANKRD12,0.0384905459866995
KDM2A,ANKRD36,0.034912087745584006
KDM2A,ANKRD44,0.042393912223528
KDM2A,ARID4B,0.04166368483837657
KDM2A,ARID5B,0.037977202712316
KDM2A,ARIH1,0.0457437484665867
KDM2A,ARL4A,0.05536915549901285
KDM2A,ASH1L,0.03595919878259145
KDM2A,ATG2A,0.0350507154646106
KDM2A,ATP2B1,0.03931346925956874
KDM2A,ATP5F1E,-0.0715235118728791
KDM2A,ATP5MC2,-0.050282818940932145
KDM2A,ATXN1,0.040733876297042254
KDM2A,ATXN7,0.04255979644478425
KDM2A,B2M,-0.11045142357573515
KDM2A,BAZ2A,0.0368844346423988
KDM2A,BCLAF1,0.04682548278134226
KDM2A,BIRC3,0.04398998933621847
KDM2A,BIRC6,0.03746387557242985
KDM2A,BORCS5,0.045879819060416
KDM2A,BRAF,0.038816050646466496
KDM2A,BTF3,-0.043576332292129205
KDM2A,BTG2,0.0507377409098105
KDM2A,CASP8,0.03526062106928407
KDM2A,CBLB,0.0391926515331215
KDM2A,CCDC59,0.037093855519817996
KDM2A,CCDC88C,0.035567589414376134
KDM2A,CCNH,0.05119206416823445
KDM2A,CCNL1,0.05378336292309053
KDM2A,CCSER2,0.03258502219853275
KDM2A,CD55,0.05604718308112715
KDM2A,CDC14A,0.04512983262794305
KDM2A,CDK13,0.0316782089048605
KDM2A,CDK17,0.050797007885023
KDM2A,CDKN1B,0.03499957085029985
KDM2A,CEMIP2,0.043088816200242706
KDM2A,CENPC,0.041221715628370945
KDM2A,CEP350,0.03087198965455895
KDM2A,CFLAR,0.03494608799244925
KDM2A,CHD1,0.051234053341036624
KDM2A,CHD2,0.04224226268524787
KDM2A,CHMP1B,0.0478019932104091
KDM2A,CLK1,0.04470644689997315
KDM2A,CNOT6L,0.0447818987814715
KDM2A,COMMD6,-0.052947197804036304
KDM2A,CORO7,0.0457008316219223
KDM2A,COX4I1,-0.0456079274875164
KDM2A,COX6C,-0.040869463322507904
KDM2A,COX7C,-0.049076005593900296
KDM2A,CREBRF,0.03474093857481885
KDM2A,CRYBG1,0.04483308437192279
KDM2A,CSDE1,0.0388662051017589
KDM2A,CSRNP1,0.06729988101140545
KDM2A,CYCS,0.04864321495086275
KDM2A,CYLD,0.04145713645213975
KDM2A,CYTH1,0.03811996814276015
KDM2A,DBF4,0.0362609144653633
KDM2A,DDIT4,0.043770473388373005
KDM2A,DDX21,0.036856964324142136
KDM2A,DDX24,0.038718814909589394
KDM2A,DDX3X,0.04780634651781113
KDM2A,DENND4A,0.04702888438351875
KDM2A,DNAJA1,0.04083943689546863
KDM2A,DNAJB1,0.06430624238224669
KDM2A,DUSP1,0.09350522150847995
KDM2A,DYRK1A,0.040296827565007146
KDM2A,EEF1A1,-0.0827257862910295
KDM2A,EEF1B2,-0.06408372574809561
KDM2A,EEF1D,-0.05486573928090975
KDM2A,EEF1G,-0.0516517023914913
KDM2A,EIF3A,0.03758915665807697
KDM2A,EIF3K,-0.041164142524485706
KDM2A,EIF4G2,0.04170812798396205
KDM2A,EIF5,0.056117823983340656
KDM2A,EML4,0.041516097939955234
KDM2A,EPB41,0.04132132970864345
KDM2A,ESYT2,0.048014895291781545
KDM2A,EZR,0.04868398178450447
KDM2A,FAU,-0.08243185592198238
KDM2A,FLNA,0.036819801716152026
KDM2A,FOS,0.0638207078651519
KDM2A,FOSB,0.06500352457065077
KDM2A,FTL,-0.055341229302796
KDM2A,FYN,0.030489884543004164
KDM2A,G3BP2,0.0436999029435513
KDM2A,GADD45B,0.03477414858739475
KDM2A,GNAI2,0.0290768777893309
KDM2A,GOLGA4,0.031463451135159304
KDM2A,GOLGB1,0.03738797834566584
KDM2A,GPATCH8,0.03293871660633505
KDM2A,GPCPD1,0.03582167094511305
KDM2A,GSPT1,0.04068144879463585
KDM2A,HECA,0.0328061699353613
KDM2A,HECTD1,0.0342036271726249
KDM2A,HIF1A,0.04151518504465095
KDM2A,HIVEP2,0.0417313313488336
KDM2A,HNRNPU,0.043736574260464
KDM2A,HNRNPUL1,0.0414513182924144
KDM2A,HOOK2,0.06805917225711065
KDM2A,HSP90AA1,0.03731696071292285
KDM2A,HSPA5,0.038633741561511566
KDM2A,HSPA9,0.042472381152986696
KDM2A,IFRD1,0.041356349704678746
KDM2A,IQGAP1,0.0291979682171189
KDM2A,IRF1,0.06816085288992955
KDM2A,IRF2BP2,0.0472592040347943
KDM2A,ITGB1,0.032628769894368095
KDM2A,ITSN2,0.0316059286600847
KDM2A,JMJD1C,0.042999335925571064
KDM2A,JUND,0.05912912039064605
KDM2A,KAT6A,0.04167959764998996
KDM2A,KAT6B,0.03388518407768943
KDM2A,KLF12,0.0407722214112451
KDM2A,KLF3,0.049468433645405
KDM2A,KLF6,0.04466096334908225
KDM2A,KMT2C,0.03570114755392065
KDM2A,KMT2E,0.0383267280043352
KDM2A,LDHA,0.0280099710039222
KDM2A,LRRC8C,0.045910321123946995
KDM2A,MACF1,0.044337736150943996
KDM2A,MALT1,0.032629777219826545
KDM2A,MAP3K1,0.043947620717039754
KDM2A,MAP3K2,0.041574512467928953
KDM2A,MCL1,0.0562881696208014
KDM2A,MED13L,0.03792858714599625
KDM2A,MGAT5,0.041042556967780294
KDM2A,MIDN,0.04476850796179705
KDM2A,MRPL54,0.028563377157240152
KDM2A,MYADM,0.052850553167697066
KDM2A,MYCBP2,0.0369410053217886
KDM2A,MYH9,0.04729721411731019
KDM2A,MYLIP,0.03562656396956155
KDM2A,NACA,-0.073392353917886
KDM2A,NAMPT,0.042712262355701
KDM2A,NFKB1,0.059072753853358695
KDM2A,NFKBIA,0.0745100042219063
KDM2A,NFKBIZ,0.04715582307849145
KDM2A,NIPBL,0.03516105760274505
KDM2A,NR4A2,0.08238367050265794
KDM2A,NSMCE3,0.0372072088717955
KDM2A,OGA,0.0422286434790619
KDM2A,OPTN,0.035290225551969645
KDM2A,OSBPL8,0.036571515860541345
KDM2A,PACS1,0.0357584668463437
KDM2A,PCM1,0.03784969371699595
KDM2A,PCNX1,0.0437353402878151
KDM2A,PDE3B,0.03547516328890425
KDM2A,PDS5A,0.03069022535314845
KDM2A,PELI1,0.062305159945121695
KDM2A,PER1,0.08385331194190306
KDM2A,PFDN5,-0.06088886998059745
KDM2A,PFN1,-0.0511865704656894
KDM2A,PHF3,0.041060461941460194
KDM2A,PIK3R1,0.044545054057271466
KDM2A,PNRC1,0.058010134152220796
KDM2A,POLR2A,0.0447985940312352
KDM2A,PPIA,-0.047314128622817545
KDM2A,PPP1CB,0.0415864161175718
KDM2A,PPP1R15B,0.0461556187641558
KDM2A,PPP2R5C,0.044839653210008795
KDM2A,PPP4R3A,0.03538576639001425
KDM2A,PRMT9,0.034606995989497
KDM2A,PRRC2C,0.05776022350846905
KDM2A,PTGER4,0.05821136532216867
KDM2A,PTMA,-0.0727053762592935
KDM2A,RACK1,-0.06412188868239439
KDM2A,RALGAPA1,0.0409049564650861
KDM2A,RANBP2,0.04435016376759775
KDM2A,RAPGEF1,0.037539629758267246
KDM2A,RBM33,0.0388205077278986
KDM2A,RBM39,0.0426295632666132
KDM2A,REL,0.053324414267913324
KDM2A,RELB,0.06220089167711205
KDM2A,RGS2,0.03830005511699795
KDM2A,RICTOR,0.0379843415320247
KDM2A,RIOK3,0.0342405038113736
KDM2A,RLF,0.0383214434438059
KDM2A,RNF125,0.052776626584034536
KDM2A,RNF139,0.0504153688716443
KDM2A,RNF19A,0.04549959410411353
KDM2A,RNF213,0.0382039598109674
KDM2A,RNMT,0.0352515400645275
KDM2A,RORA,0.04591010319753382
KDM2A,RPL10,-0.10782278371676968
KDM2A,RPL10A,-0.06743212338365012
KDM2A,RPL11,-0.10331949239830518
KDM2A,RPL12,-0.09040703142152125
KDM2A,RPL13,-0.09417821471326353
KDM2A,RPL14,-0.07830635275387095
KDM2A,RPL15,-0.07891549481797767
KDM2A,RPL17,-0.0896172592606023
KDM2A,RPL18,-0.08106044101161718
KDM2A,RPL18A,-0.09487479403792792
KDM2A,RPL19,-0.09330071763464612
KDM2A,RPL21,-0.09403009358148663
KDM2A,RPL22,-0.07294733598472275
KDM2A,RPL23,-0.03825180522028135
KDM2A,RPL24,-0.0605160157246859
KDM2A,RPL26,-0.09004100961159628
KDM2A,RPL27,-0.051345565418518806
KDM2A,RPL28,-0.08392938308116028
KDM2A,RPL29,-0.07558731336159853
KDM2A,RPL3,-0.08864358050671096
KDM2A,RPL30,-0.0941618887916909
KDM2A,RPL31,-0.08451851689609742
KDM2A,RPL32,-0.10689601305806577
KDM2A,RPL34,-0.11585934350259852
KDM2A,RPL35,-0.0779630409298291
KDM2A,RPL36,-0.09140852682668305
KDM2A,RPL36A,-0.07524222125620438
KDM2A,RPL37,-0.07700235611211972
KDM2A,RPL37A,-0.06186096707926103
KDM2A,RPL38,-0.05855101122986185
KDM2A,RPL39,-0.10816435953325862
KDM2A,RPL4,-0.046466350831596004
KDM2A,RPL41,-0.10253541825487263
KDM2A,RPL5,-0.08668783011340893
KDM2A,RPL6,-0.07975110470785596
KDM2A,RPL7,-0.08489343296121181
KDM2A,RPL7A,-0.07976693019066104
KDM2A,RPL8,-0.07853096564764445
KDM2A,RPL9,-0.06375466469228715
KDM2A,RPLP0,-0.0604901953832353
KDM2A,RPLP1,-0.07806692469874041
KDM2A,RPLP2,-0.08000621991309076
KDM2A,RPS10,-0.0635351282986731
KDM2A,RPS11,-0.04438846638902915
KDM2A,RPS12,-0.09329048934458067
KDM2A,RPS14,-0.10334713216200589
KDM2A,RPS15,-0.10113599775761813
KDM2A,RPS15A,-0.10330043069177887
KDM2A,RPS16,-0.06786187545984863
KDM2A,RPS18,-0.10316070792151981
KDM2A,RPS19,-0.0950109494488103
KDM2A,RPS2,-0.08755666736579376
KDM2A,RPS20,-0.05760842672862037
KDM2A,RPS21,-0.08336280063433632
KDM2A,RPS23,-0.09373072273502975
KDM2A,RPS24,-0.0704151206904772
KDM2A,RPS25,-0.08579567420964129
KDM2A,RPS26,-0.060821182936493745
KDM2A,RPS27,-0.11072924513225545
KDM2A,RPS27A,-0.10639520131514668
KDM2A,RPS28,-0.11207688538537434
KDM2A,RPS29,-0.08474600433863665
KDM2A,RPS3,-0.0904930609540121
KDM2A,RPS3A,-0.08958640379410093
KDM2A,RPS4X,-0.0872675648805856
KDM2A,RPS5,-0.07855805019697859
KDM2A,RPS6,-0.09257156969187276
KDM2A,RPS7,-0.08023353369100238
KDM2A,RPS8,-0.09170117352753229
KDM2A,RPS9,-0.07345071999529844
KDM2A,RPSA,-0.06314085027870413
KDM2A,SAT1,0.0394178592636365
KDM2A,SBDS,0.05748415992312325
KDM2A,SELENOK,0.04811685177667225
KDM2A,SERF2,-0.051870198697772506
KDM2A,SERINC1,0.035911077731837354
KDM2A,SERINC5,0.037951735461826355
KDM2A,SETD2,0.039558965520221
KDM2A,SETX,0.0325028623410271
KDM2A,SF1,0.05418950399878325
KDM2A,SF3B1,0.03972643102927375
KDM2A,SFPQ,0.050834450424755595
KDM2A,SIK3,0.0499505289823009
KDM2A,SLC38A1,0.037606107118569446
KDM2A,SMCHD1,0.05036412136307966
KDM2A,SMG1,0.033543627230572595
KDM2A,SNRPD2,-0.04705038035115135
KDM2A,SORL1,0.04053273499439507
KDM2A,SPEN,0.0326548472395765
KDM2A,SPOCK2,0.0383086999595379
KDM2A,SPTAN1,0.0346883370895098
KDM2A,SPTBN1,0.0467778242578666
KDM2A,SRRM2,0.0594582666494302
KDM2A,SRSF2,0.03936952121177275
KDM2A,SRSF7,0.045269473736429665
KDM2A,SSH2,0.03210382549265445
KDM2A,STAT3,0.046584780260672504
KDM2A,STK17B,0.04690107449863755
KDM2A,TAB2,0.03755115207902187
KDM2A,TCP11L2,0.03918844578145625
KDM2A,TLK1,0.0331458588189177
KDM2A,TMA7,-0.05572095966710747
KDM2A,TMSB10,-0.09258697285177532
KDM2A,TNFAIP3,0.0837685336076151
KDM2A,TNKS2,0.03477452828094204
KDM2A,TNRC6B,0.038877403868649546
KDM2A,TOMM7,-0.055144737551536066
KDM2A,TSPYL2,0.04013987609142357
KDM2A,TTC17,0.03183897395693305
KDM2A,TUBB4B,0.04007854570613895
KDM2A,UBA52,-0.05967710993842473
KDM2A,UQCRB,-0.0446130107504644
KDM2A,USP15,0.032748791589439
KDM2A,USP3,0.045364201404826304
KDM2A,USP34,0.03547824655258545
KDM2A,USP36,0.0433119319020935
KDM2A,UTRN,0.044764860494507536
KDM2A,VPS13C,0.03773418441225965
KDM2A,WHAMM,0.055927806867347496
KDM2A,WNK1,0.03618960149312713
KDM2A,XRN1,0.035067545218809
KDM2A,YME1L1,0.037074729999902634
KDM2A,YPEL5,0.07159086687780526
KDM2A,YWHAZ,0.04747343065531335
KDM2A,ZC3HAV1,0.04082993384510225
KDM2A,ZEB1,0.039354780688582044
KDM2A,ZFAND5,0.042795064773351904
KDM2A,ZFP36,0.0663863622035312
KDM2A,ZNF292,0.03741698525169265
KDM2A,ZNF331,0.053697389842298326
KLF10,ACTN4,0.0665819575677364
KLF10,ADAM8,0.046318409035329244
KLF10,AHNAK,0.0725934030930952
KLF10,ANKRD28,0.03997986287976265
KLF10,ANXA2,0.06452710786965854
KLF10,ANXA5,0.04572713248738044
KLF10,ARL4A,0.048003407451266744
KLF10,ATP2B1,0.04854500658744165
KLF10,ATXN1,0.04445120821421705
KLF10,AUTS2,0.05970950334361575
KLF10,B2M,-0.0501767929122328
KLF10,BHLHE40,0.07551869285359093
KLF10,C12orf57,-0.05334957257827845
KLF10,C12orf75,0.041266461990511434
KLF10,CAPG,0.047846292377879435
KLF10,CAPN2,0.04440427776501335
KLF10,CAST,0.0435154932528205
KLF10,CD58,0.048514054798920556
KLF10,CD63,0.041537333007157
KLF10,CD74,0.04246992653282537
KLF10,CD82,0.04367665814765657
KLF10,CD99,0.03924576280447473
KLF10,CDC42EP3,0.03923949771738075
KLF10,CDKN1A,0.09509425097895555
KLF10,CLIC1,0.0524194552695926
KLF10,COTL1,0.0396473054881998
KLF10,COX7C,-0.04062560122730065
KLF10,CRIP1,0.057268406710074424
KLF10,CSRNP1,0.06264975216685693
KLF10,CST7,0.05345871633123536
KLF10,CXCR3,0.0639000652717967
KLF10,CYB561,0.05644405127805645
KLF10,DDIT4,0.0495875956294063
KLF10,DNAJA1,0.05316488604470081
KLF10,DUSP1,0.05751464689266047
KLF10,DUSP2,0.07020980106653334
KLF10,DUSP5,0.06544752240679645
KLF10,EEF1A1,-0.06537004066556
KLF10,EEF1B2,-0.07072344871201884
KLF10,EEF1D,-0.0396362759540186
KLF10,EEF1G,-0.05909788462322624
KLF10,EIF3E,-0.040865770925014755
KLF10,ERN1,0.04860119866204813
KLF10,EZR,0.0689936688533789
KLF10,FAS,0.05569078574884975
KLF10,FAU,-0.059382402636686954
KLF10,FHIT,-0.045653380562020895
KLF10,FLNA,0.05780745565670435
KLF10,FOS,0.05033618723409477
KLF10,FOSB,0.06044922447204115
KLF10,GADD45B,0.040899472797399555
KLF10,GATA3,0.047498089174938606
KLF10,GLIPR2,0.03729070022185044
KLF10,GZMA,0.060304206834948804
KLF10,HERPUD1,0.049605820087631744
KLF10,HLA-DPA1,0.040285132431403164
KLF10,HLA-DRB1,0.04433775755627987
KLF10,HOPX,0.05728262730786865
KLF10,ID2,0.046383623097632554
KLF10,IER2,0.03901283291622513
KLF10,IER5,0.0686427838609088
KLF10,IFRD1,0.039671541957944645
KLF10,IL10RA,0.0486388634223263
KLF10,IL32,0.04397772620139703
KLF10,IQGAP2,0.0332488759833345
KLF10,IRF1,0.043730972114174725
KLF10,IRF2BP2,0.036199222859228
KLF10,ITGB1,0.06371801913413738
KLF10,JPT1,0.04054306569201935
KLF10,JUN,0.03688216659787813
KLF10,KLF6,0.0585008753953852
KLF10,KLRB1,0.0444082174744461
KLF10,KLRG1,0.0405947315947531
KLF10,LDHA,0.0511481458200061
KLF10,LEF1,-0.07465136580334986
KLF10,LGALS1,0.06472158183486648
KLF10,LGALS3,0.053216663213549835
KLF10,LMNA,0.08924818460002866
KLF10,LMO4,0.04260965851681995
KLF10,LRRFIP1,0.04130922462985035
KLF10,LYAR,0.0456891304943526
KLF10,MAP3K8,0.050496959220292695
KLF10,MIDN,0.05480658942518565
KLF10,MYADM,0.05885535681580384
KLF10,MYO1F,0.056141343214751234
KLF10,NACA,-0.06637474984698359
KLF10,NAMPT,0.0417519073313196
KLF10,NFKBIA,0.06527207637315585
KLF10,NIBAN1,0.0640334127894758
KLF10,NOP53,-0.03825509025160155
KLF10,NPDC1,0.03578400591922517
KLF10,NPM1,-0.04351687524838725
KLF10,NR4A2,0.0559781888551136
KLF10,OPTN,0.039770561207610404
KLF10,PABPC1,-0.04600523048279585
KLF10,PARP8,0.04228234558075625
KLF10,PFDN5,-0.04241505344100568
KLF10,PHACTR2,0.04257923765693415
KLF10,PHLDA1,0.08000104548147305
KLF10,PIM3,0.0585562633929254
KLF10,PMAIP1,0.05034034355882114
KLF10,PPP1R15A,0.05344916687359527
KLF10,PPP1R16B,0.044559924838197304
KLF10,PRDM1,0.06421762269543455
KLF10,PREX1,0.05331720832870455
KLF10,PTGER4,0.04753935492330085
KLF10,PTMA,-0.0429564715214636
KLF10,RACK1,-0.055801961800247
KLF10,REEP5,0.03617837925574563
KLF10,RORA,0.045277414424909
KLF10,RPL10,-0.07689873575088535
KLF10,RPL10A,-0.060735154909460576
KLF10,RPL12,-0.06708515599891815
KLF10,RPL13,-0.08069427158673562
KLF10,RPL13A,-0.0635215006936856
KLF10,RPL15,-0.05139067819533252
KLF10,RPL18,-0.07111248900730367
KLF10,RPL18A,-0.07084641899596657
KLF10,RPL19,-0.07785255612936152
KLF10,RPL22,-0.06892770869876727
KLF10,RPL23,-0.0385371775318186
KLF10,RPL23A,-0.057928352525836335
KLF10,RPL24,-0.05784761842604775
KLF10,RPL26,-0.0628615840416733
KLF10,RPL27,-0.043772374434064766
KLF10,RPL27A,-0.07005869041245825
KLF10,RPL29,-0.06436258273583023
KLF10,RPL3,-0.06518136374947507
KLF10,RPL31,-0.06475157238474193
KLF10,RPL32,-0.09002787783758012
KLF10,RPL34,-0.08327583024281597
KLF10,RPL35,-0.04676683230959657
KLF10,RPL35A,-0.07981204964870983
KLF10,RPL36,-0.0625315714045712
KLF10,RPL36A,-0.04702460661243057
KLF10,RPL37,-0.06629223665655172
KLF10,RPL37A,-0.046601488787207525
KLF10,RPL38,-0.05320664486187182
KLF10,RPL39,-0.0741569166823153
KLF10,RPL4,-0.04488755655298796
KLF10,RPL41,-0.06454578906873185
KLF10,RPL5,-0.06393157989350359
KLF10,RPL6,-0.056026463798922246
KLF10,RPL7,-0.06316159413562802
KLF10,RPL7A,-0.05941279580673844
KLF10,RPL8,-0.05304803033380723
KLF10,RPL9,-0.0677428274360623
KLF10,RPLP2,-0.07374501247638712
KLF10,RPS10,-0.04066939431091725
KLF10,RPS11,-0.03707006160670045
KLF10,RPS12,-0.07923912926775348
KLF10,RPS13,-0.08931633848852112
KLF10,RPS15,-0.07320420355431605
KLF10,RPS16,-0.0572121807399885
KLF10,RPS18,-0.0650922906678109
KLF10,RPS19,-0.05568749483000792
KLF10,RPS2,-0.056303945581682995
KLF10,RPS21,-0.0613885835174398
KLF10,RPS23,-0.08370655110195292
KLF10,RPS24,-0.05343424817882032
KLF10,RPS25,-0.07194681529600723
KLF10,RPS27,-0.07738128885542217
KLF10,RPS27A,-0.0791428291128681
KLF10,RPS28,-0.07776242174006603
KLF10,RPS29,-0.05677492278391472
KLF10,RPS3A,-0.08585981916155078
KLF10,RPS6,-0.07321155681954886
KLF10,RPS7,-0.05582882948385775
KLF10,RPS8,-0.07976929509860939
KLF10,RPS9,-0.05697211130958235
KLF10,RPSA,-0.04743308770987797
KLF10,S100A10,0.065388876865503
KLF10,S100A11,0.058570830727567746
KLF10,S100A4,0.08378181032506234
KLF10,SARAF,-0.03966164988137355
KLF10,SEC61B,0.04299326717499515
KLF10,SELL,-0.07758898440903844
KLF10,SEPTIN11,0.043772096680066055
KLF10,SH3BGRL3,0.057695092096928635
KLF10,SRGN,0.06346507642301001
KLF10,STOM,0.0453165911298317
KLF10,SYNE2,0.04347363497687354
KLF10,TAGLN2,0.05389139991798668
KLF10,TCF7,-0.0596145020237498
KLF10,TENT5C,0.060417908890558265
KLF10,TGFB1,0.0505465755924415
KLF10,TIMP1,0.043159512185074675
KLF10,TMSB10,-0.055537515802959625
KLF10,TMSB4X,-0.0480956672560732
KLF10,TMX4,0.04711320831097665
KLF10,TNFAIP3,0.059157212708664045
KLF10,TNFRSF18,0.048177800496845
KLF10,TPM4,0.03558670623892315
KLF10,TPT1,-0.0563744953339733
KLF10,TRADD,0.0425153637045663
KLF10,TUBA1C,0.055658922094907054
KLF10,TUBB4B,0.0593501428075116
KLF10,TXN,0.05128794710822737
KLF10,UBA52,-0.04705515910920325
KLF10,UQCRB,-0.03976786268342765
KLF10,USP46,0.04204153352439775
KLF10,VIM,0.054814998729295156
KLF10,YPEL5,0.0499785817495815
KLF10,YWHAQ,0.04982009477243666
KLF10,ZFP36,0.06604144686604457
KLF10,ZFP36L2,0.0547792220387383
KLF11,AHNAK,0.049555774303984244
KLF11,RPL10,-0.0414666049183659
KLF11,RPL12,-0.034432133597935594
KLF11,RPL13,-0.0407267094423681
KLF11,RPL18A,-0.037904100578230404
KLF11,RPL19,-0.03598359571039187
KLF11,RPL28,-0.0343241089334327
KLF11,RPL30,-0.0384971433979523
KLF11,RPL32,-0.0423547426674297
KLF11,RPL34,-0.041675452895498004
KLF11,RPLP1,-0.03223090104885995
KLF11,RPLP2,-0.0368042810835552
KLF11,RPS12,-0.03757364810031965
KLF11,RPS13,-0.04330259880366393
KLF11,RPS15A,-0.042081012655234305
KLF11,RPS18,-0.0382235373960478
KLF11,RPS21,-0.03585839073538105
KLF11,RPS23,-0.04182714808992413
KLF11,RPS24,-0.0377332619325401
KLF11,RPS25,-0.036960377464605745
KLF11,RPS27,-0.04193418753464365
KLF11,RPS27A,-0.0434615859785519
KLF11,RPS3,-0.03343845915246925
KLF11,RPS3A,-0.03857396251589554
KLF11,TMSB10,-0.03668559102761987
KLF12,AAK1,0.0465765066801543
KLF12,ABCC1,0.049944884385638
KLF12,ABI1,0.03206979190995645
KLF12,ACIN1,0.0345772507356016
KLF12,ACTB,-0.09088943551035933
KLF12,ACTG1,-0.066855229935781
KLF12,ACTR2,0.03611406623655895
KLF12,AFF4,0.0334224134906807
KLF12,AHNAK,0.0583968667519887
KLF12,AKAP13,0.05095839494390763
KLF12,AKAP9,0.03647623880499015
KLF12,AKNA,0.03403244564888655
KLF12,AKT3,0.06754740890603865
KLF12,ANK3,0.076517240490076
KLF12,ANKRD11,0.040944943633827446
KLF12,ANKRD12,0.04161693562687817
KLF12,ANKRD36,0.048992410450499145
KLF12,ANKRD36C,0.04244303291048105
KLF12,ANKRD44,0.055083911029244204
KLF12,ANXA2,0.0350299649870372
KLF12,ARFGEF1,0.04540645592346095
KLF12,ARID4A,0.03066378256358145
KLF12,ARID4B,0.04515339931071933
KLF12,ARID5B,0.0445728301245925
KLF12,ARIH1,0.056473875544429494
KLF12,ASAP1,0.051122339942426556
KLF12,ASCC3,0.0449198415194686
KLF12,ASH1L,0.04786994549450715
KLF12,ATF7IP,0.049025061343658055
KLF12,ATM,0.04309676579984355
KLF12,ATP2B1,0.05452149097573885
KLF12,ATP5F1E,-0.07404577824356855
KLF12,ATP5MC2,-0.067242273788163
KLF12,ATRX,0.0387926087352265
KLF12,ATXN1,0.06478797044455635
KLF12,B2M,-0.1270077024515283
KLF12,BAZ2A,0.032469905768305954
KLF12,BCL2,0.04564512937613465
KLF12,BCLAF1,0.043728687530035046
KLF12,BDP1,0.03190866622291715
KLF12,BEST1,0.039572538037518805
KLF12,BIRC6,0.048040632900401566
KLF12,BPTF,0.04542332072339015
KLF12,BRD2,0.030951368493592698
KLF12,BTBD9,0.06410732329605205
KLF12,BTF3,-0.07938643495516015
KLF12,CA5B,0.0364286172101018
KLF12,CAMK4,0.051318329997670796
KLF12,CAST,0.0423743266051882
KLF12,CCDC88C,0.04225027685785225
KLF12,CCND2,0.03205594778363095
KLF12,CCNK,0.03384514371300895
KLF12,CCNL1,0.04019258603798163
KLF12,CCSER2,0.04873082251649839
KLF12,CD37,-0.0420004474327275
KLF12,CD44,0.03975997347835287
KLF12,CD46,0.03395944412739145
KLF12,CD55,0.0361387318686323
KLF12,CD7,-0.0513386946180108
KLF12,CDC14A,0.056897182376059396
KLF12,CDK12,0.032225623655943
KLF12,CDK13,0.0414530362096345
KLF12,CDK17,0.05083447477512445
KLF12,CELF2,0.05298752600231007
KLF12,CEMIP2,0.0506810086846937
KLF12,CFL1,-0.06486886369419355
KLF12,CFLAR,0.040717548407987095
KLF12,CGGBP1,0.03240922926104425
KLF12,CHD1,0.04773970696661067
KLF12,CHD2,0.04260064416800245
KLF12,CHST11,0.04968950261993445
KLF12,CLIP1,0.03610984722260395
KLF12,CLK1,0.031929589318680854
KLF12,CNOT6L,0.0474459032662675
KLF12,CNST,0.039332471824969246
KLF12,CNTRL,0.0419056901538757
KLF12,COMMD6,-0.06241929724412013
KLF12,COPA,0.038295307099769596
KLF12,CORO1A,-0.060131615682139206
KLF12,CORO7,0.0507750783995528
KLF12,COX6C,-0.05270487639534315
KLF12,COX7C,-0.0564147906473786
KLF12,CREBBP,0.0397066111091416
KLF12,CRYBG1,0.053795186869878706
KLF12,CSNK1A1,0.032793901995441396
KLF12,CTDSPL2,0.03236430727137845
KLF12,CYLD,0.0439170120586784
KLF12,CYTH1,0.04190531601518127
KLF12,DAAM1,0.03361091348855155
KLF12,DDX17,0.046515831642328254
KLF12,DDX3X,0.03911939674744805
KLF12,DDX6,0.037347431674357404
KLF12,DENND4A,0.0621582400223568
KLF12,DHX9,0.03830384267622915
KLF12,DIAPH1,0.0370679362976271
KLF12,DMTF1,0.03540982162904145
KLF12,DOCK10,0.06632159197406313
KLF12,DOCK9,0.050784082034954645
KLF12,DYRK1A,0.04437086534161115
KLF12,EEF1A1,-0.10853948538731417
KLF12,EEF1B2,-0.0879618580431662
KLF12,EEF1D,-0.06767060469945073
KLF12,EEF1G,-0.0675831461097543
KLF12,EFCAB14,0.03253266960518595
KLF12,EIF1,-0.0749899487501316
KLF12,EIF3E,-0.0370757619353282
KLF12,EIF3K,-0.056097899616052
KLF12,EIF4G2,0.03452824792446725
KLF12,ELL2,0.04497729500090325
KLF12,ELMO1,0.0620205722740857
KLF12,EML4,0.0447954296696004
KLF12,EPB41,0.059574152102349
KLF12,EPHA4,0.05396747286460295
KLF12,ERBIN,0.0459291390119117
KLF12,ESYT2,0.054180107500597346
KLF12,EZR,0.05009690994790474
KLF12,FAM107B,0.03760922518497495
KLF12,FAU,-0.10483027860268457
KLF12,FKBP5,0.043464425116092845
KLF12,FLNA,0.035734151013421
KLF12,FNBP1,0.045636092857531105
KLF12,FNBP4,0.03540174006247815
KLF12,FOSB,0.0395301073202318
KLF12,FOXN3,0.04697832905840675
KLF12,FOXP1,0.048309124120166
KLF12,FTH1,-0.06689697487542964
KLF12,FTL,-0.06413975276055803
KLF12,FYN,0.04770760134860197
KLF12,G3BP1,0.0311515994051869
KLF12,GAPDH,-0.0376849395950451
KLF12,GATA3,0.03240255102855165
KLF12,GLG1,0.0396304219923902
KLF12,GOLGA4,0.0408789688910622
KLF12,GOLGB1,0.046092446048013797
KLF12,GPCPD1,0.0467545117208548
KLF12,GPSM3,-0.0402180186818668
KLF12,HERC1,0.054222479801614536
KLF12,HIVEP2,0.06569282765546114
KLF12,HLA-B,-0.0785304367556271
KLF12,HLA-C,-0.06226431587126349
KLF12,HNRNPUL1,0.0333934115783946
KLF12,HOOK2,0.043099189828981546
KLF12,HSPA8,-0.04822432370646065
KLF12,IFITM1,-0.0735876704158141
KLF12,IKZF1,0.03480756448691545
KLF12,IL10RA,0.036746134291254534
KLF12,IL6ST,0.031377734515485
KLF12,IQGAP2,0.05221845412857997
KLF12,ITGB1,0.0483051977096993
KLF12,ITK,0.0423169784962384
KLF12,ITSN2,0.04155480223388515
KLF12,JAK1,0.038924395849317645
KLF12,JMJD1C,0.04375750794901164
KLF12,JMY,0.0421164577020953
KLF12,JUNB,-0.03835161444672635
KLF12,KANSL1,0.0392537652911976
KLF12,KAT6A,0.04993958157859416
KLF12,KAT6B,0.043992501418802704
KLF12,KDM2A,0.0407722214112451
KLF12,KDM6A,0.0485895643233866
KLF12,KIF2A,0.0325849727262469
KLF12,KLF3,0.037357110573313895
KLF12,KLF6,0.03970105424256615
KLF12,KMT2A,0.03769836732370885
KLF12,KMT2C,0.0469106233995923
KLF12,KMT2E,0.03474139349881545
KLF12,LDHB,-0.06473911526859275
KLF12,LIMD2,-0.04474787760820775
KLF12,LIMS1,0.04267595887612445
KLF12,LNPEP,0.03661642459412235
KLF12,LRBA,0.0662616338989203
KLF12,LRRC8C,0.05958183940501215
KLF12,LRRFIP1,0.04762365440623275
KLF12,LTB,-0.0540238151787363
KLF12,MACF1,0.05076855197849673
KLF12,MAML2,0.04505219610167636
KLF12,MAP3K1,0.046255098851745606
KLF12,MAP4,0.03856886667217585
KLF12,MBNL1,0.0476284646917492
KLF12,MBP,0.0479220370255376
KLF12,MDFIC,0.0438348961205727
KLF12,MEF2A,0.0375845371854207
KLF12,MGAT5,0.06248350614893661
KLF12,MSN,0.03137824109326035
KLF12,MYH9,0.041634610194510396
KLF12,MYL12A,-0.071166172931454
KLF12,MYL6,-0.04598134973186835
KLF12,MYLIP,0.03148088118404175
KLF12,MYO1F,0.039462041710560364
KLF12,MZT2B,-0.042193684874919854
KLF12,N4BP2,0.0309901022902385
KLF12,NACA,-0.10048585817109694
KLF12,NAP1L4,0.0351218848348328
KLF12,NCKAP1L,0.030303190081963853
KLF12,NCOA7,0.0390706298734862
KLF12,NFATC3,0.038819975036531854
KLF12,NFKBIZ,0.035564285082808796
KLF12,NIN,0.04429299378719585
KLF12,NIPBL,0.0474990339019733
KLF12,NKTR,0.0450412487015059
KLF12,NLRC5,0.03910691538846095
KLF12,NOP53,-0.0458563709341443
KLF12,NOP58,0.0312113843602791
KLF12,NOSIP,-0.04389765436782175
KLF12,NPM1,-0.06344661754935745
KLF12,NR3C1,0.043720010260355296
KLF12,NR4A2,0.0520202393108818
KLF12,NRDC,0.03181464177037175
KLF12,NSD3,0.035487930469549095
KLF12,NUFIP2,0.0375981324552451
KLF12,ODC1,0.03186475677403165
KLF12,OGA,0.0435704784373082
KLF12,OGT,0.0419982686716271
KLF12,OPTN,0.039804637378689334
KLF12,OST4,-0.04024526455667155
KLF12,PACS1,0.0501386049350096
KLF12,PAK2,0.037967458393485545
KLF12,PAN3,0.0583516542140798
KLF12,PARP8,0.04906033486332055
KLF12,PBXIP1,0.03520807203742197
KLF12,PCM1,0.04462398766282845
KLF12,PCNX1,0.05309406539941983
KLF12,PCSK7,0.039982408139697
KLF12,PDCD4,0.04063247518182085
KLF12,PDE3B,0.05621628480503834
KLF12,PDS5A,0.04170989092922705
KLF12,PELI1,0.05109747186009855
KLF12,PER1,0.0491816445762573
KLF12,PFDN5,-0.07195492213182597
KLF12,PFN1,-0.0610158764304398
KLF12,PHACTR2,0.0626708759063534
KLF12,PHF3,0.04446352003454835
KLF12,PHIP,0.0393180000390719
KLF12,PHTF2,0.04566239293200965
KLF12,PIK3R1,0.04287566319707986
KLF12,PJA2,0.0346675429523678
KLF12,POLR2A,0.0382786199422818
KLF12,PPIA,-0.06061842012219054
KLF12,PPP1R16B,0.055644234718343996
KLF12,PPP2R5C,0.0519441956460912
KLF12,PPP4R3A,0.03687941968835485
KLF12,PRDM2,0.04421874131345695
KLF12,PREX1,0.052473528626869353
KLF12,PRKACB,0.032494227051153554
KLF12,PRKCB,0.049441420082684595
KLF12,PRKCH,0.049035448480919806
KLF12,PRKDC,0.0379397287296396
KLF12,PRKX,0.0375198441038146
KLF12,PRPF8,0.0328713423473721
KLF12,PRRC2C,0.040937350100958364
KLF12,PSME1,-0.04277982950040195
KLF12,PTBP3,0.03758911627009945
KLF12,PTGER4,0.03292585087700415
KLF12,PTMA,-0.08594236453326556
KLF12,PTPN1,0.03329955384797155
KLF12,PUM2,0.04190767457028475
KLF12,R3HDM2,0.03495026037936795
KLF12,RABGAP1L,0.0640271603177818
KLF12,RAC2,-0.04726170924869245
KLF12,RACK1,-0.07504565807920924
KLF12,RANBP2,0.04697142960641555
KLF12,RAPGEF1,0.0471853490452182
KLF12,RASA2,0.04678495144109375
KLF12,RASA3,0.04821461758930573
KLF12,RBL2,0.03519719890967715
KLF12,RBM25,0.034324883993043454
KLF12,RBM26,0.0368574263551618
KLF12,RBM33,0.0411319393636775
KLF12,REL,0.040877932617043235
KLF12,RESF1,0.04235602420842325
KLF12,RFX3,0.059926857959668955
KLF12,RGS10,-0.042724552761294846
KLF12,RICTOR,0.0511843341483329
KLF12,RIOK3,0.034999996862146596
KLF12,RNF125,0.052017642674349135
KLF12,RNF19A,0.0483880877829101
KLF12,RNF213,0.04739735158767115
KLF12,ROCK1,0.04485595983004805
KLF12,RORA,0.060697550334644836
KLF12,RPL10,-0.1320135097252889
KLF12,RPL10A,-0.09080206559219273
KLF12,RPL11,-0.12576643236166274
KLF12,RPL12,-0.1105581174554659
KLF12,RPL13,-0.11865622545538995
KLF12,RPL13A,-0.09837223872160823
KLF12,RPL14,-0.09994493376543863
KLF12,RPL15,-0.08726634129010274
KLF12,RPL17,-0.10050979135930244
KLF12,RPL18,-0.1053881213214467
KLF12,RPL18A,-0.11814868513739768
KLF12,RPL19,-0.11776533608029777
KLF12,RPL22,-0.0929506837218708
KLF12,RPL23,-0.050005283591451094
KLF12,RPL24,-0.08511100686138555
KLF12,RPL26,-0.112971277398718
KLF12,RPL27,-0.07027263077661923
KLF12,RPL27A,-0.07975980348701776
KLF12,RPL28,-0.10962340743714498
KLF12,RPL29,-0.09914007677252767
KLF12,RPL3,-0.0965254579782521
KLF12,RPL31,-0.08755584041149789
KLF12,RPL34,-0.13097585538055423
KLF12,RPL35,-0.08669499707842655
KLF12,RPL36,-0.1039295844354871
KLF12,RPL36AL,-0.07096919661813605
KLF12,RPL37,-0.09399828899603214
KLF12,RPL37A,-0.07262467200374043
KLF12,RPL38,-0.07073687852565852
KLF12,RPL4,-0.05834256826582037
KLF12,RPL41,-0.11115944852046346
KLF12,RPL5,-0.11393013967886922
KLF12,RPL6,-0.09714668294428315
KLF12,RPL7,-0.09891276115447944
KLF12,RPL7A,-0.10878936739277319
KLF12,RPL8,-0.09658289959180522
KLF12,RPLP0,-0.08864435174829827
KLF12,RPLP1,-0.1022605165984548
KLF12,RPLP2,-0.10258429896163071
KLF12,RPS10,-0.06237585375755594
KLF12,RPS11,-0.05683362865153076
KLF12,RPS12,-0.11639095392634458
KLF12,RPS13,-0.12192787630389282
KLF12,RPS14,-0.12702651451774458
KLF12,RPS15,-0.12196135357947352
KLF12,RPS15A,-0.1243666870307559
KLF12,RPS16,-0.08078024315227135
KLF12,RPS17,-0.0578163608132498
KLF12,RPS19,-0.1129239494087537
KLF12,RPS2,-0.09996026268899891
KLF12,RPS20,-0.0713247147451403
KLF12,RPS21,-0.09514568123233386
KLF12,RPS23,-0.11800031316056528
KLF12,RPS24,-0.0945409276816292
KLF12,RPS25,-0.11254525384468515
KLF12,RPS26,-0.07409920187862576
KLF12,RPS27A,-0.13036287020913792
KLF12,RPS28,-0.12313945399900995
KLF12,RPS3,-0.11441550875579481
KLF12,RPS3A,-0.11259971037249503
KLF12,RPS6,-0.10295427727051618
KLF12,RPS6KA3,0.0449585828236356
KLF12,RPS7,-0.10110711402672373
KLF12,RPS8,-0.1107306039512997
KLF12,RPSA,-0.09077887904015018
KLF12,RSRC2,0.040996212017747655
KLF12,RSRP1,0.036787529821307
KLF12,S100A11,0.033426593704179344
KLF12,S100A6,-0.0418763288392304
KLF12,SAMHD1,0.04141106018532205
KLF12,SCAF11,0.0410457080464622
KLF12,SECISBP2,0.03425485697076375
KLF12,SEMA4D,0.038889358777168204
KLF12,SENP6,0.03875847439850995
KLF12,SERF2,-0.059512144818055134
KLF12,SERINC5,0.04959475207211097
KLF12,SETD2,0.04405415060353493
KLF12,SETX,0.04168485491617855
KLF12,SFI1,0.03200815761244055
KLF12,SFPQ,0.0345817607821203
KLF12,SH3KBP1,0.045185762285105596
KLF12,SIK3,0.0716554395907846
KLF12,SKAP1,0.052170080164503
KLF12,SLC2A3,0.0409257526803383
KLF12,SLC38A1,0.050112332547896196
KLF12,SLC4A7,0.04993272045305555
KLF12,SLTM,0.032788503496067545
KLF12,SMAP1,0.0326307566065357
KLF12,SMAP2,0.0358946893772108
KLF12,SMARCA5,0.033539024651209046
KLF12,SMARCC1,0.03802308479490715
KLF12,SMC5,0.03889687004836835
KLF12,SMCHD1,0.0623479521533949
KLF12,SMG1,0.043846126484071005
KLF12,SNRNP200,0.0324476672768809
KLF12,SNRPD2,-0.0599559236881516
KLF12,SOD2,0.03290454181239475
KLF12,SP100,0.0396605969661866
KLF12,SPAG9,0.034506342026987546
KLF12,SPTAN1,0.04270950762625715
KLF12,SPTBN1,0.040754929273531464
KLF12,SREK1,0.033921229109862
KLF12,SRRM2,0.0398288394244225
KLF12,SRSF4,0.035414723479590904
KLF12,SSR2,-0.039290164507895645
KLF12,STAG2,0.039608731599032304
KLF12,STAT3,0.03488742592718135
KLF12,STK10,0.0411112016843058
KLF12,STK17B,0.0384031264044634
KLF12,STK38,0.04495891098189285
KLF12,STK4,0.03344756030159205
KLF12,STT3B,0.038293752669768796
KLF12,SYNE2,0.05500979686079813
KLF12,TAB2,0.049591186377656846
KLF12,TAGLN2,0.0325121763009348
KLF12,TAOK3,0.03931484584966235
KLF12,TBL1XR1,0.04184301518316425
KLF12,TC2N,0.0467564130967498
KLF12,TENT5C,0.04791404758028265
KLF12,TEX14,0.036741325218864446
KLF12,TGFBR2,0.0332660399912821
KLF12,TLK1,0.04539938522084875
KLF12,TLN1,0.037438111593695506
KLF12,TMA7,-0.06313769316680183
KLF12,TMOD3,0.037355019192447145
KLF12,TMSB10,-0.1090884649098958
KLF12,TMSB4X,-0.10200165045488399
KLF12,TNFAIP3,0.05004600504534847
KLF12,TNIK,0.0508851806150199
KLF12,TNRC6B,0.045239914565879565
KLF12,TOMM7,-0.066917589311985
KLF12,TOP2B,0.0403853294213297
KLF12,TPP2,0.0426362106780125
KLF12,TPR,0.03356513903114255
KLF12,TPT1,-0.09559411746876713
KLF12,TRADD,0.03469756984663503
KLF12,TRPM7,0.03967763570333625
KLF12,TSPAN14,0.0314374702024425
KLF12,TSPYL2,0.03208242988096075
KLF12,TUT4,0.04780058622369045
KLF12,UBA52,-0.07406996427943224
KLF12,UBC,-0.03875677386380195
KLF12,UQCR11,-0.037119792028943
KLF12,UQCRB,-0.05809158610914433
KLF12,UQCRH,-0.0361538917226016
KLF12,USP15,0.047704191535495696
KLF12,USP3,0.04734165156018366
KLF12,USP34,0.048296724535041996
KLF12,UTRN,0.07026701172023771
KLF12,VPS13C,0.0494112200925491
KLF12,WAC,0.03805380307412305
KLF12,WAPL,0.03147823664464785
KLF12,WNK1,0.04559736975244935
KLF12,WWP1,0.0424311409753946
KLF12,XPO1,0.03630680620322845
KLF12,XRN1,0.0517371463458901
KLF12,XRN2,0.03290190459796775
KLF12,YME1L1,0.038330776427479646
KLF12,YPEL5,0.042785493725867096
KLF12,ZBTB20,0.0688648309059247
KLF12,ZC3HAV1,0.04474013748378345
KLF12,ZEB1,0.055422224476637805
KLF12,ZFC3H1,0.03741882383690685
KLF12,ZNF207,0.032562878769677145
KLF12,ZNF292,0.0441714397653518
KLF12,ZNF638,0.0403191150825186
KLF12,ZNF800,0.0318016443878077
KLF13,ACTB,-0.042468007931863366
KLF13,AHNAK,0.0387021008910637
KLF13,ATP5F1E,-0.047887987838035995
KLF13,BPTF,0.02964778895604165
KLF13,CAST,0.030921285924392347
KLF13,CFLAR,0.02952974076787805
KLF13,COX4I1,-0.03713050023534453
KLF13,EEF1A1,-0.08081716961746765
KLF13,EEF1B2,-0.04951602433404603
KLF13,EEF1D,-0.042320961129377326
KLF13,EEF1G,-0.05288660988650015
KLF13,EIF1,-0.04489711337194367
KLF13,EZR,0.0295678425939684
KLF13,FAM107B,0.0316642355987126
KLF13,FTH1,-0.045729148428548604
KLF13,FTL,-0.04150170138072635
KLF13,HINT1,-0.040376715908365154
KLF13,HNRNPD,0.0330344058522169
KLF13,IDS,0.0327875598557147
KLF13,KMT2A,0.030756783447940448
KLF13,LCP1,0.032143108445496046
KLF13,LRRFIP1,0.03493110576101485
KLF13,MTPN,0.0291871031022519
KLF13,MYH9,0.0327255649693536
KLF13,NACA,-0.06154824173333826
KLF13,PFN1,-0.04269479114362176
KLF13,PTMA,-0.06010735019177038
KLF13,PTP4A2,0.03160957434285145
KLF13,RACK1,-0.05542310009319867
KLF13,RNF213,0.033192702592098305
KLF13,RPL10,-0.09508272578623637
KLF13,RPL10A,-0.0654948447219999
KLF13,RPL11,-0.09175627297840008
KLF13,RPL12,-0.07928215851018527
KLF13,RPL13,-0.09165660174573514
KLF13,RPL13A,-0.07170514899337768
KLF13,RPL14,-0.0651479923960453
KLF13,RPL15,-0.07258631380406115
KLF13,RPL21,-0.08429039049637105
KLF13,RPL22,-0.06253142216428167
KLF13,RPL23A,-0.0827698550618587
KLF13,RPL26,-0.08600907390380905
KLF13,RPL27,-0.05128177541953988
KLF13,RPL27A,-0.08950363394386975
KLF13,RPL28,-0.08033326840324817
KLF13,RPL3,-0.07620711606323274
KLF13,RPL30,-0.08425533443419282
KLF13,RPL31,-0.07037909959121508
KLF13,RPL35,-0.0697249629719139
KLF13,RPL35A,-0.08704131347015095
KLF13,RPL36,-0.08846581757217915
KLF13,RPL36A,-0.06442135862962463
KLF13,RPL37,-0.07321455007428582
KLF13,RPL4,-0.054076370578544135
KLF13,RPL41,-0.0967887248560297
KLF13,RPL5,-0.0725076606960814
KLF13,RPL7,-0.07818226745870333
KLF13,RPL7A,-0.06843018105096514
KLF13,RPL8,-0.06709155758138641
KLF13,RPLP1,-0.08076011774464538
KLF13,RPLP2,-0.08069739877848822
KLF13,RPS11,-0.04130795540439836
KLF13,RPS12,-0.08256706223022715
KLF13,RPS13,-0.08120971191554402
KLF13,RPS14,-0.09394239295024107
KLF13,RPS15,-0.08909681940123282
KLF13,RPS15A,-0.09432462626815995
KLF13,RPS16,-0.063164605827322
KLF13,RPS18,-0.09516064088425465
KLF13,RPS19,-0.08618022531582517
KLF13,RPS2,-0.07648821466809998
KLF13,RPS20,-0.05919456928963293
KLF13,RPS23,-0.08431780006391724
KLF13,RPS24,-0.060057379129327876
KLF13,RPS25,-0.08699369020224258
KLF13,RPS27,-0.10376595822440877
KLF13,RPS27A,-0.09584555028444375
KLF13,RPS3,-0.0826483413720778
KLF13,RPS3A,-0.0797416828203474
KLF13,RPS5,-0.06317014323473238
KLF13,RPS7,-0.07092637600072035
KLF13,RPS8,-0.07901083993380527
KLF13,RPSA,-0.05866902803644073
KLF13,SERF2,-0.042424475349760966
KLF13,SPOCK2,0.0290086063740764
KLF13,TMA7,-0.04193588752579389
KLF13,TMSB10,-0.08118329888700222
KLF13,TNFAIP3,0.03469983933716615
KLF13,UBA52,-0.05674157505641035
KLF13,UQCRB,-0.03240637398516185
KLF13,YWHAZ,0.0316228618217844
KLF16,B2M,-0.03251029038179345
KLF16,RPL10,-0.03221205633342145
KLF16,RPL32,-0.03280276643598925
KLF16,RPL34,-0.0353463121672592
KLF16,RPL35A,-0.03106820736170115
KLF16,RPS14,-0.0327229966019766
KLF16,RPS15,-0.03080649946559685
KLF16,RPS27,-0.03355154581382925
KLF16,RPS27A,-0.0339847779644189
KLF16,RPS28,-0.032618354709675
KLF2,ACAP2,-0.04238112332251045
KLF2,ACIN1,-0.04071112627900985
KLF2,ACTN4,-0.0523593594165711
KLF2,AFF1,-0.038501756928186956
KLF2,AKNA,-0.0405029692359997
KLF2,AKT3,-0.04724640703837795
KLF2,ANKRD36,-0.0452102615875209
KLF2,ANKRD36C,-0.04108312818630215
KLF2,ANKRD44,-0.0630435281760825
KLF2,ANO6,-0.04234210766958495
KLF2,ANTXR2,-0.044494144782493306
KLF2,ANXA1,0.07222763986233406
KLF2,AP3M2,0.04589190174592427
KLF2,APOL6,-0.0488532277199858
KLF2,AQP3,-0.0588427876331971
KLF2,ARF1,0.0405929365052819
KLF2,ARFGEF1,-0.046829168288612305
KLF2,ARHGDIB,0.0891771987205637
KLF2,ARL4A,0.08256572861063956
KLF2,ARL4C,0.08432032786349458
KLF2,ASH1L,-0.04728507428215825
KLF2,ATAD2B,-0.03962331118341385
KLF2,ATF4,0.037111984019867
KLF2,ATF7IP,-0.037157522264773896
KLF2,ATP2B4,-0.0569235580775281
KLF2,ATRX,-0.04609492362921205
KLF2,BAZ1B,-0.053045615062728105
KLF2,BCLAF1,0.0490695055632245
KLF2,BORCS5,0.041091099143215
KLF2,BRD4,0.0353994674496369
KLF2,BRI3,0.043589864670231696
KLF2,BTG2,0.08584554034602225
KLF2,BTG3,0.0369630256305752
KLF2,BZW1,0.04028489142367325
KLF2,C2CD5,-0.042012872700841544
KLF2,CAB39,-0.0475268119070867
KLF2,CALM1,0.09636724732692839
KLF2,CAPRIN1,-0.0458114812376931
KLF2,CAST,-0.039353217009494304
KLF2,CD44,0.0521047139658275
KLF2,CD46,-0.045841533968227446
KLF2,CD55,0.11759003256163995
KLF2,CD99,0.03408997564556075
KLF2,CDKN1B,0.05268209371455207
KLF2,CEP350,-0.04226899899118605
KLF2,CFLAR,-0.03770119705142975
KLF2,CHD4,-0.041997520052088205
KLF2,CHD8,-0.03805160708507315
KLF2,CIRBP,0.10878566334068104
KLF2,CISH,-0.07167904642225656
KLF2,CNTRL,-0.0447746101873704
KLF2,COTL1,0.032184602283243005
KLF2,CREBRF,0.03651207089669635
KLF2,CREM,0.0849005932576264
KLF2,CSRNP1,0.10465830281097498
KLF2,CTSC,-0.0508907398043016
KLF2,CUL4A,-0.03886467397862195
KLF2,CXCR4,0.16631046304204475
KLF2,CYCS,0.07135744048312592
KLF2,DAZAP2,0.04919430876152995
KLF2,DDIT3,0.0758324793347971
KLF2,DDIT4,0.07705522222027385
KLF2,DENND4C,-0.04637995484605295
KLF2,DLG1,-0.0424225143786011
KLF2,DNAJB1,0.12459534489385499
KLF2,DNAJB6,0.0434839746049169
KLF2,DOCK11,-0.0499703651233219
KLF2,DOCK8,-0.06720847563841555
KLF2,DPP4,-0.039591324950585594
KLF2,DPYD,-0.06254004786265295
KLF2,DUS1L,0.03987708381407815
KLF2,DYNLT1,0.05271552349379416
KLF2,EFCAB14,-0.0430532565008209
KLF2,EFR3A,-0.04274880499892865
KLF2,EHMT1,-0.04034559172082295
KLF2,EIF1,0.27706882560373813
KLF2,EIF1AX,0.03878502034899145
KLF2,EIF3K,0.048075038246111146
KLF2,EIF4A1,0.083386518365585
KLF2,EIF4G2,0.0392558671522872
KLF2,ELF1,0.0673383251584229
KLF2,EPS15,-0.0487518066760488
KLF2,ERAP1,-0.048206842377158096
KLF2,ERAP2,-0.04152521804040775
KLF2,ERBIN,-0.043107298498255855
KLF2,ESYT1,-0.0599955767474027
KLF2,EZR,0.04627462961416203
KLF2,FAM107B,0.04131010304190075
KLF2,FAM120B,-0.04280861847285575
KLF2,FAM177A1,0.09735723252855714
KLF2,FOSB,0.11303361744999367
KLF2,FRY,-0.042001490609488795
KLF2,FRYL,-0.0502467985434713
KLF2,FTH1,0.2915730903384342
KLF2,FXYD5,0.053798297599864264
KLF2,G3BP1,-0.0418287187380577
KLF2,G3BP2,0.0675817894930645
KLF2,GADD45B,0.046609217258713906
KLF2,GATA3,0.031739150656864
KLF2,GIGYF2,-0.03882392868796225
KLF2,GLG1,-0.04287741238145395
KLF2,GLS,-0.04548879246688545
KLF2,GPR183,0.0824323189287515
KLF2,GTF2I,-0.0547852101385055
KLF2,H2AZ1,0.04182983298856975
KLF2,H3-3A,0.0646284169917896
KLF2,H4C3,0.0573016458164584
KLF2,HECA,0.0384653400325389
KLF2,HELB,-0.0547449092784559
KLF2,HERC4,-0.05526452939678135
KLF2,HERPUD1,0.06183721167129865
KLF2,HLA-A,0.08798897122453984
KLF2,HLA-B,0.1022728265875494
KLF2,HLA-E,0.0717916132242776
KLF2,HMGB2,0.05524403668800495
KLF2,HNRNPDL,0.07582226814415524
KLF2,HNRNPF,-0.05808273050129975
KLF2,HNRNPH3,0.03791759550731475
KLF2,HNRNPUL1,0.0463433258859264
KLF2,HOOK2,0.09003121414286505
KLF2,HSPA5,0.0821546337252766
KLF2,HSPA9,0.05638065181181795
KLF2,HUWE1,-0.042654671054114704
KLF2,ID2,0.0634757926665673
KLF2,IDI1,0.07801237011410485
KLF2,IDS,0.0755018274865703
KLF2,IER2,0.038113330119671336
KLF2,IFNAR2,-0.042574311311859445
KLF2,IFRD1,0.0516899917410624
KLF2,INPP4A,-0.0433465484084564
KLF2,INPP4B,-0.07465110705481234
KLF2,IRF1,0.0810536000259571
KLF2,IRS2,0.08352864821195956
KLF2,ISCA1,0.06176682432199555
KLF2,ITGA4,-0.0461982861996029
KLF2,ITM2B,0.045260986538519996
KLF2,ITPKB,0.05971375384517745
KLF2,ITPR2,-0.04345504060201545
KLF2,JAK3,-0.047842155378907
KLF2,JPT1,-0.0432544148583621
KLF2,JUND,0.15204372932220922
KLF2,KANSL1,-0.045313541855525455
KLF2,KDM2A,0.04448127269095805
KLF2,KLF3,0.07259963911132367
KLF2,LARP4B,-0.0389479198840121
KLF2,LDHA,0.04018459896857713
KLF2,LEPROTL1,0.10350231267277327
KLF2,LITAF,0.04311416833828585
KLF2,LNPEP,-0.0533610970687955
KLF2,LPP,-0.04253716250146465
KLF2,LPXN,-0.04892631957137135
KLF2,LRBA,-0.051945571435083104
KLF2,LRPPRC,-0.0368271697703261
KLF2,LUC7L2,-0.0416292129615768
KLF2,LUC7L3,-0.05424165369427285
KLF2,LY75,-0.0481054720955796
KLF2,LYPD3,0.10644231289654149
KLF2,MACF1,-0.0684408720185407
KLF2,MAP2K2,0.04651619268514945
KLF2,MAP4,-0.0453951354967108
KLF2,MAPK1IP1L,0.0574471823247584
KLF2,MCL1,0.07997659603820545
KLF2,MDN1,-0.0381979625265603
KLF2,MED30,0.03670183825140565
KLF2,MGAT4A,0.06274942530520294
KLF2,MIDN,0.0973211970080474
KLF2,MORF4L1,0.05857186366605495
KLF2,MSN,-0.038270054228827496
KLF2,MT2A,0.03280774523332775
KLF2,MYADM,0.1388067309050861
KLF2,MYC,-0.052700774156364344
KLF2,MYCBP2,-0.046776333706877
KLF2,MYLIP,0.0543346406667754
KLF2,MYO5A,-0.0409326482989774
KLF2,NAMPT,0.0492868713182671
KLF2,NBAS,-0.037900768135348956
KLF2,NCK2,0.06335880569408894
KLF2,NCKAP1L,-0.05192336254737035
KLF2,NCOA4,-0.0439788427212059
KLF2,NCOR1,-0.04628615493605645
KLF2,NEK7,-0.05257484756908125
KLF2,NFAT5,-0.042939095784891954
KLF2,NFKBIA,0.12011646726170418
KLF2,NFKBIZ,0.03729347286652405
KLF2,NKTR,-0.04748234048747575
KLF2,NLRC5,-0.04093922981276385
KLF2,NR3C1,0.041642174456284556
KLF2,NRDC,-0.043389977260322746
KLF2,ODC1,0.0723685197976435
KLF2,PABPC1,0.15837108246729284
KLF2,PAIP2,0.0403341335286573
KLF2,PAK2,-0.0425695985518523
KLF2,PARP1,-0.0567184623311192
KLF2,PARP4,-0.048618577245775646
KLF2,PCBP1,0.0419136918861472
KLF2,PCGF5,0.034004111503508
KLF2,PER1,0.11968388367267485
KLF2,PHTF2,-0.0449922934982183
KLF2,PIK3R1,0.044538925337558495
KLF2,PIM3,0.056709900177780645
KLF2,PLK3,0.09079632595715044
KLF2,PNRC1,0.12758750986559275
KLF2,PPDPF,0.04860567724158085
KLF2,PPIP5K2,-0.03664383946889925
KLF2,PPP1R15A,0.10145843722846898
KLF2,PPP1R18,-0.08008363016947814
KLF2,PPP2CA,0.0357178790630312
KLF2,PPP2R5C,0.043486178019319754
KLF2,PRKDC,-0.050905823704210304
KLF2,PRRC2B,-0.03588585748181425
KLF2,PTEN,-0.041543387741214355
KLF2,PTGER4,0.09959470102443692
KLF2,PTGES3,0.03199195574539865
KLF2,RAB10,-0.05499606330954035
KLF2,RAB8B,-0.0414951720942282
KLF2,RABGAP1L,-0.05034282492141865
KLF2,RAD50,-0.04648127588200485
KLF2,RAP1GAP2,-0.043194749508019756
KLF2,RAP1GDS1,-0.04505102828326845
KLF2,RAPGEF6,-0.04447980184976805
KLF2,RBM38,0.13522032654255076
KLF2,RBM6,-0.0525421553029589
KLF2,RBM8A,0.0677384733317867
KLF2,RELCH,-0.04156929324981095
KLF2,RGCC,0.09524798156885067
KLF2,RGS2,0.08057385328863495
KLF2,RHOH,0.0457893458779072
KLF2,RNF125,0.0762230112462913
KLF2,RNF138,0.060681107854203845
KLF2,RNF139,0.09381774848165965
KLF2,RNF213,-0.05934520335334276
KLF2,RNPEPL1,0.05089244491206595
KLF2,ROCK1,-0.04874059034616675
KLF2,RSRC2,0.03461512254812385
KLF2,RUNX1,-0.0469066816334546
KLF2,RUNX2,-0.038467580555778355
KLF2,SAP18,0.0718357188521737
KLF2,SARAF,0.1948816604861666
KLF2,SAT1,0.04463989977770877
KLF2,SEC61B,0.03326048901993685
KLF2,SENP6,-0.04396972626183005
KLF2,SERTAD1,0.056227338552015546
KLF2,SETD5,-0.039382111524139646
KLF2,SETX,-0.05404070521867625
KLF2,SIAH2,0.052775167146984
KLF2,SIT1,-0.0855636355965604
KLF2,SKAP1,-0.05485283992610546
KLF2,SLC2A3,0.09812948548585372
KLF2,SLC4A7,-0.0438797400618888
KLF2,SMAP2,0.051324352433007196
KLF2,SMCHD1,0.0290437331062046
KLF2,SMG1,-0.05417931126943555
KLF2,SNU13,0.04520841035526485
KLF2,SOCS1,0.08268962217016593
KLF2,SOCS3,0.08321909840689451
KLF2,SPN,-0.07673202621069115
KLF2,SPOCK2,0.03983581656875725
KLF2,SRP14,0.046744252558565846
KLF2,SRRM2,0.03648941604328
KLF2,SRSF3,0.041860937932495
KLF2,SRSF7,0.0627818705712793
KLF2,ST6GAL1,-0.0531840030961866
KLF2,STAT1,-0.0648850957931867
KLF2,STAT3,0.0583810374042959
KLF2,STK17B,0.06039528179533239
KLF2,STK38,-0.05049471112244065
KLF2,SUB1,0.0601111978205842
KLF2,SUPT16H,-0.036407150711082956
KLF2,SYNCRIP,-0.04028804087318285
KLF2,SYNE1,-0.0446589995981565
KLF2,SYNRG,-0.05360365917179145
KLF2,TAF1,-0.0368403084292361
KLF2,TAGLN2,0.0461194929737296
KLF2,TAOK3,-0.04341783462512165
KLF2,TASOR,-0.0410853053200283
KLF2,TBC1D5,-0.050504771737584456
KLF2,TBCK,-0.0438573854851246
KLF2,TC2N,-0.044497839738761896
KLF2,TCF12,-0.046128055812513946
KLF2,TENT5C,0.09816307613336535
KLF2,TGIF1,0.03916750981477715
KLF2,TIMP1,0.030246102209358798
KLF2,TLE5,0.08335610647286165
KLF2,TM9SF2,-0.047920115247088446
KLF2,TMEM131,-0.041213824062888996
KLF2,TMOD3,-0.05392042472464425
KLF2,TMPO,-0.0394386718877575
KLF2,TNFAIP3,0.14124902955695443
KLF2,TPM4,-0.0461470927876829
KLF2,TPR,-0.0395950130284796
KLF2,TRAF5,-0.05858297377000875
KLF2,TRIM22,-0.045368226432343756
KLF2,TRIP12,-0.046180635980289444
KLF2,TRMT10C,0.0457710904952728
KLF2,TRRAP,-0.0393745498133158
KLF2,TSPYL2,0.05211094573465235
KLF2,TUBA1A,0.09670379899853138
KLF2,TUBA1B,0.0501798383867855
KLF2,TUBA4A,0.054426647942299
KLF2,TUBB4B,0.0807067975065184
KLF2,UBALD2,0.12168805135709315
KLF2,UBB,0.08484998972487715
KLF2,UBC,0.10980332679115669
KLF2,UBE2S,0.08381787634335451
KLF2,UQCRFS1,0.0419078690497752
KLF2,USP3,0.04222724622711635
KLF2,USP33,-0.03659037043729205
KLF2,UTRN,-0.05199062493416335
KLF2,UTY,-0.04097141741413175
KLF2,VCL,-0.05074947254446725
KLF2,VIM,0.0482072888639692
KLF2,VPS13A,-0.041513356559712
KLF2,VPS41,-0.0409208574061291
KLF2,VPS8,-0.036770870415385196
KLF2,WHAMM,0.03564795019732365
KLF2,XPO1,-0.05531846906631245
KLF2,XRN1,-0.04897425877515875
KLF2,YPEL5,0.13924756358740387
KLF2,YWHAH,-0.06168239031347735
KLF2,YWHAZ,0.0885067445525369
KLF2,ZBTB10,0.038732632322160204
KLF2,ZFAND5,0.06601102086926394
KLF2,ZFP36,0.1181809887789944
KLF2,ZMYM4,-0.0405685722216861
KLF2,ZNF217,-0.0545925295816616
KLF2,ZNF331,0.09506046486193158
KLF2,ZNF394,0.04600608999087105
KLF2,ZNF638,-0.046990255764813554
KLF2,ZRANB2,-0.0407106285747305
KLF3,ABLIM1,0.06703335470584457
KLF3,ACTB,-0.12113302680922312
KLF3,ACTG1,-0.1107007493351839
KLF3,AHNAK,0.04371514160127825
KLF3,ANKRD11,0.03650729224876745
KLF3,ANKRD12,0.04068029190500975
KLF3,ANXA11,0.029203692442381253
KLF3,APBA2,0.03744510069707105
KLF3,APEX1,0.0308720818135809
KLF3,ARHGDIA,0.0308196616873382
KLF3,ARHGEF1,0.03216090818444635
KLF3,ARID4A,0.033299180337838005
KLF3,ARL4A,0.0492987570585429
KLF3,ARL4C,0.0551235841969411
KLF3,ARRDC2,0.05140660903529006
KLF3,ATF4,0.0439156611984556
KLF3,ATG2A,0.03244066341342405
KLF3,ATP2B1,0.0349891257783548
KLF3,ATP5F1E,-0.05034663871099038
KLF3,ATXN7,0.04572931239747979
KLF3,BACH2,0.05267489143309114
KLF3,BAZ1A,0.034161047470617156
KLF3,BCL2,0.04482427494917428
KLF3,BCLAF1,0.047943500271346196
KLF3,BDP1,0.03681609309581965
KLF3,BEST1,0.05548156831699485
KLF3,CA5B,0.0311433304969313
KLF3,CCDC186,0.03030162540422565
KLF3,CCDC88C,0.0358500131291074
KLF3,CCND3,0.037409957754112
KLF3,CCSER2,0.03778329390007465
KLF3,CD247,0.03728641090674905
KLF3,CD44,0.0616369159771927
KLF3,CD52,-0.06660097284405772
KLF3,CD55,0.07499124250002505
KLF3,CD6,0.0293379185423574
KLF3,CDK6,0.0332528378781964
KLF3,CDKN2D,0.034745025396944254
KLF3,CELF2,0.04248439297983823
KLF3,CENPC,0.04556903850631169
KLF3,CNST,0.0368650417364098
KLF3,COMMD6,-0.0483903776945808
KLF3,CORO1A,-0.08079447763260784
KLF3,CORO7,0.033307983331815554
KLF3,CREBRF,0.04179473037883197
KLF3,CYCS,0.0469391654156678
KLF3,CYLD,0.0446742451447707
KLF3,CYTH1,0.05080263243987865
KLF3,DDIT4,0.04023709888217405
KLF3,DENND6A,0.03860082581094905
KLF3,DNAJB1,0.059377037842341926
KLF3,DNAJB6,0.0355918604410112
KLF3,DYNLT1,0.04213019636088575
KLF3,EEF1A1,-0.06526741601744547
KLF3,EEF1D,-0.0388808971703419
KLF3,EML4,0.0322195584256435
KLF3,EMP3,-0.076564921422394
KLF3,ENO1,0.0347961448168491
KLF3,EPB41,0.05172902813674043
KLF3,ERGIC3,0.0320168392453566
KLF3,ETS1,0.058115515004450925
KLF3,EZR,0.039047070029993164
KLF3,FAM107B,0.03509645352178125
KLF3,FIS1,0.03229079738418885
KLF3,FOSB,0.059164799508823133
KLF3,FOXP1,0.05799795111179553
KLF3,FYN,0.0390339872623578
KLF3,G3BP2,0.049700465594547
KLF3,GCC2,0.03649096133722896
KLF3,GPR183,0.03938577053958845
KLF3,GSPT1,0.0431183892706208
KLF3,GTF3A,0.0365663138455501
KLF3,H1-10,0.0321114488451368
KLF3,HECTD1,0.037070107905245495
KLF3,HERPUD2,0.04249660284179655
KLF3,HNRNPA0,0.041131942954600036
KLF3,HNRNPDL,0.038433788722377446
KLF3,HNRNPL,0.035031056420550453
KLF3,HOOK2,0.07130432366583911
KLF3,HSPA5,0.0324743039894269
KLF3,IFITM2,-0.07484548247954835
KLF3,IL32,-0.08668238341598515
KLF3,IL6ST,0.045912944906581675
KLF3,IQGAP1,0.03237119226664135
KLF3,IRF1,0.0523416607857771
KLF3,IRS2,0.04313303967097833
KLF3,JUND,0.0654209250484378
KLF3,KAT6A,0.04046493802483084
KLF3,KDM7A,0.03492247742147055
KLF3,KLF7,0.035926967005111804
KLF3,LDHA,0.03121803958767435
KLF3,LEPROTL1,0.07778044189052369
KLF3,LGALS1,-0.0677806967920421
KLF3,LPIN2,0.0343661158796588
KLF3,LRP10,0.0284016494081093
KLF3,LRRFIP1,0.03989090044807525
KLF3,LYAR,0.0361699073373179
KLF3,MAL,0.039227728325088834
KLF3,MAP3K2,0.0342783054304667
KLF3,MAPK1IP1L,0.0407340965373985
KLF3,MED10,0.030415927569188952
KLF3,MIF,-0.0411248577925184
KLF3,MLLT3,0.043711751007672404
KLF3,MSN,0.03447412507093605
KLF3,MXI1,0.04202581714690458
KLF3,MYADM,0.05703204541442057
KLF3,MYL6,-0.0665036988056181
KLF3,NCOR1,0.0320086207799394
KLF3,NDFIP1,0.044064077134180264
KLF3,NSD3,0.04547701887724653
KLF3,OPTN,0.0371543825901935
KLF3,OST4,-0.04129318731491645
KLF3,PACS1,0.04296491098047473
KLF3,PCGF5,0.03922951729290403
KLF3,PDCD4,0.04054291861211
KLF3,PDE4D,0.0448764017745797
KLF3,PER1,0.07818912846902855
KLF3,PFN1,-0.07870899393069603
KLF3,PHB2,0.0348763437313708
KLF3,PHF3,0.04120241914655787
KLF3,PIM1,0.03140321067076355
KLF3,PIM3,0.0402637938077798
KLF3,PLCL1,0.049461909579649604
KLF3,PLK3,0.04558022793250347
KLF3,PNN,0.038389195349600565
KLF3,PNPLA8,0.03321855932170895
KLF3,PNRC1,0.09507137335858665
KLF3,PPIA,-0.03973778144994055
KLF3,PPP1R15A,0.053776012662796246
KLF3,PRKCA,0.0345630822733555
KLF3,PRKCH,0.03110524995146515
KLF3,PRKX,0.0384873593132262
KLF3,PRMT2,0.03427310956171095
KLF3,PRRC2C,0.0518823689246373
KLF3,PTGER2,0.03222306926784575
KLF3,PTP4A2,0.03478402886411875
KLF3,PUM1,0.0302707027270126
KLF3,RAB2A,0.029888139378246803
KLF3,RACK1,-0.0396361451497588
KLF3,RASA2,0.0412707477352506
KLF3,RBBP6,0.0373198248328012
KLF3,RBM3,0.0475453573201125
KLF3,RBM39,0.04761458583437515
KLF3,RCAN3,0.0445655930617293
KLF3,REL,0.05352367563689355
KLF3,RHOG,0.030883401489954998
KLF3,RLF,0.0333121045754122
KLF3,RNF125,0.060645372278736925
KLF3,RNF138,0.0513587031531701
KLF3,RNMT,0.037516750546982267
KLF3,RNPS1,0.0348848410076534
KLF3,RORA,0.0359550604758579
KLF3,RPL10,-0.1080942927514386
KLF3,RPL12,-0.08612969827408044
KLF3,RPL22,-0.0564391320051015
KLF3,RPL26,-0.09186703351611057
KLF3,RPL29,-0.057623129417317065
KLF3,RPL35,-0.08243044815147213
KLF3,RPL36,-0.10206400058156573
KLF3,RPL37,-0.06830574494507484
KLF3,RPL39,-0.09462714309548345
KLF3,RPL41,-0.11661340088002416
KLF3,RPL6,-0.06431003815377294
KLF3,RPL8,-0.061413999590925
KLF3,RPS24,-0.05147130426351384
KLF3,RPS27A,-0.10563075664372927
KLF3,S100A6,-0.0647802051499166
KLF3,S1PR4,0.03084777140570375
KLF3,SAFB2,0.029192148811678552
KLF3,SAMHD1,0.04285895572367843
KLF3,SERF2,-0.055009588925005536
KLF3,SFPQ,0.047102168582765426
KLF3,SH3BGRL3,-0.0763463400799612
KLF3,SLC2A3,0.06270346861321555
KLF3,SMAP2,0.048148296025476524
KLF3,SNRK,0.04307741388295113
KLF3,SNRPA1,0.03298564621133825
KLF3,SNX9,0.05096421833453705
KLF3,SOCS3,0.05294957813911717
KLF3,SOD2,0.042086637075177555
KLF3,SPTBN1,0.05518712662412295
KLF3,SRRM1,0.03684982307415635
KLF3,SRRM2,0.0592267064934415
KLF3,SRSF2,0.0473479524641511
KLF3,SUPT5H,0.03194202353385025
KLF3,SYNE2,0.0515938074504294
KLF3,TAGLN2,0.0490779888035593
KLF3,TCF7,0.05976710450816135
KLF3,TENT5C,0.04258709868698927
KLF3,TGFBR2,0.0453766296635491
KLF3,TLE5,0.03887206413893435
KLF3,TMEM123,0.0452066123003205
KLF3,TMSB10,-0.0826713526080104
KLF3,TMSB4X,-0.10462030578249683
KLF3,TSC22D3,0.08567739056620922
KLF3,TTC3,0.03909967203640135
KLF3,TUBA1A,0.0536809442605205
KLF3,TUBB4B,0.0304122516215228
KLF3,UBALD2,0.04438091403466155
KLF3,UBE2F,0.03108595725827095
KLF3,USP36,0.04647037863691035
KLF3,VDAC2,0.03182745953210635
KLF3,VPS51,0.034470701945625945
KLF3,WHAMM,0.0473510044903701
KLF3,YPEL5,0.07833917885482615
KLF3,YWHAZ,0.045768415809447
KLF3,ZBTB1,0.03842813732598737
KLF3,ZC3HAV1,0.04318628699602605
KLF3,ZEB1,0.0315197633495472
KLF3,ZFAND5,0.03773314308243825
KLF3,ZFP36,0.0530570193254122
KLF3,ZNF101,0.031327174712570446
KLF3,ZNF394,0.0387803364966258
KLF4,AHNAK,0.04903995017046425
KLF4,B2M,-0.05426094214360955
KLF4,FOS,0.0623432417152509
KLF4,FOSB,0.0524826688432865
KLF4,RPL10,-0.045798980048674366
KLF4,RPL10A,-0.032769989947441854
KLF4,RPL12,-0.03901777821984947
KLF4,RPL13,-0.04378408750742533
KLF4,RPL13A,-0.0446712587257753
KLF4,RPL18,-0.0339446915305142
KLF4,RPL19,-0.03858584780939147
KLF4,RPL26,-0.03812121970194545
KLF4,RPL27A,-0.04096834859426155
KLF4,RPL3,-0.0452533085652112
KLF4,RPL31,-0.04293345283432895
KLF4,RPL32,-0.048840036360669
KLF4,RPL35A,-0.043145161830953134
KLF4,RPL36,-0.04026627955560655
KLF4,RPL7,-0.04733791324898535
KLF4,RPL8,-0.0357580348584194
KLF4,RPL9,-0.0335160211991358
KLF4,RPLP2,-0.0367815208619465
KLF4,RPS13,-0.04422389887940453
KLF4,RPS15,-0.0460955613308279
KLF4,RPS19,-0.0468834376636853
KLF4,RPS2,-0.04521991743435165
KLF4,RPS20,-0.029270292245340952
KLF4,RPS23,-0.04330326259523743
KLF4,RPS25,-0.0395941261404466
KLF4,RPS28,-0.04673009678988633
KLF4,RPS3A,-0.03686789391572273
KLF4,RPS5,-0.0370864662328567
KLF4,TMSB10,-0.042840972829764
KLF6,ABLIM1,-0.10846757266381685
KLF6,ABRACL,0.0404113225362413
KLF6,ACOT9,0.0518539349252414
KLF6,ACTB,0.0433601399858686
KLF6,ACTN1,-0.1087111045847961
KLF6,ACTN4,0.09279190199500909
KLF6,ACTR2,0.0323146965936582
KLF6,ACTR3,0.0456127749511229
KLF6,ACVR1,0.03857805379241555
KLF6,ADRM1,0.0377976337357353
KLF6,ADSL,0.0331341239086132
KLF6,ADSS2,0.034467496962060654
KLF6,AFDN,0.061195153026350355
KLF6,AFF1,0.05495539805268565
KLF6,AGFG2,0.052151715157662454
KLF6,AGPAT2,0.0401278817453499
KLF6,AGPAT4,0.0565101199568728
KLF6,AHNAK,0.20677276978263312
KLF6,AHR,0.08326679202064487
KLF6,AIDA,0.0337126287083847
KLF6,AIMP1,0.028893146594075048
KLF6,AKAP13,0.06045691524525072
KLF6,AKIRIN1,0.041436277033111896
KLF6,AKT3,0.05737729513416935
KLF6,ALDOA,0.04480733913780875
KLF6,ALKBH5,0.0307186629744206
KLF6,ALKBH7,-0.06604554252587125
KLF6,ALOX5AP,0.095133486648921
KLF6,AMD1,0.0401677614105673
KLF6,AMZ2,0.03713901194342415
KLF6,ANAPC11,0.0343323701877879
KLF6,ANAPC16,-0.0564954597235128
KLF6,ANK3,0.04352891656293325
KLF6,ANKRD12,0.05447153219123237
KLF6,ANKRD13A,0.045029112798295176
KLF6,ANKRD28,0.057854158263401
KLF6,ANKRD36,0.0382281767359398
KLF6,ANKRD39,0.036308252449217746
KLF6,ANP32B,-0.0683840289893716
KLF6,ANP32E,0.04340412240530995
KLF6,ANXA1,0.24589284317805993
KLF6,ANXA2,0.1641529472202971
KLF6,ANXA4,0.04506367370878325
KLF6,ANXA5,0.10586356904594074
KLF6,ANXA6,0.05648578997050195
KLF6,ANXA7,0.04246689925289785
KLF6,AP2M1,0.03828798488708045
KLF6,AP3M2,0.05601507300338793
KLF6,AP3S1,0.04278866457197437
KLF6,APBA2,-0.08316404385374834
KLF6,APBB1,-0.07568513040062225
KLF6,APEX1,-0.05696146455190315
KLF6,APOBEC3G,0.05438824389994615
KLF6,ARF1,0.0695914171660757
KLF6,ARF4,0.04176037321966447
KLF6,ARF5,0.03813047944161035
KLF6,ARF6,0.05606189698627352
KLF6,ARFGAP3,0.03808024898562147
KLF6,ARHGAP35,0.0472067020633867
KLF6,ARHGDIA,0.06995333586694358
KLF6,ARID4B,0.0510812396542158
KLF6,ARID5B,0.08342470907361305
KLF6,ARIH1,0.048585238008810594
KLF6,ARL4A,0.10019060156049397
KLF6,ARL5A,0.03055837000678195
KLF6,ARL6IP1,0.0417985975996087
KLF6,ARL6IP6,0.030517749028703998
KLF6,ARPC1B,0.08158160755648412
KLF6,ARPC2,0.04596430450069267
KLF6,ARPC3,0.0517634341115986
KLF6,ARPC4,0.04309163568239902
KLF6,ARPC5L,0.03899685153129533
KLF6,ATF3,0.0794644232889702
KLF6,ATF4,0.0378153894218764
KLF6,ATF7IP,0.03293282161062468
KLF6,ATG12,0.0299549082878287
KLF6,ATG2A,0.05649165997918434
KLF6,ATP2B1,0.10262896507378078
KLF6,ATP2B4,0.07647613384097132
KLF6,ATP5F1B,0.0455796257214499
KLF6,ATP5F1C,0.040484406187236546
KLF6,ATP5F1E,-0.07175065432463351
KLF6,ATP5IF1,0.03510332592362305
KLF6,ATP5MC2,-0.06890001826722757
KLF6,ATP5MC3,0.0348256549114917
KLF6,ATP5MF,0.03558749309117655
KLF6,ATP5MK,0.0341208180743521
KLF6,ATP5PB,0.03615442685017945
KLF6,ATP5PO,-0.06321965654278447
KLF6,ATP6AP2,0.0287822617932288
KLF6,ATP6V0B,0.047196707813642824
KLF6,ATP6V0D1,0.0357671302201121
KLF6,ATP6V0E1,0.0558527333037238
KLF6,ATP6V1E1,0.038679998928347545
KLF6,ATP6V1F,0.03304737911072435
KLF6,ATP6V1G1,-0.05833653023332745
KLF6,ATP8B2,0.05183197222716605
KLF6,ATRAID,0.03076550867915555
KLF6,ATXN1,0.08154190852049445
KLF6,AUP1,0.03244156761163835
KLF6,AURKAIP1,0.0357217951252075
KLF6,AUTS2,0.0999818819968485
KLF6,B2M,-0.0858297728817764
KLF6,B4GALT1,0.051646707458973574
KLF6,B4GALT5,0.037934225103376046
KLF6,BAD,0.03215416269161093
KLF6,BAZ1A,0.032612303166194054
KLF6,BAZ2B,0.03794706843512797
KLF6,BCAS2,0.06278656186522326
KLF6,BCL7B,0.0400870144213102
KLF6,BCLAF1,0.040766320686551234
KLF6,BEST1,0.044847764921012105
KLF6,BEX3,-0.060238024557975
KLF6,BHLHE40,0.10157857713663693
KLF6,BICDL1,0.041986905159067
KLF6,BLOC1S2,0.03757846104276945
KLF6,BLVRA,0.04265687794548355
KLF6,BMAL1,0.0450244833209442
KLF6,BRD2,0.0395555434206298
KLF6,BRK1,0.0425205782070609
KLF6,BSG,0.04497018490395777
KLF6,BTF3,-0.0790000588694921
KLF6,BTG2,0.08604615848699038
KLF6,BTG3,0.06271110065230537
KLF6,BUD31,0.052987342815483174
KLF6,BZW1,0.0415678460860747
KLF6,C12orf57,-0.13286114321956216
KLF6,C12orf75,0.07005045990926888
KLF6,C15orf61,0.03193326365028555
KLF6,C16orf54,0.05885230419329555
KLF6,C1orf43,0.03469700414735795
KLF6,CA5B,0.06867813296738565
KLF6,CACYBP,0.0371528124675771
KLF6,CALHM2,0.062453090301674334
KLF6,CALM1,0.06806717973132448
KLF6,CALM2,0.03683106273206855
KLF6,CALM3,-0.0707392996451447
KLF6,CALR,0.04584554663390235
KLF6,CAMLG,0.033427263979195154
KLF6,CAMTA1,0.03604684050419265
KLF6,CANX,0.05367398272154165
KLF6,CAP1,0.049792999689413045
KLF6,CAPG,0.0825560281185906
KLF6,CAPN1,0.0451045862124597
KLF6,CAPN12,0.039701751248528504
KLF6,CAPN2,0.09365882451156045
KLF6,CAPNS1,0.05179106765531352
KLF6,CAPZA1,0.05680620221702365
KLF6,CAPZA2,0.0332549132585253
KLF6,CAPZB,0.04584905595540745
KLF6,CASP4,0.043195950232074475
KLF6,CASP8,0.05497710884103205
KLF6,CAST,0.09695004682944743
KLF6,CBLL1,0.04079699141793827
KLF6,CCDC107,0.05130521328493483
KLF6,CCDC115,0.034703189191480105
KLF6,CCDC12,0.0296726893865286
KLF6,CCDC167,0.07206541247674812
KLF6,CCDC59,0.034403459618212354
KLF6,CCL5,0.114047270913456
KLF6,CCND3,-0.06356777772414875
KLF6,CCNDBP1,0.0283762895551745
KLF6,CCNH,0.048423976332025165
KLF6,CCNL1,0.05947344620889173
KLF6,CCR4,0.1174366506618135
KLF6,CCR7,-0.13573421113188222
KLF6,CCT5,0.0326188020848188
KLF6,CCT6A,0.032182177636204
KLF6,CCT7,0.0312609117485999
KLF6,CD151,0.04271779903696945
KLF6,CD4,0.035932122377735604
KLF6,CD44,0.07478187200526923
KLF6,CD47,0.0506717932780271
KLF6,CD52,0.0499642816056526
KLF6,CD55,-0.0479482680114187
KLF6,CD58,0.08337340364640536
KLF6,CD6,0.0309369850808018
KLF6,CD63,0.07694008085554598
KLF6,CD7,-0.13403079567699586
KLF6,CD82,0.10599340207679264
KLF6,CD83,0.05783569928702124
KLF6,CD8A,0.05451490941661255
KLF6,CD99,0.12046254924432276
KLF6,CDC14A,0.07871777643295085
KLF6,CDC37,0.034151565860039895
KLF6,CDC42,0.05301148959494905
KLF6,CDK17,0.06164483164435685
KLF6,CDK2AP2,0.05046234672806678
KLF6,CDKN1A,0.11274713410792575
KLF6,CDKN2D,0.045733621885360475
KLF6,CDS2,0.03990183425299295
KLF6,CERS6,-0.061167624860283154
KLF6,CFAP20,0.0477059733473559
KLF6,CFAP97,0.03967614126274383
KLF6,CFL1,0.042841100142103176
KLF6,CFLAR,0.0682489139209172
KLF6,CGAS,0.0580520822777272
KLF6,CGRRF1,0.03501018470436975
KLF6,CHD1,0.03598596586319462
KLF6,CHI3L2,-0.06937410571557914
KLF6,CHIC2,0.036266120627745
KLF6,CHMP1B,0.060486454506396774
KLF6,CHMP2B,0.0357715889137079
KLF6,CHMP4A,0.035959600504512954
KLF6,CHMP7,-0.0833828980168049
KLF6,CHRAC1,0.04347009851843586
KLF6,CHST12,0.03838184829055472
KLF6,CHST7,0.059901507729254094
KLF6,CIAO2A,0.03001194601233495
KLF6,CIAO2B,0.0427941381779915
KLF6,CIR1,0.03332674742447915
KLF6,CIRBP,-0.0470915250647782
KLF6,CISD2,0.035592136488901
KLF6,CITED2,0.07114370255520419
KLF6,CITED4,-0.056749252735216554
KLF6,CKLF,0.07005728062110993
KLF6,CKS2,0.041093194416953804
KLF6,CLDND1,0.08876833086611713
KLF6,CLIC1,0.12522386386260326
KLF6,CLIP1,0.045492306444160246
KLF6,CLK1,0.04089831990016475
KLF6,CLSTN1,0.04234518060781905
KLF6,CLTB,0.03182871971216705
KLF6,CLU,0.040558508118665154
KLF6,CMAS,0.02889017073561495
KLF6,CMC2,0.04154158467901465
KLF6,CMTM3,0.045332089180375026
KLF6,CMTM7,0.0322803054179541
KLF6,CNBD2,0.034633481204302596
KLF6,CNN2,0.032511567744727354
KLF6,COL18A1,-0.0755455612571011
KLF6,COMMD6,-0.07319338220036882
KLF6,COMTD1,0.04568985240418305
KLF6,COPS2,0.0347064991946099
KLF6,COPS6,0.02972159358643055
KLF6,COPS8,0.0336784879514015
KLF6,COPZ1,0.03279186538722895
KLF6,COQ10B,0.0396348331457976
KLF6,CORO1A,-0.0808688662666732
KLF6,CORO7,0.06942719791211233
KLF6,COTL1,0.11846890981986495
KLF6,COX14,0.0362386412765571
KLF6,COX16,0.032248442605667796
KLF6,COX17,0.04683271548551973
KLF6,COX20,0.0291746165399232
KLF6,COX4I1,-0.13098352462951524
KLF6,COX5A,0.043087814946960956
KLF6,COX6A1,0.04906222476400255
KLF6,COX7B,0.044701968595761046
KLF6,COX7C,-0.08960320000921827
KLF6,COX8A,0.0330105504211756
KLF6,CRBN,0.03177917245300205
KLF6,CREB3L2,0.04498907371964613
KLF6,CREM,0.0652839542105757
KLF6,CRIP1,0.1850594958372651
KLF6,CRIP2,0.07217931852416885
KLF6,CRLF3,-0.0615208027834376
KLF6,CRY1,0.06530563644310486
KLF6,CRYBG1,0.04873336724621335
KLF6,CSK,0.032009981731673146
KLF6,CSNK1A1,0.03215493481697705
KLF6,CSNK2B,0.0302331290472476
KLF6,CSRNP1,0.1127352703768926
KLF6,CSRP1,0.0423620424280847
KLF6,CTNNA1,0.0585780548305085
KLF6,CTSA,0.06520248679475925
KLF6,CTSB,0.04746354619768865
KLF6,CTSC,0.0492109692382783
KLF6,CTSH,0.06276659502159958
KLF6,CXCR3,0.10106630888009982
KLF6,CXCR4,0.09455739427114737
KLF6,CYB561,0.09797536373132121
KLF6,CYB5R3,0.0389007364808407
KLF6,CYBA,0.06684842309907572
KLF6,CYBC1,0.03146306245944235
KLF6,CYCS,0.0773232820224898
KLF6,CYLD,0.034576278445233505
KLF6,CYSTM1,0.042189622088925204
KLF6,DAD1,0.03336386171441545
KLF6,DAZAP2,0.03346234669710945
KLF6,DBF4,0.0295987133308125
KLF6,DBI,0.0467083753983486
KLF6,DCTN2,0.030757657826185253
KLF6,DCTPP1,0.02833549603820775
KLF6,DDIT3,0.05146468013272355
KLF6,DDIT4,0.04815147323247943
KLF6,DEGS1,0.04605866315363695
KLF6,DEK,0.05571540113698935
KLF6,DENND10,0.047519122808450845
KLF6,DENND1B,0.0372731319494757
KLF6,DENND4A,0.0478422233468596
KLF6,DERL2,0.03210093548171565
KLF6,DHRS7,0.06954710640290852
KLF6,DIAPH2,0.053506185957171395
KLF6,DNAAF2,0.05287275582219367
KLF6,DNAJA1,0.0844659742599028
KLF6,DNAJA2,0.0338313225553291
KLF6,DNAJB1,0.08958514459888348
KLF6,DNAJB11,0.03698090805712293
KLF6,DNAJB6,0.04433192232796343
KLF6,DNAJB9,0.06376562934937825
KLF6,DNAJC1,0.04638930242176295
KLF6,DNAJC15,0.03421456750101955
KLF6,DNAJC3,0.04002797094724315
KLF6,DNTTIP2,0.0313489411157149
KLF6,DOCK8,0.03283973292284065
KLF6,DPY30,0.03779175815422555
KLF6,DSTN,0.05869681916588912
KLF6,DTD1,0.04436293021410437
KLF6,DUSP1,0.21717319198291196
KLF6,DUSP10,0.054864004234652264
KLF6,DUSP16,0.0727326997075761
KLF6,DUSP5,0.08903180202724707
KLF6,DUT,0.038446363333543496
KLF6,DYNC1H1,0.04533880061256895
KLF6,DYNLRB1,0.05115450988538745
KLF6,DYNLT1,0.0383463861912215
KLF6,ECH1,0.03430518925606035
KLF6,ECPAS,0.0440119685002137
KLF6,EEF1A1,-0.19292208848946715
KLF6,EEF1B2,-0.16873670838817098
KLF6,EEF1D,-0.12640087444432258
KLF6,EEF1G,-0.1964891431721408
KLF6,EEF2,-0.08372755012421884
KLF6,EEPD1,0.08362880999000714
KLF6,EFCAB2,0.05247785746987516
KLF6,EHD1,0.0546858762807414
KLF6,EHD4,0.06394324544403232
KLF6,EIF2AK2,0.03426830164963323
KLF6,EIF2S3,-0.0616646024231556
KLF6,EIF3A,0.0653538981900986
KLF6,EIF3E,-0.11038041117793962
KLF6,EIF3F,-0.05518095210094645
KLF6,EIF3H,-0.07550838458614263
KLF6,EIF3I,0.03540983302274715
KLF6,EIF3K,-0.061572548999042465
KLF6,EIF3L,-0.06410138365275823
KLF6,EIF4A1,0.0396095163465926
KLF6,EIF4A3,0.04213712579811195
KLF6,EIF4B,-0.06468696207307979
KLF6,EIF4EBP2,0.033920040318440745
KLF6,EIF4G2,0.04670239860878845
KLF6,EIF5,0.04509975326781515
KLF6,EIF5A,0.03987219241875176
KLF6,EIF6,0.028825739649463
KLF6,ELF1,0.05152579012509367
KLF6,ELOF1,0.028944308225302848
KLF6,ELOVL5,0.06816621300451033
KLF6,EMB,0.07954217333558702
KLF6,EMC3,0.03874935279463243
KLF6,EMC4,0.0330411361522321
KLF6,EML4,0.06131252747236018
KLF6,EMP3,0.11169854174319663
KLF6,ENO1,0.04595821277517875
KLF6,ENSA,0.030627385571950203
KLF6,ENY2,0.03726386414801995
KLF6,EPHX2,-0.06752460071462073
KLF6,EPM2AIP1,0.0352489164716255
KLF6,EPS15,0.0525819152876219
KLF6,ERN1,0.10234377235846703
KLF6,ERO1A,0.045526570814885245
KLF6,ERP44,0.045373033314191465
KLF6,ESYT1,0.0314086850680537
KLF6,ETF1,0.04569306134426166
KLF6,ETHE1,0.03112297946015735
KLF6,EWSR1,0.0319554331185124
KLF6,EZR,0.12749479820896237
KLF6,F2R,0.048603793087186556
KLF6,FAM107B,0.046666096652743995
KLF6,FAM117B,-0.060230601849926194
KLF6,FAM153CP,-0.04642811486291105
KLF6,FAM174C,0.02978750186656145
KLF6,FAM177A1,0.0450928054626632
KLF6,FAM204A,0.0290107551582152
KLF6,FAS,0.11157727516347006
KLF6,FAU,-0.16466789815270322
KLF6,FBL,-0.05847204660211535
KLF6,FBXL8,0.08027812382106755
KLF6,FBXO7,0.03067779797111655
KLF6,FBXW5,0.04261386762486227
KLF6,FBXW7,0.04787227655921377
KLF6,FERMT3,0.04093590749852097
KLF6,FHL1,0.0436934261379818
KLF6,FKBP1A,0.038501185363631896
KLF6,FKBP2,0.0417219686865289
KLF6,FKBP8,0.0332452602145088
KLF6,FLNA,0.09926897544207144
KLF6,FMNL1,0.03832614462514927
KLF6,FNBP1,0.0478148045206021
KLF6,FOS,0.20076701586129728
KLF6,FOSB,0.1244472500981243
KLF6,FOSL2,0.06432212327835
KLF6,FOXN2,0.039712787013662
KLF6,FOXP1,-0.0812227967430747
KLF6,FRY,0.0680848558049039
KLF6,FTH1,0.09625048147319885
KLF6,FTL,-0.07966285462914803
KLF6,FUT7,0.06877041584121628
KLF6,FXYD1,0.06592357895759472
KLF6,FXYD5,0.07033009249807377
KLF6,FYN,0.0453769925987876
KLF6,G3BP2,0.041293230736334535
KLF6,GABARAPL1,0.0555709011823988
KLF6,GABARAPL2,0.042160435876559196
KLF6,GADD45GIP1,0.03317720725250075
KLF6,GALM,0.06384585496468108
KLF6,GALT,0.030892419383784248
KLF6,GAPDH,0.08866509934101845
KLF6,GBP2,0.04352225691952545
KLF6,GCLM,0.04183511843517947
KLF6,GCNT1,0.04848470925419485
KLF6,GDI2,0.03188131198823825
KLF6,GDPD5,0.07701731201041065
KLF6,GHITM,0.04210489654692395
KLF6,GIT2,0.035146225684450465
KLF6,GLB1,0.0511536087886505
KLF6,GLO1,0.03029815892074335
KLF6,GLOD4,0.0365164697949232
KLF6,GLRX,0.028177610723362098
KLF6,GLRX3,0.032909091822955094
KLF6,GLUD1,0.05477312183341305
KLF6,GLUL,0.04136809739725322
KLF6,GNA13,0.0501947045461933
KLF6,GNAI2,0.043037575319858835
KLF6,GNAI3,0.042172874822416634
KLF6,GNB1,0.03650047155504303
KLF6,GNB2,0.04046117887134518
KLF6,GNG2,0.054975817528030525
KLF6,GNL1,0.039868286557398755
KLF6,GOLGA7,0.053719935415854125
KLF6,GOLGB1,0.04938810003726663
KLF6,GPR108,0.03753318435764386
KLF6,GPR171,0.05302121915908395
KLF6,GPR183,0.10747975887454858
KLF6,GPR68,0.0455542632409081
KLF6,GRB2,0.032443980706599554
KLF6,GSDMD,0.03280636502622975
KLF6,GSPT1,0.04054376762563475
KLF6,GSTK1,0.10100623067538478
KLF6,GSTO1,0.02860785832848145
KLF6,GTF2A2,0.04139956301410735
KLF6,GTF3A,0.041938524872119895
KLF6,GTF3C6,0.0421290137440674
KLF6,GTPBP1,0.03868868423804295
KLF6,GUK1,0.0576765060811555
KLF6,H1-2,0.04489609176497367
KLF6,H2AZ1,0.05410674856521465
KLF6,H2AZ2,0.044357169979832745
KLF6,H3-3B,0.09948459683758405
KLF6,HADHB,0.02959922822031985
KLF6,HELZ,0.03341326996996302
KLF6,HERC1,0.0396885073568673
KLF6,HERPUD1,0.06743030369936473
KLF6,HERPUD2,0.0570474088768279
KLF6,HEXIM1,0.0450554486837875
KLF6,HIGD1A,0.0311154457998064
KLF6,HIPK1,0.042671014459025644
KLF6,HIVEP2,0.05086322363891735
KLF6,HIVEP3,0.04103273894176255
KLF6,HLA-A,0.06351308461215342
KLF6,HLA-C,0.0510699970232497
KLF6,HLA-DPB1,0.0605642628860083
KLF6,HM13,0.04324552580169503
KLF6,HMGB2,0.061724256243517926
KLF6,HMGN4,0.048568373071265165
KLF6,HMOX2,0.03225778439539855
KLF6,HNRNPA1,-0.052523921485045325
KLF6,HNRNPA2B1,-0.0441116211131328
KLF6,HNRNPA3,0.03478745037243195
KLF6,HNRNPDL,-0.0487413516493074
KLF6,HNRNPF,0.04265216385012795
KLF6,HNRNPH3,0.03335284547970345
KLF6,HNRNPU,0.03367640928958305
KLF6,HNRNPUL1,0.057360506862594
KLF6,HOOK2,0.05722884382851645
KLF6,HPCAL1,0.0282554475403614
KLF6,HPRT1,0.031011589269079702
KLF6,HSP90AA1,0.0796977485356047
KLF6,HSP90B1,0.05480670971345055
KLF6,HSPA1A,0.03758049986966855
KLF6,HSPA5,0.0865278646048299
KLF6,HSPA9,0.0453216899457805
KLF6,HSPE1,0.04414803473932375
KLF6,HSPH1,0.03893082634007605
KLF6,ICAM2,0.04880624023763955
KLF6,ID2,0.0535288763115013
KLF6,IDS,0.12452657139843855
KLF6,IER2,0.0657202989091802
KLF6,IER5,0.06595202751349985
KLF6,IFFO2,0.064386920231043
KLF6,IFI16,0.0566188062156103
KLF6,IFITM2,0.040165855742527234
KLF6,IFNGR1,0.0383612010912279
KLF6,IFRD1,0.051320648467866825
KLF6,IGF1R,-0.0635845048701194
KLF6,IGFBP3,0.0594706352747509
KLF6,IKZF1,-0.0694589907303559
KLF6,IKZF3,0.04406740437039233
KLF6,IL12RB1,0.038464067625436464
KLF6,IL18R1,0.047940209051734545
KLF6,IL32,0.13018918319554976
KLF6,IL6ST,-0.0974257636323606
KLF6,IL7R,0.07418655298426338
KLF6,ILK,0.037159647134764835
KLF6,INSIG1,0.0389489206490951
KLF6,INTS6,0.04117619621949715
KLF6,IQGAP1,0.0719225215381769
KLF6,IQGAP2,0.0780380348794916
KLF6,IRF1,0.0671461418434106
KLF6,IRF2BP2,0.054275688527902634
KLF6,IRS2,0.039339631623882834
KLF6,ISCA1,0.04278865915105153
KLF6,ISG15,0.0438745865010131
KLF6,ITGA6,-0.0677174902268968
KLF6,ITGB1,0.2074666761510585
KLF6,ITGB1BP1,0.0390998768278787
KLF6,ITGB2,0.045477761270106554
KLF6,ITGB7,0.04652165432319
KLF6,ITPA,0.0279865456186177
KLF6,IVNS1ABP,0.0560329374299873
KLF6,JMJD6,0.039839115276063465
KLF6,JOSD1,0.0455985492416532
KLF6,JPT1,0.06467111111753918
KLF6,JUN,0.1499975297050037
KLF6,JUNB,0.06830459446086665
KLF6,JUND,0.07653879440991544
KLF6,KAT2B,0.050351816658760845
KLF6,KATNAL1,0.048769078713115005
KLF6,KBTBD2,0.044760414452206354
KLF6,KDELR2,0.04154431090118755
KLF6,KDM2A,0.044660963349082275
KLF6,KDM6B,0.053967641605644434
KLF6,KDSR,0.041757812600986
KLF6,KHDRBS1,0.029534603435549
KLF6,KIF21A,0.0434726163452416
KLF6,KIF5B,0.04625666358451927
KLF6,KLF10,0.0585008753953852
KLF6,KLF12,0.03970105424256615
KLF6,KLF3,0.0295657166291514
KLF6,KLF9,0.035648926808989
KLF6,KLHL5,0.04076480942756643
KLF6,KLRG1,0.06829591122935966
KLF6,KMT2A,0.03098663196897325
KLF6,KMT2E,0.04207597668694565
KLF6,KPNA2,0.0625304091446095
KLF6,KRTCAP2,0.0457393683504689
KLF6,LAMP1,0.03746983137949965
KLF6,LAMTOR2,0.041555324685792504
KLF6,LAMTOR5,0.043586878923161404
KLF6,LAPTM4A,0.0457046835495972
KLF6,LAPTM5,-0.05367891086637037
KLF6,LCP1,0.08019077181644829
KLF6,LDHA,0.07557548393554869
KLF6,LDLRAP1,-0.09106936573637861
KLF6,LEPROTL1,-0.07760758117166436
KLF6,LGALS1,0.14895729832165883
KLF6,LGALS3,0.10088463528107845
KLF6,LGALS8,0.03862014059576385
KLF6,LGALS9,0.0378606868712306
KLF6,LIME1,0.03490655604851995
KLF6,LIMS1,0.09300351759614578
KLF6,LMAN1,0.0327895793738443
KLF6,LMAN2,0.03840342198689775
KLF6,LMNA,0.18276198512087027
KLF6,LMO4,0.057300814572574896
KLF6,LPAR6,0.0658695289778337
KLF6,LPIN2,0.03986761915952144
KLF6,LPP,0.053894603774477724
KLF6,LPXN,0.037506825540867025
KLF6,LRIG1,0.05710863737629015
KLF6,LRP10,0.04232360590887687
KLF6,LRRC59,0.0417156006496475
KLF6,LRRC8C,0.05271850296518301
KLF6,LRRFIP1,0.08079753319371873
KLF6,LSM10,0.0301590173583495
KLF6,LSP1,0.038536488983863346
KLF6,LSR,0.04501217760225097
KLF6,LTBP4,0.0336115826026301
KLF6,LUC7L3,-0.052417490693010146
KLF6,LUZP1,0.03869563020738135
KLF6,LYAR,0.09138905122540338
KLF6,LYSMD2,0.0348293249940025
KLF6,M6PR,0.056863924946715
KLF6,MACF1,0.0546994336405787
KLF6,MACROH2A1,0.0320137136906682
KLF6,MAGOH,0.036285469312063
KLF6,MAL,-0.06685359192441856
KLF6,MALT1,0.03557654434642585
KLF6,MAN2B1,0.0450221576644945
KLF6,MANF,0.04463172792542983
KLF6,MAP1LC3B,0.05502403745595085
KLF6,MAP2K1,0.028655746153504448
KLF6,MAP2K3,0.029672920466330202
KLF6,MAP3K1,0.05390833689976847
KLF6,MAP3K4,0.0601290786282417
KLF6,MAP3K8,0.057316355076115995
KLF6,MAP4,0.0656380704462117
KLF6,MAP4K1,0.045759135522651324
KLF6,MAPK1IP1L,0.0556695697017993
KLF6,MAPRE1,0.034195270091897496
KLF6,MBNL2,0.06193089344285485
KLF6,MBP,0.06589118091779722
KLF6,MCL1,0.09512766897687752
KLF6,MDH1,0.03622412996994085
KLF6,MDH2,0.03345374001557995
KLF6,MEAF6,0.04053543808122825
KLF6,MED10,0.03091744449257025
KLF6,MED15,0.039430206957858704
KLF6,MEI1,0.03661583471429924
KLF6,METTL23,0.0313687025715339
KLF6,METTL9,0.03461495916201065
KLF6,MFHAS1,0.05065458345996123
KLF6,MFSD10,0.05543732947611338
KLF6,MFSD14A,0.0360894786461152
KLF6,MGAT2,0.04282968448723263
KLF6,MGAT5,0.0650405220716764
KLF6,MGST3,0.057911274659127224
KLF6,MICAL2,0.0458279068750191
KLF6,MICAL3,0.04797541784780285
KLF6,MICOS10,0.03283027023298745
KLF6,MID1IP1,0.0325491686397779
KLF6,MIDN,0.04976879550073401
KLF6,MIEN1,0.03447985382412185
KLF6,MINK1,0.06637876880109665
KLF6,MIS18BP1,0.043173798933074575
KLF6,MMP28,-0.0867823754008652
KLF6,MOB1A,0.03821915577308365
KLF6,MORF4L2,0.03312521357865065
KLF6,MOSPD3,0.03678019710102585
KLF6,MPC2,0.0417818853314903
KLF6,MPRIP,0.04509613394215777
KLF6,MPST,0.041696146796949496
KLF6,MRFAP1,0.03651873217076735
KLF6,MRPL10,0.0425640100564825
KLF6,MRPL34,0.02870435264157025
KLF6,MRPL41,0.0331990661854879
KLF6,MRPL51,0.0282423087126802
KLF6,MRPL54,0.0364442811566612
KLF6,MT-CO1,-0.06750621500563263
KLF6,MT-CO2,-0.0923213448049926
KLF6,MT-CO3,-0.09198173580646603
KLF6,MT-CYB,-0.04780163683221313
KLF6,MT-ND2,-0.04289454987820425
KLF6,MT-ND3,-0.1023537785149637
KLF6,MT-ND4,-0.06952131299706348
KLF6,MT2A,0.04016507785051873
KLF6,MTDH,0.04098926214442965
KLF6,MTFP1,0.037150603042151974
KLF6,MTIF3,0.0321877153413822
KLF6,MTPN,0.042104051448398926
KLF6,MVP,0.034656695356963696
KLF6,MXD4,0.037839392167785264
KLF6,MYADM,0.1191083734267657
KLF6,MYBL1,0.07302687161692539
KLF6,MYC,-0.06939245625282289
KLF6,MYDGF,0.04117918484441348
KLF6,MYL12B,0.0517011301246853
KLF6,MYL6,0.054368147301020124
KLF6,MYLIP,0.050416477346504354
KLF6,NAAA,0.0295674055102961
KLF6,NABP1,0.04558389923909172
KLF6,NACA,-0.16470106594434386
KLF6,NAMPT,0.06327303877900546
KLF6,NASP,0.030086241360783653
KLF6,NBEAL2,0.07791457909893945
KLF6,NCALD,0.0571728437102149
KLF6,NCF4,0.07697138329103867
KLF6,NCOA7,0.0598758750715239
KLF6,NDRG1,0.05342565487293665
KLF6,NDUFA1,0.03250441458598635
KLF6,NDUFA2,0.0296061447274996
KLF6,NDUFA5,0.0369448056033062
KLF6,NDUFA6,0.0470020238437342
KLF6,NDUFAB1,0.03867989398650585
KLF6,NDUFB10,0.04459162017994765
KLF6,NDUFB4,0.0328735104877583
KLF6,NDUFB7,0.03450854738347395
KLF6,NDUFB9,0.0331232468875885
KLF6,NDUFC2,0.04282019013314785
KLF6,NDUFV2,0.0442978722071481
KLF6,NEDD8,0.0316956948050163
KLF6,NEDD9,0.049118322790856254
KLF6,NEK6,0.058081819937741704
KLF6,NET1,-0.060434662024005596
KLF6,NEU1,0.062442656895591094
KLF6,NFATC2,0.05386143310675515
KLF6,NFKBIA,0.1309175640311385
KLF6,NFKBIB,0.0474618176669753
KLF6,NIBAN1,0.11570825674039037
KLF6,NINJ2,0.04371720211377727
KLF6,NMI,0.03520584010146385
KLF6,NOL7,0.02820796197392915
KLF6,NOP10,0.03760753544656015
KLF6,NOSIP,-0.1216894527675888
KLF6,NPC1,0.04242603873512725
KLF6,NPDC1,0.08850169923955856
KLF6,NPM1,-0.11457894650052203
KLF6,NR1H2,0.040953350516182596
KLF6,NR3C1,0.0704276047728684
KLF6,NR4A3,0.09167534180174194
KLF6,NRBP1,0.03150290744564385
KLF6,NSA2,-0.07854556569370019
KLF6,NSD3,0.04025176906045266
KLF6,NSG1,0.0700795472118771
KLF6,NSMCE3,0.04942296099021865
KLF6,NUAK2,-0.061774444878293255
KLF6,NUCB2,-0.08309116192260488
KLF6,NUDT21,0.030600589023551
KLF6,NUTF2,0.03090194072272435
KLF6,NXT1,0.042901695841894905
KLF6,ODC1,0.07051082539706273
KLF6,ODF2L,0.07684273929986235
KLF6,OGDH,0.08077592395493456
KLF6,OPTN,0.0940004387188738
KLF6,OS9,0.03002958725095265
KLF6,OSBPL3,0.07309773362558745
KLF6,OSBPL8,0.03931986613140742
KLF6,OSM,0.0464280391002695
KLF6,OSTC,0.030965596250735902
KLF6,OTUB1,0.03032187714052505
KLF6,P2RY8,0.035820594597752435
KLF6,P4HB,0.0652806150340419
KLF6,PABPC1,-0.09520348453887048
KLF6,PAK2,0.0362519279126168
KLF6,PAPOLA,0.031600346561822645
KLF6,PARK7,0.035699699081359504
KLF6,PARP1,0.039913991782599904
KLF6,PARVB,0.04706983797881775
KLF6,PASK,0.052393368300866404
KLF6,PAXX,0.04491767525979942
KLF6,PBDC1,0.028847752802589152
KLF6,PBX4,0.05267400486632345
KLF6,PCBD1,0.03663973067586646
KLF6,PCED1B,-0.0778618148352854
KLF6,PCGF5,0.03601577378072767
KLF6,PCMT1,0.03872668171634055
KLF6,PCNX2,0.05632918551851655
KLF6,PDCD10,0.0402486108214024
KLF6,PDCD5,0.0468862569982545
KLF6,PDCD6,0.033070003792709746
KLF6,PDE4A,0.04363512436225195
KLF6,PDE4D,0.04892908881733182
KLF6,PDIA3,0.05601609612882967
KLF6,PDIA6,0.06809729807697755
KLF6,PDK1,-0.0785905576198133
KLF6,PDLIM2,0.035363739901203645
KLF6,PEBP1,0.0404855607684761
KLF6,PECAM1,-0.1083927028432107
KLF6,PER1,0.0678439164790746
KLF6,PERP,0.07921060373505213
KLF6,PFDN1,0.03309200700507335
KLF6,PFDN2,0.0400105977595924
KLF6,PFDN5,-0.11353210513785472
KLF6,PFKL,0.039238430129222165
KLF6,PFKP,0.059699775244358454
KLF6,PFN1,0.04263056099842592
KLF6,PGK1,0.05298484375604995
KLF6,PHACTR2,0.07370441549112822
KLF6,PHF1,0.02865280120449605
KLF6,PHF11,0.03199252248066675
KLF6,PHF20,0.0278429387993228
KLF6,PHLDA1,0.10913996034669804
KLF6,PHPT1,0.036054903913539
KLF6,PHTF1,0.0409506838959735
KLF6,PHTF2,0.06418089350475523
KLF6,PI16,0.07537658058437341
KLF6,PICALM,0.037270589492764
KLF6,PIEZO1,0.06583707942238244
KLF6,PIK3R1,0.07731234776882234
KLF6,PIN1,0.038302166241546295
KLF6,PITHD1,0.0295880677634551
KLF6,PKM,0.0520278147026481
KLF6,PLCB1,0.0596601872288679
KLF6,PLCD1,0.04826639353124765
KLF6,PLEC,0.041915021830027537
KLF6,PLEKHA5,0.06298828048417321
KLF6,PLEKHG3,0.07134297968677662
KLF6,PLEKHJ1,0.029448535161151097
KLF6,PLEKHO1,0.03541457922371813
KLF6,PLIN2,0.031793824322967706
KLF6,PLK3,0.05788224302811016
KLF6,PLP2,0.11444171735433029
KLF6,PMVK,0.03864803393340603
KLF6,PNISR,-0.0578820461550274
KLF6,PNPLA8,0.035625110898409945
KLF6,POLR2A,0.03743156767749183
KLF6,POLR2I,0.030166571625850798
KLF6,POLR2K,0.046081730886394445
KLF6,POMP,0.047271710775180296
KLF6,PPA2,0.0310613872560124
KLF6,PPM1G,0.03766459352912195
KLF6,PPP1CA,0.05517946185448065
KLF6,PPP1CB,0.04652074357847465
KLF6,PPP1CC,0.040527416970156396
KLF6,PPP1R10,0.039140576500323
KLF6,PPP1R11,0.03379851891378175
KLF6,PPP1R12A,0.044896205733231824
KLF6,PPP1R15A,0.19371072171784057
KLF6,PPP1R15B,0.07823466460000719
KLF6,PPP1R18,0.045614402816404824
KLF6,PPP1R7,0.03765089184516715
KLF6,PPP2CA,0.04599327685462198
KLF6,PPP2R5C,0.10939113418863546
KLF6,PPP3CA,0.055063595921887254
KLF6,PPP3CC,0.03871731487069604
KLF6,PPP4C,0.04009317453941115
KLF6,PRAG1,-0.06706187278699574
KLF6,PRDM1,0.1220402258388648
KLF6,PRDX1,0.0603717285777248
KLF6,PRELID1,0.03670972825938195
KLF6,PRELID3B,0.0369089012937454
KLF6,PREX1,0.08902809194686973
KLF6,PRKAR2A,0.0368381286700787
KLF6,PRKCB,0.03984128548990535
KLF6,PRKCH,0.033251243776196746
KLF6,PRKX,0.048867010902496705
KLF6,PRMT2,-0.09291673481481066
KLF6,PRNP,0.06748148678388485
KLF6,PRR5L,0.05893592328966537
KLF6,PSAP,0.03151563916887995
KLF6,PSENEN,0.032848679141765966
KLF6,PSMA1,0.03171858053602545
KLF6,PSMA4,0.04003835664649465
KLF6,PSMA5,0.04070914374114555
KLF6,PSMA7,0.0496677044614842
KLF6,PSMB1,0.044659670844867744
KLF6,PSMB10,0.0325563544873027
KLF6,PSMB2,0.0433428328930755
KLF6,PSMB6,0.04058816537193375
KLF6,PSMB9,0.05289085746949462
KLF6,PSMC3,0.029023765759516353
KLF6,PSMC4,0.03348901892135095
KLF6,PSMC5,0.042144392971138894
KLF6,PSMD14,0.03225645151200635
KLF6,PSMD4,0.0331812061091601
KLF6,PSMD7,0.0355452853820155
KLF6,PSMD8,0.04395239350720897
KLF6,PSMD9,0.0328467620509963
KLF6,PSME1,0.0397760100802779
KLF6,PSME2,0.0466976180332348
KLF6,PSMF1,0.02998559843459255
KLF6,PSTPIP1,0.048173068358055224
KLF6,PTBP3,0.03895219740443753
KLF6,PTGES3,0.0513111133011494
KLF6,PTMA,-0.09939419024185797
KLF6,PTPN1,0.032412859221593364
KLF6,PTPN2,0.03316446659236966
KLF6,PTPN22,0.039243380769261246
KLF6,PTPN7,0.035017461966388365
KLF6,PTTG1,0.0458627838536305
KLF6,RAB11A,0.037054737941927006
KLF6,RAB11FIP1,0.05164784699223615
KLF6,RAB18,0.0359292342886367
KLF6,RAB27A,0.047402139980511675
KLF6,RAB29,0.0353131054079157
KLF6,RAB2A,0.0337942416209545
KLF6,RAB37,0.0396288815133015
KLF6,RAB5A,0.035720740033377836
KLF6,RAB5C,0.038666572054635404
KLF6,RAB5IF,0.04028910752247986
KLF6,RAB6A,0.0357127768311487
KLF6,RAB7A,0.03857533055220595
KLF6,RAB8A,0.04154436752349087
KLF6,RAB8B,0.0483951428147297
KLF6,RABAC1,0.042244110001626596
KLF6,RABGAP1L,0.05369680306280985
KLF6,RAC1,0.036353505025568056
KLF6,RACK1,-0.14386886915789968
KLF6,RAD23B,0.03291990750830255
KLF6,RALGDS,0.054945475450485
KLF6,RALY,0.036484015497334404
KLF6,RANBP1,0.033340640649432554
KLF6,RAP1GAP2,0.0721684083542259
KLF6,RAP1GDS1,0.0355928802438022
KLF6,RAP2B,0.04479222586304288
KLF6,RAP2C,0.041188670410232095
KLF6,RAPGEF1,0.05096259219856734
KLF6,RAPGEF2,0.045647227696746145
KLF6,RAPGEF6,-0.0622159551811281
KLF6,RARA,0.06016637464533883
KLF6,RASGRP2,-0.07065505630497625
KLF6,RBM23,0.0420432001588359
KLF6,RCBTB2,0.05711928275113573
KLF6,RECQL,0.042184900016866166
KLF6,REEP3,0.04948798200423516
KLF6,REEP5,0.08365062861321072
KLF6,REL,0.06461962774844568
KLF6,RELB,0.057486510871108475
KLF6,RER1,0.038384369277471506
KLF6,RESF1,0.0355270347611526
KLF6,RETREG1,-0.06614449172738865
KLF6,RGS10,-0.0952250193039576
KLF6,RGS19,0.04115717224095653
KLF6,RGS2,0.06410729129272605
KLF6,RHEB,0.0432820868672149
KLF6,RHOA,0.051790152876247636
KLF6,RHOB,0.03705142327896515
KLF6,RHOC,0.06321302769175155
KLF6,RHOG,0.0465918380936596
KLF6,RIN3,-0.07377623924089625
KLF6,RNASEK,0.03713171780873277
KLF6,RNASET2,0.04926934702301474
KLF6,RNF125,0.04710440135681405
KLF6,RNF126,0.03939953046611875
KLF6,RNF139,0.053465283646419635
KLF6,RNF149,0.047823834330105446
KLF6,RNF166,0.04550182456764467
KLF6,RNF167,0.0379549377436643
KLF6,RNF168,0.04061256502343123
KLF6,RNF181,0.03075934629172635
KLF6,RNF19A,0.07833424690289255
KLF6,RNF213,0.039209932564823725
KLF6,RNF5,0.0310284593239364
KLF6,RNF7,0.04043213944638555
KLF6,RNH1,0.0320121986234165
KLF6,RNPS1,0.0341884684779365
KLF6,RO60,0.029585975413129448
KLF6,ROMO1,0.03251255560769225
KLF6,RORA,0.1044856257928876
KLF6,RPA3,0.0379473682897754
KLF6,RPL10,-0.2073755783218241
KLF6,RPL10A,-0.17842478051976837
KLF6,RPL11,-0.22877400976447113
KLF6,RPL12,-0.18373048984696985
KLF6,RPL13,-0.22234154531074643
KLF6,RPL13A,-0.14526131682088714
KLF6,RPL15,-0.16564825487329424
KLF6,RPL18,-0.19669495550198385
KLF6,RPL18A,-0.20880169609187887
KLF6,RPL19,-0.22235827486231197
KLF6,RPL21,-0.23469389897158727
KLF6,RPL22,-0.20810803559249413
KLF6,RPL22L1,0.048445546904448224
KLF6,RPL23,-0.11580228308157889
KLF6,RPL23A,-0.15046623538903456
KLF6,RPL24,-0.16699392389751921
KLF6,RPL26,-0.1910867120943907
KLF6,RPL27,-0.13378200207143637
KLF6,RPL27A,-0.1960470373569425
KLF6,RPL28,-0.16794564891468733
KLF6,RPL29,-0.18175819264149903
KLF6,RPL3,-0.18804265398017087
KLF6,RPL30,-0.22955949767200878
KLF6,RPL31,-0.19173168418391512
KLF6,RPL32,-0.2459905915321288
KLF6,RPL34,-0.22463563898551245
KLF6,RPL35,-0.13051048045102998
KLF6,RPL35A,-0.2298154154636571
KLF6,RPL36,-0.16123586728262262
KLF6,RPL37,-0.19823480724616416
KLF6,RPL37A,-0.16659642624806403
KLF6,RPL38,-0.15732351821464655
KLF6,RPL39,-0.19720540969925057
KLF6,RPL4,-0.13145510676114577
KLF6,RPL41,-0.16169837857062547
KLF6,RPL5,-0.20105038185697227
KLF6,RPL6,-0.16245716635140456
KLF6,RPL7,-0.17787829386480153
KLF6,RPL7A,-0.14212140692856
KLF6,RPL8,-0.14717602454153345
KLF6,RPL9,-0.203598006741943
KLF6,RPLP0,-0.10699853263712374
KLF6,RPLP1,-0.14502159813919746
KLF6,RPLP2,-0.20050978609082107
KLF6,RPN1,0.042526798860732476
KLF6,RPN2,0.04130014329166945
KLF6,RPS10,-0.1432632450604372
KLF6,RPS11,-0.0873366753814159
KLF6,RPS12,-0.2181216115837127
KLF6,RPS13,-0.2561723986449072
KLF6,RPS14,-0.23031340652103852
KLF6,RPS15,-0.1975426596630332
KLF6,RPS15A,-0.22463934245561742
KLF6,RPS16,-0.18102542700696597
KLF6,RPS17,-0.11270684778378944
KLF6,RPS18,-0.17905008914340562
KLF6,RPS2,-0.15872228792672144
KLF6,RPS20,-0.1294436008368229
KLF6,RPS21,-0.18283131479297668
KLF6,RPS23,-0.2447721905742504
KLF6,RPS24,-0.19028611884994742
KLF6,RPS25,-0.20505628266957104
KLF6,RPS26,-0.06362313962826491
KLF6,RPS27,-0.23387871753586095
KLF6,RPS27A,-0.2276689025160093
KLF6,RPS27L,0.0376238028977258
KLF6,RPS28,-0.21361309794699995
KLF6,RPS29,-0.16898956917101104
KLF6,RPS3,-0.19183415777178778
KLF6,RPS3A,-0.24796314439245296
KLF6,RPS5,-0.21338113224926375
KLF6,RPS6,-0.21945991018594593
KLF6,RPS6KA3,0.044067721404089974
KLF6,RPS7,-0.1557252794981897
KLF6,RPS8,-0.2040358003475649
KLF6,RPS9,-0.1854751888947146
KLF6,RPSA,-0.11982560403423173
KLF6,RSL1D1,-0.05987536154647865
KLF6,RSU1,0.035102278404502904
KLF6,RTN3,0.032709559664755
KLF6,RTN4,0.048634612337723704
KLF6,RUNX3,0.05296860033673492
KLF6,S100A10,0.15484774224910297
KLF6,S100A4,0.23106784379083142
KLF6,S1PR4,0.03251084199085915
KLF6,SAP18,0.0404689969122465
KLF6,SAP30,0.0591287314252894
KLF6,SARAF,-0.0921867711437178
KLF6,SAT1,0.0898943602778796
KLF6,SCAMP2,0.02975669447178685
KLF6,SCAND1,0.04284529832261064
KLF6,SCML1,-0.05643243246378615
KLF6,SCP2,0.04677465701064085
KLF6,SDCBP,0.0410184646814237
KLF6,SDF2,0.0311639985684868
KLF6,SDF4,0.0411680778825827
KLF6,SDHA,0.0292312295527756
KLF6,SDHB,0.03471827953756295
KLF6,SDHC,0.03441497051653165
KLF6,SEC11A,0.03992297834989965
KLF6,SEC22C,0.043287193187391146
KLF6,SEC61A1,0.047069306682509054
KLF6,SEC61B,0.0847023152630932
KLF6,SEC61G,0.04234329628850667
KLF6,SEC62,-0.05965862076784935
KLF6,SEL1L3,0.0405731823424395
KLF6,SELENOF,0.039464033076937646
KLF6,SELENOH,-0.0717487668512871
KLF6,SELENOK,0.07134999945810094
KLF6,SELENOS,0.047824756458430324
KLF6,SELENOT,0.0496231607378406
KLF6,SELL,-0.12834757783902015
KLF6,SELPLG,0.035182452959750046
KLF6,SEPTIN11,0.055738520174894904
KLF6,SEPTIN2,0.03224814181067375
KLF6,SERP1,-0.0463025126586725
KLF6,SERPINB1,0.0370716268908551
KLF6,SF3B5,0.04876582720734187
KLF6,SF3B6,0.042899822588179995
KLF6,SFPQ,0.0390891299728508
KLF6,SH3BGRL3,0.14667245462196157
KLF6,SH3BP5,0.07485689657006936
KLF6,SH3GLB1,0.04371484179414632
KLF6,SH3KBP1,0.04622048695477963
KLF6,SHISA5,0.033299461712146206
KLF6,SHKBP1,0.04104406924376144
KLF6,SIAH2,0.0479869256587881
KLF6,SIGMAR1,0.03719421846857045
KLF6,SIK3,0.05916530940232505
KLF6,SKAP1,0.03297863421064525
KLF6,SKAP2,0.039228830377042834
KLF6,SLA,0.03890576881728075
KLF6,SLBP,0.0297022207515643
KLF6,SLC25A24,0.0623257210383854
KLF6,SLC2A3,0.07878557814952367
KLF6,SLC38A1,0.03447393285346245
KLF6,SLC38A2,0.0420524058467512
KLF6,SLC3A2,0.052486685346994355
KLF6,SLC4A7,0.05064309483867525
KLF6,SLC66A3,0.04190899845645413
KLF6,SMAD3,0.055537639240202295
KLF6,SMAD5,0.06985709510720314
KLF6,SMAP1,0.0572605485364682
KLF6,SMARCA5,0.0348275342044905
KLF6,SMC4,0.03257200437630906
KLF6,SMIM30,0.0307844410995015
KLF6,SMPD1,-0.06860395353142995
KLF6,SND1,0.045462870246947264
KLF6,SNRPB,0.044746936841001034
KLF6,SNRPB2,0.03788791505441385
KLF6,SNRPG,0.0565507680862766
KLF6,SNTB2,0.04665134038213485
KLF6,SNU13,0.05005120549942285
KLF6,SNX10,0.03856236049757993
KLF6,SNX17,0.034731316474297905
KLF6,SNX6,0.04037167410325605
KLF6,SOCS3,0.0561950922308087
KLF6,SOD2,0.05235818487208103
KLF6,SORL1,0.034040175381363405
KLF6,SOS1,0.0397755770113264
KLF6,SOX4,-0.058574597534739
KLF6,SP100,0.04016379056381867
KLF6,SPAG9,0.0453833578901776
KLF6,SPATS2L,0.0453697826804092
KLF6,SPCS2,0.049466400585744
KLF6,SPPL2A,0.04353185408106895
KLF6,SPTAN1,0.04850865055621135
KLF6,SPTY2D1,0.038599666592178096
KLF6,SQOR,0.04985002501215667
KLF6,SQSTM1,0.0517525206584029
KLF6,SRI,0.046250114876204826
KLF6,SRP19,0.048094510998595894
KLF6,SRP72,0.0305058660611625
KLF6,SRRM2,0.03669513777356927
KLF6,SRSF2,0.03114107660730745
KLF6,SRSF3,0.04533164456614485
KLF6,SRSF4,0.030885465704306
KLF6,SRSF7,0.0835494080240877
KLF6,SS18L2,0.049525081702501
KLF6,SSB,0.03807926789325055
KLF6,SSBP4,0.07123671926891895
KLF6,SSR1,0.03318076914162295
KLF6,STAT3,0.0321909841209648
KLF6,STAT5B,0.03378280395735365
KLF6,STING1,0.04316600128555375
KLF6,STK39,0.03637033720042575
KLF6,STMN1,-0.08396631704659341
KLF6,STN1,0.0337963772032589
KLF6,STOM,0.0974723597104846
KLF6,STRAP,0.0335843055415699
KLF6,STT3B,0.03999396164022835
KLF6,STUB1,0.0336049782156084
KLF6,STX11,0.04793036618275115
KLF6,STX8,0.0450493518213926
KLF6,STXBP2,0.0328621478759219
KLF6,SUB1,0.05631148374853165
KLF6,SULT1B1,-0.06743333222193774
KLF6,SUMO1,0.042285763551243596
KLF6,SUMO2,0.03410167695935095
KLF6,SUPT4H1,0.03342622682448715
KLF6,SURF4,0.048881353936292005
KLF6,SYNE2,0.12040057073902087
KLF6,SYT11,0.06825372554706567
KLF6,SZRD1,0.028106508724932498
KLF6,TACC1,0.03612236640734475
KLF6,TAF12,0.0281705476983195
KLF6,TAGLN2,0.13753341835133515
KLF6,TANK,0.05783955883716535
KLF6,TAP1,0.0441601218350297
KLF6,TAPBP,0.04254537408710087
KLF6,TAX1BP1,0.03760883531454486
KLF6,TBCB,0.060139272456397
KLF6,TBCC,0.03867697207845793
KLF6,TBCD,0.03394116970241695
KLF6,TBK1,0.045924857676637676
KLF6,TCF7,-0.1702551204644673
KLF6,TCIRG1,0.0367509615617877
KLF6,TENT5C,0.11058209988172128
KLF6,TERF2IP,0.03969228358092795
KLF6,TFRC,0.04100721193376213
KLF6,TGFB1,0.0765747431828855
KLF6,TGFBR2,-0.11028319984535209
KLF6,TGFBR3,0.08015319641602545
KLF6,TGIF1,0.05383136710869005
KLF6,THOC7,0.03122984791075955
KLF6,TIFA,0.04935261008430573
KLF6,TIPARP,0.0685477793706434
KLF6,TLE4,0.0433709599718618
KLF6,TLE5,-0.0916115883275284
KLF6,TLN1,0.0529715919733844
KLF6,TMA7,-0.05534445029230806
KLF6,TMBIM1,0.04208393457843685
KLF6,TMBIM4,0.0450535480255914
KLF6,TMBIM6,0.04541871012153683
KLF6,TMCO1,0.039568921627363696
KLF6,TMED10,0.05084426706947402
KLF6,TMED2,0.04741775881688243
KLF6,TMED5,0.042327874460422105
KLF6,TMED9,0.04800059158511533
KLF6,TMEM109,0.030537162143684703
KLF6,TMEM116,0.04426697916282163
KLF6,TMEM147,0.0325450704378432
KLF6,TMEM14A,0.033054447146899396
KLF6,TMEM156,0.04542644084651005
KLF6,TMEM181,0.032241292427686655
KLF6,TMEM230,0.031123593600598902
KLF6,TMEM273,0.05807111762144477
KLF6,TMEM43,0.0486636236402345
KLF6,TMEM50A,0.062133132400250105
KLF6,TMEM59,0.04917325047189505
KLF6,TMEM87A,0.031595464488006
KLF6,TMEM9B,0.047039656399186
KLF6,TMOD3,0.03218787846655795
KLF6,TMSB10,-0.15661814555905088
KLF6,TMX4,0.08359851051053648
KLF6,TNFAIP3,0.17697598017608235
KLF6,TNFRSF18,0.07685827206526497
KLF6,TNFRSF1B,0.07708426870180554
KLF6,TNFRSF4,0.113740103680938
KLF6,TNFSF12,0.04576927100623675
KLF6,TNIP1,0.06082242930574683
KLF6,TNKS2,0.03942906780531725
KLF6,TOB1,0.05190125748961648
KLF6,TOB2,0.04022989718633303
KLF6,TOM1,0.03705451296142247
KLF6,TOMM5,0.038542121647491295
KLF6,TOMM7,-0.11591903596503772
KLF6,TOR3A,0.03479124293833725
KLF6,TOX4,0.03047457274977865
KLF6,TPD52,0.046648372497700874
KLF6,TPI1,0.05605907693178775
KLF6,TPM3,0.05822190664229157
KLF6,TPM4,0.06628121517415789
KLF6,TPRG1,0.0562467573526425
KLF6,TPST2,0.04433939547788097
KLF6,TRA2A,0.0406054850089198
KLF6,TRABD,0.03106042593425145
KLF6,TRADD,0.12297865195190982
KLF6,TRAF1,0.050318798440119626
KLF6,TRAM1,0.058217774931974706
KLF6,TRAPPC1,0.0452920833629889
KLF6,TRAPPC3,0.029873613777763798
KLF6,TRIM69,0.041023714226214925
KLF6,TRMT112,0.038709856068952
KLF6,TRPV2,0.0375520882535942
KLF6,TSC22D4,0.036928082108046795
KLF6,TSPO,0.049613519834647
KLF6,TSPYL2,0.05433620668721676
KLF6,TTC39C,0.08594781647119963
KLF6,TTN,-0.07226863713878
KLF6,TUBA1A,0.09859049791053992
KLF6,TUBA1C,0.0709441409686584
KLF6,TUBB2A,0.062129486994105663
KLF6,TUBB4B,0.07644991227712722
KLF6,TWF2,0.02989267793763605
KLF6,TXK,-0.08802391280665631
KLF6,TXN,0.09711488765657192
KLF6,TXNDC11,0.0402949288427356
KLF6,TXNDC12,0.03178672610104605
KLF6,TXNIP,-0.0917047345338574
KLF6,TYMP,0.054635493287826
KLF6,UBA52,-0.14227617574341617
KLF6,UBB,0.04472262739315933
KLF6,UBC,0.09922049154709195
KLF6,UBE2A,0.04171603713273856
KLF6,UBE2D3,0.03073106087203615
KLF6,UBE2I,0.04060405366918475
KLF6,UBE2K,0.033438821598007
KLF6,UBE2L3,0.047790381738910065
KLF6,UBE2N,0.041141299762960395
KLF6,UBE2Q2,0.03647302987560857
KLF6,UBE2S,0.06296430838289672
KLF6,UBL3,0.04923543356048042
KLF6,UBL5,0.03695361570327955
KLF6,UBXN11,0.04093176088715597
KLF6,UCP2,0.041345892269726
KLF6,UFC1,0.04194181923382167
KLF6,UFD1,0.0293774517003517
KLF6,UQCRH,-0.0553940466837775
KLF6,USP1,0.0317996972478863
KLF6,USP10,0.04552012683203685
KLF6,USP3,0.03423892861393635
KLF6,USP36,0.040766980844216066
KLF6,UST,0.0924204864621897
KLF6,UTRN,0.04749438292500442
KLF6,UXT,-0.06180708225844977
KLF6,VAMP8,0.04682855848155985
KLF6,VAPA,0.0333962849872389
KLF6,VASP,0.03952890002034413
KLF6,VCP,0.03750727680537285
KLF6,VDAC1,0.04549445925494385
KLF6,VDAC3,0.0364283995167778
KLF6,VIM,0.1231524213439578
KLF6,VKORC1,0.0305126349627435
KLF6,VMP1,0.07444325817484233
KLF6,VOPP1,0.037395964467949024
KLF6,VPS28,0.0354912413137974
KLF6,VPS29,0.04140430887981805
KLF6,VPS4B,0.035474581262587
KLF6,VSIR,0.0357144902797129
KLF6,WBP11,0.030201510963830946
KLF6,WBP2,0.02952639467763725
KLF6,WDFY2,0.036666672776297454
KLF6,WDR1,0.0419507882719863
KLF6,WDR54,0.0342912323158653
KLF6,WEE1,0.05767979010484825
KLF6,WNK1,0.04930395448119053
KLF6,WTAP,0.03515816882511215
KLF6,XBP1,0.04925389971212893
KLF6,XPC,0.0330609554148317
KLF6,XRCC6,0.0368698136454501
KLF6,YIPF5,0.051799508288311244
KLF6,YPEL5,0.09293417937326692
KLF6,YTHDF2,0.036435664793690856
KLF6,YWHAB,0.05268262147164595
KLF6,YWHAH,0.07844164039010028
KLF6,YWHAQ,0.09334093305502443
KLF6,YWHAZ,0.07723504660710485
KLF6,ZBP1,0.042167200564355224
KLF6,ZBTB1,0.038800043658249427
KLF6,ZBTB10,0.0559441294250114
KLF6,ZBTB38,0.045051019163012
KLF6,ZBTB8OS,0.028260244448696
KLF6,ZC3H12D,0.0789762697406275
KLF6,ZFAND2A,0.0407312849284003
KLF6,ZFAND5,0.045271126680219466
KLF6,ZFP36,0.13520834788213765
KLF6,ZFP36L2,0.0582701073166889
KLF6,ZFYVE28,0.0746834948191301
KLF6,ZNF331,0.04499722595485373
KLF6,ZNF394,0.033039776569218096
KLF6,ZNF410,0.03322892129442305
KLF6,ZYX,0.03845515140418833
KLF7,ACTB,-0.07142508232250507
KLF7,ATP5F1E,-0.03973355006381955
KLF7,B2M,-0.09460749982563754
KLF7,BACH2,0.04351711401167385
KLF7,CAMK4,0.0353418568703728
KLF7,CD55,0.045005735685985794
KLF7,CERS6,0.03950754466486625
KLF7,CFL1,-0.05307076264766945
KLF7,EIF1,-0.03205988410606815
KLF7,ETS1,0.042988772216611154
KLF7,FAU,-0.04619345574267525
KLF7,FHIT,0.04307190931617905
KLF7,FTH1,-0.041954425295470596
KLF7,FTL,-0.03441474261443605
KLF7,HLA-A,-0.0486122477655428
KLF7,HLA-B,-0.0483813922434091
KLF7,IFITM1,-0.04296540637477265
KLF7,IL6ST,0.04485985275546184
KLF7,KLF3,0.035926967005111804
KLF7,LEF1,0.05238015006492825
KLF7,MAML2,0.040440747761027754
KLF7,MAP3K1,0.03615414539222265
KLF7,NELL2,0.036134734465455204
KLF7,PFN1,-0.0624894152935205
KLF7,PTMA,-0.048726610560553746
KLF7,RCAN3,0.03341778460588605
KLF7,RIPOR2,0.0372265603829697
KLF7,RPL10,-0.06957157749316255
KLF7,RPL10A,-0.0374877618503984
KLF7,RPL12,-0.055293565484040144
KLF7,RPL13,-0.059203946867202956
KLF7,RPL15,-0.0450279101734527
KLF7,RPL18A,-0.0613535980039847
KLF7,RPL19,-0.048914329351100454
KLF7,RPL26,-0.0559335943229708
KLF7,RPL3,-0.0477345450868173
KLF7,RPL32,-0.0647940047031679
KLF7,RPL34,-0.073662024247377
KLF7,RPL35,-0.04782464042378585
KLF7,RPL36,-0.0569874768223578
KLF7,RPL41,-0.05758324340115353
KLF7,RPL8,-0.045194807232263046
KLF7,RPLP1,-0.0586228117536359
KLF7,RPLP2,-0.0485538112937942
KLF7,RPS12,-0.049601266987559005
KLF7,RPS13,-0.0534230206518964
KLF7,RPS14,-0.0649812905914329
KLF7,RPS15,-0.06671692228605215
KLF7,RPS15A,-0.06057043601475895
KLF7,RPS18,-0.0651458665694737
KLF7,RPS19,-0.0696202849508068
KLF7,RPS2,-0.0506618605011774
KLF7,RPS23,-0.0502827242445536
KLF7,RPS3A,-0.04219531031756645
KLF7,RPS4X,-0.0562044925543248
KLF7,RPS6,-0.0453659335467003
KLF7,RPS7,-0.046736603920595796
KLF7,RPS8,-0.04802691056686345
KLF7,S100A10,-0.045963751474284054
KLF7,S100A4,-0.049897210314532564
KLF7,SATB1,0.040790211896482596
KLF7,SERF2,-0.036172295472402395
KLF7,SESN3,0.04552484971131655
KLF7,SH3BGRL3,-0.0644169273791896
KLF7,TMA7,-0.036580151527119534
KLF7,TMSB10,-0.0565562753554145
KLF7,TMSB4X,-0.0776219494957161
KLF7,TSHZ2,0.04818751614112945
KLF9,ABLIM1,0.0394422296288309
KLF9,ACTB,-0.07018922271978098
KLF9,ATP5F1E,-0.050303173686657134
KLF9,ATP5MG,-0.03341542588131455
KLF9,B2M,-0.08959787332460513
KLF9,BACH2,0.03849104485868245
KLF9,BCL2,0.04244623258369905
KLF9,BCLAF1,0.036924790418131896
KLF9,BEST1,0.046915353972972
KLF9,BTG2,0.05283038539793793
KLF9,CCNL1,0.0538079749846672
KLF9,CD52,-0.06110799387747357
KLF9,CD55,0.05115103355044826
KLF9,CENPC,0.035226235071881704
KLF9,CFL1,-0.051829369960396
KLF9,CHD1,0.039982830483379146
KLF9,CHD2,0.03714783172124605
KLF9,CXCR4,0.06400151520221237
KLF9,DDIT4,0.0433986712136548
KLF9,DDX3X,0.043793898833978
KLF9,DNAJB1,0.058953955161751545
KLF9,DUSP1,0.06569634189550856
KLF9,EEF1A1,-0.04966848927998937
KLF9,ETS1,0.04716011334836605
KLF9,FAU,-0.05218238534081734
KLF9,FOS,0.060841379839303995
KLF9,FOSB,0.06143511467192225
KLF9,GADD45B,0.02867298081263
KLF9,HLA-A,-0.042240843311198845
KLF9,HOOK2,0.06257352321490889
KLF9,IDS,0.03948057083519575
KLF9,IFITM1,-0.0391501591296938
KLF9,IL32,-0.061034173469434155
KLF9,IL6ST,0.04096599319964095
KLF9,IRF1,0.0359494422776268
KLF9,JMJD1C,0.0348193207165724
KLF9,JUN,0.04775044189756435
KLF9,JUND,0.04103873980242395
KLF9,KLF2,0.04814789285486055
KLF9,KLF3,0.0472226998011172
KLF9,KLF6,0.035648926808989
KLF9,LTB,-0.04414732264720255
KLF9,MBNL1,0.0403601662215389
KLF9,MT-CO1,-0.050828872610885666
KLF9,MT-CO2,-0.04252652154726215
KLF9,MYL6,-0.0545582814552013
KLF9,MYLIP,0.0307336257909187
KLF9,NFKBIA,0.052901690365418565
KLF9,NFKBIZ,0.049507298815854854
KLF9,NR4A2,0.0636313286846145
KLF9,PDE3B,0.04277136958464885
KLF9,PFN1,-0.07062861438580187
KLF9,PNRC1,0.06903653016969194
KLF9,PPP1R15A,0.04417370305100825
KLF9,PTGER4,0.049078533065546104
KLF9,PTMA,-0.04900570690863917
KLF9,RCAN3,0.03809330223683975
KLF9,RNF125,0.0373440401715153
KLF9,RPL10,-0.07761881124194013
KLF9,RPL10A,-0.045097962420109196
KLF9,RPL11,-0.07001676288710203
KLF9,RPL12,-0.06323502399540423
KLF9,RPL13,-0.07028208623434277
KLF9,RPL15,-0.0520811867084219
KLF9,RPL17,-0.05607617714848
KLF9,RPL18,-0.0496584527030705
KLF9,RPL18A,-0.07139160980615997
KLF9,RPL19,-0.05893645131338707
KLF9,RPL21,-0.06633905378166477
KLF9,RPL22,-0.04955080078489195
KLF9,RPL23A,-0.061776242116798497
KLF9,RPL24,-0.038186105475518664
KLF9,RPL26,-0.06734505254204656
KLF9,RPL27,-0.03600908056907607
KLF9,RPL28,-0.06442993883079547
KLF9,RPL29,-0.04781613627830574
KLF9,RPL3,-0.0519035676948976
KLF9,RPL30,-0.055973867102188164
KLF9,RPL31,-0.056798326091613366
KLF9,RPL32,-0.07541646822206087
KLF9,RPL34,-0.08280076001913612
KLF9,RPL35,-0.05684577747598346
KLF9,RPL35A,-0.06564231531221128
KLF9,RPL36,-0.06615688680566637
KLF9,RPL36A,-0.0482048349661804
KLF9,RPL37,-0.06520782069492964
KLF9,RPL37A,-0.04653332902877783
KLF9,RPL38,-0.04718422990422115
KLF9,RPL39,-0.06938167515900467
KLF9,RPL41,-0.06878127129591273
KLF9,RPL5,-0.040645174883467
KLF9,RPL6,-0.049240267226084
KLF9,RPL8,-0.04875599051603754
KLF9,RPL9,-0.039326654060097666
KLF9,RPLP1,-0.061759732966870366
KLF9,RPLP2,-0.06225202147725393
KLF9,RPS10,-0.033441806952835954
KLF9,RPS12,-0.061516542600594
KLF9,RPS13,-0.05992040551044203
KLF9,RPS14,-0.0697950734680778
KLF9,RPS15,-0.0733231758285611
KLF9,RPS15A,-0.07383209434945916
KLF9,RPS16,-0.0435324375167612
KLF9,RPS18,-0.07342271641448317
KLF9,RPS19,-0.07717635029063159
KLF9,RPS2,-0.056376484715072034
KLF9,RPS21,-0.048002696906418105
KLF9,RPS23,-0.06242133517139987
KLF9,RPS24,-0.04872515632739777
KLF9,RPS25,-0.06377075901887647
KLF9,RPS26,-0.04331307493963475
KLF9,RPS27,-0.08074054892620476
KLF9,RPS27A,-0.0743268138854078
KLF9,RPS28,-0.06559680854000367
KLF9,RPS29,-0.0678854876564763
KLF9,RPS3,-0.05741248139556233
KLF9,RPS3A,-0.0536697256812122
KLF9,RPS4X,-0.06270954923599027
KLF9,RPS5,-0.0425581704020651
KLF9,RPS6,-0.05794404178888907
KLF9,RPS7,-0.05384859035412847
KLF9,RPS8,-0.05971993958366877
KLF9,RPS9,-0.04485272124365774
KLF9,S100A6,-0.04289366053180405
KLF9,SATB1,0.032911312155439
KLF9,SBDS,0.05626172767401505
KLF9,SERF2,-0.04442825317720586
KLF9,SF1,0.0462207264257973
KLF9,SFPQ,0.041753339246319354
KLF9,SH3BGRL3,-0.0584756143879173
KLF9,SLC2A3,0.0600955115124387
KLF9,SMAP2,0.04213074436085955
KLF9,SMCHD1,0.042283775182800104
KLF9,SOCS1,0.041538779808624596
KLF9,SOCS3,0.057816907152703004
KLF9,SRRM2,0.039200203257711105
KLF9,STAT3,0.0404865976154611
KLF9,STK17B,0.040587409297626297
KLF9,SYNE2,0.03634264624158415
KLF9,TAB2,0.0388826621290094
KLF9,TMA7,-0.04250717064537116
KLF9,TMSB10,-0.06853600074855859
KLF9,TMSB4X,-0.0929177143491338
KLF9,TNFAIP3,0.057512490227630324
KLF9,TPT1,-0.04718333218507445
KLF9,TSC22D3,0.060850103006122036
KLF9,TSPYL1,0.05523400909723385
KLF9,TSPYL2,0.034350975860767304
KLF9,TUBA1A,0.046065944339561
KLF9,TXK,0.0350122598970143
KLF9,UBA52,-0.04511010520963865
KLF9,YPEL5,0.06136425545994514
KLF9,ZFP36,0.049442924259427
KLF9,ZNF331,0.05125484116135793
KMT2A,ACTB,-0.04497927608315275
KMT2A,ADAR,0.034778056760937405
KMT2A,AHNAK,0.05294061526860318
KMT2A,AKAP9,0.0321931533679904
KMT2A,ANKHD1,0.03149249824902175
KMT2A,ANKRD11,0.041996589643311905
KMT2A,ARID4B,0.0348413081517595
KMT2A,ASH1L,0.0327865432273938
KMT2A,ATF7IP,0.038858755086809055
KMT2A,ATP2B1,0.0322797803262972
KMT2A,ATP5F1E,-0.0431245542492189
KMT2A,ATRX,0.03894819089207805
KMT2A,B2M,-0.10569315144526706
KMT2A,BAZ2A,0.030122973742117448
KMT2A,BCLAF1,0.03928401498948255
KMT2A,BDP1,0.03370273721467065
KMT2A,BIRC6,0.03762469096509535
KMT2A,BPTF,0.037774413536228235
KMT2A,BTF3,-0.0429875804004518
KMT2A,CDC14A,0.038513291578892064
KMT2A,CEP350,0.033075152773840696
KMT2A,CFLAR,0.03630643795154835
KMT2A,CHD3,0.03192112967346575
KMT2A,CNOT6L,0.03183593576232995
KMT2A,COMMD6,-0.04589638354829735
KMT2A,COTL1,0.0329533458011943
KMT2A,COX4I1,-0.04281130613484715
KMT2A,COX7C,-0.04284953175303473
KMT2A,DDX17,0.04314380831151805
KMT2A,DHX36,0.034409500684022196
KMT2A,DIAPH1,0.03357374895568237
KMT2A,DNAJA1,0.02995781625806175
KMT2A,DPYD,0.035203852483265
KMT2A,EEF1A1,-0.0904733467058798
KMT2A,EEF1B2,-0.06237866931179476
KMT2A,EEF1D,-0.05065055457146865
KMT2A,EEF1G,-0.05199740147887937
KMT2A,EIF3A,0.0409763170304193
KMT2A,EML4,0.03860324413621545
KMT2A,EPS15,0.0314038888060345
KMT2A,EZR,0.0362399115734264
KMT2A,FAU,-0.0796800636474778
KMT2A,FLNA,0.0357339142947326
KMT2A,FRYL,0.0347480372710417
KMT2A,FTL,-0.05662594435075557
KMT2A,GNAI2,0.03234653880164655
KMT2A,GOLGA4,0.03301754498101215
KMT2A,GOLGB1,0.03460644407242674
KMT2A,HERC1,0.0347440402141725
KMT2A,HNRNPD,0.03501899207143555
KMT2A,HSP90B1,0.034425730272408556
KMT2A,IQGAP2,0.035094899646985755
KMT2A,ITGB1,0.040627598188137264
KMT2A,ITSN2,0.03222310566308855
KMT2A,JAK1,0.039424103388186305
KMT2A,JUNB,-0.042621107993372
KMT2A,KAT6A,0.03696194511066325
KMT2A,KLF13,0.030756783447940448
KMT2A,KPNB1,0.03028423117988725
KMT2A,LMAN1,0.02793957579051215
KMT2A,LPIN2,0.03085582739962255
KMT2A,LPP,0.03290005785196
KMT2A,LRRFIP1,0.0423973925585933
KMT2A,MACF1,0.0408296128595575
KMT2A,MALT1,0.03246694813711885
KMT2A,MAP3K1,0.0359584426148555
KMT2A,MAP4,0.033488100233009604
KMT2A,MTPN,0.0326673158439588
KMT2A,MYH9,0.03823145808877875
KMT2A,MYL12A,-0.0387221761483421
KMT2A,NACA,-0.07409317040371097
KMT2A,NCOR1,0.03182789308673755
KMT2A,NIPBL,0.0346395173779564
KMT2A,NKTR,0.03798727664845625
KMT2A,NPM1,-0.040660882089779096
KMT2A,NSD3,0.0345122639351181
KMT2A,OGA,0.0373101343295277
KMT2A,OSBPL8,0.033581937058371134
KMT2A,PARP1,0.029047726040823
KMT2A,PCM1,0.0366307192546719
KMT2A,PCNX1,0.041280583135901855
KMT2A,PFDN5,-0.05843741098760815
KMT2A,PFN1,-0.03672110803976437
KMT2A,PHF3,0.0390888951051162
KMT2A,PHIP,0.030781253261170802
KMT2A,PIK3R1,0.037939752934515666
KMT2A,PNN,0.037095489311226096
KMT2A,PPP1R12A,0.03252929435154425
KMT2A,PRKCA,0.03066332121316875
KMT2A,PTMA,-0.06932233901922817
KMT2A,PTP4A2,0.0329708110920559
KMT2A,RBM25,0.0330343864452321
KMT2A,RESF1,0.0405319503133003
KMT2A,RNF19A,0.0379199647151572
KMT2A,RNF213,0.038788313325349835
KMT2A,ROCK1,0.03710950110694495
KMT2A,RORA,0.04058323357711697
KMT2A,RPL10,-0.11127372330523377
KMT2A,RPL10A,-0.07573179562805064
KMT2A,RPL11,-0.1045834304305128
KMT2A,RPL12,-0.09318967421064955
KMT2A,RPL13,-0.10288604169855915
KMT2A,RPL13A,-0.0941836384244738
KMT2A,RPL14,-0.07921149947239356
KMT2A,RPL15,-0.0762020681905301
KMT2A,RPL17,-0.0774679060641755
KMT2A,RPL18,-0.08328696487398472
KMT2A,RPL18A,-0.10046387005585031
KMT2A,RPL19,-0.09452158484469937
KMT2A,RPL21,-0.10914081010883263
KMT2A,RPL22,-0.07317506514076012
KMT2A,RPL23A,-0.08282940395512906
KMT2A,RPL24,-0.06509020519218012
KMT2A,RPL26,-0.09275587031482804
KMT2A,RPL27,-0.06040391050458516
KMT2A,RPL28,-0.08830097489677954
KMT2A,RPL29,-0.07942331113568182
KMT2A,RPL3,-0.08557991513728537
KMT2A,RPL30,-0.0925126624978629
KMT2A,RPL31,-0.09630262171726656
KMT2A,RPL32,-0.1102885028469089
KMT2A,RPL34,-0.1136264346621062
KMT2A,RPL35,-0.07295525371268743
KMT2A,RPL35A,-0.09753346264461871
KMT2A,RPL36,-0.0869498860407868
KMT2A,RPL37,-0.07482150557204365
KMT2A,RPL37A,-0.07022583971723623
KMT2A,RPL38,-0.06502944301038556
KMT2A,RPL39,-0.09812426186443328
KMT2A,RPL4,-0.04502163832049153
KMT2A,RPL5,-0.08257180074291887
KMT2A,RPL6,-0.0805199548078317
KMT2A,RPL7,-0.09466447042947963
KMT2A,RPL7A,-0.07825970566203483
KMT2A,RPL8,-0.07847513984904787
KMT2A,RPL9,-0.0687074788788644
KMT2A,RPLP0,-0.06596419213120676
KMT2A,RPLP1,-0.0862834406484643
KMT2A,RPLP2,-0.0878689876797063
KMT2A,RPS10,-0.044168669272939
KMT2A,RPS11,-0.04320027286891505
KMT2A,RPS12,-0.09407331563475775
KMT2A,RPS13,-0.10195694834206243
KMT2A,RPS14,-0.10724956939770705
KMT2A,RPS15,-0.10231523053947125
KMT2A,RPS15A,-0.10519179786317807
KMT2A,RPS16,-0.07536900468235734
KMT2A,RPS18,-0.09646765116640663
KMT2A,RPS19,-0.09895633516630475
KMT2A,RPS2,-0.08522509740011718
KMT2A,RPS20,-0.06480340975580111
KMT2A,RPS21,-0.07442537821995068
KMT2A,RPS23,-0.09730102044534977
KMT2A,RPS24,-0.07488108771563094
KMT2A,RPS25,-0.09384178880822801
KMT2A,RPS26,-0.043135773231410296
KMT2A,RPS27,-0.10493622656012588
KMT2A,RPS27A,-0.1086459919424032
KMT2A,RPS28,-0.1019823960623073
KMT2A,RPS29,-0.09879817150694653
KMT2A,RPS3,-0.09177492166261744
KMT2A,RPS3A,-0.0942018845042121
KMT2A,RPS4X,-0.09310682631712745
KMT2A,RPS5,-0.0794817778783046
KMT2A,RPS6,-0.08849578096636927
KMT2A,RPS7,-0.08009791682262796
KMT2A,RPS8,-0.09148783417965245
KMT2A,RPS9,-0.07135366948156448
KMT2A,RPSA,-0.06594152128195697
KMT2A,RSF1,0.02908169743048045
KMT2A,SCAF11,0.03399043820545765
KMT2A,SERF2,-0.0458675597037142
KMT2A,SETX,0.0349795227034325
KMT2A,SFPQ,0.03443057617232285
KMT2A,SLC38A1,0.040654364493118156
KMT2A,SLC4A7,0.0345819604995615
KMT2A,SMCHD1,0.040093837981177265
KMT2A,SORL1,0.03678330034169427
KMT2A,STAT1,0.0359162797694222
KMT2A,STX16,0.028588602958896703
KMT2A,TAB2,0.03241760981619585
KMT2A,TAOK3,0.030633690400946698
KMT2A,TGOLN2,0.03434788879782065
KMT2A,TLN1,0.0393409380676166
KMT2A,TMA7,-0.04623299135056965
KMT2A,TNKS2,0.03144656861525
KMT2A,TOMM7,-0.05296053599942725
KMT2A,TPM4,0.0283472133814856
KMT2A,TPR,0.03563524493474185
KMT2A,TPT1,-0.07283784110996307
KMT2A,TRADD,0.0285829409521213
KMT2A,TSPYL2,0.03060086154768555
KMT2A,UBA52,-0.059387536948909025
KMT2A,UQCRB,-0.04440901014080245
KMT2A,UTRN,0.0455154640482661
KMT2A,VPS13B,0.0310238804527162
KMT2A,VPS13C,0.0442112184002402
KMT2A,WNK1,0.037070200566455304
KMT2A,WWP1,0.03089916318408045
KMT2A,XRN1,0.0349990260350801
KMT2A,ZC3H13,0.03823456063768875
KMT2A,ZNF292,0.03281638756064795
KMT2B,B2M,-0.04684906225641533
KMT2B,EEF1A1,-0.040898744694457353
KMT2B,PTMA,-0.03413064456671145
KMT2B,RPL10A,-0.03323465746036425
KMT2B,RPL11,-0.048267915292965896
KMT2B,RPL12,-0.0416229587692317
KMT2B,RPL13,-0.04647016600915145
KMT2B,RPL18A,-0.044854019850041754
KMT2B,RPL19,-0.041516089183483304
KMT2B,RPL21,-0.0432764191975068
KMT2B,RPL23A,-0.0376711327521929
KMT2B,RPL26,-0.04314560723622375
KMT2B,RPL28,-0.04121209626256795
KMT2B,RPL30,-0.0429218290147309
KMT2B,RPL32,-0.0510580248147266
KMT2B,RPL35,-0.033814413809309996
KMT2B,RPL35A,-0.0451661754422403
KMT2B,RPL36,-0.037247570275086
KMT2B,RPLP1,-0.038828345771543954
KMT2B,RPLP2,-0.041001851452569654
KMT2B,RPS12,-0.0423883224201329
KMT2B,RPS13,-0.0472718390187286
KMT2B,RPS14,-0.0503071759075848
KMT2B,RPS15,-0.046046614385127804
KMT2B,RPS15A,-0.04748560565594305
KMT2B,RPS18,-0.04522166941916875
KMT2B,RPS19,-0.04516100883406135
KMT2B,RPS23,-0.04518140977906105
KMT2B,RPS25,-0.043464468066509
KMT2B,RPS27,-0.05038640984938255
KMT2B,RPS27A,-0.0514918357578864
KMT2B,RPS28,-0.04605563455893355
KMT2B,RPS3,-0.04232438294851225
KMT2B,RPS3A,-0.04257104925674155
KMT2B,RPS6,-0.04091904963474505
KMT2B,RPS8,-0.0415949980280865
KMT2B,RPS9,-0.0318136445389016
KMT2B,TMSB10,-0.03914100239751255
LCOR,ACTB,-0.06415284086447505
LCOR,AHNAK,0.03553131243180345
LCOR,ATP5F1E,-0.05500187508117755
LCOR,ATP5MC2,-0.0414904335823347
LCOR,C12orf57,-0.039932354628008454
LCOR,COMMD6,-0.04071409532716377
LCOR,COX4I1,-0.04769275704322065
LCOR,COX7C,-0.0516902879707073
LCOR,EEF1A1,-0.07302795958362254
LCOR,EEF1B2,-0.06323226088903015
LCOR,EEF1D,-0.048450816760252625
LCOR,EEF1G,-0.037962842730509094
LCOR,EIF1,-0.04367836878336895
LCOR,FAU,-0.07038466590489173
LCOR,FTH1,-0.04512606840527675
LCOR,FTL,-0.04630168456553537
LCOR,HLA-B,-0.0517381328243319
LCOR,LTB,-0.04250131266547991
LCOR,MYL12A,-0.046257671906859
LCOR,PCM1,0.03112628004464345
LCOR,PFDN5,-0.04995246127268145
LCOR,PFN1,-0.050257729413292054
LCOR,PTMA,-0.0562701438731864
LCOR,RPL10A,-0.059009999149392374
LCOR,RPL12,-0.07690388283358665
LCOR,RPL13,-0.08113841374841407
LCOR,RPL13A,-0.06683416615695083
LCOR,RPL14,-0.06617505039947219
LCOR,RPL15,-0.05739018481470025
LCOR,RPL17,-0.06604232643262843
LCOR,RPL18,-0.06936997202332659
LCOR,RPL19,-0.07814928670268975
LCOR,RPL22,-0.0612141134430069
LCOR,RPL24,-0.06364324149196669
LCOR,RPL26,-0.07813377698828686
LCOR,RPL27,-0.044774594243087905
LCOR,RPL27A,-0.056643248101405336
LCOR,RPL28,-0.07866623522210522
LCOR,RPL29,-0.07940331338457544
LCOR,RPL3,-0.06291870223957707
LCOR,RPL31,-0.059499716696584125
LCOR,RPL35,-0.06122758154762905
LCOR,RPL36,-0.07590500421535296
LCOR,RPL36A,-0.06054152473425975
LCOR,RPL37,-0.08323070856977223
LCOR,RPL37A,-0.05301943990390477
LCOR,RPL38,-0.050648861547459054
LCOR,RPL4,-0.0385996140856803
LCOR,RPL41,-0.08632417243189408
LCOR,RPL5,-0.07098029952956657
LCOR,RPL6,-0.06851173323156128
LCOR,RPL7,-0.0624497231249271
LCOR,RPL7A,-0.07117522574109446
LCOR,RPL8,-0.06599231929366695
LCOR,RPL9,-0.0568467979403052
LCOR,RPLP0,-0.05798028330661126
LCOR,RPLP1,-0.07420869275884096
LCOR,RPS10,-0.05231220239595134
LCOR,RPS11,-0.039585686747957705
LCOR,RPS12,-0.07963840743041788
LCOR,RPS13,-0.07817607154611275
LCOR,RPS14,-0.08422023338513782
LCOR,RPS15,-0.08423390994196955
LCOR,RPS15A,-0.0870500109008072
LCOR,RPS16,-0.052233085927792855
LCOR,RPS18,-0.0771222100538321
LCOR,RPS19,-0.0799910771118932
LCOR,RPS20,-0.04836916180160323
LCOR,RPS25,-0.07652846595104122
LCOR,RPS27,-0.09000244931652475
LCOR,RPS27A,-0.08715276132402372
LCOR,RPS28,-0.08787167981734442
LCOR,RPS29,-0.07041598634298488
LCOR,RPS3,-0.07650619898262095
LCOR,RPS3A,-0.07235117208004369
LCOR,RPS4X,-0.07400344178775595
LCOR,RPS5,-0.0620959612267305
LCOR,RPS7,-0.07091043411863565
LCOR,RPSA,-0.05850613627019591
LCOR,SRRM2,0.0336407382040413
LCOR,TMSB10,-0.0779287644762137
LCOR,TOMM7,-0.04352564944615756
LCOR,TPT1,-0.0626958273613866
LCOR,UBA52,-0.0500554858356943
LCOR,UTRN,0.0349806647729164
LCOR,VPS13C,0.030575276855646
LCORL,B2M,-0.06959871055178561
LCORL,EEF1A1,-0.06268349992567625
LCORL,FTH1,-0.03369942446482525
LCORL,PTMA,-0.0409485547643518
LCORL,RPL10A,-0.04239481737333135
LCORL,RPL11,-0.053962330341369664
LCORL,RPL12,-0.05003413252034824
LCORL,RPL13,-0.05214048009917277
LCORL,RPL15,-0.04517667745706405
LCORL,RPL18,-0.0558139688728998
LCORL,RPL19,-0.060681951125529
LCORL,RPL23A,-0.0518366617711499
LCORL,RPL28,-0.066328229827182
LCORL,RPL3,-0.04758960832608225
LCORL,RPL30,-0.0639738435699418
LCORL,RPL31,-0.04191419454026625
LCORL,RPL35,-0.0457483025464461
LCORL,RPL35A,-0.049960267568678135
LCORL,RPL36,-0.05130495783842643
LCORL,RPL37,-0.0553533180408895
LCORL,RPL6,-0.0543070667573583
LCORL,RPL8,-0.05256005874086165
LCORL,RPLP0,-0.0464554528559235
LCORL,RPLP2,-0.05259619643209505
LCORL,RPS12,-0.064236592150196
LCORL,RPS15,-0.05501362923799933
LCORL,RPS15A,-0.05616056605659477
LCORL,RPS18,-0.060932464867891306
LCORL,RPS19,-0.053487317805109236
LCORL,RPS2,-0.05224117765549825
LCORL,RPS21,-0.05380461330717336
LCORL,RPS25,-0.05072816938684823
LCORL,RPS27A,-0.05773606548901847
LCORL,RPS3,-0.05171918196224531
LCORL,RPS3A,-0.049664369978874454
LCORL,RPS4X,-0.053306884503188046
LCORL,RPS6,-0.0500993826474166
LCORL,RPS7,-0.0594656359967714
LCORL,RPS8,-0.04852836466209396
LCORL,RPS9,-0.0397806847619097
LCORL,TMSB10,-0.04976209635145834
LEF1,AAK1,0.051703002741998266
LEF1,ABLIM1,0.09503115822896402
LEF1,ACTB,-0.0961999713606095
LEF1,ACTG1,-0.07591940641664019
LEF1,ADD3,0.047340761229713424
LEF1,ADTRP,0.09020016373673827
LEF1,AFDN,-0.0680486420728167
LEF1,AHNAK,-0.2442327198876747
LEF1,ALKBH7,0.04624991197944408
LEF1,ANAPC16,0.043707685963044404
LEF1,ANP32B,0.05033125980989998
LEF1,ANTXR2,-0.06803185624498775
LEF1,ANXA2,-0.12628970478101717
LEF1,ANXA2R,0.035581952434689
LEF1,APEX1,0.045341562419942
LEF1,APOBEC3C,-0.06272500474029069
LEF1,AQP3,-0.0802867908011543
LEF1,ARF1,-0.0707000940434513
LEF1,ARHGAP45,0.048555171060151
LEF1,ARHGDIA,-0.07775832926685465
LEF1,ARHGEF1,0.04000631940688795
LEF1,ARMH1,0.04710609485633693
LEF1,ARRDC3,0.0382234307121905
LEF1,ATM,0.09727205039481557
LEF1,ATP10A,0.05624857211684045
LEF1,ATP2B1,-0.0796201298994714
LEF1,ATP2B4,-0.0976831943854218
LEF1,ATP5PO,0.0507992143954148
LEF1,ATP6V0B,-0.05350466504640295
LEF1,ATXN1,-0.08069634238884696
LEF1,B2M,-0.1269959529919323
LEF1,BBC3,0.04824732794499555
LEF1,BEX3,0.055936763545503004
LEF1,BHLHE40,-0.1548246239106849
LEF1,BNIP3,0.0370189298887846
LEF1,BNIP3L,0.04734594377700025
LEF1,C12orf57,0.0761332484577765
LEF1,CALM1,-0.11822058757193385
LEF1,CALM3,0.05027245466060695
LEF1,CAPG,-0.1105810374929295
LEF1,CAPN2,-0.10950166454410454
LEF1,CAST,-0.10953491952335599
LEF1,CCDC107,-0.09055384904820245
LEF1,CCDC167,-0.06709674703873811
LEF1,CCND3,0.05488988648369083
LEF1,CCNI,0.037393952685643446
LEF1,CCT2,0.03076401824598935
LEF1,CCT3,0.0325694858461773
LEF1,CCT4,0.0357675086373273
LEF1,CD226,-0.060675501420642444
LEF1,CD247,0.05598435492286333
LEF1,CD52,-0.10375897552216602
LEF1,CD55,0.0827233735366041
LEF1,CD58,-0.1211045972703094
LEF1,CD63,-0.1047934730948549
LEF1,CDC42EP3,-0.11021271251452924
LEF1,CDC42SE1,0.043532453072456
LEF1,CDK6,0.0340649724114435
LEF1,CFL1,-0.12457148716326841
LEF1,CHCHD2,-0.05246690180177255
LEF1,CHD2,0.04225395126698435
LEF1,CHD3,0.046216040254703
LEF1,CKLF,-0.09504031087603701
LEF1,CLIC1,-0.19298022700729633
LEF1,CLNS1A,0.031731312197456
LEF1,COL18A1,0.08424566427842814
LEF1,COTL1,-0.1671375476703983
LEF1,CSDE1,0.034373130078399046
LEF1,CSRNP1,-0.0873247391802154
LEF1,CTSA,-0.07917221159364249
LEF1,CTSC,-0.07521571579569655
LEF1,CTSH,-0.09494715049953505
LEF1,CYB561,-0.11709125847879355
LEF1,CYTH1,0.04224519347072675
LEF1,DDX17,0.06114919941435117
LEF1,DDX39B,0.044899719487490934
LEF1,DDX5,0.06885231247732868
LEF1,DGKA,0.053729317734462975
LEF1,DHRS3,0.03475824884183885
LEF1,DPEP2,0.036044256991886264
LEF1,DUSP1,-0.09618696364073763
LEF1,EEF2,0.05904306567807847
LEF1,EIF1,-0.038369958077571466
LEF1,EIF2A,0.033799840672909254
LEF1,EIF2S3,0.06096812251512407
LEF1,EIF3D,0.0329097555955012
LEF1,EIF3E,0.0924919026043043
LEF1,EIF3F,0.0372657719223629
LEF1,EIF3H,0.060621056387237034
LEF1,EIF4A2,0.03522811786939687
LEF1,EIF4B,0.062126447932287346
LEF1,EMP3,-0.1290000995372732
LEF1,EPB41,0.059489579725077034
LEF1,EPHX2,0.0775084953972721
LEF1,EZR,-0.1219125910220348
LEF1,FAM13A,0.050359585254712826
LEF1,FAM153A,0.050921829918169556
LEF1,FBL,0.051603262938547945
LEF1,FKBP2,-0.04577340415537605
LEF1,FKBP5,0.045159123416906734
LEF1,FOS,-0.07540157483730703
LEF1,FOXP1,0.11366484833723063
LEF1,FRMD4B,-0.06456511082392645
LEF1,FTH1,-0.08965374241853602
LEF1,FUS,0.04709286526279365
LEF1,FXYD1,-0.06969644608518505
LEF1,FXYD5,-0.1066922277007199
LEF1,GAB3,-0.062204488407408054
LEF1,GAPDH,-0.11451357844746603
LEF1,GDI2,0.028627440981265552
LEF1,GIMAP5,0.049880181708357424
LEF1,GLG1,0.0391893223593201
LEF1,GLIPR2,-0.10495241723400585
LEF1,GPR65,-0.080435905063366
LEF1,GUK1,-0.08764746742286231
LEF1,HADHA,0.029549345256334403
LEF1,HERPUD1,-0.07060577914816239
LEF1,HIVEP1,0.040406478156278555
LEF1,HLA-B,-0.0635146521415999
LEF1,HLA-E,0.0396152772526754
LEF1,HMGN2,0.047809923072547396
LEF1,HNRNPA2B1,0.0538357807880122
LEF1,HNRNPDL,0.057357327507842046
LEF1,HNRNPH3,0.02982955019803135
LEF1,HNRNPK,0.0326586239400636
LEF1,HNRNPLL,-0.11234813266229315
LEF1,HSP90AA1,-0.0949028747986729
LEF1,HSP90AB1,0.03559664490828725
LEF1,HSPA8,0.03479168474592095
LEF1,HSPB1,0.047529618454579405
LEF1,HSPD1,0.036323982673080846
LEF1,IER5,-0.0921991107413908
LEF1,IGBP1,0.0306841716677523
LEF1,IGF1R,0.07962827473262221
LEF1,IKZF1,0.07357715261280114
LEF1,IL4R,0.046062961129200955
LEF1,IL6ST,0.1044019390357509
LEF1,IL7R,-0.050133816653636254
LEF1,IQGAP2,-0.07043763355564325
LEF1,JPT1,-0.08319058598706655
LEF1,JUN,-0.0487523382718702
LEF1,JUND,-0.05976371459562355
LEF1,KLF10,-0.07465136580334986
LEF1,KLF6,-0.20213452461471465
LEF1,KLHDC3,0.03560640567126965
LEF1,KLRG1,-0.10203782043824644
LEF1,LDHB,0.06824965538542001
LEF1,LDLRAP1,0.07598020104020306
LEF1,LEPROTL1,0.06828202225267146
LEF1,LGALS3,-0.1197144960653503
LEF1,LIMS1,-0.08031506663499374
LEF1,LINS1,0.048778383274311166
LEF1,LMNA,-0.18062720345592734
LEF1,LMO7,0.06106482542233315
LEF1,LRRN3,0.11361728319993543
LEF1,LSM14A,0.031335825947302
LEF1,LSM5,0.0403260562757643
LEF1,LUC7L3,0.05757621261321115
LEF1,MAF1,0.027870366427269047
LEF1,MAML2,0.09029203185827808
LEF1,MAP4,-0.07327788708717305
LEF1,MARCKSL1,0.05023537276167405
LEF1,MBNL1,0.09338859922862434
LEF1,MCUB,0.05309492181461252
LEF1,MEF2A,0.04256815471674125
LEF1,MGST3,-0.06500618639976505
LEF1,MYC,0.06317527759208393
LEF1,MYL12A,-0.04860461762982846
LEF1,MYL6,-0.123780888305167
LEF1,NACA,0.11580038310703865
LEF1,NBEAL2,-0.07869901693517505
LEF1,NECAP2,0.0316857410058632
LEF1,NFKBIA,-0.11005250557255636
LEF1,NIBAN1,-0.15794431086864855
LEF1,NME2,-0.0564862847924706
LEF1,NOG,0.1285050282812443
LEF1,NOP53,0.07222464125576131
LEF1,NOSIP,0.084799606060149
LEF1,NPAT,0.03789330842521744
LEF1,NPM1,0.11274071939198944
LEF1,NSA2,0.0607207921526179
LEF1,OPTN,-0.08923014225114359
LEF1,OSBPL3,-0.060125235279669
LEF1,P4HB,-0.0860055101761406
LEF1,PABPC4,0.02828511443176695
LEF1,PARP8,-0.06814401594557605
LEF1,PAXX,-0.08730728814077754
LEF1,PCBP2,0.04438805942841895
LEF1,PCED1B,0.08686918745414943
LEF1,PDIA3,-0.06604003615484741
LEF1,PDIA6,-0.08558616375257175
LEF1,PDK1,0.07654717294579033
LEF1,PHACTR2,-0.08861921594786909
LEF1,PHF3,0.0361309503932903
LEF1,PHPT1,-0.0555417755071465
LEF1,PHTF2,-0.07199739102353615
LEF1,PIEZO1,-0.08243452635080575
LEF1,PIK3CD,0.07388911690493916
LEF1,PIM1,0.04988605137848243
LEF1,PITPNC1,0.0563603331806041
LEF1,PITPNM2,0.0466966647617549
LEF1,PLCL1,0.10370694518503935
LEF1,PLEKHA5,-0.06359046656633485
LEF1,PLXDC1,0.05264127456458645
LEF1,PNISR,0.05685712960697597
LEF1,POLR2L,-0.043848640816013904
LEF1,PPA1,0.03089752664615895
LEF1,PPDPF,-0.0443382819327251
LEF1,PPIB,-0.1110346895991899
LEF1,PPP1CA,-0.0862655879320138
LEF1,PPP1R14B,-0.06327102661723874
LEF1,PPP1R15A,-0.11124125537575044
LEF1,PPP2R5C,-0.07621705511511025
LEF1,PPP3CA,-0.056569737795996805
LEF1,PRDM1,-0.12007375568968404
LEF1,PRDX1,-0.0745982481753784
LEF1,PRDX6,0.039347314639287465
LEF1,PREX1,-0.12448173484847645
LEF1,PRKACB,0.04976026061441627
LEF1,PRMT2,0.08690842757684747
LEF1,PSIP1,0.043159834156648424
LEF1,PSMB9,-0.06530148313076065
LEF1,RAB3GAP1,0.04278080936354675
LEF1,RAPGEF6,0.0794551924435179
LEF1,RASA3,0.04898682595539313
LEF1,RASGRP2,0.0480896035245918
LEF1,RBM26,0.043501689057747595
LEF1,RBMS1,0.035036494051485026
LEF1,RBMX,0.03100037799142505
LEF1,RCAN3,0.06409764662240787
LEF1,REXO2,0.02875911718770465
LEF1,RHOC,-0.0971970258322924
LEF1,RHOH,0.0421995251952468
LEF1,RNASEK,-0.06790130832782185
LEF1,RNF138,0.050397371496723166
LEF1,RNF157,0.044168501433881596
LEF1,RNF19A,-0.07019537008270704
LEF1,RORA,-0.10178286539657255
LEF1,RPIA,0.0369597113051191
LEF1,RPL4,0.08316799505516075
LEF1,RPL5,0.09525202287166634
LEF1,RPLP0,-0.033939096997106
LEF1,RPS3A,0.14860677532760214
LEF1,RPS6KA3,-0.05668982179342735
LEF1,S100A4,-0.22116858484756632
LEF1,SAP30,-0.05710238682212175
LEF1,SEC61B,-0.11540883143542455
LEF1,SEC61G,-0.0689642251346502
LEF1,SELENOH,0.05222326607030235
LEF1,SERF2,-0.04284583066495217
LEF1,SERP1,0.0373987920677447
LEF1,SH2D2A,-0.09563664822637319
LEF1,SH3BGRL3,-0.15662244849648788
LEF1,SH3YL1,0.04357986379635953
LEF1,SLC12A6,0.06417386806689475
LEF1,SLC25A3,0.0334612630424988
LEF1,SLC25A45,0.0409961701693953
LEF1,SMAD3,-0.06650560051706444
LEF1,SMAP2,0.0663019038056811
LEF1,SNRNP70,0.033382236925311504
LEF1,SNX9,0.061724637688845396
LEF1,SPTBN1,0.03744026637895223
LEF1,SREBF1,0.054141898269308555
LEF1,SRGN,-0.16508602554703294
LEF1,SRSF11,0.0420273530993317
LEF1,SRSF5,0.052056065893321124
LEF1,SSBP2,0.0548270666160184
LEF1,SSR3,-0.06085242143633425
LEF1,STK17B,0.0403911670105431
LEF1,STMN1,0.05717294073221657
LEF1,STMN3,0.0291170740585326
LEF1,STOM,-0.13693401554044146
LEF1,STX16,0.04271855508134795
LEF1,SYT11,-0.0777681648942228
LEF1,TAGLN2,-0.10259532984077005
LEF1,TATDN1,0.0382288741079765
LEF1,TBCB,-0.07521806469754774
LEF1,TBL1X,0.03699851114431785
LEF1,TBXAS1,-0.062236354488301296
LEF1,TCF7,0.11544830204729417
LEF1,TCP11L2,0.0451511358570496
LEF1,TENT5C,-0.12143421816977165
LEF1,TGOLN2,0.0348252999138354
LEF1,TIMP1,-0.14187915254479966
LEF1,TIPARP,-0.06718726871961485
LEF1,TMPO,0.0377123136077945
LEF1,TNFAIP3,-0.0955097118185125
LEF1,TNRC6B,0.03747780764820835
LEF1,TPM4,-0.08654879801052565
LEF1,TPP2,0.038709909234451
LEF1,TPR,0.0339493394441207
LEF1,TRIM44,0.0391393053184524
LEF1,TSHZ2,0.08319879696933126
LEF1,TTC3,0.0388492593070121
LEF1,TTC39C,-0.062159579634328305
LEF1,TUBA1C,-0.09027704051688581
LEF1,TUBB4B,-0.07822340844521805
LEF1,TUT4,0.03375492411473885
LEF1,TXN,-0.12160761344924
LEF1,TXNIP,0.06863424939959115
LEF1,UBB,-0.06432667501754255
LEF1,UBC,-0.1154169035554663
LEF1,UBE2E2,0.0636773201315253
LEF1,UBQLN2,0.04514835725711845
LEF1,UBXN11,-0.049895495332360845
LEF1,UCP2,0.057727314199388
LEF1,UPP1,0.03524928809876903
LEF1,USP15,0.042685942829342995
LEF1,UXT,0.05575336500109079
LEF1,VAMP8,-0.05812057303382735
LEF1,VCL,-0.07456929956796984
LEF1,VIM,-0.1468559750136338
LEF1,WASF2,0.035097684328428996
LEF1,XRN2,0.03115303088321475
LEF1,YWHAH,-0.10956960804235515
LEF1,YWHAQ,-0.1069300760158623
LEF1,YWHAZ,-0.0642980615001014
LEF1,ZFP36L2,-0.05798918994785355
LEF1,ZNF609,0.04658145716070765
LEF1,ZNF721,0.0337141265211203
LEF1,ZRANB2,0.044391899014751664
LEF1,ZYX,-0.0719506233921057
MAF,ADGRE5,0.03621362736099775
MAF,AKAP13,0.0411483509583724
MAF,ARAP2,0.04615183131437753
MAF,BSG,0.035517789959767794
MAF,CAST,0.05128831036271937
MAF,CD226,0.0385157028988162
MAF,CTSB,0.046874985582948
MAF,CYB561,0.0516284709420629
MAF,DIAPH1,0.0374828074163379
MAF,INPP4B,0.0399013843383393
MAF,LAG3,0.054890660568853465
MAF,LEPROTL1,-0.0664635984574246
MAF,LGALS3,0.06260948947640432
MAF,LIMS1,0.10803724450519117
MAF,MPRIP,0.0378179544075335
MAF,MYO5A,0.05297143470907665
MAF,PAM,0.041093428587469547
MAF,PDE4D,0.036967142553318
MAF,PPP1R12A,0.03487442648897825
MAF,PRDM1,0.08072954791297593
MAF,RALGDS,0.04816584132290675
MAF,RPL3,-0.10803223163209932
MAF,RPS15A,-0.11915431884643801
MAF,SH2D2A,0.048428977092865595
MAF,TBK1,0.0429590039290827
MAF,TCF7,-0.0889540887482877
MAF,TPST2,0.0396416746957818
MAFF,RPS28,-0.03814900635973335
MAX,ALKBH7,0.028433494452206352
MAX,ARL6IP5,0.032864824381483346
MAX,ARPC4,0.02948795655172575
MAX,ATP5F1E,-0.037614019140378346
MAX,B2M,-0.104244149561547
MAX,BIN1,0.0321519973783072
MAX,C1QBP,0.030331300192539698
MAX,C9orf78,0.02806979362720615
MAX,CALR,0.0301777756105876
MAX,CCND3,0.0305113059953557
MAX,CCT3,0.031337250588398646
MAX,CD247,0.0337832184373768
MAX,CD52,-0.042613283727314176
MAX,CD74,0.0302620052344807
MAX,CDC37,0.030137277014532553
MAX,CFLAR,0.029631570735628
MAX,CNN2,0.0285325454598634
MAX,COMMD6,-0.028595235139532903
MAX,COTL1,0.02922670636770225
MAX,COX7C,-0.0342910645163437
MAX,DDX39B,0.033556978959071254
MAX,EEF1A1,-0.06496678990831127
MAX,EEF1B2,-0.03187907052787945
MAX,EEF1D,-0.035593303352798665
MAX,EIF1,-0.03427630590575487
MAX,EIF2A,0.030022973489722903
MAX,EIF3A,0.02896485318230315
MAX,ENO1,0.036480047527051
MAX,EZR,0.0312564888559816
MAX,FAU,-0.06980135933501157
MAX,FTH1,-0.0375825294037802
MAX,FTL,-0.037600398549312165
MAX,GBP2,0.033674714030373545
MAX,GPX1,0.032671514265708954
MAX,HCLS1,0.0316478356006983
MAX,HNRNPUL1,0.0295803721139879
MAX,ILF3,0.028210735573771198
MAX,ITGA4,0.0284671504526042
MAX,JAK1,0.03088580926994635
MAX,KARS1,0.031858932454043004
MAX,LBH,0.028779228097181198
MAX,LCP1,0.03017060958842655
MAX,LDHA,0.0343345993067401
MAX,MT-CO2,-0.05364971250221649
MAX,MTPN,0.029664196442233996
MAX,NACA,-0.0424133364490065
MAX,NDFIP1,0.0291908305964486
MAX,NSD3,0.030470974429696
MAX,OPTN,0.03204261597527405
MAX,OXA1L,0.0321454458304963
MAX,PBXIP1,0.03391451932714285
MAX,PDIA3,0.03370891505478705
MAX,PFDN5,-0.049727609424147834
MAX,PKM,0.0346788702651942
MAX,PNN,0.02784212050513385
MAX,PPA1,0.0319592304610382
MAX,PPM1G,0.0318003247029212
MAX,PPP1CA,0.032551778247132554
MAX,PSAP,0.03251983794925045
MAX,PTMA,-0.0654051968245583
MAX,RAC2,0.03127798189195155
MAX,RACK1,-0.03898734247644755
MAX,RHOA,0.03271603775636025
MAX,RPL10,-0.0963083028593781
MAX,RPL10A,-0.05895661568371607
MAX,RPL11,-0.09065667947803487
MAX,RPL12,-0.0814785456154372
MAX,RPL13,-0.09240540445150713
MAX,RPL13A,-0.08302745663901094
MAX,RPL14,-0.06517741756606954
MAX,RPL15,-0.06016652604044437
MAX,RPL17,-0.0804536455898065
MAX,RPL18,-0.06546980675510787
MAX,RPL18A,-0.08672155462796231
MAX,RPL19,-0.07509953544375053
MAX,RPL21,-0.08733168406447916
MAX,RPL22,-0.057316540433280494
MAX,RPL23A,-0.0801380115126036
MAX,RPL24,-0.05115696872952707
MAX,RPL26,-0.08359814068947886
MAX,RPL27,-0.0540810501910016
MAX,RPL27A,-0.0934181427911598
MAX,RPL28,-0.08742059924986197
MAX,RPL29,-0.05976632901006454
MAX,RPL3,-0.0694162885395026
MAX,RPL30,-0.077700720847229
MAX,RPL31,-0.073503915193256
MAX,RPL32,-0.09731166681662473
MAX,RPL34,-0.10445280167289243
MAX,RPL35,-0.07463708973675257
MAX,RPL35A,-0.08539923299845009
MAX,RPL36,-0.08901876116594587
MAX,RPL36A,-0.06453780761022916
MAX,RPL37,-0.07409908611854006
MAX,RPL37A,-0.06911904756893303
MAX,RPL38,-0.06377809191702373
MAX,RPL39,-0.10166425390997791
MAX,RPL41,-0.09790082556317703
MAX,RPL5,-0.0571985672166378
MAX,RPL6,-0.06523093971954759
MAX,RPL7,-0.0801531607200492
MAX,RPL7A,-0.0547863164495751
MAX,RPL8,-0.05750997709188423
MAX,RPL9,-0.061035078213455274
MAX,RPLP0,-0.04579066088677465
MAX,RPLP1,-0.0800610076787181
MAX,RPLP2,-0.08940163548002962
MAX,RPS12,-0.08647144567824537
MAX,RPS13,-0.0760726737462608
MAX,RPS14,-0.09226791309437758
MAX,RPS15,-0.09270061488286363
MAX,RPS15A,-0.09771166529035841
MAX,RPS16,-0.06363993549568829
MAX,RPS18,-0.0924874618696963
MAX,RPS19,-0.09758260699357084
MAX,RPS2,-0.0702424836001706
MAX,RPS20,-0.05785577991441133
MAX,RPS21,-0.07031955586542386
MAX,RPS23,-0.07987661647365833
MAX,RPS24,-0.056209244069759495
MAX,RPS25,-0.08573843014817926
MAX,RPS26,-0.034419459614192065
MAX,RPS27,-0.10417396164993853
MAX,RPS27A,-0.09770080361758589
MAX,RPS28,-0.09809130403140076
MAX,RPS29,-0.09153718256208322
MAX,RPS3,-0.07712782917401187
MAX,RPS3A,-0.07178413100087944
MAX,RPS4X,-0.07226597947184807
MAX,RPS5,-0.05633005804742164
MAX,RPS6,-0.07827505522943894
MAX,RPS7,-0.06352141373893504
MAX,RPS8,-0.08125434792749799
MAX,RPS9,-0.055386205717892704
MAX,RPSA,-0.049220615807016505
MAX,RSRC2,0.028601828066337598
MAX,S100A4,-0.0473907374564812
MAX,SERBP1,0.03115713729111455
MAX,SERF2,-0.0345981261330852
MAX,SF3B2,0.02910485870049755
MAX,SH3KBP1,0.0296884519730578
MAX,SNRPB,0.030872238045033848
MAX,SYNE2,0.02897623005893045
MAX,TAGLN2,0.03790280339171425
MAX,TAPBP,0.0300673444577692
MAX,TMA7,-0.035557674932115306
MAX,TMSB10,-0.0799313675659661
MAX,TMSB4X,-0.09405459180830163
MAX,TNFAIP8,0.0293811447387264
MAX,TNFRSF14,0.03094763860826595
MAX,TOMM7,-0.043374250795087055
MAX,TPM3,0.0297870329099835
MAX,TPR,0.032068450309441304
MAX,TPT1,-0.057906894202874454
MAX,TRADD,0.03165393677085785
MAX,TUBB,0.0315498137001648
MAX,UBA52,-0.054965197759217904
MAX,VPS28,0.0285207010927791
MAX,VSIR,0.030705136502607
MAX,XRN2,0.030905313028057848
MAZ,AHNAK,0.034838108176525835
MAZ,ARPC1B,0.04450518550175345
MAZ,BTG1,-0.031577528904372
MAZ,CALR,0.029100464223656752
MAZ,COTL1,0.0488642129384087
MAZ,CRIP1,0.0473779699411348
MAZ,DYNLL1,0.04589121041520225
MAZ,EEF1A1,-0.06331251281011353
MAZ,EEF1B2,-0.0469910154497696
MAZ,EEF1D,-0.04119473153958395
MAZ,EIF1,-0.03561096253869035
MAZ,EMP3,0.04479240675476475
MAZ,FAM107B,0.038189047518442654
MAZ,FTL,-0.039019478374629296
MAZ,FYN,0.02870402102668035
MAZ,GNB1,0.04330801236312465
MAZ,GNB2,0.03688907719757575
MAZ,GRK6,0.05642985586852045
MAZ,H2AZ1,0.0383893131627783
MAZ,ID2,0.0435537719168243
MAZ,LCP1,0.03520825935692675
MAZ,LDHA,0.03177367930978345
MAZ,LRRFIP1,0.03202455459208575
MAZ,MT-ATP6,-0.0465864003569777
MAZ,PCBP1,0.08119472812200496
MAZ,PFDN5,-0.0429189926694807
MAZ,PRDX1,0.039750410553454296
MAZ,RAC2,0.029762855786628947
MAZ,RNPEPL1,0.0613173851870399
MAZ,RPL10A,-0.05717314847392287
MAZ,RPL13A,-0.0699898167352814
MAZ,RPL14,-0.05971076106641363
MAZ,RPL17,-0.07366633232552945
MAZ,RPL24,-0.04989132724501413
MAZ,RPL27,-0.05353127813632044
MAZ,RPL27A,-0.08343959125999245
MAZ,RPL3,-0.06798973758217726
MAZ,RPL31,-0.06870319233703599
MAZ,RPL35,-0.060161720689000435
MAZ,RPL7,-0.06619484021489207
MAZ,RPL9,-0.06116808136967491
MAZ,RPLP2,-0.07723025538598736
MAZ,RPS13,-0.07839542178351147
MAZ,RPS14,-0.08655611677749607
MAZ,RPS16,-0.05720781293314713
MAZ,RPS2,-0.0631613442436989
MAZ,RPS20,-0.0661631402447562
MAZ,RPS26,-0.0319307044442176
MAZ,RPS3,-0.07487517697366726
MAZ,RPS3A,-0.07369873077255316
MAZ,RPS6,-0.0749475811933234
MAZ,RPS9,-0.054956518573464265
MAZ,RPSA,-0.04828347953784895
MAZ,S100A10,0.042159685460103805
MAZ,S100A11,0.051098778803858796
MAZ,S100A4,0.037657461036625706
MAZ,SSBP4,0.0391102279876875
MAZ,SYNE2,0.03113717036650205
MAZ,TAGLN2,0.04056021907834677
MAZ,TOMM7,-0.04614540080230965
MAZ,TPT1,-0.0588326633016196
MAZ,TUBA4A,0.034462456374301204
MAZ,TUBB4B,0.046422079208286546
MAZ,UBA52,-0.050048960146554834
MBD1,B2M,-0.07176461056114886
MBD1,EEF1A1,-0.046305497984060875
MBD1,EIF1,-0.0442290148324078
MBD1,FAU,-0.04684630557550775
MBD1,PTMA,-0.04905517734528203
MBD1,RPL10A,-0.0398825422889557
MBD1,RPL12,-0.053588568791558926
MBD1,RPL13,-0.059969304418020154
MBD1,RPL14,-0.05128877492860163
MBD1,RPL15,-0.04190622467208855
MBD1,RPL17,-0.0506535122583203
MBD1,RPL18A,-0.05644997906235675
MBD1,RPL22,-0.049663307781804
MBD1,RPL23A,-0.05125090214022115
MBD1,RPL24,-0.04240225782795243
MBD1,RPL26,-0.05515348313806263
MBD1,RPL27,-0.04233158751800585
MBD1,RPL28,-0.05846124168117365
MBD1,RPL29,-0.05108863347513463
MBD1,RPL3,-0.04492334759039
MBD1,RPL30,-0.05242203407721005
MBD1,RPL31,-0.0487794254408101
MBD1,RPL32,-0.06222768042595597
MBD1,RPL34,-0.06610269336045238
MBD1,RPL35,-0.04835953555259792
MBD1,RPL36,-0.05592980027239
MBD1,RPL37,-0.059147468422641736
MBD1,RPL37A,-0.04907949009122623
MBD1,RPL41,-0.0625091982798358
MBD1,RPL5,-0.0414762231955259
MBD1,RPL6,-0.04318596406240405
MBD1,RPL7,-0.0510806386939774
MBD1,RPLP1,-0.053960445357583195
MBD1,RPLP2,-0.05698996735414692
MBD1,RPS12,-0.05536825133072688
MBD1,RPS13,-0.04919563271614627
MBD1,RPS14,-0.05860214737402129
MBD1,RPS15,-0.0596742688819128
MBD1,RPS15A,-0.06320725012149413
MBD1,RPS18,-0.060098848680607345
MBD1,RPS2,-0.04904418430757643
MBD1,RPS21,-0.05289258426332937
MBD1,RPS23,-0.05326005508098047
MBD1,RPS27,-0.06412186778733588
MBD1,RPS27A,-0.06099685421962478
MBD1,RPS28,-0.0603679980135984
MBD1,RPS29,-0.060150222582513964
MBD1,RPS3,-0.049805299802855627
MBD1,RPS3A,-0.04668445674721035
MBD1,RPS5,-0.0383932301412912
MBD1,RPS6,-0.05126832669963905
MBD1,RPS7,-0.04653016077408027
MBD1,RPS8,-0.0539738506817797
MBD1,RPS9,-0.03790801300152494
MBD1,TMSB10,-0.0547394878174723
MBD1,TPT1,-0.0480713635435464
MBD1,UBA52,-0.04342106434869706
MBD2,AHNAK,0.03758637100419603
MBD2,ANXA2,0.04710853715079196
MBD2,EEF1A1,-0.05459188124409393
MBD2,EEF1D,-0.036630271198238154
MBD2,EEF1G,-0.0402738652182165
MBD2,FAU,-0.047973930973901825
MBD2,FLNA,0.031765184202327
MBD2,JPT1,0.0333731499692797
MBD2,JUND,0.08784237000801096
MBD2,LGALS1,0.037019968074033134
MBD2,NACA,-0.04524697841466195
MBD2,NIBAN1,0.0369968292937735
MBD2,PFDN5,-0.03321717043920397
MBD2,PTMA,-0.04007884592145627
MBD2,RACK1,-0.041277085372918
MBD2,RPL10,-0.06586551776156553
MBD2,RPL10A,-0.0458731248787937
MBD2,RPL11,-0.0636366794487046
MBD2,RPL12,-0.053074296786296805
MBD2,RPL13,-0.061278856563239364
MBD2,RPL13A,-0.050379833722874405
MBD2,RPL14,-0.05745753765005825
MBD2,RPL15,-0.04628423045253777
MBD2,RPL17,-0.052315242698443495
MBD2,RPL18,-0.050400141619137064
MBD2,RPL18A,-0.05730737150434717
MBD2,RPL19,-0.05714244493373527
MBD2,RPL22,-0.054360793234402
MBD2,RPL23A,-0.04852700972207197
MBD2,RPL24,-0.047636235981821345
MBD2,RPL26,-0.0535459991156683
MBD2,RPL27A,-0.053323898816914
MBD2,RPL28,-0.04951484793010954
MBD2,RPL29,-0.0537910757277613
MBD2,RPL3,-0.05263604171399603
MBD2,RPL30,-0.05762539697711594
MBD2,RPL31,-0.0496707579109687
MBD2,RPL32,-0.06527773132178823
MBD2,RPL34,-0.06495175868823777
MBD2,RPL35,-0.0448144788066306
MBD2,RPL35A,-0.05992959032214581
MBD2,RPL36,-0.04835017680308113
MBD2,RPL37,-0.0525739133810479
MBD2,RPL41,-0.06132583388382776
MBD2,RPL5,-0.056933036336429405
MBD2,RPL6,-0.044702612321367435
MBD2,RPL7,-0.05101947299920943
MBD2,RPL7A,-0.048809317491305945
MBD2,RPL8,-0.04459385250337824
MBD2,RPL9,-0.044876720462160735
MBD2,RPLP1,-0.047757016893541566
MBD2,RPLP2,-0.055297872833645324
MBD2,RPS12,-0.05877315932377464
MBD2,RPS13,-0.06345615800499843
MBD2,RPS14,-0.06496553857329852
MBD2,RPS15,-0.05770231681546417
MBD2,RPS15A,-0.06267421792009407
MBD2,RPS16,-0.0519811298805163
MBD2,RPS18,-0.0540307589565193
MBD2,RPS19,-0.05440274506936113
MBD2,RPS2,-0.05012653272282006
MBD2,RPS20,-0.04155609990193075
MBD2,RPS21,-0.046598556485394196
MBD2,RPS23,-0.05817155638806093
MBD2,RPS24,-0.04981765971988665
MBD2,RPS25,-0.055487837193934235
MBD2,RPS27,-0.062129751022015435
MBD2,RPS27A,-0.06568780481647617
MBD2,RPS28,-0.05804809073652483
MBD2,RPS3,-0.05838447160524316
MBD2,RPS3A,-0.0610353098499976
MBD2,RPS4X,-0.054909439374201
MBD2,RPS5,-0.04997233084964703
MBD2,RPS6,-0.057082400734261435
MBD2,RPS7,-0.0471168839557052
MBD2,RPS8,-0.05626069288335184
MBD2,RPS9,-0.042618688561026664
MBD2,RPSA,-0.042187100252341
MBD2,S100A11,0.049402544972719266
MBD2,S100A4,0.0514092136810906
MBD2,SARAF,-0.04028048759173375
MBD2,TMSB10,-0.04203542166797777
MBD2,TPT1,-0.0424159581804889
MBD2,UBA52,-0.0433713113012882
MEF2A,ABLIM1,0.0360148513589928
MEF2A,ACTB,-0.052366219746388894
MEF2A,APBA2,0.03183174596857375
MEF2A,ATM,0.03914488884628297
MEF2A,BACH2,0.050098131937232254
MEF2A,CALM1,-0.04404126348589175
MEF2A,CAMK4,0.03886916859047135
MEF2A,CD52,-0.053745816828303865
MEF2A,CELF2,0.03154845593521795
MEF2A,CEMIP2,0.03181821949402715
MEF2A,CFL1,-0.046309428577473
MEF2A,CHD2,0.03073684240516565
MEF2A,CYTH1,0.032147534030625396
MEF2A,DDX17,0.0339107475846801
MEF2A,EEF1A1,-0.05834636645861053
MEF2A,EEF1D,-0.0435315958006719
MEF2A,EIF1,-0.054384566807814894
MEF2A,EPB41,0.0394079241518098
MEF2A,FAU,-0.05454209607771505
MEF2A,FTL,-0.04878327782154463
MEF2A,FXYD5,-0.049570136293012296
MEF2A,H3-3B,-0.04011237474919755
MEF2A,IL32,-0.050863633063391034
MEF2A,IL6ST,0.03904619632858723
MEF2A,ITGA4,0.03332264813575795
MEF2A,JUNB,-0.035381964229131896
MEF2A,LNPEP,0.0311698206511567
MEF2A,MAML2,0.03986489839967924
MEF2A,MBNL1,0.03562657793817615
MEF2A,MT-CO1,-0.0356269566921798
MEF2A,MT-CO2,-0.04147977018619873
MEF2A,MT-CYB,-0.0332339963972204
MEF2A,MT-ND6,0.03596971112777075
MEF2A,MYCBP2,0.0321177939646951
MEF2A,NIN,0.0326642657809802
MEF2A,NIPBL,0.03195437143752595
MEF2A,PFDN5,-0.055203099944536496
MEF2A,PTMA,-0.05353673559978525
MEF2A,RIPOR2,0.03943653862441846
MEF2A,RPL10A,-0.050614806929091004
MEF2A,RPL11,-0.06473438443653373
MEF2A,RPL12,-0.0665206319892622
MEF2A,RPL13,-0.07218167754893036
MEF2A,RPL14,-0.05847800304012383
MEF2A,RPL15,-0.053103018731783073
MEF2A,RPL17,-0.0647784107726513
MEF2A,RPL18,-0.05527487419993373
MEF2A,RPL19,-0.06391750774868574
MEF2A,RPL21,-0.0648361553537162
MEF2A,RPL23A,-0.058917973867018754
MEF2A,RPL26,-0.060876985884097776
MEF2A,RPL27,-0.0433941597851073
MEF2A,RPL27A,-0.047886185923188364
MEF2A,RPL3,-0.0573141422821285
MEF2A,RPL30,-0.05821354929012415
MEF2A,RPL31,-0.05369226189790583
MEF2A,RPL32,-0.07755040916357336
MEF2A,RPL34,-0.0831290386534686
MEF2A,RPL35,-0.05943437789237737
MEF2A,RPL35A,-0.06921059524058247
MEF2A,RPL36,-0.0627538362268577
MEF2A,RPL36A,-0.051561153445846226
MEF2A,RPL37,-0.07137845608146895
MEF2A,RPL37A,-0.05649075932208305
MEF2A,RPL38,-0.05251302087831615
MEF2A,RPL39,-0.07691238748281597
MEF2A,RPL41,-0.07116799238553678
MEF2A,RPL6,-0.0513709887322159
MEF2A,RPL7A,-0.0651823670821698
MEF2A,RPL8,-0.05819468738484557
MEF2A,RPLP0,-0.05809212570607065
MEF2A,RPLP1,-0.060680111811613674
MEF2A,RPLP2,-0.0646693205493516
MEF2A,RPS12,-0.06648459800663137
MEF2A,RPS13,-0.062461573890208365
MEF2A,RPS14,-0.07553885486011463
MEF2A,RPS15,-0.06931916162990835
MEF2A,RPS15A,-0.06613210027284643
MEF2A,RPS16,-0.05510797711840976
MEF2A,RPS18,-0.07409089201795017
MEF2A,RPS19,-0.06802463670792415
MEF2A,RPS2,-0.06281781695325127
MEF2A,RPS20,-0.037957579501499104
MEF2A,RPS21,-0.0655196718870028
MEF2A,RPS23,-0.06157509399192043
MEF2A,RPS25,-0.0678308119807426
MEF2A,RPS27,-0.0711628345056563
MEF2A,RPS27A,-0.06947149613215303
MEF2A,RPS28,-0.06678468039222622
MEF2A,RPS3,-0.0609964428043982
MEF2A,RPS3A,-0.05597038767189147
MEF2A,RPS5,-0.054981952068664255
MEF2A,RPS6,-0.06001874999928589
MEF2A,RPS7,-0.05696383447964365
MEF2A,RPS8,-0.0595970921368105
MEF2A,RPS9,-0.054735109837472096
MEF2A,SATB1,0.035622650612378765
MEF2A,SERF2,-0.04206754176726455
MEF2A,SPTBN1,0.0330046388380582
MEF2A,TMA7,-0.0405805410440254
MEF2A,TMSB10,-0.06698840615625173
MEF2A,TMSB4X,-0.07966890956957845
MEF2A,TTN,0.0317113771106447
MEF2A,TUT4,0.034863498125162595
MEF2A,UBA52,-0.053062327995269255
MEF2A,UBC,-0.0531883806947423
MEF2A,USP15,0.03372630012342265
MEF2A,UTRN,0.03949611326153725
MEF2C,CD74,0.036691742996642795
MEF2C,LAT2,0.0678738165865777
MEF2C,LYN,0.0664737029110457
MEF2C,RPL11,-0.04298237942610225
MEF2C,RPL12,-0.036427682157802246
MEF2C,RPL13,-0.0449366495830409
MEF2C,RPL23A,-0.045020352238436145
MEF2C,RPL27A,-0.04201256254052255
MEF2C,RPL35A,-0.039791161660552854
MEF2C,RPL36,-0.03893434910089725
MEF2C,RPL8,-0.029161425847292248
MEF2C,RPLP2,-0.0421039657205777
MEF2C,RPS12,-0.0379966580625262
MEF2C,RPS13,-0.0388409081373646
MEF2C,RPS20,-0.033201133824131604
MEF2C,RPS3,-0.03823762826917475
MEF2C,RPS6,-0.038846505313328256
MEF2C,RPS7,-0.02912910933992245
MEF2C,RPS8,-0.03341518490816285
MEF2C,TMSB4X,-0.04883236967083255
MEF2D,B2M,-0.06578986590722209
MEF2D,EEF1A1,-0.053542479751762295
MEF2D,EEF1B2,-0.04724975604452845
MEF2D,EEF1D,-0.03916590323273805
MEF2D,FAU,-0.05311551613127343
MEF2D,FTL,-0.035382060863337
MEF2D,NACA,-0.05773390231450015
MEF2D,PTMA,-0.04068270316937545
MEF2D,RACK1,-0.04591723884919785
MEF2D,RPL10,-0.06557374568638943
MEF2D,RPL10A,-0.04264111267571533
MEF2D,RPL11,-0.06520698164236013
MEF2D,RPL12,-0.057946539335204196
MEF2D,RPL13,-0.058860803381853566
MEF2D,RPL13A,-0.04296153032935035
MEF2D,RPL14,-0.0644792468962265
MEF2D,RPL15,-0.044130463852007
MEF2D,RPL17,-0.04625297363179695
MEF2D,RPL18,-0.05244722316121253
MEF2D,RPL19,-0.058321998909577004
MEF2D,RPL21,-0.05190706602507523
MEF2D,RPL22,-0.0606174656303862
MEF2D,RPL24,-0.049491262204217096
MEF2D,RPL26,-0.054493015005552536
MEF2D,RPL28,-0.0546461153292185
MEF2D,RPL29,-0.06447018097566459
MEF2D,RPL30,-0.0618601770862138
MEF2D,RPL31,-0.0431610777872418
MEF2D,RPL32,-0.0671754953606829
MEF2D,RPL34,-0.07145330393978129
MEF2D,RPL35A,-0.06210116297695206
MEF2D,RPL36,-0.05594522245571997
MEF2D,RPL36A,-0.0519097105375781
MEF2D,RPL37,-0.06576284420274381
MEF2D,RPL38,-0.0418833990483498
MEF2D,RPL39,-0.06784340949671043
MEF2D,RPL41,-0.06218828493565126
MEF2D,RPL5,-0.0631656389592075
MEF2D,RPL6,-0.05039188671096437
MEF2D,RPL7,-0.0459621100197301
MEF2D,RPL7A,-0.06116913830487519
MEF2D,RPL9,-0.0481944863487413
MEF2D,RPLP0,-0.0461294266906405
MEF2D,RPLP1,-0.049309112754424435
MEF2D,RPLP2,-0.0491458491081842
MEF2D,RPS12,-0.05966865629648737
MEF2D,RPS13,-0.063600953208916
MEF2D,RPS14,-0.06337371658110443
MEF2D,RPS15,-0.0630047989120285
MEF2D,RPS15A,-0.06436754982410693
MEF2D,RPS18,-0.051859933875545404
MEF2D,RPS19,-0.05690115815494993
MEF2D,RPS2,-0.04839316669107155
MEF2D,RPS21,-0.06875785164137416
MEF2D,RPS24,-0.06277687174198565
MEF2D,RPS25,-0.05409925904145666
MEF2D,RPS27,-0.0663632065834033
MEF2D,RPS27A,-0.066650164626364
MEF2D,RPS28,-0.06947665608328331
MEF2D,RPS29,-0.046876199442173604
MEF2D,RPS3,-0.05744487467937226
MEF2D,RPS3A,-0.055414101311531294
MEF2D,RPS4X,-0.05524898697539443
MEF2D,RPS6,-0.04807288888647593
MEF2D,RPS7,-0.06417499222455436
MEF2D,RPS8,-0.0595064753355804
MEF2D,RPS9,-0.0399330614326534
MEF2D,RPSA,-0.0449828604368792
MEF2D,TMSB4X,-0.056029516819362905
MEF2D,TOMM7,-0.038426112096473244
MEF2D,TPT1,-0.05308941272659565
MGA,ACTB,-0.04968569305338165
MGA,ATP5F1E,-0.04847889125983945
MGA,ATP5MC2,-0.0387839360489613
MGA,ATP5MG,-0.0390220434600895
MGA,B2M,-0.0976047349000473
MGA,BTF3,-0.047409727209384495
MGA,COMMD6,-0.04059929149941355
MGA,COX7C,-0.0470075780830506
MGA,EEF1A1,-0.07544037413214964
MGA,EEF1B2,-0.05722000772452675
MGA,EEF1D,-0.0466774215386119
MGA,FTL,-0.043503514622957866
MGA,HINT1,-0.0383616738430086
MGA,HLA-C,-0.043767703648837905
MGA,IFITM1,-0.0441695157911639
MGA,PFN1,-0.045893621831121306
MGA,PTMA,-0.06371304567452013
MGA,RACK1,-0.06812843043191515
MGA,RPL10,-0.0906068884068601
MGA,RPL10A,-0.06005096940939453
MGA,RPL12,-0.07839619031629123
MGA,RPL13,-0.0822935029447071
MGA,RPL14,-0.08946438695157699
MGA,RPL15,-0.05976649255146057
MGA,RPL17,-0.07389166152243509
MGA,RPL19,-0.07906288379562904
MGA,RPL22,-0.08126358371420835
MGA,RPL24,-0.07606844997533495
MGA,RPL26,-0.08055036447391896
MGA,RPL3,-0.06318212912755662
MGA,RPL30,-0.0823358338471116
MGA,RPL31,-0.0554766437375416
MGA,RPL32,-0.08916364510830517
MGA,RPL34,-0.09186918727504247
MGA,RPL35A,-0.08035470139296896
MGA,RPL36,-0.07404469387748801
MGA,RPL36A,-0.055150193126268295
MGA,RPL36AL,-0.042579336895436
MGA,RPL37,-0.0929841436205367
MGA,RPL38,-0.056799403350059
MGA,RPL39,-0.0835701113079141
MGA,RPL41,-0.08216695213172949
MGA,RPL5,-0.08180588261849485
MGA,RPL6,-0.06972652376109223
MGA,RPL7A,-0.08587622437055895
MGA,RPL8,-0.06867610905623127
MGA,RPL9,-0.0576168308270629
MGA,RPLP0,-0.0703426055723507
MGA,RPLP1,-0.07521494984963108
MGA,RPLP2,-0.0717205105241723
MGA,RPS12,-0.0802340954346672
MGA,RPS13,-0.07941401099591915
MGA,RPS14,-0.08394058594724858
MGA,RPS15,-0.08562434603375091
MGA,RPS2,-0.06927100006204674
MGA,RPS20,-0.04287711133084815
MGA,RPS23,-0.08115492644141536
MGA,RPS24,-0.0899851739510278
MGA,RPS25,-0.07784086938855576
MGA,RPS27A,-0.08967410598153926
MGA,RPS29,-0.06406850135586607
MGA,RPS3A,-0.07205042450858477
MGA,RPS5,-0.06169121620540607
MGA,RPS7,-0.0754325284087829
MGA,RPS8,-0.0779165464011867
MGA,RPS9,-0.05726244028729773
MGA,RPSA,-0.06996292545335064
MGA,SERF2,-0.044620908296140946
MGA,TMA7,-0.045157884602535156
MGA,TMSB10,-0.07915342425546953
MGA,TMSB4X,-0.08356989854227603
MGA,TOMM7,-0.04501717331499445
MGA,TPT1,-0.07967243073882316
MLX,B2M,-0.06774698226238413
MLX,BTG1,-0.0511234037556771
MLX,COX7C,-0.0323533501890037
MLX,EEF1A1,-0.051435552844333224
MLX,EIF1,-0.0434106261195555
MLX,FTH1,-0.053474425509404594
MLX,FTL,-0.0329615683169704
MLX,H3-3B,-0.04326870428010985
MLX,MT-ATP6,-0.03892235706861255
MLX,MT-CO2,-0.04192891804906617
MLX,MT-CO3,-0.039213892779492304
MLX,PFDN5,-0.040640612534056764
MLX,PTMA,-0.05405453702303515
MLX,RPL10,-0.06835712569120417
MLX,RPL10A,-0.0492209837439466
MLX,RPL11,-0.06518817034476634
MLX,RPL12,-0.0634838432245662
MLX,RPL13,-0.0666476818767562
MLX,RPL13A,-0.061336674744997176
MLX,RPL14,-0.052509222620875734
MLX,RPL15,-0.04936824202108375
MLX,RPL17,-0.0638058392013071
MLX,RPL18,-0.05310465099218406
MLX,RPL19,-0.06153950249494503
MLX,RPL21,-0.07337242646449106
MLX,RPL22,-0.0486197862883852
MLX,RPL26,-0.06567095867669016
MLX,RPL27,-0.040449641549627796
MLX,RPL27A,-0.062266963919560936
MLX,RPL31,-0.0604393968263029
MLX,RPL32,-0.07010932963108853
MLX,RPL34,-0.08728690486182496
MLX,RPL36,-0.06817142534873404
MLX,RPL37,-0.07326902949914574
MLX,RPL37A,-0.051037999180397274
MLX,RPL41,-0.07561471530326626
MLX,RPL5,-0.05197257029236265
MLX,RPL7,-0.061164740496820906
MLX,RPL9,-0.0490796226038439
MLX,RPLP2,-0.0650335811059216
MLX,RPS12,-0.06244584514279548
MLX,RPS15,-0.07398516527625813
MLX,RPS15A,-0.0696712228410653
MLX,RPS16,-0.05010708764407345
MLX,RPS18,-0.06476633931660995
MLX,RPS2,-0.054206716428906745
MLX,RPS20,-0.04840335582684086
MLX,RPS21,-0.0543359297554318
MLX,RPS28,-0.07849150780342257
MLX,RPS29,-0.07228947538975383
MLX,RPS3,-0.05891088219165293
MLX,RPS3A,-0.056386420720858255
MLX,RPS5,-0.04799892680238027
MLX,RPS6,-0.060395157600698225
MLX,RPS7,-0.051790512780381735
MLX,RPS8,-0.06845289341039973
MLX,RPS9,-0.0453881048343506
MLX,RPSA,-0.0375412963389698
MLX,TKT,0.02994427701267945
MLX,TPT1,-0.04690795971502846
MLX,UBA52,-0.044001187608466996
MNT,ACTB,-0.04760499293177164
MNT,B2M,-0.062071591271112364
MNT,EEF1A1,-0.037002754652484565
MNT,FAU,-0.03986937613689337
MNT,NACA,-0.03631962270917675
MNT,PTMA,-0.035108012412177855
MNT,RPL10,-0.05141976846122994
MNT,RPL11,-0.048815129086309896
MNT,RPL12,-0.04354190906806183
MNT,RPL13,-0.04741280193690285
MNT,RPL14,-0.0415637672600735
MNT,RPL18,-0.0369917298627117
MNT,RPL18A,-0.04432836564488223
MNT,RPL19,-0.043395948837391764
MNT,RPL22,-0.03973991837201725
MNT,RPL26,-0.04231745784226313
MNT,RPL28,-0.047730678326068504
MNT,RPL29,-0.04185923562806875
MNT,RPL30,-0.04439232230923407
MNT,RPL32,-0.051012742867494465
MNT,RPL34,-0.055821528212719934
MNT,RPL35A,-0.046827594007886074
MNT,RPL36,-0.042539570417603804
MNT,RPL36A,-0.03362713363997625
MNT,RPL37,-0.043140369775335904
MNT,RPL39,-0.05280146124294316
MNT,RPL41,-0.061990841986966694
MNT,RPL5,-0.038088129172044155
MNT,RPL6,-0.03922338345706523
MNT,RPL7A,-0.03939191347481305
MNT,RPL8,-0.037238118168160105
MNT,RPLP1,-0.038432629007782146
MNT,RPLP2,-0.03940484627011215
MNT,RPS12,-0.04189031672109533
MNT,RPS13,-0.047079463405377164
MNT,RPS14,-0.04826727490879066
MNT,RPS15,-0.049066937062654636
MNT,RPS15A,-0.048102092215566467
MNT,RPS18,-0.0483670716270613
MNT,RPS19,-0.048984932660971356
MNT,RPS21,-0.045564438777713545
MNT,RPS23,-0.045803509875612436
MNT,RPS24,-0.0437393198420471
MNT,RPS25,-0.043158049533013707
MNT,RPS27,-0.053084080779327546
MNT,RPS27A,-0.05163895203540683
MNT,RPS28,-0.05236253091961374
MNT,RPS3,-0.04123554708169553
MNT,RPS3A,-0.0398251116068997
MNT,RPS4X,-0.0458504561401007
MNT,RPS5,-0.0344783861931759
MNT,RPS7,-0.040339449265705235
MNT,RPS8,-0.04252564488667016
MNT,TMSB10,-0.048095412865383526
MNT,TMSB4X,-0.055908573473830235
MTF1,EEF1A1,-0.05025065657039671
MTF1,PTMA,-0.0372057536754338
MTF1,RPL10A,-0.0366847375516583
MTF1,RPL12,-0.0461995301259702
MTF1,RPL13,-0.05077125901427093
MTF1,RPL21,-0.04702558758134895
MTF1,RPL22,-0.04600900075843615
MTF1,RPL3,-0.04036846286654945
MTF1,RPL31,-0.039121435803306404
MTF1,RPL5,-0.04379203367151495
MTF1,RPL7A,-0.044124026198992
MTF1,RPL9,-0.03988482623544775
MTF1,RPS13,-0.049346614175407734
MTF1,RPS14,-0.054279544259376505
MTF1,RPS15,-0.051698112170989664
MTF1,RPS15A,-0.05390332549499436
MTF1,RPS18,-0.047296035464592434
MTF1,RPS24,-0.047204146196222596
MTF1,RPS3,-0.04661709850981086
MTF1,RPS3A,-0.0440834047242095
MTF1,RPS5,-0.0421175882090968
MTF1,RPS6,-0.0421726758418239
MTF1,RPS7,-0.0485243679522144
MTF1,TMSB10,-0.04586789115990444
MTF2,EIF3A,0.03047557215516285
MTF2,ENO1,0.02878797783948265
MTF2,PHF3,0.0288778582114894
MTF2,PTMA,-0.05751289740981022
MTF2,RPL10A,-0.05392488891185193
MTF2,RPL13,-0.08296867198311973
MTF2,RPL18A,-0.07835843715611802
MTF2,RPL26,-0.07387551296668764
MTF2,RPL27,-0.04500458855866373
MTF2,RPL29,-0.05295686381548803
MTF2,RPL3,-0.0666505273673724
MTF2,RPL31,-0.06580743193100012
MTF2,RPL36,-0.08095624020749466
MTF2,RPL37,-0.06342484635508273
MTF2,RPL7,-0.07461360609865571
MTF2,RPL8,-0.051641687035314576
MTF2,RPLP2,-0.07720703486400783
MTF2,RPS12,-0.06795090351253422
MTF2,RPS14,-0.07454192300805135
MTF2,RPS15,-0.07370533056848891
MTF2,RPS15A,-0.07668937317847672
MTF2,RPS18,-0.08302551568445557
MTF2,RPS20,-0.0598452142963804
MTF2,RPS27,-0.09395932667585377
MTF2,RPS27A,-0.07737401481172812
MTF2,RPS3A,-0.06608405339971613
MTF2,RPS7,-0.0536877780570445
MTF2,SF3B1,0.02928288691076105
MTF2,TMSB10,-0.07340218781318064
MTF2,TPR,0.03084321731453725
MXD1,EEF1A1,-0.04323410605996456
MXD1,FAU,-0.04141976189573216
MXD1,PTMA,-0.0364608881633116
MXD1,RPL10A,-0.03671224450113255
MXD1,RPL11,-0.050187990478156135
MXD1,RPL12,-0.0423882106984163
MXD1,RPL13,-0.04648604511988683
MXD1,RPL13A,-0.0385951622580898
MXD1,RPL14,-0.0474867430984135
MXD1,RPL15,-0.03594519293995225
MXD1,RPL18A,-0.045007116832342396
MXD1,RPL19,-0.044833538453277234
MXD1,RPL21,-0.04583531317412955
MXD1,RPL22,-0.04322531205606145
MXD1,RPL23A,-0.04069658884766415
MXD1,RPL26,-0.04330194955038973
MXD1,RPL28,-0.04532357048383556
MXD1,RPL3,-0.039725045910509404
MXD1,RPL30,-0.04840377503974807
MXD1,RPL35,-0.03586893156657355
MXD1,RPL36,-0.044255767654864636
MXD1,RPL37,-0.04866894234216765
MXD1,RPL5,-0.041888425050707404
MXD1,RPL6,-0.044968590060685903
MXD1,RPL7A,-0.04394067290802625
MXD1,RPL8,-0.04345829059634095
MXD1,RPLP1,-0.0409309341639676
MXD1,RPLP2,-0.045795435101965945
MXD1,RPS12,-0.046013835635895034
MXD1,RPS13,-0.046515838654337
MXD1,RPS14,-0.050296948110063765
MXD1,RPS15,-0.0485862247900852
MXD1,RPS15A,-0.04983947332552263
MXD1,RPS18,-0.04861334699096005
MXD1,RPS19,-0.04584022075922647
MXD1,RPS21,-0.0475260768542528
MXD1,RPS23,-0.04597171913599757
MXD1,RPS27A,-0.052100460950393036
MXD1,RPS28,-0.0524020760275754
MXD1,RPS29,-0.03976953892475055
MXD1,RPS3,-0.045144067983841796
MXD1,RPS3A,-0.041771680757084796
MXD1,RPS4X,-0.045947676782495
MXD1,RPS6,-0.04335794642598715
MXD1,RPS7,-0.0486190477752914
MXD1,TMSB10,-0.04578675812781713
MXD4,ACTN4,0.04076192351269694
MXD4,AHNAK,0.05278612800819842
MXD4,ANXA2,0.06140074952689576
MXD4,ATP2B1,0.03809934728046725
MXD4,ATXN1,0.03650530407098207
MXD4,B2M,-0.0699259144094544
MXD4,BTG1,-0.0394121660873441
MXD4,C12orf57,-0.045226615269424855
MXD4,CCDC167,0.03760782581531417
MXD4,CD58,0.0368847958710754
MXD4,CLIC1,0.046773205517171866
MXD4,COX4I1,-0.0398076458952159
MXD4,COX7C,-0.03641062078636885
MXD4,EEF1A1,-0.06693154522590193
MXD4,EEF1B2,-0.0649799809016621
MXD4,EEF1D,-0.04260551301035866
MXD4,EEF1G,-0.054777781025527265
MXD4,EIF1,-0.03412283242041436
MXD4,EIF3A,0.0319232614120963
MXD4,ELOVL5,0.034029024278447895
MXD4,ERN1,0.03785200033472107
MXD4,EZR,0.04388958364855953
MXD4,FAU,-0.06358128094588494
MXD4,FLNA,0.0418032868247272
MXD4,FTL,-0.043015293113367194
MXD4,FYN,0.030086869642379797
MXD4,GAPDH,0.0419836163487787
MXD4,GNB1,0.0409237994910878
MXD4,HNRNPLL,0.0433765318561109
MXD4,IQGAP2,0.033482854423765446
MXD4,ITGB1,0.0580230310236376
MXD4,JPT1,0.04062647408544914
MXD4,LIMS1,0.04080732717313847
MXD4,LRRFIP1,0.034868778600946164
MXD4,MACF1,0.02905336192608205
MXD4,MAF,0.0423689764572746
MXD4,MT-CO2,-0.03838507942382645
MXD4,NACA,-0.06047902596295987
MXD4,NPDC1,0.04022088886585146
MXD4,NPM1,-0.03700396480322287
MXD4,PABPC1,-0.039360337419024734
MXD4,PFDN5,-0.04538932911303715
MXD4,PHACTR2,0.05371528923604555
MXD4,PPP2R5C,0.0391194494549516
MXD4,PTMA,-0.061123443002654966
MXD4,RACK1,-0.0468230334480731
MXD4,REEP5,0.03379951422409655
MXD4,RILPL2,0.0416356710906754
MXD4,RORA,0.03515861789534255
MXD4,RPL10A,-0.0595010534598822
MXD4,RPL11,-0.08081083664691735
MXD4,RPL12,-0.06740062360292057
MXD4,RPL13,-0.07765554781749745
MXD4,RPL13A,-0.06928325560844177
MXD4,RPL14,-0.06441484871003955
MXD4,RPL15,-0.06040487491054064
MXD4,RPL18,-0.06600972900237578
MXD4,RPL18A,-0.06752306860611298
MXD4,RPL19,-0.0743152953138408
MXD4,RPL22,-0.06207582496059823
MXD4,RPL23A,-0.0682630007856736
MXD4,RPL24,-0.05428693123377878
MXD4,RPL26,-0.07416465193704083
MXD4,RPL27,-0.04817788913843717
MXD4,RPL27A,-0.07889346177951806
MXD4,RPL28,-0.05878790425550018
MXD4,RPL29,-0.056216616251616724
MXD4,RPL3,-0.06752464199667323
MXD4,RPL30,-0.07924520609078375
MXD4,RPL31,-0.07123773866681854
MXD4,RPL32,-0.08864435436881768
MXD4,RPL35,-0.060079393369386364
MXD4,RPL35A,-0.07826295719207522
MXD4,RPL36,-0.0722422134787245
MXD4,RPL36A,-0.05109507713029657
MXD4,RPL37,-0.05843427699231865
MXD4,RPL37A,-0.05227040546694303
MXD4,RPL38,-0.0567801310709671
MXD4,RPL4,-0.04952865710757485
MXD4,RPL41,-0.07037992262606782
MXD4,RPL5,-0.07318360692811393
MXD4,RPL6,-0.05712755400227176
MXD4,RPL7,-0.07131023397035359
MXD4,RPL7A,-0.059105615703454496
MXD4,RPL8,-0.05692049704674468
MXD4,RPL9,-0.06525925065403484
MXD4,RPLP0,-0.0455357859943109
MXD4,RPLP1,-0.06706535202724596
MXD4,RPLP2,-0.0728875424406657
MXD4,RPS12,-0.07677322566164022
MXD4,RPS13,-0.08580511488913385
MXD4,RPS14,-0.08805817970415569
MXD4,RPS15,-0.07376539686290198
MXD4,RPS15A,-0.07910006400765628
MXD4,RPS16,-0.06133330715760114
MXD4,RPS18,-0.07685551247111806
MXD4,RPS2,-0.0660794307564956
MXD4,RPS20,-0.056279287423302765
MXD4,RPS21,-0.05839805610181177
MXD4,RPS23,-0.07915464746393155
MXD4,RPS24,-0.05999864878458744
MXD4,RPS25,-0.0731228172895976
MXD4,RPS26,-0.034072451843543
MXD4,RPS27,-0.0787098168590455
MXD4,RPS27A,-0.08413336183139418
MXD4,RPS28,-0.07949730250311778
MXD4,RPS29,-0.07433327760576623
MXD4,RPS3,-0.07440411453811685
MXD4,RPS3A,-0.08074704172268958
MXD4,RPS5,-0.06766330421736938
MXD4,RPS6,-0.07276915893482973
MXD4,RPS7,-0.0600685708029681
MXD4,RPS8,-0.07334367583734142
MXD4,RPSA,-0.049542239502308995
MXD4,SEC61B,0.0387235148325603
MXD4,SH3BGRL3,0.0464819666697655
MXD4,SSBP4,0.04048823847563755
MXD4,TGFB1,0.0409176439392632
MXD4,TMSB10,-0.056918915812402465
MXD4,TNFAIP3,0.030679850352866453
MXD4,TOMM7,-0.04926559530029757
MXD4,TRADD,0.0419092028777868
MXD4,TXN,0.043593131014277135
MXD4,UBA52,-0.06165852246776406
MXD4,YWHAH,0.03869176487518013
MXD4,YWHAQ,0.03923569569839183
MXI1,ACTB,-0.08896280006971685
MXI1,ACTG1,-0.06989053331371155
MXI1,ATP5MG,-0.0321705151619849
MXI1,B2M,-0.08528756378126577
MXI1,CAMK4,0.03244106998368185
MXI1,CD52,-0.04968607328536373
MXI1,CD55,0.06233300904671239
MXI1,CFL1,-0.05784055600994485
MXI1,CORO1A,-0.06608965163303575
MXI1,CYTH1,0.036210300846096846
MXI1,DOCK10,0.03942949891055645
MXI1,EEF1A1,-0.04898384997704187
MXI1,EPB41,0.03629824056332705
MXI1,ETS1,0.03405204741681915
MXI1,FAU,-0.0536143110595401
MXI1,FTL,-0.0348025473074261
MXI1,IFITM2,-0.0488448187151497
MXI1,IL32,-0.0495518214430695
MXI1,KLF3,0.04202581714690458
MXI1,MYL12A,-0.05196500591109986
MXI1,MYL6,-0.04529450994212275
MXI1,NFKBIA,0.047109957476268
MXI1,NR4A2,0.05309553046811186
MXI1,PDE3B,0.0457663763541218
MXI1,PFDN5,-0.0379438666902139
MXI1,PFN1,-0.06111637011312865
MXI1,PNRC1,0.0517809673167636
MXI1,PTMA,-0.04735149332337113
MXI1,RPL10,-0.07310375255400403
MXI1,RPL10A,-0.042640166686845005
MXI1,RPL11,-0.06663353382045957
MXI1,RPL12,-0.060122494386844166
MXI1,RPL13,-0.06718170886070098
MXI1,RPL14,-0.0578812834348639
MXI1,RPL17,-0.05712314370334361
MXI1,RPL18,-0.050151490613637995
MXI1,RPL18A,-0.06545553585736243
MXI1,RPL19,-0.056551068597436104
MXI1,RPL21,-0.06222029439713367
MXI1,RPL22,-0.054664427772217555
MXI1,RPL23A,-0.059060047145852106
MXI1,RPL24,-0.045060804464960705
MXI1,RPL26,-0.0617173910960598
MXI1,RPL28,-0.06148060066347813
MXI1,RPL29,-0.04751839322854864
MXI1,RPL30,-0.05742706470531463
MXI1,RPL31,-0.053586628854834735
MXI1,RPL32,-0.07281545657369658
MXI1,RPL34,-0.07730317807802643
MXI1,RPL35,-0.05304751107681623
MXI1,RPL35A,-0.06298403722526627
MXI1,RPL36,-0.06414361078789593
MXI1,RPL36A,-0.04775714055972066
MXI1,RPL37,-0.0690390494978967
MXI1,RPL37A,-0.04854986548903273
MXI1,RPL38,-0.04438236013755726
MXI1,RPL39,-0.07284781898652566
MXI1,RPL41,-0.07113091441315146
MXI1,RPL5,-0.04357503674370455
MXI1,RPL6,-0.049414019825424
MXI1,RPL8,-0.04652649317317894
MXI1,RPL9,-0.041179297146775505
MXI1,RPLP1,-0.062334952425749025
MXI1,RPLP2,-0.062276639831037706
MXI1,RPS12,-0.06182907348826674
MXI1,RPS13,-0.06025976798130126
MXI1,RPS14,-0.06781752270121823
MXI1,RPS15,-0.06967034524280943
MXI1,RPS15A,-0.07195050538217714
MXI1,RPS19,-0.07103307230351093
MXI1,RPS2,-0.05213128563744553
MXI1,RPS21,-0.05363740991338343
MXI1,RPS23,-0.061492067135532465
MXI1,RPS24,-0.049127448853812206
MXI1,RPS25,-0.061845142381998335
MXI1,RPS27,-0.0765296293683493
MXI1,RPS27A,-0.07187620117294116
MXI1,RPS28,-0.07185679535935463
MXI1,RPS29,-0.0642827197208691
MXI1,RPS3,-0.05398273191351003
MXI1,RPS3A,-0.053340685859033565
MXI1,RPS4X,-0.05328016921229203
MXI1,RPS5,-0.04308021068303717
MXI1,RPS7,-0.048613805256492636
MXI1,RPS8,-0.05688246649047487
MXI1,S100A4,-0.0383831148172259
MXI1,S100A6,-0.03827448610615705
MXI1,SBDS,0.04171569806730705
MXI1,SERF2,-0.038328442665792196
MXI1,SESN3,0.0410260177640308
MXI1,SH3BGRL3,-0.04698002034066235
MXI1,SOCS3,0.04647893982928475
MXI1,TAGLN2,0.03461603494569847
MXI1,TCP11L2,0.0388902738225499
MXI1,TMA7,-0.03905879123600315
MXI1,TMSB10,-0.07343796211568177
MXI1,TMSB4X,-0.0791440095183569
MXI1,UBA52,-0.0413443004752927
MXI1,YPEL5,0.05625130440432495
MXI1,ZNF331,0.0512275218764833
MYBL1,DHRS7,0.0487915379565514
MYBL1,EEF1B2,-0.07717300936255621
MYBL1,PERP,0.0579104083518542
MYBL1,PLEKHG3,0.06599265521526615
MYBL1,RPL10,-0.08882965365664458
MYC,ABCE1,0.03004506129395595
MYC,ABHD14B,0.031327684863781
MYC,ABLIM1,0.035613423050018606
MYC,ABRACL,0.038758098897320035
MYC,ACP1,0.032149662885682856
MYC,ACTB,-0.04209372549208165
MYC,ACTN1,0.0483951548721848
MYC,ACTR3,0.0387473649157226
MYC,ADD3,0.0393346125038703
MYC,ADI1,0.031673730847135
MYC,ADTRP,0.0507583345861738
MYC,AHNAK,-0.07222615282516015
MYC,AHSA1,0.0301292186729704
MYC,AIF1,0.04274453198470873
MYC,AK5,0.039301406167158104
MYC,ALKBH7,0.03674563589806195
MYC,ANP32B,0.0349496891061891
MYC,ANXA11,0.0334046749427033
MYC,ANXA2R,0.033836516514234596
MYC,ANXA6,0.03171404255113205
MYC,APBA2,0.0353784653317546
MYC,APEX1,0.043705316795506204
MYC,APOL3,0.029041839435097798
MYC,ARHGAP30,0.035069394415735644
MYC,ARHGAP45,0.03930136854313275
MYC,ARL6IP5,0.04165606560155905
MYC,ARPC5,0.03722453269493143
MYC,ARRB2,0.03073786011970075
MYC,ATIC,0.02975458904429675
MYC,ATP1A1,0.037020927071884396
MYC,ATP5F1A,0.03673228538110735
MYC,ATP5F1B,0.037390875847783
MYC,ATP5PB,0.033190147689649
MYC,B2M,-0.11366667034001739
MYC,BANF1,0.0387183180106118
MYC,BCL2,0.04057632614317122
MYC,BEX3,0.03602645538076145
MYC,BIN1,0.03328690732837545
MYC,BIN2,0.029948614548187348
MYC,BTN3A2,0.03713839201341235
MYC,BZW2,0.03613674563526695
MYC,C12orf57,0.04731206844057305
MYC,C14orf119,0.043425367427923744
MYC,C1QBP,0.04069771311930907
MYC,CALM1,-0.0479183168914639
MYC,CALM3,0.032574624153149545
MYC,CAMK4,0.03847973147976125
MYC,CAPZB,0.029858143581463048
MYC,CCL5,-0.046043516997933
MYC,CCNG1,0.03297659323293295
MYC,CCR7,0.07914746167661273
MYC,CCT2,0.036559397367333754
MYC,CCT3,0.0399837151368468
MYC,CCT4,0.03652630237646595
MYC,CCT5,0.0402592164744244
MYC,CCT6A,0.033528969420132504
MYC,CCT7,0.03676788831973895
MYC,CCT8,0.037940868516407655
MYC,CD164,0.0354024790313972
MYC,CD247,0.04159137908500543
MYC,CD55,0.03913867186117105
MYC,CD69,-0.08239635891670867
MYC,CHCHD10,0.03300530236480905
MYC,CHCHD7,0.0321253447092526
MYC,CHMP3,0.0308863805836296
MYC,CHMP7,0.03290209729761695
MYC,CISH,0.08080741373365008
MYC,CITED2,0.0382026135276142
MYC,CITED4,0.039861012402917353
MYC,CLNS1A,0.036664384313585006
MYC,CNBP,0.0366883521272166
MYC,CRBN,0.032746011157072
MYC,CRLF3,0.03403181750645075
MYC,CSDE1,0.033747714218800504
MYC,CTSD,0.03235415931005575
MYC,CXCR4,-0.07782721509460337
MYC,CYBC1,0.030917667923191
MYC,CYTH1,0.0347190191416579
MYC,CYTIP,0.03919831956096345
MYC,DAP3,0.03423657193047685
MYC,DARS1,0.0317709131550001
MYC,DBNL,0.03196654869006215
MYC,DDX39B,0.0363423697958829
MYC,DEF6,0.03093042109020075
MYC,DENND2D,0.04954622650377143
MYC,DGKA,0.036000873720328896
MYC,DMAC1,0.03248372995274825
MYC,DNAJA2,0.0289538214934268
MYC,DNAJB1,-0.073993404720781
MYC,DPH5,0.0314023881594139
MYC,DUSP1,-0.120931792891604
MYC,DUSP2,-0.09168638877900301
MYC,EEF1B2,0.059232133505271796
MYC,EEF1G,0.05433250676317515
MYC,EEF2,0.042336675918143704
MYC,EGLN2,0.04364513523467965
MYC,EIF1,-0.0776705713529931
MYC,EIF1AX,0.034414128685318054
MYC,EIF2A,0.0363871656222381
MYC,EIF2S3,0.039115717438298
MYC,EIF3D,0.034523647855970396
MYC,EIF3I,0.0326695221668553
MYC,EIF3L,0.036739495340959424
MYC,EIF3M,0.0357313111931026
MYC,EIF4B,0.0422280548255791
MYC,EIF4H,0.03267365803284125
MYC,ENO1,0.04663100217740895
MYC,EPHX2,0.037069621311420775
MYC,ERGIC3,0.030554878099856048
MYC,ERP29,0.03573392695512895
MYC,ETS1,0.0398161952496908
MYC,EVI2A,0.03333414908322345
MYC,EVL,0.0375813667468396
MYC,EWSR1,0.0295346497795913
MYC,FBL,0.039816344595754796
MYC,FCMR,0.05434564665230765
MYC,FGD3,0.03365150313765495
MYC,FGFR1OP2,0.02960433160817725
MYC,FHIT,0.05143129523503776
MYC,FLOT1,0.031173917162777898
MYC,FNTA,0.035183128079844195
MYC,FOS,-0.07126849764846947
MYC,FTH1,-0.10659948745827763
MYC,FTL,-0.041723962014215146
MYC,FXR1,0.02961624240711815
MYC,GBP2,0.02836741824043125
MYC,GDI2,0.0347318636373244
MYC,GIMAP1,0.0710443085235724
MYC,GIMAP2,0.04980849738799844
MYC,GNL3,0.031924094399230704
MYC,H3-3B,-0.056835249826822
MYC,H4C3,0.046724870299231544
MYC,HADHA,0.036845173714121854
MYC,HCLS1,0.0354370387452807
MYC,HLA-B,-0.038991030117015296
MYC,HMGA1,0.0314299097171903
MYC,HNRNPA3,0.02868541381203635
MYC,HNRNPF,0.039153639589129596
MYC,HNRNPH3,0.031261175803449004
MYC,HNRNPK,0.035585474218663746
MYC,HNRNPR,0.0322475422801245
MYC,HSD17B11,0.03293949258574265
MYC,HSP90AB1,0.043163678850096046
MYC,HSPA8,0.0480758021401195
MYC,HSPD1,0.040939672976229934
MYC,HSPE1,0.03523157418094135
MYC,HTATSF1,0.0307120573416222
MYC,ICAM2,0.03875284039344536
MYC,IGBP1,0.03254147791661675
MYC,IL16,0.0413728282524177
MYC,IL6ST,0.03820783441366165
MYC,IL7R,0.050486668055811104
MYC,IMMT,0.0303776104642521
MYC,IMP3,0.0325510675048917
MYC,IMPDH2,0.04170770937855415
MYC,IPCEF1,0.03206985027799445
MYC,ISCU,0.0290116092995767
MYC,ITGA6,0.0378891857010343
MYC,ITGB1,-0.062245326986225855
MYC,ITK,0.03666412757987905
MYC,JAML,0.03397617592797805
MYC,JUN,-0.045673324948900154
MYC,JUNB,-0.07746977714016345
MYC,JUND,-0.07042520060988094
MYC,KHDRBS1,0.033993406317637004
MYC,KLF2,-0.052700774156364344
MYC,KLF6,-0.06939245625282289
MYC,KNOP1,0.03588547025658255
MYC,LAMP1,0.0317691868061106
MYC,LBH,0.0596335233595085
MYC,LCK,0.0369200112411064
MYC,LDHB,0.05418671878461743
MYC,LDLRAP1,0.050343349393293546
MYC,LEF1,0.06317527759208393
MYC,LGALS1,-0.0495355653568878
MYC,LIMD2,0.053981385556548356
MYC,LINS1,0.040261930711065805
MYC,LMNA,-0.08085701899712965
MYC,LRCH4,0.0298684421911818
MYC,LTA4H,0.03179622289255465
MYC,LUC7L3,0.032236842565781854
MYC,MAD1L1,0.0288963757168176
MYC,MAF1,0.03155553288704665
MYC,MARCKSL1,0.03670381384490825
MYC,MAT2B,0.04479346192540284
MYC,MCUB,0.031896674680796905
MYC,MFNG,0.0336856126503612
MYC,MRPL18,0.039887426782816204
MYC,MRPL20,0.0324678220242852
MYC,MRPL51,0.0357089162875359
MYC,MRPS18B,0.04074752982385583
MYC,MRPS26,0.0376349122985502
MYC,MRPS33,0.03334797339628977
MYC,MRPS5,0.0287103145323079
MYC,MRPS6,0.03298983901138365
MYC,MSL3,0.03128624873519685
MYC,MT-ATP6,-0.05849645577579785
MYC,MT-ND4L,0.0431921749999816
MYC,MTDH,0.032472579640273
MYC,MYL6,-0.03634711113783125
MYC,MYLIP,0.03114821531600575
MYC,NAP1L4,0.03120487102508155
MYC,NCBP2,0.0317770656596205
MYC,NCL,0.03930408265555095
MYC,NDFIP1,0.043122640162486306
MYC,NDUFS2,0.03142603233218525
MYC,NDUFV2,0.03259037705031175
MYC,NECAP2,0.02987671412158155
MYC,NELL2,0.031102953310842098
MYC,NHP2,0.0322328258868463
MYC,NIFK,0.03362830378919273
MYC,NOG,0.054523827877255404
MYC,NONO,0.03681944473573375
MYC,NOP10,0.03545906876320435
MYC,NOP56,0.0354072987650405
MYC,NOP58,0.0286701194827247
MYC,NOSIP,0.05454576991039293
MYC,NPM1,0.0425936087127744
MYC,NR4A2,-0.102589289904052
MYC,NSMCE1,0.0366949697934444
MYC,NUCB2,0.03845197032093933
MYC,OCIAD1,0.0359347797589959
MYC,OLA1,0.02842011976060175
MYC,OXA1L,0.0315971692503301
MYC,OXNAD1,0.047502085613616324
MYC,PA2G4,0.0344981922764773
MYC,PABPC4,0.035284666358084804
MYC,PCBP1,0.0400064398328148
MYC,PCBP2,0.0436599478352186
MYC,PCED1B,0.06309730060353926
MYC,PDCD2,0.03219951083643035
MYC,PDCD4,0.03647049656002605
MYC,PDE7A,0.03553234233200945
MYC,PDIA3,0.030001358763856546
MYC,PDK1,0.03865228942712125
MYC,PEBP1,0.0320148817875843
MYC,PFN1,-0.045018707983512374
MYC,PGK1,0.04017943738690555
MYC,PHB2,0.0360402991534165
MYC,PIK3IP1,0.048566020131503254
MYC,PIM1,0.08903826521388578
MYC,PIM2,0.05437525298678865
MYC,PKM,0.034991896687794
MYC,PLAC8,0.045103752565304675
MYC,PMPCB,0.0300566747512152
MYC,PPA1,0.04395482518976275
MYC,PPHLN1,0.0312557517855145
MYC,PPID,0.0288677835316043
MYC,PPIL3,0.02858520606570485
MYC,PPP1CC,0.0279444462864162
MYC,PPP1R15A,-0.0916489176828995
MYC,PPP2R1A,0.030463676234384347
MYC,PRDX1,0.029711789676188496
MYC,PRDX3,0.0399245342044241
MYC,PRDX6,0.035205598525924
MYC,PRKACB,0.03771168726153115
MYC,PRKCSH,0.0309661346751397
MYC,PRMT2,0.042910857561772875
MYC,PRPF6,0.030979129319705048
MYC,PSAP,0.035912263845030504
MYC,PSIP1,0.03771537393243115
MYC,PSMB10,0.03282887589207455
MYC,PSMB4,0.030238326076909648
MYC,PSMD13,0.03037257297224845
MYC,PSMF1,0.0313944168119357
MYC,PTGER4,-0.0849163216255106
MYC,PTGES3,0.03660865850263885
MYC,PTMA,-0.0501371448770895
MYC,PTPN6,0.036201454696066435
MYC,PYCR2,0.04111392518956758
MYC,QARS1,0.03035617276206575
MYC,RAC2,0.031652648698621846
MYC,RAD21,0.03171782333090575
MYC,RAD23A,0.030252810614841648
MYC,RAN,0.0411203395232238
MYC,RAP1B,0.0415104635960405
MYC,RAPGEF6,0.0345668599840711
MYC,RASGRP2,0.034886733788882
MYC,RBL2,0.0350985288255543
MYC,RBMS1,0.032470375923638
MYC,RBMX,0.03089213018409235
MYC,REXO2,0.036356581680157436
MYC,RGS1,-0.0868112557143931
MYC,RGS10,0.036665296229812704
MYC,RHOA,0.03266673941627385
MYC,RNPS1,0.029989907071871554
MYC,RPA2,0.03899828342626113
MYC,RPL13A,-0.0637111877201803
MYC,RPL15,-0.0539793079306755
MYC,RPL23A,-0.0733272830375579
MYC,RPL27A,-0.07227506660907178
MYC,RPL35,-0.061040107246837255
MYC,RPL7L1,0.03164952448589065
MYC,RPLP2,-0.06174205602074905
MYC,RPS2,-0.07043843233428145
MYC,RPS20,-0.04207024263398315
MYC,RSL1D1,0.041245701018179266
MYC,RTF2,0.0338170659896428
MYC,RTN4,0.03022049919097835
MYC,S100A10,-0.050561413966361546
MYC,S100A4,-0.05965790189739835
MYC,S100A6,-0.039927579691112665
MYC,S1PR4,0.0390743974539226
MYC,SAFB,0.030565652937021154
MYC,SARS1,0.0285896478369784
MYC,SATB1,0.050685711909819374
MYC,SCP2,0.029412499619699252
MYC,SDAD1,0.03139728610550135
MYC,SELENOF,0.0323672929744655
MYC,SELENOH,0.03560119430367507
MYC,SELL,0.07343226036249778
MYC,SELPLG,0.04995957459327194
MYC,SEPTIN6,0.03512328966743765
MYC,SERBP1,0.04112490168933705
MYC,SERF2,-0.038986231106123065
MYC,SERPINB1,0.0334462415609994
MYC,SF3A3,0.0308274361088528
MYC,SH3BGRL3,-0.06571042211524017
MYC,SH3YL1,0.0337846953798693
MYC,SINHCAF,0.0293624908951996
MYC,SLC25A3,0.0388544432327695
MYC,SLC25A5,0.031199125534851248
MYC,SNRNP70,0.0324575476881332
MYC,SNRPD3,0.030810843996907554
MYC,SNRPE,0.0310725934184602
MYC,SNW1,0.0313682581758299
MYC,SOCS3,0.04301865056423684
MYC,SP110,0.03266732055830615
MYC,SRGN,-0.11063682243869634
MYC,SRP72,0.0300033489961617
MYC,SRP9,0.04285612194253983
MYC,SRSF1,0.03154469529253685
MYC,SRSF5,0.0431143369859912
MYC,SSB,0.029955438442771647
MYC,SSBP1,0.032370917102726604
MYC,ST13,0.03990285750730473
MYC,ST3GAL1,0.0320676817870474
MYC,STK17A,0.03325545601789285
MYC,STK38,0.03439003275652265
MYC,STMN1,0.03846948406192945
MYC,STMN3,0.03115219302748915
MYC,SUCLG1,0.031365115835932295
MYC,SUCLG2,0.03374220565051485
MYC,SUN2,0.03191341155075715
MYC,SUSD3,0.03534472459957234
MYC,TAF1D,0.03117914434810655
MYC,TAF7,0.03190310958049335
MYC,TAGAP,0.03297602058394955
MYC,TCF7,0.04670060094342323
MYC,TESPA1,0.0337494288098372
MYC,THRAP3,0.032512527105321945
MYC,TKT,0.03450709128302535
MYC,TMA7,-0.040955076897499165
MYC,TMEM123,0.036564001755129846
MYC,TMEM204,0.0535183199202736
MYC,TMEM243,0.02924545281597815
MYC,TMEM35B,0.037715609953800855
MYC,TMSB4X,-0.10667529512535236
MYC,TNFAIP3,-0.13521924155558535
MYC,TNFAIP8,0.04295521201987895
MYC,TNFSF10,0.0383783639295166
MYC,TOMM22,0.03392774930158555
MYC,TPR,0.032940102592814255
MYC,TRABD2A,0.0512813248878875
MYC,TRAF3IP3,0.04899767110771803
MYC,TRAPPC6A,0.0289059608835518
MYC,TSC22D3,-0.08639383090448806
MYC,TSHZ2,0.03113964217274275
MYC,TTC3,0.0311293432285248
MYC,TUBB,0.03482245290880467
MYC,TUFM,0.0318492572164433
MYC,TXNIP,0.04964691915477445
MYC,UBA2,0.0333951796999467
MYC,UBC,-0.05391927257717975
MYC,UBE2V1,0.0304139575871179
MYC,UBQLN2,0.03334525712987303
MYC,UCP2,0.0426143554374049
MYC,UGP2,0.0324357560129591
MYC,UPP1,0.04415324235246973
MYC,UQCRC2,0.035961698256477145
MYC,VDAC2,0.03197833126648855
MYC,VPS28,0.0301450390158101
MYC,VPS51,0.034535833129747145
MYC,VSIR,0.03187648999957135
MYC,WAS,0.02870529365353305
MYC,WIPI2,0.03052653540819615
MYC,XRCC5,0.03807567605214075
MYC,XRCC6,0.03763380618228905
MYC,XRN2,0.036104076417133396
MYC,YEATS4,0.03296978662247695
MYC,YPEL5,-0.10371732769192829
MYC,ZC3H13,0.030338702668399102
MYC,ZFP36,-0.07760244792770725
MYC,ZFP36L1,0.034688305763769564
MYC,ZFP36L2,-0.07467476257413949
MYC,ZNF101,0.04042988344303495
MYNN,B2M,-0.05942839747912063
MYNN,EEF1A1,-0.0466519917135382
MYNN,FAU,-0.04692927163858557
MYNN,MT-CO2,-0.03235403856710845
MYNN,RPL10,-0.05549794465173733
MYNN,RPL10A,-0.040260512106251145
MYNN,RPL11,-0.054022290154808396
MYNN,RPL12,-0.04760157419461897
MYNN,RPL13,-0.05289628281764383
MYNN,RPL15,-0.0369602015098192
MYNN,RPL18,-0.05218330504939315
MYNN,RPL19,-0.04856954075160457
MYNN,RPL21,-0.0471369540305233
MYNN,RPL22,-0.0476462432247563
MYNN,RPL23A,-0.04342155355105883
MYNN,RPL26,-0.048536311980104906
MYNN,RPL29,-0.05156041093760305
MYNN,RPL31,-0.042042632797356
MYNN,RPL34,-0.057283211673098335
MYNN,RPL35,-0.0412102582811992
MYNN,RPL35A,-0.05099447415312477
MYNN,RPL37,-0.05901790002960915
MYNN,RPL39,-0.054187606362321596
MYNN,RPL41,-0.05277771110822057
MYNN,RPL5,-0.04402452231266705
MYNN,RPLP1,-0.045784932785171005
MYNN,RPLP2,-0.04832313333883073
MYNN,RPS12,-0.05155919740095174
MYNN,RPS13,-0.04890462264261957
MYNN,RPS15A,-0.055350991749844536
MYNN,RPS18,-0.050290123272596
MYNN,RPS19,-0.052508166552632705
MYNN,RPS2,-0.04141831827414424
MYNN,RPS24,-0.0502794565460098
MYNN,RPS25,-0.049218198148114796
MYNN,RPS27,-0.057564198918282766
MYNN,RPS27A,-0.05577631686571723
MYNN,RPS28,-0.054352057127885704
MYNN,RPS3,-0.048874901488614474
MYNN,RPS3A,-0.0452194549685277
MYNN,RPS4X,-0.0451362573176991
MYNN,RPS6,-0.04508885394193073
MYNN,RPS7,-0.0539126179898212
MZF1,EEF1A1,-0.04165150430666875
MZF1,HLA-B,-0.0427140923834134
MZF1,PTMA,-0.03923087189902557
MZF1,RPL23A,-0.0370473930813643
MZF1,RPL39,-0.04981169112956745
MZF1,RPL41,-0.04788301226890213
MZF1,RPS14,-0.0423137204525961
MZF1,RPS19,-0.0453759231572523
MZF1,RPS29,-0.03931225358104145
MZF1,RPS4X,-0.03721826947843855
MZF1,TMSB10,-0.04805830855064836
NCOA1,AHNAK,0.03488653540611985
NCOA1,B2M,-0.0877915495764202
NCOA1,EEF1A1,-0.07000926269457187
NCOA1,EEF1B2,-0.06776844279218035
NCOA1,EEF1D,-0.0592916236378417
NCOA1,EEF1G,-0.046947542591756944
NCOA1,EPB41,0.034814775851184296
NCOA1,FAU,-0.06699767591509717
NCOA1,FTH1,-0.052502497301707
NCOA1,FTL,-0.0470220909375517
NCOA1,LDHB,-0.0415131587210729
NCOA1,MYL12A,-0.0427559344735979
NCOA1,NACA,-0.08188416380468685
NCOA1,PFDN5,-0.046897966207092995
NCOA1,RACK1,-0.05678113889468309
NCOA1,RPL10,-0.085653664865545
NCOA1,RPL10A,-0.05899774833836618
NCOA1,RPL11,-0.08128604873762213
NCOA1,RPL12,-0.07463858874619977
NCOA1,RPL13,-0.07810483929564037
NCOA1,RPL13A,-0.0696223693353979
NCOA1,RPL15,-0.06370282803059137
NCOA1,RPL17,-0.0689739713561352
NCOA1,RPL18,-0.0673270754606862
NCOA1,RPL18A,-0.07643697230391786
NCOA1,RPL19,-0.07423757306883164
NCOA1,RPL23,-0.03760892442607555
NCOA1,RPL23A,-0.0737968999015348
NCOA1,RPL24,-0.06263107594930571
NCOA1,RPL26,-0.07387650033413182
NCOA1,RPL27,-0.062392282171931254
NCOA1,RPL27A,-0.0539094201987419
NCOA1,RPL28,-0.07359395457478796
NCOA1,RPL29,-0.07704790816843893
NCOA1,RPL30,-0.07721871923942897
NCOA1,RPL31,-0.06504718985624437
NCOA1,RPL32,-0.08379756282775869
NCOA1,RPL34,-0.08685508731539326
NCOA1,RPL35,-0.06731867115001393
NCOA1,RPL35A,-0.07752728455952586
NCOA1,RPL36,-0.07191878273058755
NCOA1,RPL36A,-0.05985327887590904
NCOA1,RPL37,-0.0769306125686043
NCOA1,RPL37A,-0.0703917748996831
NCOA1,RPL38,-0.06538370043420355
NCOA1,RPL39,-0.07806680621753738
NCOA1,RPL4,-0.04753724517824599
NCOA1,RPL41,-0.07302215669420158
NCOA1,RPL5,-0.07422283045945673
NCOA1,RPL6,-0.06420919030967995
NCOA1,RPL7A,-0.0703626059605812
NCOA1,RPL8,-0.0646970261408923
NCOA1,RPL9,-0.06277632455203623
NCOA1,RPLP0,-0.05905495786952953
NCOA1,RPLP1,-0.06884591109181833
NCOA1,RPLP2,-0.06891432285893954
NCOA1,RPS10,-0.0469646008680082
NCOA1,RPS11,-0.04196918219481205
NCOA1,RPS12,-0.07704872865493514
NCOA1,RPS13,-0.07651435350916874
NCOA1,RPS14,-0.08085071091304052
NCOA1,RPS15,-0.07927095684925659
NCOA1,RPS15A,-0.08306338702077867
NCOA1,RPS16,-0.06111632613130034
NCOA1,RPS17,-0.043615664109125055
NCOA1,RPS18,-0.08379399503206286
NCOA1,RPS19,-0.07512921506758274
NCOA1,RPS2,-0.07359496048922749
NCOA1,RPS20,-0.04889548770685797
NCOA1,RPS23,-0.07480280084865053
NCOA1,RPS25,-0.07335151398679304
NCOA1,RPS27,-0.0822508696571146
NCOA1,RPS27A,-0.08387497577003677
NCOA1,RPS28,-0.08123470389397183
NCOA1,RPS29,-0.06331993416903077
NCOA1,RPS3A,-0.07158747252585443
NCOA1,RPS5,-0.06147914366148155
NCOA1,RPS6,-0.06753620399259294
NCOA1,RPS7,-0.0666647936952193
NCOA1,RPS8,-0.07491971324781273
NCOA1,RPS9,-0.060038564642121796
NCOA1,RPSA,-0.059855467604680905
NCOA1,SMCHD1,0.040116339950743846
NCOA1,TMA7,-0.045622894042868053
NCOA1,TMSB4X,-0.08260965268143464
NCOA1,TOMM7,-0.051623606135720146
NCOA1,TPT1,-0.06511639390181888
NCOA1,UBA52,-0.07099199461672046
NCOA2,ATP5MG,-0.042634905405580466
NCOA2,EEF1A1,-0.09206643937001836
NCOA2,HERC1,0.04974589551806395
NCOA2,RPL13A,-0.07522270933126235
NCOA2,RPL17,-0.08685076638819986
NCOA2,RPL21,-0.07525162479005157
NCOA2,RPL34,-0.11177853245583763
NCOA2,RPL35A,-0.1021081685243116
NCOA2,RPL41,-0.09344460324567276
NCOA2,RPL7,-0.0777134102725601
NCOA2,RPS12,-0.098503589091041
NCOA2,RPS14,-0.1056496407706941
NCOA2,RPS23,-0.1018167019724886
NCOA2,RPS27A,-0.10938924159851438
NCOA2,RPS29,-0.07216239035156596
NCOA2,RPS7,-0.0901960561181749
NCOA3,ATP5MG,-0.038992142127581134
NCOA3,BPTF,0.0350889557035534
NCOA3,HERC1,0.03687462098902755
NCOA3,MLLT3,0.03126420701011
NCOA3,PTMA,-0.0618092037098056
NCOA3,RPL31,-0.0649645827108636
NCOA3,RPL35A,-0.07431088640972644
NCOA3,RPS21,-0.0611343730062297
NCOA3,S100A10,-0.048358316369472645
NFAT5,ATP5F1E,-0.0461888573333052
NFAT5,ATP5MC2,-0.0450408494169909
NFAT5,BTG1,-0.049642968025588805
NFAT5,C12orf57,-0.0499576823003699
NFAT5,COMMD6,-0.041281520068762935
NFAT5,EEF1A1,-0.091420102207108
NFAT5,EEF1B2,-0.0834868721255379
NFAT5,EEF1D,-0.05683331660639804
NFAT5,EIF1,-0.05693717078747523
NFAT5,FTL,-0.05835516544450417
NFAT5,H3-3B,-0.03681334217704055
NFAT5,HINT1,-0.040615818113917804
NFAT5,ITM2B,-0.03841394864683405
NFAT5,MACF1,0.03984800916057593
NFAT5,MYH9,0.0347647292640753
NFAT5,NACA,-0.09473361044804421
NFAT5,NPM1,-0.04981299103855315
NFAT5,PABPC1,-0.0496119609812513
NFAT5,PTMA,-0.07288872046405932
NFAT5,RACK1,-0.0784178955766783
NFAT5,RPL10,-0.10843448658360146
NFAT5,RPL10A,-0.07502725256587488
NFAT5,RPL12,-0.09202071398330554
NFAT5,RPL13,-0.09902412452787046
NFAT5,RPL13A,-0.0614576140044718
NFAT5,RPL15,-0.0733599351847622
NFAT5,RPL18,-0.0875857793275079
NFAT5,RPL19,-0.09709001921752997
NFAT5,RPL22,-0.07630817504248166
NFAT5,RPL26,-0.0914746661376139
NFAT5,RPL27A,-0.053751558566253604
NFAT5,RPL28,-0.0948765264883158
NFAT5,RPL3,-0.0819325347705888
NFAT5,RPL30,-0.10059784238690554
NFAT5,RPL31,-0.0678524960036514
NFAT5,RPL34,-0.10918501600400336
NFAT5,RPL35,-0.06982397289066847
NFAT5,RPL36,-0.08853851772232536
NFAT5,RPL37,-0.1081529166136049
NFAT5,RPL37A,-0.05861142187556587
NFAT5,RPL38,-0.057004674939072464
NFAT5,RPL4,-0.05491426938942255
NFAT5,RPL41,-0.0949742602903511
NFAT5,RPL5,-0.10607046531135116
NFAT5,RPL6,-0.0802931172535406
NFAT5,RPL7,-0.06569115380833694
NFAT5,RPL7A,-0.10577459693594105
NFAT5,RPLP0,-0.0870830690019163
NFAT5,RPS13,-0.09870816356866834
NFAT5,RPS14,-0.10777067201942873
NFAT5,RPS15,-0.10144987159566222
NFAT5,RPS15A,-0.1026603316420193
NFAT5,RPS18,-0.09182111070717863
NFAT5,RPS2,-0.0829363738226736
NFAT5,RPS20,-0.04870208200522635
NFAT5,RPS21,-0.0792967591338189
NFAT5,RPS23,-0.09824253793673966
NFAT5,RPS24,-0.0986375733392171
NFAT5,RPS25,-0.09515820697000547
NFAT5,RPS26,-0.0491998558494991
NFAT5,RPS27,-0.10476486323952566
NFAT5,RPS3,-0.09732087598625998
NFAT5,RPS3A,-0.0891865816040932
NFAT5,RPS5,-0.07994385363292333
NFAT5,RPS7,-0.0853250359721267
NFAT5,RPS8,-0.09041209685630397
NFAT5,RPSA,-0.0887932657451184
NFAT5,SARAF,-0.0422977031916291
NFAT5,SERF2,-0.044728527507833
NFAT5,SMCHD1,0.03249478608412955
NFAT5,SNRPD2,-0.0403487738019738
NFAT5,SYNE2,0.0356618457314039
NFAT5,TMA7,-0.04981057593541929
NFAT5,TOMM7,-0.0644204307536835
NFAT5,TPT1,-0.0974348157282806
NFAT5,UBA52,-0.07912864817374995
NFAT5,UTRN,0.03954257882217155
NFATC1,ACTB,-0.04709002664498235
NFATC1,ATP5F1E,-0.047913807343946804
NFATC1,B2M,-0.0806912721788001
NFATC1,EEF1A1,-0.0518969272039742
NFATC1,FTL,-0.03413932127182895
NFATC1,MT-CO2,-0.041503382337738697
NFATC1,MT-CO3,-0.0378032375104835
NFATC1,NACA,-0.05450728008766805
NFATC1,PFN1,-0.045444124748213
NFATC1,PTMA,-0.050264346769252226
NFATC1,RPL10,-0.07120027328100188
NFATC1,RPL10A,-0.04444444702211305
NFATC1,RPL12,-0.06071950751344363
NFATC1,RPL13,-0.06536748384126342
NFATC1,RPL13A,-0.0555560340723771
NFATC1,RPL15,-0.048710715234795865
NFATC1,RPL23A,-0.0558789320332995
NFATC1,RPL24,-0.046339571601810466
NFATC1,RPL26,-0.06296648949375261
NFATC1,RPL27,-0.0475544914099235
NFATC1,RPL27A,-0.0562445557896663
NFATC1,RPL29,-0.0586386928670056
NFATC1,RPL30,-0.058043546894343
NFATC1,RPL31,-0.05273298714659267
NFATC1,RPL34,-0.07566313626636682
NFATC1,RPL35A,-0.062271827843430896
NFATC1,RPL36,-0.0615401195151802
NFATC1,RPL37,-0.06646590367099266
NFATC1,RPL38,-0.05482764511673135
NFATC1,RPL5,-0.05066743147861833
NFATC1,RPL6,-0.05255530778227903
NFATC1,RPLP0,-0.05817862678383465
NFATC1,RPS10,-0.0430366641668154
NFATC1,RPS12,-0.06234050953459165
NFATC1,RPS13,-0.05869026753446805
NFATC1,RPS14,-0.06346710712936453
NFATC1,RPS15,-0.06639958818961342
NFATC1,RPS15A,-0.0688900512571592
NFATC1,RPS16,-0.055475462001215003
NFATC1,RPS18,-0.06297575165503427
NFATC1,RPS19,-0.07063324958622147
NFATC1,RPS2,-0.0516595696008939
NFATC1,RPS21,-0.06577924081745433
NFATC1,RPS23,-0.059761035505659525
NFATC1,RPS27,-0.07295236969488618
NFATC1,RPS3,-0.05381066133532285
NFATC1,RPS3A,-0.051844280138380626
NFATC1,RPS4X,-0.052725427442474604
NFATC1,RPS6,-0.05856237697063273
NFATC1,RPS7,-0.053946008156038075
NFATC1,RPS8,-0.06010174186761777
NFATC1,RPS9,-0.04107634619153097
NFATC1,RPSA,-0.0446872439398092
NFATC1,SERF2,-0.03878696781785705
NFATC1,SH3BGRL3,-0.0364752514288675
NFATC1,TMSB4X,-0.0667263691682785
NFATC1,TPT1,-0.05372194413467593
NFATC2,ACTN4,0.05912081506421445
NFATC2,AHR,0.04484827874290625
NFATC2,ANKRD13A,0.03769661565644935
NFATC2,ANXA1,0.05773943385103285
NFATC2,ANXA6,0.0314213028505532
NFATC2,ARAP2,0.0488863604411041
NFATC2,C12orf57,-0.07444797713549356
NFATC2,CDC42EP3,0.041272246112649444
NFATC2,CFLAR,0.039277114593012794
NFATC2,COX4I1,-0.07161218025980177
NFATC2,CYB561,0.04491470585570985
NFATC2,EPHA4,0.0460358341577069
NFATC2,IQGAP2,0.04825227997119065
NFATC2,KLRB1,0.036776346794766705
NFATC2,KLRG1,0.03781624029349565
NFATC2,LCP1,0.041773457155355825
NFATC2,MACF1,0.048185305073976364
NFATC2,MAP4,0.049294919561579595
NFATC2,MBP,0.04212142668779015
NFATC2,NCOA7,0.041458546971359644
NFATC2,NIBAN1,0.07364552316017935
NFATC2,OPTN,0.047669657537996464
NFATC2,PABPC1,-0.0779819733984678
NFATC2,PHACTR2,0.05278507158031965
NFATC2,PPP1R18,0.03232051266343175
NFATC2,PRDM1,0.052009208422224645
NFATC2,PREX1,0.0551742347974581
NFATC2,RPL10,-0.12056901388103294
NFATC2,RPL13,-0.11737516777678655
NFATC2,RPL23,-0.046720874497564104
NFATC2,RPL4,-0.06546569094108716
NFATC2,RPL6,-0.09174974899884022
NFATC2,RPL7,-0.08306679436980563
NFATC2,RPS27,-0.11787408865969955
NFATC2,RPS5,-0.09997453540525822
NFATC2,S100A4,0.056474394119001535
NFATC2,SLC4A7,0.04137544499558795
NFATC2,SPTAN1,0.04316218654744995
NFATC2,TMSB4X,-0.07027898401739013
NFATC2,TPM4,0.03819570889184313
NFATC2,TPT1,-0.1031002891054333
NFATC2,WNK1,0.0495436415508012
NFATC2,YWHAQ,0.039865361733231935
NFATC3,ACTB,-0.0541591368839916
NFATC3,ADAR,0.037735380089384346
NFATC3,AKAP13,0.0350763824843449
NFATC3,ANKRD44,0.040591035493025646
NFATC3,ARHGAP15,0.0364651855638767
NFATC3,ARHGDIB,-0.040318495080510455
NFATC3,ATF7IP,0.03261479587862405
NFATC3,ATM,0.037254916609798946
NFATC3,ATP5F1E,-0.0558586866323955
NFATC3,ATP5MC2,-0.0445159915621592
NFATC3,ATP5MG,-0.041457377471940865
NFATC3,B2M,-0.11704777252790305
NFATC3,BIRC6,0.0370938403277837
NFATC3,BPTF,0.03427189276705605
NFATC3,BTF3,-0.0551039684138385
NFATC3,CCDC88C,0.0332032901286989
NFATC3,CELF2,0.0340308999347443
NFATC3,CFL1,-0.04384053399605575
NFATC3,CHD1,0.03135077863099715
NFATC3,CHD2,0.03128303823887075
NFATC3,CNOT6L,0.0329867416440495
NFATC3,COMMD6,-0.0478682427661794
NFATC3,COX4I1,-0.05158024307674465
NFATC3,COX7C,-0.048111632902753
NFATC3,CUL3,0.0318397506485655
NFATC3,DDX17,0.0405962813287877
NFATC3,DOCK10,0.0382782452050604
NFATC3,EEF1A1,-0.08124169100381942
NFATC3,EEF1B2,-0.05721808637859513
NFATC3,EEF1D,-0.04868011281822297
NFATC3,EEF1G,-0.0419230340336414
NFATC3,EIF1,-0.05170328394970902
NFATC3,ERBIN,0.03251079192983735
NFATC3,FAU,-0.08203050297970027
NFATC3,FKBP5,0.0352644086633856
NFATC3,FOXN3,0.03558082580795575
NFATC3,FTH1,-0.05843551514732644
NFATC3,FTL,-0.05223438044886218
NFATC3,FXYD5,-0.04607241912503585
NFATC3,GLG1,0.0348824282299647
NFATC3,HLA-A,-0.053367482313211756
NFATC3,IFITM1,-0.05552997565814115
NFATC3,INPP5D,0.0314504642161444
NFATC3,ITGA4,0.037061708160573
NFATC3,JUNB,-0.03913596042724885
NFATC3,KANSL1,0.0322454021608697
NFATC3,KAT6A,0.03420036034040915
NFATC3,KMT2C,0.03553857638973555
NFATC3,LNPEP,0.0318594735639442
NFATC3,MACF1,0.0369705931301912
NFATC3,MIF,-0.03938686963456585
NFATC3,MYCBP2,0.03504483940288175
NFATC3,MYH9,0.037348036325709766
NFATC3,MYL12A,-0.0458409369715462
NFATC3,NACA,-0.06972363661117807
NFATC3,NIPBL,0.03512436928303725
NFATC3,OGA,0.032643007429258644
NFATC3,OGT,0.03416337719554583
NFATC3,PABPC1,-0.0391608992103684
NFATC3,PARP8,0.03260334618671305
NFATC3,PCM1,0.035425350947401055
NFATC3,PFDN5,-0.05949115489947332
NFATC3,PFN1,-0.0507479874416754
NFATC3,PPIA,-0.044604767682419694
NFATC3,PTBP3,0.0341376476881614
NFATC3,PTMA,-0.07463290339295381
NFATC3,RACK1,-0.06217460109589673
NFATC3,RASA2,0.03403779460022545
NFATC3,RASGRP1,0.03224027632292665
NFATC3,RIPOR2,0.03898962436677875
NFATC3,RNF213,0.034246218869137
NFATC3,ROCK1,0.0355454816806905
NFATC3,RPL10,-0.1066474734290543
NFATC3,RPL10A,-0.07123405886493347
NFATC3,RPL11,-0.10053611409034865
NFATC3,RPL12,-0.09178513900682822
NFATC3,RPL13,-0.09829889541502387
NFATC3,RPL13A,-0.0817179690638758
NFATC3,RPL14,-0.0785648496443231
NFATC3,RPL15,-0.0683499170312929
NFATC3,RPL17,-0.07736954183711507
NFATC3,RPL18,-0.07942295746825753
NFATC3,RPL18A,-0.09524002601822365
NFATC3,RPL19,-0.09046482898155392
NFATC3,RPL21,-0.08405202966723033
NFATC3,RPL22,-0.0683018616571401
NFATC3,RPL23,-0.036456925798429796
NFATC3,RPL23A,-0.08034378898837348
NFATC3,RPL24,-0.06363561059920977
NFATC3,RPL26,-0.0900213610908477
NFATC3,RPL27,-0.051925454207348835
NFATC3,RPL27A,-0.06962901430363487
NFATC3,RPL28,-0.09317567196556878
NFATC3,RPL29,-0.074851637005955
NFATC3,RPL3,-0.0778751184016548
NFATC3,RPL30,-0.093286231295913
NFATC3,RPL31,-0.06986635572039725
NFATC3,RPL32,-0.10560847508293784
NFATC3,RPL34,-0.11030291092401125
NFATC3,RPL35,-0.07181153123162787
NFATC3,RPL35A,-0.09513615964616533
NFATC3,RPL36,-0.09264861975427488
NFATC3,RPL36A,-0.06993363690584817
NFATC3,RPL36AL,-0.0531947667946732
NFATC3,RPL37,-0.07832186420341777
NFATC3,RPL37A,-0.060782777103416626
NFATC3,RPL38,-0.05791220751732945
NFATC3,RPL39,-0.10295712040675385
NFATC3,RPL4,-0.04546377671396745
NFATC3,RPL41,-0.1020802307924449
NFATC3,RPL5,-0.0821372497727876
NFATC3,RPL6,-0.07916902805380245
NFATC3,RPL7,-0.07686614721211857
NFATC3,RPL7A,-0.07996846670365397
NFATC3,RPL8,-0.07587617016391812
NFATC3,RPL9,-0.06735713581833536
NFATC3,RPLP0,-0.0674778238626506
NFATC3,RPLP1,-0.09009190978924085
NFATC3,RPS10,-0.053467503837105954
NFATC3,RPS11,-0.045158835525749855
NFATC3,RPS12,-0.09360616622822951
NFATC3,RPS13,-0.09240278228660112
NFATC3,RPS14,-0.10196402103334702
NFATC3,RPS15,-0.1007841478802682
NFATC3,RPS15A,-0.10227809603641899
NFATC3,RPS16,-0.061937714931351376
NFATC3,RPS18,-0.09569185971836587
NFATC3,RPS19,-0.0938478065408867
NFATC3,RPS2,-0.08029358190073055
NFATC3,RPS20,-0.057910382504617074
NFATC3,RPS21,-0.07830901081597084
NFATC3,RPS23,-0.09039646152081933
NFATC3,RPS24,-0.0654602330705302
NFATC3,RPS27,-0.1063564221772694
NFATC3,RPS27A,-0.10367544919800813
NFATC3,RPS28,-0.1035890100813197
NFATC3,RPS29,-0.08435498046261765
NFATC3,RPS3,-0.09071168385981551
NFATC3,RPS3A,-0.0822700084996619
NFATC3,RPS4X,-0.08663527459933118
NFATC3,RPS5,-0.0711009219539908
NFATC3,RPS6,-0.08336093057157867
NFATC3,RPS7,-0.0821823072667878
NFATC3,RPS8,-0.09046149516735527
NFATC3,RPS9,-0.06500213183206288
NFATC3,RPSA,-0.06603075650099206
NFATC3,SERF2,-0.04635599793082176
NFATC3,SLC38A1,0.03432225078082115
NFATC3,SMCHD1,0.037784427456158745
NFATC3,SMG1,0.035131467747291104
NFATC3,SNRPD2,-0.03942690763524
NFATC3,SORL1,0.03552270216891575
NFATC3,SPTBN1,0.04059533650673305
NFATC3,SRP14,-0.0392812926614509
NFATC3,TC2N,0.0313127627968878
NFATC3,TESPA1,0.032444972636641645
NFATC3,TMA7,-0.0536236706185502
NFATC3,TMSB4X,-0.09445735942412485
NFATC3,TNFAIP3,0.0384649241861929
NFATC3,TOMM7,-0.04729452632049957
NFATC3,UBC,-0.04548843093990875
NFATC3,UQCRB,-0.03894233353465615
NFATC3,USP3,0.03422429386696005
NFATC3,ZC3HAV1,0.0359472511539171
NFATC3,ZNF292,0.03175160124358685
NFE2,MTURN,0.039762371336973204
NFE2,RGS18,0.06671011246706961
NFE2,TSC22D1,0.04684688903082425
NFE2L1,EEF1A1,-0.04475514613930507
NFE2L1,PTMA,-0.04460620364966577
NFE2L1,RPL10A,-0.0399842668252226
NFE2L1,RPL13,-0.05493861850770767
NFE2L1,RPL14,-0.052136164499278
NFE2L1,RPL28,-0.051265406389041625
NFE2L1,RPL31,-0.044797655489087346
NFE2L1,RPL5,-0.0463349260440878
NFE2L1,RPLP1,-0.045514614539471164
NFE2L1,RPLP2,-0.04856516047166396
NFE2L1,RPS12,-0.05163952813866444
NFE2L1,RPS15,-0.05518179847740117
NFE2L1,RPS15A,-0.0575633748489667
NFE2L1,RPS21,-0.0480968251825453
NFE2L1,RPS8,-0.04816188854013443
NFE2L1,TPT1,-0.0509646912325898
NFE2L2,ACTB,-0.0534410251588606
NFE2L2,B2M,-0.0742670253646422
NFE2L2,EEF1A1,-0.05829710556420257
NFE2L2,FAU,-0.05829639188535154
NFE2L2,FTL,-0.03149084458560847
NFE2L2,MT-CO2,-0.04001999919880615
NFE2L2,NR4A2,0.03685125384622745
NFE2L2,PTMA,-0.051382438498908535
NFE2L2,RACK1,-0.04007027901868325
NFE2L2,RPL10,-0.0807616462917149
NFE2L2,RPL10A,-0.048649971927211565
NFE2L2,RPL12,-0.06779249688789134
NFE2L2,RPL13,-0.07650872767018013
NFE2L2,RPL13A,-0.06798039764290377
NFE2L2,RPL15,-0.05083345395608193
NFE2L2,RPL18,-0.05587293520499037
NFE2L2,RPL19,-0.06589021228528123
NFE2L2,RPL24,-0.04461183796778493
NFE2L2,RPL26,-0.06943538269985677
NFE2L2,RPL27,-0.043000089827156
NFE2L2,RPL28,-0.07441018126522614
NFE2L2,RPL29,-0.05567486148786383
NFE2L2,RPL34,-0.08379907251746672
NFE2L2,RPL35A,-0.0694392738799856
NFE2L2,RPL37,-0.06241081505574534
NFE2L2,RPL37A,-0.05407220119630796
NFE2L2,RPL39,-0.08126077186863687
NFE2L2,RPL41,-0.07723128201450603
NFE2L2,RPL5,-0.05315915729589895
NFE2L2,RPL6,-0.05608755405715293
NFE2L2,RPL7A,-0.051014794292967104
NFE2L2,RPL9,-0.0512416256112852
NFE2L2,RPLP0,-0.039816363084657
NFE2L2,RPLP1,-0.06915704192199346
NFE2L2,RPLP2,-0.07383260230155621
NFE2L2,RPS12,-0.0743621218179825
NFE2L2,RPS13,-0.06316768727649047
NFE2L2,RPS14,-0.07453453982677014
NFE2L2,RPS15A,-0.08219122347947362
NFE2L2,RPS19,-0.0774833356638082
NFE2L2,RPS2,-0.0598213388725262
NFE2L2,RPS20,-0.046942297364047
NFE2L2,RPS21,-0.0564051305857044
NFE2L2,RPS23,-0.06743543954215327
NFE2L2,RPS24,-0.04909134227479123
NFE2L2,RPS27,-0.08172657202261957
NFE2L2,RPS27A,-0.07877529705362457
NFE2L2,RPS29,-0.070234828567126
NFE2L2,RPS3,-0.06473363655945259
NFE2L2,RPS4X,-0.061041743587191395
NFE2L2,RPS6,-0.06732444699414457
NFE2L2,RPS7,-0.05701066556629244
NFE2L2,RPS8,-0.069823974460223
NFE2L2,RPS9,-0.045386189437647904
NFE2L2,RPSA,-0.04169920326640045
NFE2L2,TMSB10,-0.07061392396612243
NFE2L2,TMSB4X,-0.07480834932107458
NFE2L2,TPT1,-0.05497124725947945
NFE2L2,UBA52,-0.047173031121909965
NFE2L2,YPEL5,0.03556166254551385
NFIA,B2M,-0.04561326501094845
NFIA,RPL13,-0.042755211601277945
NFIA,RPL21,-0.03568885082343355
NFIA,RPL23A,-0.03313825875542405
NFIA,RPL26,-0.0413756417615947
NFIA,RPS14,-0.04392753140285435
NFIA,RPS15,-0.0438297129329191
NFIA,RPS15A,-0.043030672926134404
NFIA,RPS18,-0.041641385885299906
NFIA,RPS28,-0.0416591002764934
NFIA,RPS8,-0.0488388104212657
NFIC,B2M,-0.065957922285521
NFIC,EEF1A1,-0.04425713954830526
NFIC,MT-CO1,-0.03617350193060605
NFIC,PFDN5,-0.035393351000489334
NFIC,PTMA,-0.047781796342651534
NFIC,RPL10,-0.0604586937267048
NFIC,RPL10A,-0.04119270969853064
NFIC,RPL11,-0.05825075058055977
NFIC,RPL12,-0.056412653909136835
NFIC,RPL13,-0.0638976572417066
NFIC,RPL13A,-0.05288925589189467
NFIC,RPL14,-0.05338167971916985
NFIC,RPL15,-0.0464640083287598
NFIC,RPL17,-0.0539457345108043
NFIC,RPL18,-0.04540262932613797
NFIC,RPL18A,-0.06151314065025767
NFIC,RPL19,-0.04880863269881268
NFIC,RPL21,-0.06164440728535656
NFIC,RPL22,-0.049406563732349806
NFIC,RPL23A,-0.05357063752800767
NFIC,RPL24,-0.04246263412712785
NFIC,RPL26,-0.059568999945464135
NFIC,RPL27A,-0.0595257844247966
NFIC,RPL28,-0.05541941525711056
NFIC,RPL29,-0.04639118228602477
NFIC,RPL3,-0.04808317601608161
NFIC,RPL30,-0.05276334682255335
NFIC,RPL31,-0.052655620284519235
NFIC,RPL32,-0.0630506950998618
NFIC,RPL34,-0.06683134815381753
NFIC,RPL35,-0.04813238441292427
NFIC,RPL35A,-0.0549271803256704
NFIC,RPL36,-0.06048847962746623
NFIC,RPL36A,-0.0432900324533556
NFIC,RPL37,-0.05534928865790623
NFIC,RPL37A,-0.04933582188428835
NFIC,RPL38,-0.04808761223112295
NFIC,RPL41,-0.06024975118082765
NFIC,RPL5,-0.0434295448372496
NFIC,RPL6,-0.04450347149320374
NFIC,RPL7,-0.0575337706235472
NFIC,RPL8,-0.04039752822889577
NFIC,RPL9,-0.039699282197324604
NFIC,RPLP1,-0.05431712337866887
NFIC,RPLP2,-0.05863373995556867
NFIC,RPS12,-0.05256743679319385
NFIC,RPS13,-0.053389062188509175
NFIC,RPS14,-0.06473002174634807
NFIC,RPS15,-0.058292140900998296
NFIC,RPS15A,-0.0622917175767343
NFIC,RPS16,-0.04780126060963755
NFIC,RPS18,-0.0644624755528742
NFIC,RPS19,-0.0656964903586149
NFIC,RPS2,-0.049152108719896594
NFIC,RPS20,-0.0420359065614334
NFIC,RPS21,-0.04461733295426612
NFIC,RPS23,-0.05381831730508783
NFIC,RPS24,-0.04756735208413879
NFIC,RPS25,-0.0580373744926178
NFIC,RPS27,-0.06592064401200436
NFIC,RPS27A,-0.060548167868263
NFIC,RPS28,-0.06044186594966852
NFIC,RPS29,-0.0612919276222351
NFIC,RPS3,-0.05309671413640197
NFIC,RPS3A,-0.04928598597096918
NFIC,RPS4X,-0.053054780415301005
NFIC,RPS5,-0.040540379397571234
NFIC,RPS6,-0.05630026810855703
NFIC,RPS7,-0.04593952161307007
NFIC,RPS8,-0.052933994433815676
NFIC,RPS9,-0.039571777258850964
NFIC,TMSB10,-0.05779528164283454
NFIC,TMSB4X,-0.06543545986448422
NFIC,TPT1,-0.04291900532211535
NFIC,UBA52,-0.04435630758064865
NFKB1,ABCC1,0.06678909996354845
NFKB1,ALG13,0.0447212941448717
NFKB1,ANKRD12,0.04457270285283995
NFKB1,AP3M2,0.05057435213389205
NFKB1,BEST1,0.0534816017196368
NFKB1,BRAF,0.0467693130408056
NFKB1,CD55,0.0757697683014046
NFKB1,CD83,0.06769482156036995
NFKB1,CDC42SE2,0.04569139183958165
NFKB1,CHD1,0.06879515869156155
NFKB1,CORO7,0.0528784734044497
NFKB1,CREBBP,0.04348188402545635
NFKB1,CRYBG1,0.055563139967643144
NFKB1,CYLD,0.041415319118943666
NFKB1,EEF1A1,-0.08529760184433254
NFKB1,EEF1D,-0.06210554484546375
NFKB1,ELL2,0.07264534703843414
NFKB1,EML4,0.044356282401665004
NFKB1,ETV6,0.04401312710465585
NFKB1,HIPK1,0.0402945926231437
NFKB1,HIVEP2,0.04744520333694825
NFKB1,HNRNPUL1,0.0426384192329258
NFKB1,IFRD1,0.05108156259388365
NFKB1,IGF2R,0.036921164565157594
NFKB1,KDM6B,0.07433781968589405
NFKB1,MAP3K2,0.045208642379102
NFKB1,NAMPT,0.05611042249336515
NFKB1,NFKB2,0.048558351734145
NFKB1,PER1,0.10179540814257045
NFKB1,PHACTR2,0.05353247838492995
NFKB1,PIK3R1,0.04671335050415895
NFKB1,PRKCB,0.05454082608609255
NFKB1,RAPGEF1,0.04839916691494875
NFKB1,REL,0.06826853884826295
NFKB1,RIPOR2,0.0320500996174016
NFKB1,RNF157,0.0362853445874579
NFKB1,RORA,0.06421721547323431
NFKB1,RPL35,-0.06777788661463895
NFKB1,RPL6,-0.06747028884088996
NFKB1,RPL7A,-0.0803300313174289
NFKB1,RPS12,-0.0897636761504016
NFKB1,RPS3,-0.08823999737615457
NFKB1,RPS6KA3,0.04590060099051315
NFKB1,SOCS3,0.0610970257143212
NFKB1,ZFP36,0.08830754217776615
NFKB2,ATP5F1E,-0.04474720860193105
NFKB2,BTG2,0.050060222988411854
NFKB2,C12orf57,-0.03656422994026755
NFKB2,C17orf49,0.04562332160792016
NFKB2,CAST,0.03266209985768035
NFKB2,CD82,0.03658434033434856
NFKB2,CHMP1B,0.036261382966807046
NFKB2,COMMD6,-0.03866107258252955
NFKB2,COTL1,0.03198712299207815
NFKB2,DNAJA1,0.0388955167760105
NFKB2,DNAJB1,0.03629459988762855
NFKB2,DUSP1,0.058113682692063906
NFKB2,DUSP2,0.054322639741182
NFKB2,EEF1A1,-0.05806232293120363
NFKB2,EEF1B2,-0.044044678037831936
NFKB2,EEF1D,-0.04301723049569817
NFKB2,EML4,0.0344632551361775
NFKB2,EZR,0.0373969618887059
NFKB2,FOSB,0.052481350931147405
NFKB2,FTL,-0.04418530753042217
NFKB2,HSPA5,0.03895321079825145
NFKB2,IRF1,0.0521033093011355
NFKB2,IRF2BP2,0.04355790875864775
NFKB2,ITGB1,0.02781253469844665
NFKB2,KLF6,0.0540109783549002
NFKB2,LDHA,0.037715171397606564
NFKB2,MYADM,0.0451392550932778
NFKB2,MYH9,0.0354236258344766
NFKB2,NACA,-0.053804478753716266
NFKB2,NFKB1,0.048558351734145
NFKB2,NFKBIA,0.07297798178174417
NFKB2,NINJ1,0.042826362199002294
NFKB2,OPTN,0.035879659011441876
NFKB2,PFDN5,-0.0441884674764741
NFKB2,PIM3,0.0640619616483798
NFKB2,PPP1R15A,0.05281713099500557
NFKB2,PTMA,-0.05924059363530273
NFKB2,RELB,0.07825747663927217
NFKB2,RORA,0.03310904371356527
NFKB2,RPL10,-0.08075774997480917
NFKB2,RPL10A,-0.05164239419383422
NFKB2,RPL12,-0.06928382370050093
NFKB2,RPL13,-0.07303501848385967
NFKB2,RPL13A,-0.06710486384931356
NFKB2,RPL15,-0.05525950132007746
NFKB2,RPL18A,-0.0720361415290534
NFKB2,RPL19,-0.07077249600843927
NFKB2,RPL21,-0.0767817022304864
NFKB2,RPL22,-0.05916153974430818
NFKB2,RPL24,-0.048857806589550204
NFKB2,RPL26,-0.0700881155722219
NFKB2,RPL27A,-0.07058724579380475
NFKB2,RPL28,-0.06785842424853943
NFKB2,RPL29,-0.0653931465320377
NFKB2,RPL3,-0.062016464851869034
NFKB2,RPL31,-0.06449148173992374
NFKB2,RPL32,-0.0861281573394212
NFKB2,RPL35,-0.05921344118325896
NFKB2,RPL37A,-0.05076269683039125
NFKB2,RPL38,-0.05154278654915573
NFKB2,RPL41,-0.0800778321874337
NFKB2,RPL5,-0.06518512421041371
NFKB2,RPL6,-0.05675798359726365
NFKB2,RPL7,-0.06229818207060806
NFKB2,RPL7A,-0.055560032079532334
NFKB2,RPL8,-0.053749006443892876
NFKB2,RPL9,-0.0542015784690241
NFKB2,RPLP0,-0.0428277234350445
NFKB2,RPLP1,-0.0592242872694795
NFKB2,RPLP2,-0.06778249417656287
NFKB2,RPS10,-0.0504234333603343
NFKB2,RPS12,-0.07318428697149702
NFKB2,RPS13,-0.07805396645813313
NFKB2,RPS14,-0.0792680452025636
NFKB2,RPS15,-0.07843114169388997
NFKB2,RPS15A,-0.08328917967088084
NFKB2,RPS18,-0.0662685926894552
NFKB2,RPS2,-0.0618837635791703
NFKB2,RPS21,-0.06564454410356074
NFKB2,RPS24,-0.05899524250877558
NFKB2,RPS27,-0.09120792036209115
NFKB2,RPS27A,-0.08195242220012502
NFKB2,RPS29,-0.07125258833631695
NFKB2,RPS3,-0.069591471610839
NFKB2,RPS3A,-0.07032064859382178
NFKB2,RPS5,-0.05727743175882065
NFKB2,RPS6,-0.06312781180753088
NFKB2,RPS7,-0.06184509866855445
NFKB2,RPS8,-0.0732284094049851
NFKB2,SBDS,0.037426973362982396
NFKB2,SERF2,-0.03752304868632575
NFKB2,SOCS3,0.0395344976952557
NFKB2,TAGLN2,0.0322725263484079
NFKB2,TMA7,-0.038504726802984696
NFKB2,TMSB10,-0.0767662078156007
NFKB2,TNFAIP3,0.0638053930612916
NFKB2,TNIP1,0.04339034081680675
NFKB2,TOMM7,-0.04355960928046234
NFKB2,TPT1,-0.04645378334732906
NFKB2,TXNIP,-0.0637015398723713
NFKB2,WHAMM,0.0500735837637546
NFKB2,YPEL5,0.0523623896593276
NFKB2,ZFP36,0.0431651443889233
NFXL1,B2M,-0.0560621996756464
NFXL1,PTMA,-0.03535836473255847
NFXL1,RPL35,-0.03130686270812485
NFXL1,RPLP2,-0.038940218256870635
NFXL1,RPS18,-0.0441067139155148
NFXL1,RPS19,-0.04449796922574106
NFXL1,RPS8,-0.05043469140282045
NFYA,B2M,-0.061957944345124805
NFYA,EEF1A1,-0.05935740748885045
NFYA,FAU,-0.06042595663981015
NFYA,FTL,-0.0388784899856391
NFYA,NACA,-0.0475036906189416
NFYA,PFDN5,-0.03841808586556775
NFYA,PTMA,-0.047370517113409796
NFYA,RACK1,-0.0401672651335008
NFYA,RPL10,-0.05702548725594927
NFYA,RPL10A,-0.04150008866715795
NFYA,RPL11,-0.054641304202571905
NFYA,RPL13,-0.04986010897309764
NFYA,RPL13A,-0.034941522159672694
NFYA,RPL14,-0.0581040303833259
NFYA,RPL18,-0.05822317889184195
NFYA,RPL18A,-0.051123202266816166
NFYA,RPL19,-0.06326832432893215
NFYA,RPL22,-0.0515224766493983
NFYA,RPL23A,-0.0394310508085686
NFYA,RPL24,-0.0478430265524001
NFYA,RPL26,-0.04880827850423123
NFYA,RPL28,-0.067963192941256
NFYA,RPL29,-0.0585438788175998
NFYA,RPL3,-0.0371365195425591
NFYA,RPL31,-0.035455579077513746
NFYA,RPL32,-0.0565575363922849
NFYA,RPL35A,-0.051327446006192205
NFYA,RPL36,-0.047140448101772564
NFYA,RPL37,-0.05933667101152095
NFYA,RPL5,-0.051707739091515645
NFYA,RPL6,-0.0552322223824005
NFYA,RPL8,-0.0530661589708934
NFYA,RPL9,-0.04425737348581725
NFYA,RPLP0,-0.04423648662740005
NFYA,RPLP1,-0.04774605174311839
NFYA,RPLP2,-0.0541582692695313
NFYA,RPS12,-0.06642157576924115
NFYA,RPS13,-0.049968513546946564
NFYA,RPS15,-0.053549985383374875
NFYA,RPS18,-0.0463107491572827
NFYA,RPS19,-0.049166873770801534
NFYA,RPS2,-0.04051357974673153
NFYA,RPS21,-0.057062082257606644
NFYA,RPS23,-0.050488453807538435
NFYA,RPS24,-0.0552417488497739
NFYA,RPS25,-0.047874814135742995
NFYA,RPS27,-0.0535144104675096
NFYA,RPS28,-0.054749035159164405
NFYA,RPS29,-0.037788550467672766
NFYA,RPS3,-0.04835048152361187
NFYA,RPS3A,-0.05514279546180955
NFYA,RPS5,-0.0476854759864835
NFYA,RPS6,-0.04033048612664847
NFYA,RPS7,-0.0606907321178629
NFYA,RPS8,-0.06169915825648815
NFYA,RPSA,-0.04147381832220135
NFYA,TMSB10,-0.04524781082964006
NFYB,B2M,-0.048049696570685294
NFYB,EEF1A1,-0.03451754747210775
NFYB,FAU,-0.03460381730473735
NFYB,FTH1,-0.0403075868282839
NFYB,PTMA,-0.03172703644943095
NFYB,RPL10,-0.0475673966474742
NFYB,RPL11,-0.0460128433470323
NFYB,RPL12,-0.04039755157845675
NFYB,RPL13,-0.04666777264865355
NFYB,RPL13A,-0.04467299671735725
NFYB,RPL18A,-0.04069885588148495
NFYB,RPL19,-0.037357343580010305
NFYB,RPL26,-0.0387770508249151
NFYB,RPL28,-0.042628697927140996
NFYB,RPL32,-0.0485997148699797
NFYB,RPL35A,-0.0427705637215069
NFYB,RPL36,-0.0388182275006976
NFYB,RPL41,-0.04279250789708705
NFYB,RPLP1,-0.0387917359231995
NFYB,RPLP2,-0.04288069342772615
NFYB,RPS12,-0.043079520985653846
NFYB,RPS13,-0.0406946901694075
NFYB,RPS14,-0.04661629521810365
NFYB,RPS15,-0.0434900698360355
NFYB,RPS15A,-0.048650343013247555
NFYB,RPS18,-0.045747432082140105
NFYB,RPS19,-0.044922217263825795
NFYB,RPS25,-0.041329010147814496
NFYB,RPS27,-0.047913490374651604
NFYB,RPS27A,-0.04854389875029095
NFYB,RPS29,-0.03880885044896805
NFYB,RPS3,-0.03933359185576725
NFYB,RPS6,-0.0387762672091403
NFYB,RPS7,-0.0336093745097215
NFYB,TMSB4X,-0.0441710601273356
NFYC,B2M,-0.06338320606381964
NFYC,EEF1A1,-0.0536970773426223
NFYC,EEF1B2,-0.03931525747953645
NFYC,EEF1D,-0.03854858269784585
NFYC,EIF1,-0.0379303519695053
NFYC,FAU,-0.05347435666815148
NFYC,FTH1,-0.033641747074776296
NFYC,FTL,-0.03359830396003854
NFYC,MT-CO2,-0.045240075269620095
NFYC,NACA,-0.047280226179475554
NFYC,PTMA,-0.049033629698803226
NFYC,RPL10,-0.07082805662165464
NFYC,RPL10A,-0.04992582031864937
NFYC,RPL12,-0.05979477186296625
NFYC,RPL13,-0.06882470016103161
NFYC,RPL13A,-0.0576317859293836
NFYC,RPL14,-0.0536460465221164
NFYC,RPL15,-0.05114275168041107
NFYC,RPL17,-0.06740131424039765
NFYC,RPL18,-0.05490618287089205
NFYC,RPL18A,-0.0628148683771288
NFYC,RPL19,-0.059654449371058654
NFYC,RPL21,-0.06917910952246774
NFYC,RPL22,-0.0624931677129621
NFYC,RPL23A,-0.057893040994548624
NFYC,RPL26,-0.060268550774972875
NFYC,RPL27,-0.05171208934275265
NFYC,RPL27A,-0.0684301285823831
NFYC,RPL28,-0.06359528958360268
NFYC,RPL29,-0.056747379090053306
NFYC,RPL3,-0.054172427473620825
NFYC,RPL30,-0.06306994501090875
NFYC,RPL31,-0.059920927302535
NFYC,RPL34,-0.07354261233069685
NFYC,RPL35,-0.0561903192292487
NFYC,RPL35A,-0.06398468574579333
NFYC,RPL36,-0.06884905069839596
NFYC,RPL37,-0.06664088115794027
NFYC,RPL41,-0.06592557316880225
NFYC,RPL5,-0.050338953698498834
NFYC,RPL6,-0.05405832300175967
NFYC,RPL8,-0.046014421029603694
NFYC,RPL9,-0.04975739732698485
NFYC,RPLP0,-0.0398453710372263
NFYC,RPLP1,-0.05977084737269542
NFYC,RPLP2,-0.06670110087066325
NFYC,RPS11,-0.0399705013782253
NFYC,RPS13,-0.06250833436459467
NFYC,RPS15,-0.06608856193002947
NFYC,RPS15A,-0.07177844402462794
NFYC,RPS16,-0.049968692881404375
NFYC,RPS18,-0.06512905643612166
NFYC,RPS19,-0.06638066553700869
NFYC,RPS2,-0.05487117848717555
NFYC,RPS20,-0.0462948462245823
NFYC,RPS21,-0.0719197178255565
NFYC,RPS24,-0.04851730102967665
NFYC,RPS25,-0.06464474173566698
NFYC,RPS27,-0.07083287117831133
NFYC,RPS28,-0.0782562942910552
NFYC,RPS29,-0.06737607277532273
NFYC,RPS3,-0.0609266196657498
NFYC,RPS5,-0.04930757870275257
NFYC,RPS6,-0.06112576553226627
NFYC,RPS7,-0.051043397726266274
NFYC,RPS8,-0.06151281083285885
NFYC,RPS9,-0.049504438452685734
NFYC,RPSA,-0.0449482252694508
NFYC,TOMM7,-0.040320088001131
NFYC,TPT1,-0.05500590136133449
NFYC,UBA52,-0.0561862517820648
NR1D1,RORA,0.042046437635956
NR1D2,AHNAK,0.05474331954951891
NR1D2,FLNA,0.03897868839810785
NR1D2,IDS,0.059354805920010745
NR1D2,MYADM,0.05449779396890415
NR1D2,NR4A2,0.08023917708026321
NR1D2,ODC1,0.041877372452968104
NR1D2,PFDN5,-0.050018234101020936
NR1D2,PIK3R1,0.03844789995998575
NR1D2,RPS16,-0.0637803380390881
NR1D2,RPS19,-0.07524680801448953
NR1D2,TOMM7,-0.05229073078268325
NR1D2,USP3,0.0376964642098706
NR1H2,ATP5F1E,-0.039057036943106804
NR1H2,CD55,0.03436078706402005
NR1H2,COTL1,0.031580577815097
NR1H2,CYCS,0.04356859118192185
NR1H2,DUSP1,0.051065546364751094
NR1H2,EEF1A1,-0.0553944032553202
NR1H2,FAU,-0.060607627377494096
NR1H2,FTL,-0.03215536581565885
NR1H2,NACA,-0.04061617620311675
NR1H2,NR4A2,0.05584799585272985
NR1H2,PPP1R15A,0.04757551888019951
NR1H2,RPL10A,-0.05164124959698554
NR1H2,RPL12,-0.07433668652435817
NR1H2,RPL22,-0.056120480947918834
NR1H2,RPL27,-0.049022705405038426
NR1H2,RPL27A,-0.07956826538534284
NR1H2,RPL28,-0.07723212953865943
NR1H2,RPL31,-0.06344622759948593
NR1H2,RPL36,-0.07905740887881894
NR1H2,RPL37,-0.07132911534240717
NR1H2,RPL5,-0.05467573156393595
NR1H2,RPL6,-0.05534576919927727
NR1H2,RPS13,-0.070202000236549
NR1H2,RPS15A,-0.09194817686856971
NR1H2,RPS19,-0.08156100816173477
NR1H2,RPS20,-0.062134290461450845
NR1H2,RPS27A,-0.08517130798443696
NR1H2,RPS3A,-0.06875778110974784
NR1H2,RPS5,-0.050250602543812334
NR1H2,RPS7,-0.0579227499751733
NR1H2,RPS8,-0.07742131695593966
NR1H2,RPS9,-0.04712016384680017
NR1H2,RPSA,-0.03811068665626215
NR1H2,SBDS,0.0462795709705774
NR1H2,TNFAIP3,0.05808275280872065
NR2C1,ACTB,-0.04405847331763273
NR2C1,CD52,-0.037176039856644305
NR2C1,EEF1A1,-0.056092912347950497
NR2C1,EIF1,-0.0347657269441441
NR2C1,FAU,-0.0480370709183543
NR2C1,FTH1,-0.040185541331881305
NR2C1,FTL,-0.03498189607891955
NR2C1,HLA-A,-0.04180181687765265
NR2C1,PFDN5,-0.039909393249541805
NR2C1,PFN1,-0.04712296864649805
NR2C1,PTMA,-0.0480267398064915
NR2C1,RPL10,-0.062230143611291235
NR2C1,RPL11,-0.055577386256562
NR2C1,RPL12,-0.052588164230466396
NR2C1,RPL13,-0.06255680224240551
NR2C1,RPL13A,-0.050699070978136904
NR2C1,RPL15,-0.04650727112395435
NR2C1,RPL18,-0.0481113712684332
NR2C1,RPL18A,-0.06289423050409824
NR2C1,RPL23A,-0.05715168958595135
NR2C1,RPL26,-0.05244209450129287
NR2C1,RPL3,-0.0493158899046547
NR2C1,RPL30,-0.049451020192589006
NR2C1,RPL31,-0.046594698966071255
NR2C1,RPL32,-0.0689891781652099
NR2C1,RPL34,-0.06479990023900874
NR2C1,RPL35,-0.050071444882981944
NR2C1,RPL35A,-0.060017787146863
NR2C1,RPL36,-0.0543659588817122
NR2C1,RPL36A,-0.043518429539355946
NR2C1,RPL39,-0.06309137569659916
NR2C1,RPL41,-0.06323344173974536
NR2C1,RPL6,-0.04426875167722224
NR2C1,RPL8,-0.04490234153963187
NR2C1,RPLP2,-0.05579921343629014
NR2C1,RPS13,-0.05836099608265055
NR2C1,RPS14,-0.06808082805041016
NR2C1,RPS15,-0.058607951935528306
NR2C1,RPS15A,-0.0567066655997172
NR2C1,RPS18,-0.0687976224778723
NR2C1,RPS19,-0.0689116899139448
NR2C1,RPS2,-0.0545848071885011
NR2C1,RPS21,-0.055250637070726846
NR2C1,RPS23,-0.056712169141688
NR2C1,RPS25,-0.059108021475173245
NR2C1,RPS27,-0.0630327364667506
NR2C1,RPS27A,-0.059528411376548705
NR2C1,RPS28,-0.06073162023756303
NR2C1,RPS29,-0.05642656003747735
NR2C1,RPS3,-0.058059772915484045
NR2C1,RPS3A,-0.049976470384768254
NR2C1,RPS5,-0.04045266320529365
NR2C1,RPS6,-0.0519629945404715
NR2C1,RPS7,-0.0490753226507285
NR2C1,RPS8,-0.055400100898751754
NR2C1,RPS9,-0.03907986710527795
NR2C1,SH3BGRL3,-0.04314958543098335
NR2C1,TMA7,-0.03114503684008675
NR2C1,TMSB4X,-0.07081800418826834
NR2C2,ACTB,-0.05785399527283675
NR2C2,ATP5F1E,-0.044800881763676956
NR2C2,B2M,-0.10002578450187916
NR2C2,BTF3,-0.04258252898560935
NR2C2,CD52,-0.04444725352699225
NR2C2,COX7C,-0.043937514186152
NR2C2,EEF1A1,-0.0853663513716021
NR2C2,EEF1B2,-0.0535781670404488
NR2C2,EEF1D,-0.0509987587829204
NR2C2,EIF1,-0.0481363223200558
NR2C2,FAU,-0.08361681506862134
NR2C2,FTL,-0.0481533170523445
NR2C2,IFITM1,-0.04448353430188265
NR2C2,MRPS25,0.0383866529263922
NR2C2,MYL12A,-0.0410880264832637
NR2C2,NACA,-0.0686587385072547
NR2C2,PFDN5,-0.05316296918056955
NR2C2,PFN1,-0.04579453025563225
NR2C2,PTMA,-0.06679389395981225
NR2C2,RACK1,-0.0597688849349125
NR2C2,RPL10,-0.09120574961328405
NR2C2,RPL10A,-0.0637672557001212
NR2C2,RPL11,-0.09010308974415904
NR2C2,RPL12,-0.08250125714868445
NR2C2,RPL13,-0.08186411481059011
NR2C2,RPL14,-0.0811337679943745
NR2C2,RPL15,-0.053970084503088794
NR2C2,RPL17,-0.06631436171169895
NR2C2,RPL18,-0.0795606975350911
NR2C2,RPL18A,-0.08298051768548384
NR2C2,RPL19,-0.0867851949472298
NR2C2,RPL21,-0.0530502674967812
NR2C2,RPL22,-0.07226079742636479
NR2C2,RPL23A,-0.0648100045290881
NR2C2,RPL24,-0.0652955451370352
NR2C2,RPL26,-0.08077076885015039
NR2C2,RPL28,-0.091983553222661
NR2C2,RPL29,-0.08058048096833255
NR2C2,RPL3,-0.058675051305068296
NR2C2,RPL30,-0.0916797140971905
NR2C2,RPL32,-0.08901469593253665
NR2C2,RPL34,-0.0892469148410031
NR2C2,RPL35,-0.059467853935068496
NR2C2,RPL35A,-0.0832483103025948
NR2C2,RPL36,-0.07805343569942505
NR2C2,RPL36A,-0.05941493750763505
NR2C2,RPL37,-0.0802331421262284
NR2C2,RPL37A,-0.054811254286203696
NR2C2,RPL38,-0.05019900459922225
NR2C2,RPL39,-0.08526799801883995
NR2C2,RPL41,-0.07624186796932095
NR2C2,RPL5,-0.07528106216117796
NR2C2,RPL6,-0.07696768027042836
NR2C2,RPL7A,-0.0768568166576498
NR2C2,RPL8,-0.07587094495822795
NR2C2,RPL9,-0.061230703404556
NR2C2,RPLP0,-0.06369770470467939
NR2C2,RPLP1,-0.0794773634888992
NR2C2,RPLP2,-0.0713901418809902
NR2C2,RPS12,-0.08948965185478155
NR2C2,RPS13,-0.0811549808532822
NR2C2,RPS14,-0.08453590454314625
NR2C2,RPS15,-0.08606514943760996
NR2C2,RPS15A,-0.09036987659322976
NR2C2,RPS16,-0.05836568490040965
NR2C2,RPS18,-0.0728904668211794
NR2C2,RPS19,-0.0778637117517697
NR2C2,RPS2,-0.06442579702377516
NR2C2,RPS21,-0.07851589358074765
NR2C2,RPS23,-0.08504563961655585
NR2C2,RPS24,-0.07657884477837526
NR2C2,RPS25,-0.07878902408120106
NR2C2,RPS27,-0.08545084182559795
NR2C2,RPS27A,-0.08983119681080225
NR2C2,RPS28,-0.08914335667416835
NR2C2,RPS29,-0.058270441272523704
NR2C2,RPS3,-0.08263206624957126
NR2C2,RPS3A,-0.07690891222609755
NR2C2,RPS4X,-0.0742251710505513
NR2C2,RPS5,-0.0693580228823353
NR2C2,RPS6,-0.06671698485879496
NR2C2,RPS7,-0.08355076922462125
NR2C2,RPS8,-0.0834164015167701
NR2C2,RPS9,-0.05611788846811534
NR2C2,RPSA,-0.06264891602345195
NR2C2,SERF2,-0.041037632779956895
NR2C2,TMA7,-0.04345448816340795
NR2C2,TMSB10,-0.08144148679811494
NR2C2,TMSB4X,-0.078577366742226
NR2C2,TOMM7,-0.04330143261505555
NR2C2,TPT1,-0.07069222946668549
NR2C2,UBA52,-0.05697567836477725
NR3C1,ANKRD13A,0.0377457496080848
NR3C1,ANKRD44,0.03537236151981735
NR3C1,ARID4B,0.0388519840741487
NR3C1,ARID5B,0.049808903445933875
NR3C1,ARPC4,0.0327333539763493
NR3C1,ATP2B4,0.04470701997633215
NR3C1,ATP5F1E,-0.0446148289269441
NR3C1,ATP5MC2,-0.051873863945583104
NR3C1,ATP5MG,-0.04222670055050162
NR3C1,BCLAF1,0.03165574217080355
NR3C1,C12orf57,-0.06476559631638605
NR3C1,CAP1,0.0348176301787246
NR3C1,CAPG,0.043344654424820224
NR3C1,CAPN2,0.040250493982937674
NR3C1,CD74,0.0341136209629056
NR3C1,CD82,0.055350520939968346
NR3C1,CD96,0.03308449655221765
NR3C1,CDC14A,0.03982856748144023
NR3C1,CDC37,0.03042450787379485
NR3C1,CFLAR,0.035693644091173767
NR3C1,CHD1,0.02773753677564885
NR3C1,CHST11,0.046822627918083566
NR3C1,CLDND1,0.03640674243892597
NR3C1,CLIC1,0.0451722449784112
NR3C1,CNOT6L,0.04288877944918795
NR3C1,CORO7,0.038056417816977335
NR3C1,CSRNP1,0.06150774963557735
NR3C1,DDIT4,0.04154778662402493
NR3C1,DNAJB1,0.047884377772308556
NR3C1,DNAJB6,0.0385164552382332
NR3C1,DSTN,0.03439915600057665
NR3C1,DUSP1,0.0721933972186776
NR3C1,DYNLRB1,0.0334848976982642
NR3C1,EEF1A1,-0.11533502527776619
NR3C1,EEF1B2,-0.09324107528330508
NR3C1,EEF1D,-0.06475759000998838
NR3C1,EIF4G2,0.03328275965220045
NR3C1,EMP3,0.03848380790850975
NR3C1,FKBP5,0.031040840270170535
NR3C1,FLNA,0.04598559208007383
NR3C1,GADD45B,0.0308297970567649
NR3C1,GDPD5,0.04193850794497305
NR3C1,GSPT1,0.0375724701260743
NR3C1,HNRNPA1,-0.036208253025781845
NR3C1,HNRNPD,0.03124052966427085
NR3C1,HNRNPF,0.0328925108256407
NR3C1,HSP90B1,0.03688894541537155
NR3C1,IFRD1,0.02920928911816165
NR3C1,JUND,0.0404847216220344
NR3C1,KMT2E,0.03413288588223947
NR3C1,LPP,0.043408934945195
NR3C1,LRRFIP1,0.04032992757556825
NR3C1,MAP4,0.0393416040286642
NR3C1,METTL9,0.0305161490660371
NR3C1,MGST3,0.0343946654050714
NR3C1,NACA,-0.09035204835596687
NR3C1,NCOA7,0.0360926346682023
NR3C1,NFKBIA,0.04961082621376509
NR3C1,NIBAN1,0.05984185545012935
NR3C1,NOSIP,-0.0679836152864528
NR3C1,NR4A2,0.0639349098977999
NR3C1,P4HB,0.03593706093719505
NR3C1,PABPC1,-0.05291176325452307
NR3C1,PASK,0.03490344802761055
NR3C1,PPIA,-0.0423974743320832
NR3C1,PPIB,0.037840384018044654
NR3C1,PPP1R15A,0.054995081912957426
NR3C1,PRDM1,0.04440521643099583
NR3C1,PRKCH,0.03347705892576725
NR3C1,RACK1,-0.07958850863301258
NR3C1,RAP1A,0.03623567654742705
NR3C1,RGS1,0.07352034517807715
NR3C1,RPL10,-0.1394356823875873
NR3C1,RPL15,-0.09651080671462178
NR3C1,RPL19,-0.12938319101381238
NR3C1,RPL22,-0.1099585807729854
NR3C1,RPL23,-0.06207574456920233
NR3C1,RPL28,-0.10780315051731347
NR3C1,RPL30,-0.12719214227063214
NR3C1,RPL32,-0.14779203794613208
NR3C1,RPL34,-0.14292594918340537
NR3C1,RPL35A,-0.13220285015857308
NR3C1,RPL36,-0.10814912635844046
NR3C1,RPL37,-0.11386743336879132
NR3C1,RPL4,-0.06421760539987323
NR3C1,RPL41,-0.11301662115749617
NR3C1,RPL5,-0.1022059214993848
NR3C1,RPL7,-0.0989902742937053
NR3C1,RPL7A,-0.10801817937739915
NR3C1,RPL7L1,0.029452587729168048
NR3C1,RPL9,-0.1078591466653657
NR3C1,RPLP0,-0.08871482545264814
NR3C1,RPS10,-0.07000461670176593
NR3C1,RPS12,-0.13322346986883948
NR3C1,RPS14,-0.14377616778855257
NR3C1,RPS16,-0.09900662789269232
NR3C1,RPS18,-0.12002548042961916
NR3C1,RPS23,-0.1399024605078616
NR3C1,RPS24,-0.10107232605511937
NR3C1,RPS26,-0.042199706811451354
NR3C1,RPS27,-0.1295608300581589
NR3C1,RPS27A,-0.13588217757986795
NR3C1,RPS29,-0.10017620476038908
NR3C1,RPS3,-0.12217799309221622
NR3C1,RPS8,-0.1324091152037681
NR3C1,RPS9,-0.0994612262823861
NR3C1,SEC61B,0.03885572433994155
NR3C1,SFXN1,0.03286851403976873
NR3C1,SH3BP5,0.04197944978141583
NR3C1,SIAH2,0.0366510995588159
NR3C1,SLC2A3,0.04546758127676834
NR3C1,SLTM,0.02912022851371175
NR3C1,SMC4,0.03107273831233085
NR3C1,SMCHD1,0.0398697700050987
NR3C1,SNX6,0.0297264527572812
NR3C1,SOD2,0.0361486091106613
NR3C1,SQSTM1,0.0314381217358425
NR3C1,SRSF7,0.04448190126714987
NR3C1,STAM,0.0410921878299879
NR3C1,STOM,0.03371833810064645
NR3C1,TAGLN2,0.04361522804334673
NR3C1,TANK,0.033386267126280594
NR3C1,TAX1BP1,0.03130316645329565
NR3C1,TENT5C,0.06093782650631357
NR3C1,THRAP3,0.0313739026285661
NR3C1,TMSB10,-0.08809630602036306
NR3C1,TNFRSF4,0.0425734374458562
NR3C1,TPM3,0.0371763639634763
NR3C1,UBA52,-0.07845254908869176
NR3C1,UBC,0.04540959692021935
NR3C1,UBE2I,0.031544402444039
NR3C1,UQCRB,-0.050490312629654026
NR3C1,XRCC5,0.03090656160619435
NR3C1,ZFP36L2,0.05395301556428674
NR3C2,EEF1D,-0.051976707538970296
NR3C2,FOXP1,0.04535501933864455
NR3C2,MBNL1,0.05203956770965295
NR3C2,RPLP0,-0.0649490185736459
NR3C2,TMSB10,-0.1067348403839156
NR3C2,ZBTB20,0.059889741330688154
NR4A1,ARL4A,0.074573190572986
NR4A1,B2M,-0.0433291660475771
NR4A1,BTG2,0.127387833304128
NR4A1,CHMP1B,0.0753006786070467
NR4A1,CSRNP1,0.11372758442675815
NR4A1,DDIT3,0.08655613752015735
NR4A1,DDIT4,0.08095111921455689
NR4A1,DNAJA1,0.0752578139834516
NR4A1,DNAJB1,0.09861151572292355
NR4A1,DUSP1,0.13695886660771675
NR4A1,ELL2,0.06396599341333975
NR4A1,FTH1,0.1014813556234182
NR4A1,IER2,0.06635029430738949
NR4A1,IER5,0.0621770137804531
NR4A1,JUN,0.11894924206631155
NR4A1,JUNB,0.13174387643100885
NR4A1,MYADM,0.10747458571145606
NR4A1,NR4A2,0.1394364599965009
NR4A1,PPP1R15A,0.12199995756317786
NR4A1,RPS27,-0.04183975391534215
NR4A1,SKIL,0.0653359704221757
NR4A1,TNFAIP3,0.12954743815229114
NR4A1,TUBB4B,0.0803282070142129
NR4A1,UBE2S,0.0970517106879012
NR4A2,ABLIM1,0.09609745651280426
NR4A2,AKAP13,0.04262000737571316
NR4A2,ATP5F1E,-0.08902874974132863
NR4A2,BCL2A1,0.042096004443553894
NR4A2,BCLAF1,0.07095331193421045
NR4A2,BIRC3,0.038383316671598
NR4A2,CASK,0.04133062136368605
NR4A2,CBLB,0.042579905854053246
NR4A2,CDC42SE2,0.05431863886389157
NR4A2,COPS2,0.04649388568727417
NR4A2,CRYBG1,0.060635807566017476
NR4A2,CSDE1,0.0639292238053898
NR4A2,DNAJB6,0.08594513712500734
NR4A2,EEF1B2,-0.08848472059030124
NR4A2,ELL2,0.1571824221597496
NR4A2,FOXK1,0.05205422451145685
NR4A2,GLA,0.0622420975065777
NR4A2,GOLGA4,0.044084827912144756
NR4A2,GOLGB1,0.048959014645904006
NR4A2,GRK5,0.044093341658502094
NR4A2,GTPBP1,0.060310015032134796
NR4A2,HBP1,0.051900417492962536
NR4A2,HIF1A,0.05544182628285337
NR4A2,IFRD1,0.09054669090639245
NR4A2,IRF2BPL,0.04539648285764365
NR4A2,ISCA1,0.07907711521243614
NR4A2,JMJD1C,0.07173317542071629
NR4A2,JMJD6,0.050954321874700545
NR4A2,KBTBD2,0.07559071249748656
NR4A2,LPP,0.0345626175349161
NR4A2,MPC2,0.05183920902418955
NR4A2,N4BP1,0.04490853158211305
NR4A2,N4BP2L2,-0.054639807992900594
NR4A2,NASP,0.043932457839428146
NR4A2,NELL2,0.038727453291747455
NR4A2,NFE2L2,0.03685125384622745
NR4A2,NFKBIZ,0.06693573452052277
NR4A2,NR1H2,0.05584799585272985
NR4A2,NR3C1,0.0639349098977999
NR4A2,PAPOLA,0.038320027570714704
NR4A2,PPP2CA,0.062318367327746
NR4A2,PPP2R5C,0.06298753128986515
NR4A2,PRDM2,0.043667501391276294
NR4A2,PRKCH,0.042697455636682854
NR4A2,RACK1,-0.09216710048673525
NR4A2,RAPGEF1,0.0491652090355962
NR4A2,RGS2,0.09472423806849145
NR4A2,RNF168,0.046270909671550356
NR4A2,RSRP1,0.046530305237035594
NR4A2,SELL,-0.07973355973121395
NR4A2,SF3A1,0.04904547594804021
NR4A2,SGK1,0.11493665968518395
NR4A2,SMAP2,0.0601250320968664
NR4A2,SMC4,0.02770609740504915
NR4A2,SNRK,0.053302009934729
NR4A2,SNRPA1,0.048171475259220095
NR4A2,SOD2,0.0808713154539208
NR4A2,SPTAN1,0.046102020180754946
NR4A2,SYNE2,0.042659636900455176
NR4A2,TM2D3,0.056443525589932195
NR4A2,TNKS2,0.04599041098069095
NR4A2,TOM1,0.03905845573760655
NR4A2,TPP2,0.03813005445526604
NR4A2,TRAF3IP3,-0.1324390416037674
NR4A2,UTRN,0.03954267950715013
NR4A2,ZC3H12A,0.1064036999493376
NR4A2,ZNF451,0.043640587437246345
NRF1,B2M,-0.08833837209134905
NRF1,EEF1A1,-0.07236937229221879
NRF1,FAU,-0.06982577338474225
NRF1,NACA,-0.0571600942552988
NRF1,RPL10,-0.07841928183614445
NRF1,RPL11,-0.076730498816132
NRF1,RPL12,-0.06908077296209711
NRF1,RPL13,-0.07260118095522805
NRF1,RPL14,-0.06739906975216005
NRF1,RPL18,-0.06794215536538335
NRF1,RPL18A,-0.07188249462856519
NRF1,RPL19,-0.0735254022470283
NRF1,RPL26,-0.0703157412342733
NRF1,RPL28,-0.0793606285902528
NRF1,RPL29,-0.07020148273996546
NRF1,RPL30,-0.07748091443269406
NRF1,RPL32,-0.07605518760759175
NRF1,RPL34,-0.07725492892185165
NRF1,RPL35A,-0.07198263800810059
NRF1,RPL36,-0.06680572168363325
NRF1,RPL37,-0.071801728896626
NRF1,RPL39,-0.073172354868931
NRF1,RPL41,-0.06354447501388676
NRF1,RPL5,-0.06033309696477965
NRF1,RPL6,-0.06616058505199875
NRF1,RPL7A,-0.06372868667431304
NRF1,RPL8,-0.062160509885421544
NRF1,RPLP0,-0.055020541854679
NRF1,RPLP1,-0.07235213597695575
NRF1,RPS12,-0.0772722461491838
NRF1,RPS13,-0.0680746122153119
NRF1,RPS14,-0.0729946792111872
NRF1,RPS15,-0.07361638267140544
NRF1,RPS15A,-0.07890337126628369
NRF1,RPS18,-0.06768929263790464
NRF1,RPS19,-0.07018565404138385
NRF1,RPS21,-0.0673623184332821
NRF1,RPS23,-0.0714057774867827
NRF1,RPS24,-0.066068629305958
NRF1,RPS25,-0.06876866396406575
NRF1,RPS27,-0.07203195927801945
NRF1,RPS27A,-0.0767456284437561
NRF1,RPS28,-0.0759576678402224
NRF1,RPS3,-0.06983091123549545
NRF1,RPS3A,-0.06667438561994245
NRF1,RPS4X,-0.06400525143270595
NRF1,RPS7,-0.0714017606756479
NRF1,RPS8,-0.0736562866073257
NRF1,TMSB10,-0.0707241512572698
NRF1,TMSB4X,-0.07198622954522216
NRF1,TPT1,-0.0673150424383171
PATZ1,B2M,-0.057039752400906196
PATZ1,RPL10,-0.04292178461996355
PATZ1,RPL11,-0.03918560464091455
PATZ1,RPL13,-0.03712265353925775
PATZ1,RPL18A,-0.0375023681468068
PATZ1,RPL26,-0.03505110799077915
PATZ1,RPL32,-0.04044706808010385
PATZ1,RPL34,-0.0469489435794714
PATZ1,RPL35A,-0.03561707580527435
PATZ1,RPL36,-0.035876705168237155
PATZ1,RPL39,-0.04284940158793035
PATZ1,RPL41,-0.040409576672854206
PATZ1,RPS13,-0.033145898606145904
PATZ1,RPS14,-0.040451927100474155
PATZ1,RPS15,-0.04007928457294785
PATZ1,RPS15A,-0.04173176997107795
PATZ1,RPS18,-0.03873498780674055
PATZ1,RPS19,-0.04177530465005275
PATZ1,RPS23,-0.03516242010460845
PATZ1,RPS25,-0.0354804009453058
PATZ1,RPS27,-0.043078492245999245
PATZ1,RPS27A,-0.042347684426377846
PATZ1,RPS28,-0.042593692014083154
PATZ1,RPS29,-0.03403623759613025
PATZ1,RPS3,-0.0315560771408248
PATZ1,TMSB10,-0.0397713724209995
PATZ1,TMSB4X,-0.0487758350559682
PBX2,B2M,-0.07189163884070075
PBX2,EEF1A1,-0.04129468009650105
PBX2,FAU,-0.037553535316755475
PBX2,PTMA,-0.03720498846688173
PBX2,RPL18,-0.03880762943810495
PBX2,RPL18A,-0.04552198268757823
PBX2,RPL23A,-0.04356110355222986
PBX2,RPL24,-0.03302123470635725
PBX2,RPL32,-0.050689889751008875
PBX2,RPL34,-0.05746141731183304
PBX2,RPL35,-0.04087449629147147
PBX2,RPL35A,-0.04488650201484367
PBX2,RPL36,-0.0475206479732641
PBX2,RPL39,-0.050571581609558824
PBX2,RPL6,-0.04155298520908715
PBX2,RPL7,-0.04462854964054405
PBX2,RPLP1,-0.04361336948636145
PBX2,RPS18,-0.049998326193086966
PBX2,RPS19,-0.05153009264585464
PBX2,RPS21,-0.045664113074365645
PBX2,RPS24,-0.037348667026039
PBX2,RPS29,-0.04824984113587274
PBX2,RPS6,-0.040563357672940635
PBX2,RPS7,-0.042336208620986804
PBX2,RPS8,-0.0421763694806602
PBX2,TMSB4X,-0.05700972869518502
PBX3,RPL10,-0.0662634500189732
PBX3,RPL13,-0.0604268038124655
PBX3,RPL13A,-0.0437812611095691
PBX3,RPL18A,-0.05911343344241665
PBX3,RPL21,-0.04620733743826545
PBX3,RPL23A,-0.050580448761813654
PBX3,RPL27A,-0.03144365461577145
PBX3,RPL3,-0.0454839260466504
PBX3,RPL31,-0.0390973976057269
PBX3,RPL32,-0.063276468267238
PBX3,RPL39,-0.06357220462885615
PBX3,RPL41,-0.0550411107460526
PBX3,RPS14,-0.0622206279435966
PBX3,RPS15A,-0.06293784200452215
PBX3,RPS18,-0.059054034468147845
PBX3,RPS19,-0.061547962286148394
PBX3,RPS27,-0.061942440957245846
PBX3,RPS27A,-0.06576855188149075
PBX3,RPS28,-0.0629639895611871
PBX3,RPS4X,-0.054117140248815004
PBX3,TMSB4X,-0.0669394511293775
PHF20,ACTG1,0.0343731072979291
PHF20,ACTR3,0.0325264758470625
PHF20,AHNAK,0.0361031626864801
PHF20,ANKRD12,0.029511939110513148
PHF20,ANP32B,0.02935072420044675
PHF20,ANXA11,0.0324074996869784
PHF20,ANXA2,0.03015451761096275
PHF20,ARPC1B,0.03302170648048705
PHF20,ATF4,0.033491584112628356
PHF20,ATP5F1E,-0.03912352719044655
PHF20,BCLAF1,0.0341021169195543
PHF20,BDP1,0.030080503402535298
PHF20,BPTF,0.028597422821291303
PHF20,BTG2,0.03249177892095185
PHF20,C9orf78,0.029802014981642554
PHF20,CALR,0.031909518220253
PHF20,CAPN2,0.032852880309753446
PHF20,CAST,0.03196829634478695
PHF20,CD52,-0.043448625528028334
PHF20,CD99,0.03066157280352
PHF20,CDC37,0.03126968082929
PHF20,CHCHD10,0.02992719514535705
PHF20,CLIC1,0.0362748954282606
PHF20,COMMD6,-0.03240466423509445
PHF20,COX4I1,-0.03399056322018245
PHF20,COX7C,-0.036245746191187304
PHF20,CSRNP1,0.0423015620803834
PHF20,CTDSP1,0.028762623967183702
PHF20,DDX39B,0.03506500452745365
PHF20,DEK,0.029084440138045252
PHF20,DUSP1,0.0382302883102947
PHF20,EEF1A1,-0.07035468602356797
PHF20,EEF1D,-0.04274266321760977
PHF20,EIF1,-0.03575417863401865
PHF20,EIF3A,0.03180194112984655
PHF20,EIF4G2,0.030146618919665198
PHF20,EIF5,0.0328196872668179
PHF20,EZR,0.0325576811465422
PHF20,FAU,-0.07200565930786129
PHF20,FBL,0.031783508081056594
PHF20,FKBP8,0.03050768728240155
PHF20,FLNA,0.0295228430910475
PHF20,FNBP4,0.0305700893158729
PHF20,FOSB,0.036682913803963046
PHF20,FTL,-0.04316885657918143
PHF20,G3BP2,0.0299700025792768
PHF20,GADD45B,0.0339370383342228
PHF20,GNAI2,0.03219883273401165
PHF20,GOLGA4,0.030016607152416802
PHF20,GPX1,0.0289996136224119
PHF20,GRB2,0.03004343438214125
PHF20,HCLS1,0.033486970333281754
PHF20,HSP90AA1,0.032977504297986
PHF20,HSP90B1,0.034911127550017254
PHF20,HSPA9,0.032545310720571596
PHF20,HSPD1,0.0321237186210471
PHF20,ICAM3,0.0302569535102091
PHF20,ID2,0.02951397243539675
PHF20,ILF3,0.03228725958874575
PHF20,IQGAP2,0.0290775560474113
PHF20,ITGB2,0.0346080271700029
PHF20,KLF6,0.0278429387993228
PHF20,LDHA,0.03793098618948705
PHF20,M6PR,0.0358105111047107
PHF20,MRFAP1,0.034834330040373396
PHF20,MTDH,0.029813590508540502
PHF20,MYH9,0.0345268183268468
PHF20,NACA,-0.048192673922073256
PHF20,NR4A2,0.0480875257384836
PHF20,OSBPL8,0.03203098920207645
PHF20,PFDN5,-0.05320257044320723
PHF20,PGK1,0.0355218567244618
PHF20,PGLS,0.031010913367350852
PHF20,PHB2,0.0328073349584832
PHF20,PIK3R1,0.034342496771073205
PHF20,PNN,0.03140346867137975
PHF20,PPIB,0.03122074060075735
PHF20,PPP1R15A,0.0374755416647225
PHF20,PRPF6,0.02846255705348005
PHF20,PSAP,0.03096167518745925
PHF20,PTMA,-0.0702967289228099
PHF20,RACK1,-0.048508967454392246
PHF20,RHOA,0.03693587260826715
PHF20,RNPS1,0.0303874889334309
PHF20,RPL10,-0.1036701357608835
PHF20,RPL10A,-0.06389718043459718
PHF20,RPL11,-0.09750465932383028
PHF20,RPL12,-0.08621564796875597
PHF20,RPL13,-0.09767019871350963
PHF20,RPL13A,-0.08502593094987
PHF20,RPL14,-0.06501001825164716
PHF20,RPL15,-0.0679382916064462
PHF20,RPL17,-0.0798747359698853
PHF20,RPL18,-0.07047254301745849
PHF20,RPL18A,-0.0959375653008734
PHF20,RPL19,-0.08052536598171144
PHF20,RPL21,-0.09454070096074853
PHF20,RPL22,-0.0624208317652527
PHF20,RPL22L1,0.03005509496172535
PHF20,RPL23,-0.0453623235658603
PHF20,RPL23A,-0.08183881639881313
PHF20,RPL24,-0.054285196989602665
PHF20,RPL26,-0.09046642410639616
PHF20,RPL27,-0.05456754208234593
PHF20,RPL27A,-0.0955812871420966
PHF20,RPL28,-0.0862000346250192
PHF20,RPL29,-0.06433581313332437
PHF20,RPL3,-0.07581037009450474
PHF20,RPL30,-0.0831069773546965
PHF20,RPL31,-0.07994347442767737
PHF20,RPL32,-0.10565651610651787
PHF20,RPL34,-0.11365383576703485
PHF20,RPL35,-0.07605792213441397
PHF20,RPL35A,-0.09306112261388677
PHF20,RPL36,-0.09374800242156779
PHF20,RPL36A,-0.06712292111088129
PHF20,RPL37,-0.07782346995781186
PHF20,RPL37A,-0.06999803044800323
PHF20,RPL38,-0.0653250525899637
PHF20,RPL39,-0.10769597598751944
PHF20,RPL41,-0.10277578644592288
PHF20,RPL5,-0.0650335495589984
PHF20,RPL6,-0.0636202364998623
PHF20,RPL7,-0.07139229085113043
PHF20,RPL7A,-0.05757005021949475
PHF20,RPL8,-0.06435236703715434
PHF20,RPL9,-0.061554739563315135
PHF20,RPLP0,-0.04085951726774255
PHF20,RPLP1,-0.0823370717348182
PHF20,RPLP2,-0.09217912868462975
PHF20,RPS11,-0.04736456484959175
PHF20,RPS12,-0.08831746333058647
PHF20,RPS13,-0.08545378213326223
PHF20,RPS14,-0.09896421616241118
PHF20,RPS15,-0.0992058445258333
PHF20,RPS15A,-0.10675377553945341
PHF20,RPS16,-0.06584275443694047
PHF20,RPS18,-0.09717914210248928
PHF20,RPS19,-0.10005896423077891
PHF20,RPS2,-0.07539547927378941
PHF20,RPS20,-0.06842275519573394
PHF20,RPS21,-0.07193033387860644
PHF20,RPS23,-0.08672434643257076
PHF20,RPS24,-0.062224462371504974
PHF20,RPS25,-0.08790868488009577
PHF20,RPS26,-0.03490462866409524
PHF20,RPS27,-0.1136805794401501
PHF20,RPS27A,-0.10337481822755683
PHF20,RPS28,-0.10344486201255791
PHF20,RPS29,-0.09704065479053581
PHF20,RPS3,-0.0824553971484434
PHF20,RPS3A,-0.0814335405360025
PHF20,RPS4X,-0.080549620003781
PHF20,RPS5,-0.06194108539614187
PHF20,RPS6,-0.0849425768656024
PHF20,RPS7,-0.06982521556918793
PHF20,RPS8,-0.0887988280565214
PHF20,RPS9,-0.062317524472651396
PHF20,RPSA,-0.04661699188367365
PHF20,RSRC2,0.0281354903015811
PHF20,SELENOK,0.039638441156785456
PHF20,SEPTIN9,0.0313343587957131
PHF20,SERBP1,0.03288653583722925
PHF20,SERF2,-0.035986621031351
PHF20,SERPINB1,0.03357478354597675
PHF20,SF3B1,0.030667847577193298
PHF20,SFPQ,0.03217162343834175
PHF20,SH3BP5,0.03256595281845895
PHF20,SLC25A3,0.0316509528129857
PHF20,SMCHD1,0.032772428467286605
PHF20,SNX6,0.0304424196231907
PHF20,SP100,0.034681026572238594
PHF20,SQSTM1,0.02983856573085905
PHF20,SRP72,0.0329370952094228
PHF20,TKT,0.03553046277021865
PHF20,TMA7,-0.03574899117164863
PHF20,TMSB10,-0.09048456902856257
PHF20,TNFAIP3,0.04872722305341652
PHF20,TOMM20,0.03119990683492935
PHF20,TOMM7,-0.0446291423111818
PHF20,TPI1,0.03436153307154785
PHF20,TPM3,0.03585494775141635
PHF20,TPR,0.02981124719876535
PHF20,TPT1,-0.058647635140728446
PHF20,UBA52,-0.058230131739561035
PHF20,UBE2V1,0.033052811996110404
PHF20,XRN2,0.02996978376629195
PHF20,YME1L1,0.02996234150368865
PHF20,YWHAB,0.03181645099469245
PHF20,ZNF331,0.04564786907586801
PHF21A,ANXA2,0.038195703505481154
PHF21A,ATP5F1E,-0.04119892774252275
PHF21A,ATP5MG,-0.03685964311571817
PHF21A,C12orf57,-0.0509235060633243
PHF21A,EEF1A1,-0.08294612826935467
PHF21A,EIF1,-0.0421544557898777
PHF21A,EZR,0.0316502602771975
PHF21A,ITGB1,0.0408540467664552
PHF21A,NACA,-0.09092881063382215
PHF21A,RACK1,-0.07426509050450836
PHF21A,RPL13,-0.091041429326712
PHF21A,RPL15,-0.063677031358711
PHF21A,RPL27,-0.0521340952407428
PHF21A,RPL29,-0.0785813724757657
PHF21A,RPL32,-0.1024361779440406
PHF21A,RPL35,-0.0629197902212793
PHF21A,RPL5,-0.09772370476695055
PHF21A,RPL6,-0.07333866666962076
PHF21A,RPL7A,-0.0948301751449846
PHF21A,RPLP2,-0.08134006892052163
PHF21A,RPS14,-0.0993798040027218
PHF21A,RPS15A,-0.09684644206162037
PHF21A,RPS20,-0.04936962644031715
PHF21A,RPS24,-0.0751364182184376
PHF21A,RPS7,-0.07948916676202464
PHF21A,RPS8,-0.0858885833737129
PHF21A,RPS9,-0.0684707487748705
PHF21A,RPSA,-0.07718920987390895
PHF21A,SARAF,-0.04632553103078105
PHF21A,TOMM7,-0.06037841660819995
PKNOX1,B2M,-0.05331741850482047
PKNOX1,EEF1A1,-0.04519601030554337
PKNOX1,FAU,-0.04256655892378824
PKNOX1,NACA,-0.041111441303106344
PKNOX1,PTMA,-0.0389864253864951
PKNOX1,RACK1,-0.03609622951103815
PKNOX1,RPL10,-0.0551317334513771
PKNOX1,RPL10A,-0.03634566741988313
PKNOX1,RPL12,-0.04583511003959063
PKNOX1,RPL13,-0.05141506010627673
PKNOX1,RPL13A,-0.04082826227101975
PKNOX1,RPL14,-0.04705368532307045
PKNOX1,RPL15,-0.03963731337571835
PKNOX1,RPL17,-0.040101521652975744
PKNOX1,RPL18,-0.0488957198328265
PKNOX1,RPL18A,-0.048760021473438664
PKNOX1,RPL21,-0.0458207964133885
PKNOX1,RPL22,-0.04512404936470485
PKNOX1,RPL23A,-0.04177979039806947
PKNOX1,RPL24,-0.0429307902283025
PKNOX1,RPL26,-0.04699685195332454
PKNOX1,RPL28,-0.048002984215087
PKNOX1,RPL29,-0.0493168477189275
PKNOX1,RPL3,-0.04041608762482776
PKNOX1,RPL30,-0.050436184758658166
PKNOX1,RPL32,-0.055393975477012365
PKNOX1,RPL34,-0.05595670734855746
PKNOX1,RPL35,-0.03683057286275785
PKNOX1,RPL35A,-0.049555218386387934
PKNOX1,RPL36,-0.04456742437401364
PKNOX1,RPL37,-0.0509678806904989
PKNOX1,RPL39,-0.05102866322824293
PKNOX1,RPL41,-0.04882058544556326
PKNOX1,RPL5,-0.04217713841474745
PKNOX1,RPL6,-0.04356223110966015
PKNOX1,RPL7A,-0.04539274783921485
PKNOX1,RPL8,-0.03791511207328643
PKNOX1,RPL9,-0.0409212786803337
PKNOX1,RPLP1,-0.045735599619416235
PKNOX1,RPLP2,-0.048160613444846796
PKNOX1,RPS13,-0.04859536534539883
PKNOX1,RPS14,-0.0531525321851144
PKNOX1,RPS15A,-0.0541433027713053
PKNOX1,RPS16,-0.03960811832072225
PKNOX1,RPS18,-0.04874331612313016
PKNOX1,RPS19,-0.049952128378174095
PKNOX1,RPS2,-0.04318607940358737
PKNOX1,RPS21,-0.0461536659777068
PKNOX1,RPS23,-0.04971180693917087
PKNOX1,RPS24,-0.04777033077810645
PKNOX1,RPS25,-0.04656369298785817
PKNOX1,RPS27,-0.05350912970982604
PKNOX1,RPS27A,-0.054240373242059464
PKNOX1,RPS29,-0.04133837903233817
PKNOX1,RPS3,-0.04639605438013323
PKNOX1,RPS3A,-0.04426016645610079
PKNOX1,RPS5,-0.03578346065143317
PKNOX1,RPS6,-0.04339756034335216
PKNOX1,RPS7,-0.04931234503127125
PKNOX1,RPS8,-0.04666989564794263
PKNOX1,RPS9,-0.0377819563946206
PKNOX1,RPSA,-0.03680235461766275
PKNOX1,TMSB4X,-0.0460551664570422
PKNOX1,TPT1,-0.045730638106573296
PKNOX1,UBA52,-0.038792135729426705
PLAG1,ACTB,-0.058944986109665504
PLAG1,AIF1,0.07912863607909984
PLAG1,CCR7,0.05128083996494575
PLAG1,CRIP1,-0.057065876364530796
PLAG1,ITGB1,-0.0606368709066349
PLAG1,LEF1,0.0465752803130907
PLAG1,PFN1,-0.06460389441779779
PLAG1,S100A6,-0.047764402357482555
PLAG1,SH3BGRL3,-0.07520019474879945
PLAG1,TMSB10,-0.045958506525905995
PLAGL1,B2M,-0.03311647773860925
PLAGL2,FAU,-0.04122438030509965
PLAGL2,RPL13,-0.037818779213318963
PLAGL2,RPL18A,-0.0360018866063135
PLAGL2,RPS15,-0.03947782916182566
PLAGL2,RPS23,-0.04335392710569145
PLAGL2,RPS28,-0.043361932991167335
PLAGL2,TMSB10,-0.036828606321484
POU2F1,RPL11,-0.0662602231822245
POU2F1,RPL5,-0.05968983499116795
POU2F1,RPS24,-0.06275058505159695
POU2F1,SYNE2,0.03147243270751045
POU2F2,AHNAK,0.038840390553907776
POU2F2,AKNA,0.028258853468865898
POU2F2,ANXA2,0.0387484575936381
POU2F2,AQP3,0.0383620220716024
POU2F2,B2M,-0.08870712158414884
POU2F2,CD74,0.0307196244246683
POU2F2,CD82,0.0384167777013389
POU2F2,CFLAR,0.02983027002363165
POU2F2,CLIC1,0.04451709432587195
POU2F2,COX7C,-0.03444298100884435
POU2F2,EEF1A1,-0.06573980644414662
POU2F2,EEF1B2,-0.046927328136175
POU2F2,EEF1G,-0.04945099427262995
POU2F2,EIF1,-0.0408944500664049
POU2F2,FAU,-0.06227128551026688
POU2F2,FTH1,-0.0414553550132652
POU2F2,FTL,-0.03660998653440944
POU2F2,GNAI2,0.0310387771176127
POU2F2,H3-3B,-0.040104516494958845
POU2F2,ITGA4,0.02921623606685215
POU2F2,LCP1,0.031224446222314448
POU2F2,MSN,0.0299651679567701
POU2F2,MYH9,0.0298134398839797
POU2F2,NACA,-0.04973232604488067
POU2F2,PFDN5,-0.046000540322058164
POU2F2,PPP1R18,0.031750701563217854
POU2F2,PTMA,-0.0578562044338604
POU2F2,RAC2,0.030064852503809948
POU2F2,RACK1,-0.04340616655589737
POU2F2,RCSD1,0.0288217094335208
POU2F2,RPL10,-0.08564680866146655
POU2F2,RPL10A,-0.058178565626649976
POU2F2,RPL11,-0.07991111508330284
POU2F2,RPL12,-0.06745131797421577
POU2F2,RPL13,-0.0798693224437349
POU2F2,RPL13A,-0.06761000087048838
POU2F2,RPL14,-0.06134372015987333
POU2F2,RPL15,-0.06143742451744597
POU2F2,RPL17,-0.0662260114436975
POU2F2,RPL18,-0.06069032980166095
POU2F2,RPL18A,-0.07565159354799189
POU2F2,RPL19,-0.07124059947666778
POU2F2,RPL21,-0.08733685606139509
POU2F2,RPL22,-0.05629089729849587
POU2F2,RPL23A,-0.06590630650718655
POU2F2,RPL24,-0.0527570229294786
POU2F2,RPL26,-0.07109213773433323
POU2F2,RPL27,-0.04827107503810575
POU2F2,RPL27A,-0.08866423864412835
POU2F2,RPL28,-0.07118748433997338
POU2F2,RPL29,-0.05634535065747402
POU2F2,RPL3,-0.06786140506044933
POU2F2,RPL30,-0.07386776378447178
POU2F2,RPL31,-0.06466645373843748
POU2F2,RPL32,-0.08557910265141842
POU2F2,RPL34,-0.08725603968213184
POU2F2,RPL35,-0.059121272166020554
POU2F2,RPL35A,-0.07650147766437053
POU2F2,RPL36,-0.0759109810952687
POU2F2,RPL36A,-0.05664659030751044
POU2F2,RPL37,-0.061634537754663224
POU2F2,RPL37A,-0.05319345475806963
POU2F2,RPL38,-0.05601729473021603
POU2F2,RPL39,-0.07753693737024285
POU2F2,RPL4,-0.044410274445200695
POU2F2,RPL41,-0.0777468675687489
POU2F2,RPL5,-0.060702044307038294
POU2F2,RPL6,-0.05661176138166785
POU2F2,RPL7,-0.06369703974889553
POU2F2,RPL7A,-0.05396342724997947
POU2F2,RPL8,-0.05378778903144725
POU2F2,RPL9,-0.0583646566293078
POU2F2,RPLP0,-0.044797933910163734
POU2F2,RPLP1,-0.06492210174053897
POU2F2,RPLP2,-0.07482714843720978
POU2F2,RPS12,-0.07755404260044008
POU2F2,RPS13,-0.0768472831005676
POU2F2,RPS14,-0.08519319943117007
POU2F2,RPS15,-0.07795033179677882
POU2F2,RPS15A,-0.08316194131372202
POU2F2,RPS16,-0.05782652640386497
POU2F2,RPS18,-0.07634591945136422
POU2F2,RPS19,-0.07630290633545322
POU2F2,RPS2,-0.06618868076786845
POU2F2,RPS20,-0.067107323076653
POU2F2,RPS21,-0.0574541473327808
POU2F2,RPS23,-0.07544274606285173
POU2F2,RPS24,-0.05475545272736178
POU2F2,RPS25,-0.0780010445669687
POU2F2,RPS26,-0.03247671888221785
POU2F2,RPS27,-0.0853816483816888
POU2F2,RPS27A,-0.08665829817518741
POU2F2,RPS28,-0.07875769990345598
POU2F2,RPS29,-0.08115257076847503
POU2F2,RPS3,-0.07194818078116832
POU2F2,RPS3A,-0.07125011879527707
POU2F2,RPS4X,-0.06651650115011584
POU2F2,RPS5,-0.05993823519439712
POU2F2,RPS6,-0.07260151302871584
POU2F2,RPS7,-0.06015914219430922
POU2F2,RPS8,-0.06951573289641592
POU2F2,RPS9,-0.0572191287323783
POU2F2,RPSA,-0.0509401736568686
POU2F2,SLFN5,0.032103177831056456
POU2F2,SP100,0.02967233116173315
POU2F2,SPN,0.03091251521645435
POU2F2,SYNE2,0.035767101213761546
POU2F2,TMSB10,-0.0729665470214007
POU2F2,TMSB4X,-0.08162843247278724
POU2F2,TOMM7,-0.04262420746086645
POU2F2,TPT1,-0.058263449875507266
POU2F2,UBA52,-0.051470704202866625
PRDM1,ABLIM1,-0.10523260877988244
PRDM1,ACOT9,0.0467884308718049
PRDM1,ACTN1,-0.08938928499698323
PRDM1,ACTN4,0.09427881279548314
PRDM1,ADAM19,0.10907215264689607
PRDM1,ADGRE5,0.04723675774175367
PRDM1,AFF1,0.04524899301881105
PRDM1,AFF3,-0.0633741554462665
PRDM1,AGPAT4,0.0459420223679479
PRDM1,AHNAK,0.15394302544235294
PRDM1,AIM2,0.0362993761619729
PRDM1,AKAP13,0.04669863974564897
PRDM1,AKT3,0.04354231575847755
PRDM1,ALCAM,0.0425487961688291
PRDM1,ALOX5AP,0.08344349657670319
PRDM1,ANKRD13A,0.0365351646976647
PRDM1,ANKRD28,0.05340330149660527
PRDM1,ANKRD55,-0.06800701109526465
PRDM1,ANP32B,-0.04895648972727905
PRDM1,ANP32E,0.0442444284032302
PRDM1,ANTXR2,0.068142777852432
PRDM1,ANXA1,0.13790205434383884
PRDM1,ANXA2,0.1422626291758589
PRDM1,ANXA4,0.061065799864091
PRDM1,ANXA5,0.0863494385786122
PRDM1,ANXA6,0.04165071077037374
PRDM1,APOBEC3C,0.050380118686240774
PRDM1,APOBEC3H,0.05184959480186425
PRDM1,AQP3,0.05409526899099745
PRDM1,ARF1,0.04356387557488722
PRDM1,ARF5,0.03554902398114117
PRDM1,ARF6,0.04282030705015607
PRDM1,ARFGAP3,0.04165518146261535
PRDM1,ARHGAP15,0.06874609675503313
PRDM1,ARHGAP35,0.051207106159268254
PRDM1,ARHGDIA,0.05033941993276815
PRDM1,ARID5B,0.05233581933363525
PRDM1,ARL4A,0.03827121237636605
PRDM1,ARL6IP5,0.04074332843576655
PRDM1,ARPC2,0.04005659045032785
PRDM1,ARPC5L,0.041858667785275305
PRDM1,ATG2A,0.04241297528243823
PRDM1,ATM,-0.0780427449873041
PRDM1,ATP2B1,0.06578511466656098
PRDM1,ATP2B4,0.06090384467546345
PRDM1,ATP5MC2,-0.059232043171060754
PRDM1,ATP5MG,-0.044774875881603234
PRDM1,ATP5PO,-0.05341155490349746
PRDM1,ATP6V0B,0.0375319915648302
PRDM1,ATP6V0E1,0.0297541281363245
PRDM1,ATP8B2,0.0436802434007786
PRDM1,ATXN1,0.06285765755420417
PRDM1,AUTS2,0.09089823064128373
PRDM1,B4GALT1,0.0446499252314692
PRDM1,BCL3,0.0640929602255657
PRDM1,BEX3,-0.05628651584148531
PRDM1,BHLHE40,0.09170718852723495
PRDM1,BIRC3,0.048474987508370745
PRDM1,BSG,0.03580217245235184
PRDM1,BTG1,-0.07439725225169741
PRDM1,C12orf57,-0.10608836578003585
PRDM1,C17orf49,0.0375253247459367
PRDM1,C1orf56,0.0379510122669508
PRDM1,C21orf91,0.0377761955569405
PRDM1,CA5B,0.0386502954925199
PRDM1,CALM1,0.050459182515010324
PRDM1,CALM2,0.03078983535698355
PRDM1,CAMK4,-0.06839805734572339
PRDM1,CANX,0.0469536509818402
PRDM1,CAPG,0.06847488679709945
PRDM1,CAPN2,0.0715708271962172
PRDM1,CAPNS1,0.04721645167459415
PRDM1,CAPZA1,0.0480396428034012
PRDM1,CARD16,0.0378961270531024
PRDM1,CASK,0.0600247536714283
PRDM1,CASP4,0.035446324930537135
PRDM1,CASP8,0.049650415267359
PRDM1,CAST,0.08513538105072607
PRDM1,CBLL1,0.0474731759648285
PRDM1,CCDC107,0.048840293341445074
PRDM1,CCDC167,0.050110222733293325
PRDM1,CCND2,0.044974612833436976
PRDM1,CCR2,0.0788395611285193
PRDM1,CCR7,-0.11271040899169397
PRDM1,CCSER2,0.0318847185821459
PRDM1,CD151,0.056780118546102695
PRDM1,CD2,0.05798906734368255
PRDM1,CD226,0.05377142063250314
PRDM1,CD300A,0.054887943899348896
PRDM1,CD37,-0.04115313335125165
PRDM1,CD44,0.0398301389963238
PRDM1,CD47,0.03587336202560805
PRDM1,CD55,-0.0571485815820741
PRDM1,CD58,0.0722010871636513
PRDM1,CD63,0.06635821331392835
PRDM1,CD82,0.07523511295639873
PRDM1,CD99,0.08435756140915952
PRDM1,CDC14A,0.05058952227557685
PRDM1,CDC42,0.033308496116735295
PRDM1,CDC42EP3,0.06821475352422482
PRDM1,CDC42SE1,0.0354352234591563
PRDM1,CDC42SE2,0.030770397728266067
PRDM1,CDCA7L,-0.04892109952358115
PRDM1,CDKN1A,0.06655122617077405
PRDM1,CDKN1B,0.030398567646254867
PRDM1,CDKN2A,0.0482479810739621
PRDM1,CDKN2D,0.04570237205284805
PRDM1,CERS6,-0.062488881212393155
PRDM1,CFLAR,0.05323320859267085
PRDM1,CGAS,0.053704012197263264
PRDM1,CHI3L2,-0.057998018421350744
PRDM1,CHST7,0.04862920889773045
PRDM1,CIRBP,-0.048307119438641105
PRDM1,CISH,0.041554136082308554
PRDM1,CITED4,-0.046542174350110405
PRDM1,CKLF,0.056611538751940596
PRDM1,CLIC1,0.10105906961121378
PRDM1,CLSTN3,0.04488915603477185
PRDM1,CLU,0.0429626236947465
PRDM1,CMTM3,0.03656685144610507
PRDM1,CMTM6,0.04975781393536595
PRDM1,COLQ,0.0434637400133215
PRDM1,COMTD1,0.04884037565335575
PRDM1,COTL1,0.07528588964443711
PRDM1,COX17,0.034058115098144146
PRDM1,COX4I1,-0.08933449036803545
PRDM1,CREB3L2,0.04526274463223514
PRDM1,CREM,0.03106754253121445
PRDM1,CRIP1,0.12479802628609296
PRDM1,CRIP2,0.0756836592847321
PRDM1,CRY1,0.04410814420473795
PRDM1,CRYBG3,0.0394848130505204
PRDM1,CSRNP1,0.05098804475668933
PRDM1,CTNNA1,0.058666622518759245
PRDM1,CTSA,0.05262004529485052
PRDM1,CTSB,0.046462389343393196
PRDM1,CTSC,0.0428880932596296
PRDM1,CTSH,0.06272246918071497
PRDM1,CYB561,0.0844672463282631
PRDM1,DBI,0.03355505895534805
PRDM1,DEGS1,0.035566397752659004
PRDM1,DEK,0.04156441568204193
PRDM1,DENND1B,0.0391622723319314
PRDM1,DHRS7,0.053959515251606
PRDM1,DIAPH1,0.04825562787801387
PRDM1,DIAPH2,0.04176099597412245
PRDM1,DNAJA1,0.04001405229435112
PRDM1,DNAJC1,0.0493347418025726
PRDM1,DNAJC3,0.037011045848295565
PRDM1,DSTN,0.0521269176934181
PRDM1,DUSP1,0.06424096084531256
PRDM1,DUSP16,0.06156237982550605
PRDM1,DUSP2,0.044765310137575474
PRDM1,DUSP5,0.0729557165269216
PRDM1,DYNLRB1,0.0383908588551204
PRDM1,ECPAS,0.03892481880702135
PRDM1,EEF1A1,-0.1276082206393315
PRDM1,EEF1D,-0.08246166365770245
PRDM1,EEF2,-0.0571937032814139
PRDM1,EEPD1,0.0573978478457914
PRDM1,EHD1,0.0379729038109924
PRDM1,EHD4,0.05130335153603715
PRDM1,EIF3E,-0.07459999202825485
PRDM1,EIF3H,-0.06389656580966996
PRDM1,EIF3K,-0.0447942861961143
PRDM1,EIF4E3,0.0409346346175015
PRDM1,EIF4EBP2,0.038309928758891554
PRDM1,ELK3,0.04901588607134207
PRDM1,ELOVL5,0.0499799786224411
PRDM1,EMB,0.06495989388700095
PRDM1,EMC7,0.0341642421603979
PRDM1,EML4,0.051320646070290465
PRDM1,EMP3,0.08072250730614025
PRDM1,EPHA4,0.057038459645015
PRDM1,EPHX2,-0.0749225581168107
PRDM1,EPS15,0.053702288594918
PRDM1,ERN1,0.09577407946878119
PRDM1,ERO1A,0.037647787992183636
PRDM1,EZR,0.07321383942249257
PRDM1,FAM107B,0.03456711165188845
PRDM1,FAM117B,-0.0719801970588131
PRDM1,FAM50A,0.037205978261913165
PRDM1,FAS,0.08705707358749208
PRDM1,FBXL8,0.05670136057260344
PRDM1,FBXW7,0.0386555396364398
PRDM1,FERMT3,0.03495815179149537
PRDM1,FHIT,-0.07197819060848287
PRDM1,FKBP11,0.06605797722397652
PRDM1,FKBP2,0.036335823534091954
PRDM1,FMNL1,0.04041785527236297
PRDM1,FOS,0.047426402366082164
PRDM1,FOSL2,0.054599799051714304
PRDM1,FOXP1,-0.07895863368890566
PRDM1,FRMD4B,0.0551094378618093
PRDM1,FRY,0.09248888706258274
PRDM1,FTL,-0.04228238035317145
PRDM1,FXYD1,0.05457799607300547
PRDM1,FXYD5,0.05269089911284903
PRDM1,FXYD7,0.05981939550923932
PRDM1,FYB1,-0.0604547867495499
PRDM1,GALM,0.048339241562103424
PRDM1,GAPDH,0.061350680911331626
PRDM1,GATA3,0.09042282805114754
PRDM1,GCLM,0.041508690740908946
PRDM1,GCNT1,0.0439369203146638
PRDM1,GDI1,0.04864630207331585
PRDM1,GDPD5,0.0785487654427789
PRDM1,GLB1,0.044979631510583803
PRDM1,GLIPR1,0.10055647813368992
PRDM1,GLIPR2,0.06453178201261606
PRDM1,GLUL,0.04707197598832735
PRDM1,GNA13,0.0420099907834062
PRDM1,GNAQ,0.0369101000989773
PRDM1,GNB1,0.0409643873152829
PRDM1,GOLGB1,0.03689941641502653
PRDM1,GPR65,0.05048703947634613
PRDM1,GPR68,0.041395097518281854
PRDM1,GPRIN3,0.06895819773853958
PRDM1,GSR,0.03656403741314205
PRDM1,GTDC1,0.04430476371383785
PRDM1,GTF3A,0.03545870430734464
PRDM1,GUK1,0.0466185521660375
PRDM1,H1-4,0.046128863453269
PRDM1,HERC5,0.04075125391537185
PRDM1,HERPUD1,0.05733875236578295
PRDM1,HERPUD2,0.035315479647682335
PRDM1,HLA-A,0.06494835173566284
PRDM1,HLA-B,0.042333180757788
PRDM1,HLA-DPA1,0.048199856618618
PRDM1,HLA-DPB1,0.05209650500162157
PRDM1,HLA-DQB1,0.051988740195813024
PRDM1,HM13,0.042052286003318395
PRDM1,HMGN4,0.03446641640433833
PRDM1,HNRNPA1,-0.0338743547033753
PRDM1,HNRNPDL,-0.05074860798457355
PRDM1,HNRNPH1,0.0380238661920168
PRDM1,HNRNPLL,0.07503615501159433
PRDM1,HNRNPUL1,0.04009656735543305
PRDM1,HOPX,0.10508910725946241
PRDM1,HSP90B1,0.03898162305707
PRDM1,HSPA5,0.0485662511978894
PRDM1,HYOU1,0.04267204482958005
PRDM1,ID2,0.0335091721787087
PRDM1,IER2,0.03995935906054323
PRDM1,IER5,0.061706111173769305
PRDM1,IFITM2,0.039115961613378374
PRDM1,IGF1R,-0.05026659019542615
PRDM1,IGFBP3,0.04499304348974265
PRDM1,IKZF3,0.042219975093396
PRDM1,IL15,0.0420392510790212
PRDM1,IL2RA,0.057485092481423
PRDM1,IL32,0.12401604093226037
PRDM1,IL5RA,0.0513186858955336
PRDM1,IL6ST,-0.09318870013913555
PRDM1,IL7R,0.06884076431103762
PRDM1,ILK,0.0396644721330235
PRDM1,INPP4B,0.04570715783635867
PRDM1,INPP5D,0.0479972838499622
PRDM1,IQGAP1,0.0558095510806829
PRDM1,IQGAP2,0.06366004918084432
PRDM1,IRF1,0.03979002330033935
PRDM1,ITGA4,0.0328100572396073
PRDM1,ITGAL,0.0431851393701854
PRDM1,ITGB1,0.16440472501624723
PRDM1,ITGB7,0.03499670333037
PRDM1,ITPRIPL1,0.05236557382040605
PRDM1,JPT1,0.0484978216444693
PRDM1,JUND,0.029422987987537952
PRDM1,KAT2B,0.06573916817277795
PRDM1,KATNAL1,0.04818239038764505
PRDM1,KIF21A,0.04853435324087705
PRDM1,KIF5B,0.03393015041736235
PRDM1,KLF10,0.06421762269543455
PRDM1,KLF6,0.1220402258388648
PRDM1,KLRB1,0.1237232343785859
PRDM1,KLRG1,0.0670493443816199
PRDM1,KRTCAP2,0.040616600874646365
PRDM1,LCP1,0.06450804532989905
PRDM1,LDHA,0.0490112112176079
PRDM1,LDHB,-0.060883068859902474
PRDM1,LDLRAP1,-0.0750346016598073
PRDM1,LEF1,-0.12007375568968404
PRDM1,LEPROTL1,-0.0693940010588716
PRDM1,LGALS1,0.13606033533758238
PRDM1,LIMS1,0.04715773541616503
PRDM1,LMNA,0.1264663685537918
PRDM1,LMO4,0.06288401413042155
PRDM1,LPAR6,0.04861773272865917
PRDM1,LPGAT1,0.0636880511278282
PRDM1,LPP,0.061277623656057795
PRDM1,LRIG1,0.04167992274027605
PRDM1,LRRC8C,0.0610587754185973
PRDM1,LRRFIP1,0.05504155433804213
PRDM1,LRRN3,-0.0826123588199125
PRDM1,LYAR,0.08488129188131982
PRDM1,M6PR,0.03589836607539565
PRDM1,MACF1,0.055717193895547766
PRDM1,MAML2,-0.0796627131637619
PRDM1,MAP1LC3B,0.035576979937813065
PRDM1,MAP3K4,0.046108288333579245
PRDM1,MAP3K5,0.06996463848281455
PRDM1,MAP3K8,0.05465046638578325
PRDM1,MAP4,0.06505476295879324
PRDM1,MAP4K1,0.04576755284574995
PRDM1,MBNL2,0.040761940415367154
PRDM1,MBP,0.03626927353335978
PRDM1,MCOLN2,0.052636052016193854
PRDM1,MGAT5,0.0586503802253315
PRDM1,MGST3,0.04601906159381505
PRDM1,MICAL2,0.0477909685359572
PRDM1,MICAL3,0.0425746008985421
PRDM1,MINK1,0.04974121421943305
PRDM1,MLLT3,-0.05180701465010305
PRDM1,MMP28,-0.06018127381182366
PRDM1,MPRIP,0.03979460306311173
PRDM1,MPZL3,0.0419437269987235
PRDM1,MSN,0.04455321984999323
PRDM1,MTPN,0.036608310074084396
PRDM1,MYBL1,0.07766350900063418
PRDM1,MYH9,0.0495362872711964
PRDM1,MYL12B,0.04440740232492285
PRDM1,MYL6,0.042070308308118975
PRDM1,MYO5A,0.04612827338129317
PRDM1,NABP1,0.0415551922969804
PRDM1,NACA,-0.114904072136923
PRDM1,NCALD,0.0631659979749523
PRDM1,NCOA7,0.05313644158217947
PRDM1,NEDD9,0.03920232226631095
PRDM1,NEK6,0.05261126866540515
PRDM1,NET1,-0.048953157216080796
PRDM1,NFATC2,0.052009208422224645
PRDM1,NFKBIA,0.06834077658352844
PRDM1,NHSL2,0.0787505275757911
PRDM1,NIBAN1,0.11292832747631895
PRDM1,NINJ2,0.03734513027113995
PRDM1,NOG,-0.09699514767739095
PRDM1,NOSIP,-0.0806889029688113
PRDM1,NPC1,0.042970500446246854
PRDM1,NPM1,-0.08584030687907047
PRDM1,NR1D2,0.04012403500552275
PRDM1,NR3C1,0.04440521643099583
PRDM1,NR4A2,0.0358291054371785
PRDM1,NSG1,0.062392153915264176
PRDM1,NUCB2,-0.06670353421186184
PRDM1,OPTN,0.06734825961115785
PRDM1,OSBPL3,0.0642439895604581
PRDM1,OSBPL8,0.034501480156755304
PRDM1,OXNAD1,-0.0857882511179204
PRDM1,P4HB,0.05839328436484098
PRDM1,PABPC1,-0.08402283648251145
PRDM1,PAK2,0.033084162118291655
PRDM1,PAM,0.05350986811212325
PRDM1,PARP8,0.0644466064246632
PRDM1,PAXX,0.05435383350297024
PRDM1,PCNX1,0.04977794206205052
PRDM1,PCNX2,0.03955093699246575
PRDM1,PDCD5,0.03321129741672945
PRDM1,PDE4B,0.0534822955029939
PRDM1,PDE4D,0.049258561945448025
PRDM1,PDIA3,0.04736613215384967
PRDM1,PDIA6,0.05721750367580247
PRDM1,PECAM1,-0.073157950762419
PRDM1,PFDN5,-0.07047268438375125
PRDM1,PFKP,0.04925820366109746
PRDM1,PFN1,0.058038466373447305
PRDM1,PHLDA1,0.08073595919092687
PRDM1,PHLDB2,0.0474131035907529
PRDM1,PHPT1,0.03999745854891975
PRDM1,PI16,0.08997629782814279
PRDM1,PIEZO1,0.0533781907112369
PRDM1,PIK3IP1,-0.06536942974285387
PRDM1,PIK3R1,0.054424249519610425
PRDM1,PIP4K2A,0.047724585606252326
PRDM1,PLAAT3,0.047402350800350795
PRDM1,PLCB1,0.07842870337268329
PRDM1,PLEC,0.04188511512643505
PRDM1,PLEKHA5,0.0645093294485278
PRDM1,PLEKHG3,0.07618944861843463
PRDM1,PMAIP1,0.04942338610386358
PRDM1,PNRC1,-0.0582749932435422
PRDM1,PPIB,0.0564338448734819
PRDM1,PPP1CA,0.043526371339984424
PRDM1,PPP1CB,0.041366484120371805
PRDM1,PPP1R12A,0.036097347569687105
PRDM1,PPP1R15A,0.0629664699232864
PRDM1,PPP1R18,0.039904206174742676
PRDM1,PPP2R2B,0.07305613014389405
PRDM1,PPP2R5C,0.06062755163475907
PRDM1,PPP3CA,0.058758609742452596
PRDM1,PPP4R1,0.043002902019803946
PRDM1,PRDX1,0.047927887820062104
PRDM1,PREX1,0.07184087667320173
PRDM1,PRMT2,-0.0764194655427244
PRDM1,PRNP,0.060248166986730425
PRDM1,PRR5L,0.049853976985177566
PRDM1,PRXL2C,0.03761782350904855
PRDM1,PSMB9,0.04294946133477018
PRDM1,PSME1,0.03767301954313175
PRDM1,PSME2,0.034676180406969535
PRDM1,PSTPIP1,0.042562364161056895
PRDM1,PTGER4,0.03758061264840897
PRDM1,PTMA,-0.0741641160579818
PRDM1,RAB11FIP1,0.04377483414022787
PRDM1,RAB27A,0.048169245594302704
PRDM1,RAB8B,0.04120120810572397
PRDM1,RABGAP1L,0.0552514266135366
PRDM1,RACK1,-0.1017349336562595
PRDM1,RADX,0.0526786006960305
PRDM1,RALGDS,0.056276550369124906
PRDM1,RAP1GAP2,0.0648576392306519
PRDM1,RAP2B,0.0331016519580864
PRDM1,RAPGEF1,0.059753175999869595
PRDM1,RAPGEF6,-0.0505830047553381
PRDM1,RARA,0.0467659577403846
PRDM1,RECQL,0.03618801311041047
PRDM1,REEP3,0.054468942336511735
PRDM1,REEP5,0.07586642878381572
PRDM1,REL,0.03707652704923064
PRDM1,RETREG1,-0.056692484744747
PRDM1,RGS19,0.03574130142100023
PRDM1,RGS2,0.0298570379696937
PRDM1,RHOC,0.06559150140329227
PRDM1,RHOG,0.0373797235124134
PRDM1,RILPL2,0.04235255177229755
PRDM1,RIPK2,0.04610727505116505
PRDM1,RNF149,0.040263066866681935
PRDM1,RNF166,0.0400801779164211
PRDM1,RNF213,0.0368787382173713
PRDM1,RORA,0.0886691286494575
PRDM1,RPL10,-0.13226345487898272
PRDM1,RPL10A,-0.11657084587577304
PRDM1,RPL11,-0.15184525743795782
PRDM1,RPL13,-0.1464804262458173
PRDM1,RPL13A,-0.09187152577506835
PRDM1,RPL14,-0.10492075463870992
PRDM1,RPL15,-0.09915063210012592
PRDM1,RPL17,-0.08546702224038549
PRDM1,RPL18,-0.12914164002640666
PRDM1,RPL19,-0.14762362745571678
PRDM1,RPL21,-0.12986280743654027
PRDM1,RPL22,-0.14006310958821058
PRDM1,RPL23,-0.07733841313479665
PRDM1,RPL23A,-0.087519723077002
PRDM1,RPL24,-0.11131105182465159
PRDM1,RPL26,-0.11684849237651715
PRDM1,RPL27,-0.08398611554572535
PRDM1,RPL27A,-0.10818266580519376
PRDM1,RPL28,-0.10713557013301762
PRDM1,RPL29,-0.12539169180507886
PRDM1,RPL3,-0.11663672954669121
PRDM1,RPL31,-0.12603625202539986
PRDM1,RPL35A,-0.14839057179824294
PRDM1,RPL36A,-0.05798629406197803
PRDM1,RPL37,-0.12474365293689513
PRDM1,RPL37A,-0.0884977191081833
PRDM1,RPL38,-0.096515887047331
PRDM1,RPL4,-0.0820741447586031
PRDM1,RPL7A,-0.0928700979158788
PRDM1,RPLP0,-0.049503570707890625
PRDM1,RPLP1,-0.10492383894249033
PRDM1,RPLP2,-0.1373558596290516
PRDM1,RPN1,0.048219475345632604
PRDM1,RPS11,-0.05712300120773242
PRDM1,RPS12,-0.14641235365973726
PRDM1,RPS13,-0.1762166574136002
PRDM1,RPS14,-0.15326740846149398
PRDM1,RPS15,-0.12436686836307742
PRDM1,RPS15A,-0.15146514367295882
PRDM1,RPS16,-0.1183423266243734
PRDM1,RPS19,-0.09153930062785202
PRDM1,RPS20,-0.09052870080287308
PRDM1,RPS21,-0.10620805882819935
PRDM1,RPS24,-0.12823232838627016
PRDM1,RPS26,-0.04416577069698875
PRDM1,RPS27,-0.13316253602085815
PRDM1,RPS27A,-0.14539358986088655
PRDM1,RPS29,-0.08929348230444895
PRDM1,RPS3,-0.12416511521121706
PRDM1,RPS3A,-0.172285594501699
PRDM1,RPS5,-0.14509276787548964
PRDM1,RPS6,-0.1430675124210458
PRDM1,RPS6KA3,0.0485782602809435
PRDM1,RPS7,-0.10317482537122798
PRDM1,RPS8,-0.151251740372136
PRDM1,RPS9,-0.11837481247987446
PRDM1,RPSA,-0.0695064502700124
PRDM1,RUNX2,0.08050652378590889
PRDM1,S100A10,0.12531456825637083
PRDM1,S100A11,0.13744401295971398
PRDM1,S100A4,0.19406476605232953
PRDM1,S100A6,0.08150359778470315
PRDM1,SAP30,0.05460207749052015
PRDM1,SARAF,-0.09496296258868302
PRDM1,SATB1,-0.0929813213493029
PRDM1,SDF4,0.03852998448515365
PRDM1,SEC11C,0.057045044990497104
PRDM1,SEC61A1,0.0442243341268337
PRDM1,SEC61B,0.07103411310564835
PRDM1,SEL1L3,0.044782315327324546
PRDM1,SELENOH,-0.05207272746168286
PRDM1,SELENOS,0.036065580386881575
PRDM1,SELL,-0.10781220578327275
PRDM1,SEPTIN11,0.05110167938770636
PRDM1,SH2D2A,0.0670131514015215
PRDM1,SH3BGRL3,0.11996711738136373
PRDM1,SH3BP5,0.06187449068511708
PRDM1,SH3GLB1,0.03791116669253533
PRDM1,SKAP2,0.0399295462774323
PRDM1,SLC25A24,0.04603729320289283
PRDM1,SLC39A8,0.047031217786624904
PRDM1,SLC4A7,0.0490582662055182
PRDM1,SLC66A3,0.03886286259295735
PRDM1,SLCO3A1,0.050718154811741405
PRDM1,SMAD3,0.05129464959438817
PRDM1,SMAP1,0.0462105052249367
PRDM1,SND1,0.049402090933835
PRDM1,SNRPD2,-0.046172303663501044
PRDM1,SNX10,0.04493860621702015
PRDM1,SOS1,0.04356378789574474
PRDM1,SP100,0.03620520634082025
PRDM1,SPAG9,0.03187244282756115
PRDM1,SPTAN1,0.04869820470055353
PRDM1,SQOR,0.04605376293130567
PRDM1,SQSTM1,0.03882736560680733
PRDM1,SRSF7,0.0426810275191492
PRDM1,SSBP4,0.0764810232726289
PRDM1,SSR3,0.047991530722649674
PRDM1,SSR4,0.0413032537289297
PRDM1,ST13,-0.07077487155907619
PRDM1,STK10,0.040897862174022304
PRDM1,STK24,0.0406045876919139
PRDM1,STMN1,-0.056087123451588
PRDM1,STOM,0.07801539946211886
PRDM1,STT3B,0.03584435672021105
PRDM1,STX8,0.04034349448398675
PRDM1,SYNE2,0.09565264267752997
PRDM1,SYT11,0.07283997026002405
PRDM1,SYTL1,0.03745435377149915
PRDM1,SYTL2,0.040407641636709346
PRDM1,TAB2,0.050157194257440696
PRDM1,TACC1,0.0380888642930407
PRDM1,TAGLN2,0.07928412634570103
PRDM1,TANK,0.0454438120178734
PRDM1,TAP1,0.042722125739821246
PRDM1,TBCB,0.04411409707753568
PRDM1,TBK1,0.05245245903503885
PRDM1,TBX21,0.0742925525999214
PRDM1,TBXAS1,0.0617256656668757
PRDM1,TCF7,-0.15108504290714939
PRDM1,TENT5C,0.07736302024241687
PRDM1,TGFB1,0.06933853469647794
PRDM1,TGFBR2,-0.07690876576717065
PRDM1,TGFBR3,0.061427779427788674
PRDM1,TIFA,0.03808781912390966
PRDM1,TIMP1,0.08735448878012085
PRDM1,TIPARP,0.053263963394451434
PRDM1,TLN1,0.049009524803965795
PRDM1,TMBIM1,0.038828963990744245
PRDM1,TMED2,0.03900099600148485
PRDM1,TMED5,0.046653526629752695
PRDM1,TMED9,0.033897746662945864
PRDM1,TMIGD2,-0.06593181390802963
PRDM1,TMSB10,-0.09815040767581412
PRDM1,TMX4,0.0644040246376302
PRDM1,TNFAIP3,0.0735491051539253
PRDM1,TNFRSF18,0.08637195258593262
PRDM1,TNFRSF1B,0.06732400768511775
PRDM1,TNFRSF25,0.0369098261130529
PRDM1,TNFSF10,0.04670621394341246
PRDM1,TNIP1,0.0458975003226246
PRDM1,TOB1,0.0463201151510729
PRDM1,TOMM7,-0.0701607585658644
PRDM1,TPD52,0.0468727514831337
PRDM1,TPI1,0.048429664214416364
PRDM1,TPM3,0.04634390135072437
PRDM1,TPM4,0.05954548274103935
PRDM1,TPRG1,0.0564809645503472
PRDM1,TRABD2A,-0.08378456664292355
PRDM1,TRADD,0.08493816170782242
PRDM1,TRIM69,0.0433188860560855
PRDM1,TSC22D3,0.040013079272843255
PRDM1,TSHZ2,-0.05893611110532307
PRDM1,TSPAN2,0.05245200417416886
PRDM1,TSPAN5,0.03939512956299415
PRDM1,TSPO,0.0414382733735617
PRDM1,TTC39C,0.06288684453633
PRDM1,TUBA1C,0.07576021272490674
PRDM1,TUBA4A,0.032571929193365046
PRDM1,TUBB4B,0.045578822461404475
PRDM1,TXK,-0.07958396694780165
PRDM1,UBA52,-0.09207354123462655
PRDM1,UBC,0.04778390350362294
PRDM1,UBE2E2,-0.0417329095572133
PRDM1,UBE2Q2,0.031968704723071
PRDM1,UBXN11,0.042019937466458
PRDM1,UQCRB,-0.06701038112015648
PRDM1,UST,0.060822850579628496
PRDM1,UTRN,0.04477389632505383
PRDM1,UXT,-0.05816230705243465
PRDM1,VAMP8,0.0360442434012647
PRDM1,VCL,0.07001443322953894
PRDM1,VIM,0.0950910563905293
PRDM1,WNK1,0.036343336977138374
PRDM1,XBP1,0.047276389877713675
PRDM1,YWHAQ,0.0697006783864496
PRDM1,YWHAZ,0.039381371212614875
PRDM1,ZBTB38,0.051635441012005304
PRDM1,ZC3H12A,0.055884185098876
PRDM1,ZFP36,0.0632560636265714
PRDM1,ZFP36L2,0.042788899436384975
PRDM1,ZFYVE28,0.05580095685452633
PRDM1,ZNF267,0.04517691696605375
PRDM10,B2M,-0.04819179794222075
PRDM10,EEF1A1,-0.043123876209749445
PRDM10,FAU,-0.0420229374490529
PRDM10,RPL12,-0.041846490081314996
PRDM10,RPL14,-0.040586925070271895
PRDM10,RPL19,-0.044535568792541946
PRDM10,RPL26,-0.04094777064021035
PRDM10,RPL29,-0.040330073811034
PRDM10,RPL30,-0.04733956303427115
PRDM10,RPL32,-0.04527784923120255
PRDM10,RPL34,-0.044776439047858704
PRDM10,RPL35A,-0.043041833737930246
PRDM10,RPL37,-0.04062688842874625
PRDM10,RPL39,-0.042897861162009304
PRDM10,RPL41,-0.0386844366041765
PRDM10,RPL5,-0.038481616297565246
PRDM10,RPL6,-0.03980740420261395
PRDM10,RPL8,-0.03942632311894155
PRDM10,RPS12,-0.045170089677244146
PRDM10,RPS13,-0.0430583316637604
PRDM10,RPS14,-0.04234392118209965
PRDM10,RPS15,-0.04324386135683085
PRDM10,RPS15A,-0.04584681864188875
PRDM10,RPS21,-0.0398857523814782
PRDM10,RPS23,-0.0421166330777287
PRDM10,RPS27,-0.0418757606997543
PRDM10,RPS27A,-0.04580079907247145
PRDM10,RPS28,-0.04537367883093965
PRDM10,RPS3,-0.041621379994374846
PRDM10,RPS7,-0.04299016431381775
PRDM10,RPS8,-0.042096672661834394
PRDM15,EEF1A1,-0.03813110331834675
PRDM15,RPL19,-0.03851907213932145
PRDM15,RPL32,-0.0396012900283976
PRDM15,RPS12,-0.0403248924618171
PRDM15,RPS15,-0.0386413538196509
PRDM15,RPS15A,-0.0408585799080999
PRDM15,RPS27A,-0.04017366754173965
PRDM4,ACTB,-0.03576632854694155
PRDM4,EEF1A1,-0.05173512207061745
PRDM4,NACA,-0.04577552167537745
PRDM4,PTMA,-0.0371445348702247
PRDM4,RPL10,-0.0528415522323347
PRDM4,RPL12,-0.04608431873951157
PRDM4,RPL13,-0.0491067287900391
PRDM4,RPL13A,-0.03708713201283215
PRDM4,RPL15,-0.034717340080740094
PRDM4,RPL18,-0.0501943402334498
PRDM4,RPL18A,-0.04674215396384873
PRDM4,RPL19,-0.047314039976239834
PRDM4,RPL21,-0.0441206731198277
PRDM4,RPL23A,-0.039962685514983304
PRDM4,RPL26,-0.0454176027965425
PRDM4,RPL28,-0.059570386586838955
PRDM4,RPL29,-0.052982805474051695
PRDM4,RPL3,-0.03732474765476715
PRDM4,RPL32,-0.05423570764873206
PRDM4,RPL35A,-0.049063205012172505
PRDM4,RPL36,-0.04504294000711776
PRDM4,RPL37,-0.0549033573815288
PRDM4,RPL41,-0.05024874567755407
PRDM4,RPL5,-0.0467019585333888
PRDM4,RPL6,-0.0495963373878885
PRDM4,RPLP1,-0.04865290669184525
PRDM4,RPLP2,-0.04508325733951895
PRDM4,RPS12,-0.058449249217536095
PRDM4,RPS14,-0.050671918925318
PRDM4,RPS15,-0.0510688467484
PRDM4,RPS18,-0.0497473963539784
PRDM4,RPS19,-0.04615303170767943
PRDM4,RPS23,-0.0484549349957147
PRDM4,RPS27,-0.0530719791900299
PRDM4,RPS28,-0.05332897900593347
PRDM4,RPS29,-0.039154119825765346
PRDM4,RPS3A,-0.04301954010238024
PRDM4,RPS4X,-0.043100977646019334
PRDM4,RPS6,-0.04243257020168295
PRDM4,RPS7,-0.05325382914433065
RARA,ACTN4,0.0460126746509771
RARA,ADAM19,0.048816405135091
RARA,AHNAK,0.07494074637953847
RARA,ALOX5AP,0.0476129614674005
RARA,ANXA2,0.06906921348423734
RARA,ANXA5,0.04520558158867503
RARA,B2M,-0.0535266211991513
RARA,BHLHE40,0.055138624726869645
RARA,BTG1,-0.042265048813775144
RARA,C12orf57,-0.0508810742477355
RARA,CAPG,0.04650504756248653
RARA,CAPN2,0.0384521679412388
RARA,CAST,0.042441749730366254
RARA,CCR4,0.054065984724352596
RARA,CCR6,0.049352455655320496
RARA,CD63,0.03786178886534585
RARA,CD82,0.046815567328937664
RARA,CLIC1,0.05086223701311937
RARA,COTL1,0.0386157747379201
RARA,COX4I1,-0.045253512481295034
RARA,CTSH,0.0432217302348439
RARA,DSTN,0.03535141039378565
RARA,EEF1A1,-0.0636708970901138
RARA,EEF1B2,-0.06436627125461507
RARA,EEF1D,-0.048272301660205706
RARA,EIF1,-0.031914792873857
RARA,EIF3E,-0.038812319677762705
RARA,EMP3,0.0469667248784266
RARA,ERN1,0.03902891650747383
RARA,EZR,0.04887831247064567
RARA,FLNA,0.0461169607789462
RARA,FRY,0.0387983022693597
RARA,FTL,-0.038449534932410497
RARA,GATA3,0.0525886436583784
RARA,HLA-DPA1,0.037135630980872
RARA,IL32,0.0378868553082217
RARA,ITGB1,0.06689654744600122
RARA,KLF6,0.06016637464533883
RARA,LDHA,0.041501666750184796
RARA,LGALS1,0.061973658815967926
RARA,LMNA,0.08886973925788165
RARA,LRRFIP1,0.0400766642092476
RARA,MYADM,0.056164827853601454
RARA,MYO1F,0.05131892298893823
RARA,MYO1G,0.04073860792644425
RARA,NACA,-0.06250225062725996
RARA,NIBAN1,0.0580800787658061
RARA,NPDC1,0.04341075890891203
RARA,OPTN,0.039557487614775205
RARA,PABPC1,-0.04990523722013455
RARA,PDIA6,0.0369438358755642
RARA,PTMA,-0.04901343220309728
RARA,RACK1,-0.053088615132292793
RARA,RPL10,-0.0742580288168069
RARA,RPL10A,-0.0567511390317544
RARA,RPL13,-0.07693173010089067
RARA,RPL13A,-0.055060916997511825
RARA,RPL15,-0.05075389802202247
RARA,RPL17,-0.0630225375605804
RARA,RPL18,-0.06486279985761798
RARA,RPL19,-0.07299749199104022
RARA,RPL21,-0.0687635140909682
RARA,RPL22,-0.06597189058230041
RARA,RPL24,-0.05647070751003147
RARA,RPL26,-0.06497426380315657
RARA,RPL27,-0.04370912454898835
RARA,RPL27A,-0.06134737408729385
RARA,RPL28,-0.06584573579673195
RARA,RPL30,-0.08077388143068523
RARA,RPL31,-0.05967079026006278
RARA,RPL34,-0.08098931657813416
RARA,RPL35A,-0.07826073648935905
RARA,RPL36,-0.06441570861421843
RARA,RPL37,-0.08350187564272493
RARA,RPL37A,-0.060009937231754934
RARA,RPL38,-0.0622789408194332
RARA,RPL4,-0.0457670968787722
RARA,RPL6,-0.05469742648318035
RARA,RPL7,-0.05694329074185202
RARA,RPL7A,-0.0600236496271947
RARA,RPL8,-0.059733134017164034
RARA,RPL9,-0.06435481136483308
RARA,RPLP0,-0.036489463254061265
RARA,RPLP1,-0.060898549567644025
RARA,RPLP2,-0.0746350878749078
RARA,RPS10,-0.04670511567407215
RARA,RPS12,-0.07798807136986508
RARA,RPS14,-0.08025723076457235
RARA,RPS15,-0.07156739421270812
RARA,RPS15A,-0.08315539596738634
RARA,RPS16,-0.05769464340092623
RARA,RPS18,-0.06582859312306791
RARA,RPS19,-0.06222912455306433
RARA,RPS2,-0.0540734641792614
RARA,RPS20,-0.04844478378915664
RARA,RPS21,-0.07571330845314693
RARA,RPS24,-0.06119094721255155
RARA,RPS27,-0.0823930529153747
RARA,RPS27A,-0.0810304550794827
RARA,RPS28,-0.07739918353851102
RARA,RPS3A,-0.07967537109578657
RARA,RPS4X,-0.0651940328551697
RARA,RPS5,-0.06451140833296548
RARA,RPS6,-0.07161191833612975
RARA,RPS7,-0.05798363394546107
RARA,RPS8,-0.07706658600367225
RARA,S100A4,0.06706128950287027
RARA,SARAF,-0.0490924926610742
RARA,TAGLN2,0.06814466070194954
RARA,TGFB1,0.04344490572759404
RARA,TMSB10,-0.053887892256458375
RARA,TNFAIP3,0.0424527234064932
RARA,TNFRSF4,0.047556755645816434
RARA,TNIP1,0.033262671657045696
RARA,TPM4,0.036731134166968896
RARA,TPT1,-0.06405629239597546
RARA,TXN,0.04452576774842063
RARA,TXNIP,-0.054992197354603756
RARA,UBA52,-0.05673976599464947
RARA,YWHAQ,0.04642558466058241
RARG,AHNAK,0.0486831435020815
RARG,ANXA2,0.05287848094343875
RARG,CCR6,0.057481658027620654
RARG,EEF1A1,-0.04327117076029005
RARG,FAU,-0.043820037147763544
RARG,KLRB1,0.04530235524569345
RARG,LGALS3,0.06298732958223645
RARG,NACA,-0.0384026861486091
RARG,PTMA,-0.0439488926159764
RARG,RPL13,-0.04820824406422825
RARG,RPL14,-0.03887529978034465
RARG,RPL19,-0.05044046037138325
RARG,RPL22,-0.04832528777467225
RARG,RPL24,-0.044949976928569446
RARG,RPL26,-0.042266582500501
RARG,RPL29,-0.04440799206698135
RARG,RPL35A,-0.05186857777973
RARG,RPL36,-0.03848047193117855
RARG,RPL5,-0.043941918653901596
RARG,RPLP2,-0.0526659971385553
RARG,RPS12,-0.05398889713535285
RARG,RPS13,-0.05615375201248885
RARG,RPS14,-0.053020620451467895
RARG,RPS15,-0.048150642793643395
RARG,RPS15A,-0.0583825768159682
RARG,RPS16,-0.0425329868917492
RARG,RPS18,-0.0422831222623562
RARG,RPS24,-0.05146875437533225
RARG,RPS27,-0.054929244062322496
RARG,RPS27A,-0.0533086068125173
RARG,RPS28,-0.0486044634588318
RARG,RPS3,-0.048310208424227355
RARG,RPS5,-0.0413093042875936
RARG,RPS6,-0.045144489663470205
RARG,RPS7,-0.04465720711003825
RARG,RPS8,-0.05314642429012515
RARG,S100A4,0.06016598359579385
RARG,TNFRSF4,0.04948875098014575
RARG,UBA52,-0.0407074795174647
RBAK,RPL28,-0.05226514265783405
RBAK,RPL36,-0.042371932853615936
RBAK,RPL37,-0.04535530237540695
RBAK,RPLP1,-0.040768120403259396
RBAK,RPS15,-0.0459317731342971
RBAK,RPS15A,-0.04558031952754096
RBAK,RPS23,-0.0429175163866095
RBAK,RPS27,-0.0485057215109396
RBAK,RPS29,-0.039270642357879804
RBAK,RPS7,-0.04621061302169805
RBPJ,AHNAK,0.041463703247354496
RBPJ,ANXA2,0.04186162651986415
RBPJ,ATP2B1,0.02973833641565005
RBPJ,B2M,-0.08688000934589886
RBPJ,BTG1,-0.04069270886093945
RBPJ,CAPZB,0.0282137982974299
RBPJ,CFLAR,0.02893226738998495
RBPJ,CLIC1,0.0356492842864352
RBPJ,COX4I1,-0.037262576157055305
RBPJ,COX7C,-0.0365806035025998
RBPJ,EEF1A1,-0.07273574118754317
RBPJ,EEF1B2,-0.0535752127598724
RBPJ,EEF1D,-0.041892618368604924
RBPJ,EEF1G,-0.04926584053912917
RBPJ,EIF1,-0.0414864794470848
RBPJ,EIF3A,0.0302754875464658
RBPJ,EZR,0.03092633013143155
RBPJ,FAU,-0.06680748032578805
RBPJ,FLNA,0.0330828502380036
RBPJ,FTL,-0.04248218173896637
RBPJ,ITGB1,0.040521082864185196
RBPJ,ITGB2,0.029515148310486048
RBPJ,JUNB,-0.03930539862055585
RBPJ,LDHA,0.03074571141343605
RBPJ,LGALS1,0.04065674967243333
RBPJ,LGALS3,0.042072563810434095
RBPJ,LRRFIP1,0.032995845175741154
RBPJ,LSP1,0.0286474252827617
RBPJ,MT-CO2,-0.04720423159995665
RBPJ,NACA,-0.0555979559525378
RBPJ,NIBAN1,0.03878614316213543
RBPJ,OPTN,0.033947263880524145
RBPJ,P4HB,0.0290931696890225
RBPJ,PABPC1,-0.046727649626257445
RBPJ,PFDN5,-0.04752830212147953
RBPJ,PTMA,-0.06393530252631152
RBPJ,RACK1,-0.0523044584614741
RBPJ,RPL10,-0.09200327395509666
RBPJ,RPL10A,-0.06281719366273023
RBPJ,RPL11,-0.08788579629352908
RBPJ,RPL12,-0.07494493473608013
RBPJ,RPL13,-0.0874012312107838
RBPJ,RPL13A,-0.07401729038597375
RBPJ,RPL14,-0.06747442880605693
RBPJ,RPL15,-0.06414658947043494
RBPJ,RPL17,-0.0678727213744336
RBPJ,RPL18,-0.07103882403924233
RBPJ,RPL21,-0.08972613038744877
RBPJ,RPL22,-0.06391198822892283
RBPJ,RPL23,-0.04411845418615465
RBPJ,RPL23A,-0.07018341917719467
RBPJ,RPL26,-0.07540032325097103
RBPJ,RPL27,-0.054543616668341476
RBPJ,RPL27A,-0.09151624301616355
RBPJ,RPL28,-0.07793606779465748
RBPJ,RPL29,-0.06400110064710098
RBPJ,RPL3,-0.07240906278687033
RBPJ,RPL30,-0.08188710653889747
RBPJ,RPL31,-0.06925563835713858
RBPJ,RPL32,-0.0953726863481423
RBPJ,RPL35A,-0.08415894424550208
RBPJ,RPL36,-0.07389902071451575
RBPJ,RPL37,-0.06866172984470925
RBPJ,RPL37A,-0.06331103886406879
RBPJ,RPL38,-0.05498311728776545
RBPJ,RPL39,-0.08282809433742777
RBPJ,RPL41,-0.07954866551916043
RBPJ,RPL5,-0.07075583758895475
RBPJ,RPL6,-0.0625128066038764
RBPJ,RPL7,-0.06926827747108355
RBPJ,RPL7A,-0.0619808130451683
RBPJ,RPL8,-0.062070566165860375
RBPJ,RPL9,-0.06655318267986955
RBPJ,RPLP0,-0.04600309229833993
RBPJ,RPLP2,-0.08294408921844684
RBPJ,RPS11,-0.0449615164272532
RBPJ,RPS12,-0.086456522083484
RBPJ,RPS13,-0.08576409569682518
RBPJ,RPS14,-0.0911333046924359
RBPJ,RPS15,-0.0847993985440602
RBPJ,RPS15A,-0.09185119066732263
RBPJ,RPS16,-0.06500027902806385
RBPJ,RPS18,-0.08114432781654063
RBPJ,RPS19,-0.07999183124577885
RBPJ,RPS20,-0.061688966453407434
RBPJ,RPS21,-0.06273417146275295
RBPJ,RPS24,-0.05792614533508505
RBPJ,RPS25,-0.0832139251818172
RBPJ,RPS26,-0.0345768243253122
RBPJ,RPS27,-0.08796419631516197
RBPJ,RPS27A,-0.09274124464842387
RBPJ,RPS28,-0.08438702381336345
RBPJ,RPS29,-0.08384173344073807
RBPJ,RPS3,-0.0789383725041524
RBPJ,RPS3A,-0.08152312986549776
RBPJ,RPS5,-0.06581305691769505
RBPJ,RPS6,-0.079634968201791
RBPJ,RPS7,-0.06450712521245408
RBPJ,RPS8,-0.08131719855527494
RBPJ,RPS9,-0.06119394913072777
RBPJ,RPSA,-0.0544846921330715
RBPJ,S100A4,0.03757771857718965
RBPJ,SP100,0.0284708955453449
RBPJ,SYNE2,0.0348710054073303
RBPJ,TAGLN2,0.0317417477003452
RBPJ,TOMM7,-0.0458714355650032
RBPJ,TPR,0.028538189020075252
RBPJ,TPT1,-0.06238858794441993
RBPJ,TRADD,0.03214116816462175
RBPJ,UBA52,-0.054658199740017226
REL,AHNAK,0.06839786604021487
REL,ANK3,0.03422075957728005
REL,ANKHD1,0.0366819103480086
REL,ANKRD44,0.03622259854648585
REL,ANXA2,0.039102401984654304
REL,ARRDC2,0.0382102523728804
REL,ATP5MG,-0.049998247444876374
REL,ATXN7,0.043042127734910354
REL,B2M,-0.10315224282830729
REL,BAZ1A,0.02922661008300665
REL,BIRC3,0.04479287719725743
REL,BRAF,0.04021085120011915
REL,BUD31,0.0394185740960471
REL,CASP4,0.03021010410787985
REL,CASP8,0.03631491291395143
REL,CD52,-0.048941719153458706
REL,CD82,0.0349902066272898
REL,CD83,0.07087999694410264
REL,CD99,0.04099874741955875
REL,CDK17,0.0603289953860862
REL,CEMIP2,0.050269678700964104
REL,CFLAR,0.0385263637827811
REL,CHD2,0.044143758534678404
REL,CLIC1,0.0386478593833164
REL,CORO7,0.04763080994154837
REL,CRYBG1,0.04285438873483533
REL,DBF4,0.0409434072929089
REL,DENND4A,0.0494495554487741
REL,DNAJA1,0.04902837833960305
REL,DNAJB1,0.05972357702975443
REL,DNAJB6,0.04004020038310133
REL,DUSP2,0.07352174562767408
REL,EEF1B2,-0.08051525082490764
REL,EIF4G2,0.0487437794483064
REL,ELL2,0.06984155559675365
REL,EPC1,0.03829730220912195
REL,ERN1,0.034032924150286165
REL,ESYT2,0.04599544067623815
REL,FAAH2,0.03889628869070405
REL,FLNA,0.04408896099366472
REL,FNBP1,0.04335550511405603
REL,FOSB,0.08165828065779507
REL,FYN,0.03577549629060663
REL,GNAI2,0.032577403496686703
REL,GPCPD1,0.04149334717202577
REL,HERPUD1,0.0371652364070197
REL,HIVEP2,0.0417674572646128
REL,HMGB2,0.03575279980950053
REL,HOOK2,0.08084913020191944
REL,IQGAP1,0.03511119299251425
REL,IRF1,0.056597263457033774
REL,ITSN2,0.03256795482013465
REL,JMY,0.06009145022477565
REL,JUND,0.05015439653225543
REL,LCP1,0.03764725875264503
REL,LGALS1,0.03349897174262475
REL,LMNA,0.08046551004379135
REL,LRRC8C,0.0485580991422285
REL,LYAR,0.0326398713515163
REL,MACF1,0.04354858821434737
REL,MAP3K2,0.04120529111606863
REL,MAP4,0.0347453145603495
REL,MBP,0.0360864275709874
REL,MT-CO2,-0.0588431112167728
REL,MYL12A,-0.06296974029246143
REL,NAMPT,0.04523069287489185
REL,NFKB1,0.06826853884826295
REL,NFKBIA,0.0837481732772359
REL,NFKBIZ,0.05026145822356705
REL,NR1D2,0.0448911064951408
REL,NR4A2,0.09258093911508983
REL,NSMCE3,0.043772501024315597
REL,OGDH,0.041219979462679496
REL,OPTN,0.04320315962565745
REL,PARP8,0.04351540167103753
REL,PASK,0.036095804972863896
REL,PCNX1,0.037935106570108866
REL,PDE4D,0.04999484906498547
REL,PIK3R1,0.052474792072366376
REL,PLP2,0.0286842120514666
REL,PPP2R5C,0.04743717650691993
REL,PRKCB,0.0368982386056644
REL,PRKCH,0.031756073270105496
REL,PRRC2C,0.05995461055817655
REL,PTP4A2,0.03029399192211835
REL,RACK1,-0.06292510475567395
REL,RAPGEF1,0.04198468648107875
REL,RELB,0.0642258002627302
REL,RHOG,0.03646056315100325
REL,RNF213,0.0395596966837354
REL,RPL10,-0.12402662446387065
REL,RPL17,-0.07717926600266244
REL,RPL18,-0.09904529035394985
REL,RPS19,-0.10762489780569265
REL,RPS27A,-0.1242000278988684
REL,RPS28,-0.13010181518443373
REL,RPS3,-0.10801082366339297
REL,RPS5,-0.09641352401255093
REL,SKAP1,0.035513055896624554
REL,SLC38A1,0.039052148079093546
REL,STAG1,0.0326638376544583
REL,TAGLN2,0.039128222442461565
REL,TNFAIP3,0.11041777263506003
REL,TNIP1,0.030773001503061
REL,TNKS2,0.0349040351634421
REL,YME1L1,0.040979495338063804
REL,YWHAQ,0.03542752385944835
REL,YWHAZ,0.05200740276626184
REL,ZBTB1,0.04813859942827461
REL,ZC3H12D,0.04854913139863044
REL,ZEB1,0.037424635178607654
REL,ZFP36,0.06670994842164064
REL,ZNF292,0.0373921112893952
REL,ZNF326,0.034747931712155955
REL,ZNF451,0.034125020125691505
REL,ZNF644,0.038705283705894655
RELA,AHNAK,0.0304275781440571
RELA,ATP5F1E,-0.033732020673332044
RELA,B2M,-0.07982048848617707
RELA,COX7C,-0.036904547780046745
RELA,EEF1A1,-0.05398111892271593
RELA,EIF1,-0.03517204679825795
RELA,PFDN5,-0.040929854630883604
RELA,PTMA,-0.0588393518623033
RELA,RPL10,-0.07153589279089577
RELA,RPL10A,-0.05065469068981513
RELA,RPL12,-0.06966859308692426
RELA,RPL13,-0.07064373255515069
RELA,RPL13A,-0.06612629860006551
RELA,RPL15,-0.05180555026794726
RELA,RPL18,-0.0533542647441379
RELA,RPL18A,-0.0646972145729696
RELA,RPL22,-0.049794754047118556
RELA,RPL26,-0.06963050486001994
RELA,RPL27,-0.051413090871281805
RELA,RPL31,-0.062398493703996694
RELA,RPL37,-0.07163499004890596
RELA,RPL37A,-0.05786490539196056
RELA,RPL38,-0.0669456322564847
RELA,RPL5,-0.054146222598401295
RELA,RPL6,-0.050781334375391896
RELA,RPL7A,-0.050661089106650695
RELA,RPL8,-0.04858245689038463
RELA,RPLP1,-0.06656993909635293
RELA,RPS12,-0.06679104009927578
RELA,RPS14,-0.0695101255353313
RELA,RPS15A,-0.07570739755314959
RELA,RPS16,-0.0536321392665454
RELA,RPS18,-0.07644661381252447
RELA,RPS2,-0.057627107524979994
RELA,RPS20,-0.04548835244600034
RELA,RPS21,-0.056174124164816173
RELA,RPS27A,-0.07285266878222595
RELA,RPS28,-0.07412406528717852
RELA,RPS29,-0.07399397023788336
RELA,RPS3,-0.06434415584096563
RELA,RPS5,-0.04856449607073626
RELA,RPS7,-0.056470420142411604
RELA,RPS8,-0.06604230768625392
RELA,TOMM7,-0.039734892928017046
RELA,TPT1,-0.0561871780274969
RELA,UBA52,-0.0578489050160529
RELB,ABCC1,0.05494340732403685
RELB,AHNAK,0.05690444850917152
RELB,ANXA2,0.03494950475802975
RELB,ARAP2,0.040952992359853946
RELB,ATP2B1,0.042785850467782896
RELB,ATXN1,0.042695820444715746
RELB,B2M,-0.06276967252805928
RELB,BCL3,0.0993560602035486
RELB,BHLHE40,0.0685764338975218
RELB,BIRC3,0.0598640668302554
RELB,C12orf57,-0.047698764584872405
RELB,C17orf49,0.06128646740151387
RELB,CD52,-0.0496077030966656
RELB,CD69,0.08006964979156717
RELB,CD74,0.051958683294630076
RELB,CD82,0.040248651292068546
RELB,CD83,0.0824218841541615
RELB,CHST11,0.0386833474911453
RELB,CLIC1,0.038064541754080805
RELB,COMMD6,-0.0486321170375552
RELB,CORO7,0.0550396776293649
RELB,COTL1,0.043344340310688956
RELB,COX7C,-0.04262140015964877
RELB,CSRNP1,0.08985319652641519
RELB,DDIT4,0.05721320918122334
RELB,DENND4A,0.0406647504445862
RELB,DNAJA1,0.048719489495471065
RELB,DUSP1,0.07505746965926259
RELB,DUSP2,0.0711916125215425
RELB,EEF1A1,-0.06174968265666494
RELB,EEF1B2,-0.0578752355881979
RELB,EEF1D,-0.04280699188144643
RELB,ELL2,0.0604641913595902
RELB,EML4,0.052139338268815005
RELB,EZR,0.056360749490285265
RELB,FAAH2,0.03904838884877135
RELB,FAS,0.0569015976891709
RELB,FAU,-0.06106953754947422
RELB,FLNA,0.04750727419286135
RELB,FOS,0.0784636747121884
RELB,FOSB,0.0720986047411092
RELB,FTL,-0.04376506900259543
RELB,GLIPR1,0.0370211235390779
RELB,HNRNPLL,0.0398396561531293
RELB,HSPA5,0.048933426422495596
RELB,IER5,0.0563556929060373
RELB,IL27RA,0.0357999079813761
RELB,IL2RG,0.0322841530228427
RELB,IRF1,0.06314872637989122
RELB,ITGB1,0.03783319215262083
RELB,KDM2A,0.06220089167711205
RELB,KDM6B,0.06913339518941035
RELB,KLF6,0.057486510871108475
RELB,KLHL5,0.046157120853939554
RELB,LDHA,0.04981195502697453
RELB,LMNA,0.0799695528410128
RELB,LRRC8C,0.04630248523939415
RELB,LTB,0.037714697730972455
RELB,MAP3K1,0.03726288213567735
RELB,MGAT5,0.03866082171554025
RELB,MTFP1,0.0474525451949548
RELB,NACA,-0.05798462715136284
RELB,NFKB1,0.07866031056106125
RELB,NFKB2,0.07825747663927217
RELB,NFKBIA,0.10780163919453215
RELB,NIBAN1,0.04806773847590745
RELB,NINJ1,0.049216220458829354
RELB,NR4A2,0.08679297076597851
RELB,OPTN,0.04732262478725247
RELB,PARP8,0.03871802039025625
RELB,PASK,0.0414712852616559
RELB,PDCD4,0.045692159266352755
RELB,PER1,0.09924645887630909
RELB,PFDN5,-0.0425094721703769
RELB,PPP1R15A,0.06431298413070799
RELB,PPP1R16B,0.051048275634040255
RELB,PPP2R5C,0.0439299708946435
RELB,PRDM1,0.049547825749853794
RELB,PREX1,0.050681621162395954
RELB,PTMA,-0.057261580967035035
RELB,RAB8B,0.040610410741383995
RELB,RACK1,-0.04546579066914553
RELB,RAPGEF1,0.04328469420170495
RELB,REL,0.0642258002627302
RELB,RGS1,0.07549057696279678
RELB,RILPL2,0.039715363546477866
RELB,RNF19A,0.055215386574667
RELB,RPL10,-0.07460372076198854
RELB,RPL11,-0.0799936162850518
RELB,RPL12,-0.06530061200382015
RELB,RPL13,-0.06858291671198308
RELB,RPL14,-0.06012694827598695
RELB,RPL15,-0.05378907608991477
RELB,RPL17,-0.06818104958332524
RELB,RPL18,-0.0604935280178875
RELB,RPL18A,-0.0637890745593469
RELB,RPL19,-0.07034406194940862
RELB,RPL21,-0.07533558391325915
RELB,RPL22,-0.06282905961256355
RELB,RPL23A,-0.06076293813787633
RELB,RPL24,-0.05312305925177067
RELB,RPL26,-0.06326942264591168
RELB,RPL27,-0.042961757183873135
RELB,RPL28,-0.0600048836793445
RELB,RPL29,-0.05575089246212112
RELB,RPL3,-0.0636273355126429
RELB,RPL30,-0.0774550136406411
RELB,RPL31,-0.06608016729267543
RELB,RPL32,-0.08466692153090599
RELB,RPL34,-0.08766457243002
RELB,RPL35,-0.05525310045967307
RELB,RPL35A,-0.07922481950136528
RELB,RPL36,-0.06877308994752275
RELB,RPL36A,-0.04882983730860317
RELB,RPL37,-0.06547968659219008
RELB,RPL37A,-0.055442821162835935
RELB,RPL38,-0.0533522904101946
RELB,RPL39,-0.08478992998961457
RELB,RPL4,-0.03919141190315635
RELB,RPL41,-0.07163229153416112
RELB,RPL5,-0.06714936662313814
RELB,RPL6,-0.05467055775963432
RELB,RPL7,-0.062046801226122106
RELB,RPL7A,-0.0534596117162335
RELB,RPL9,-0.05684049464032213
RELB,RPLP1,-0.060188528186695935
RELB,RPLP2,-0.07569947995013306
RELB,RPS10,-0.05280359183007685
RELB,RPS11,-0.03672917956127275
RELB,RPS12,-0.07125848390232087
RELB,RPS13,-0.08111115890114458
RELB,RPS14,-0.07707559627364002
RELB,RPS15,-0.07355776682479248
RELB,RPS15A,-0.08032118550003303
RELB,RPS16,-0.05648270285228563
RELB,RPS18,-0.072437904917162
RELB,RPS19,-0.06907121831502659
RELB,RPS2,-0.0569360778641698
RELB,RPS20,-0.04710575730527356
RELB,RPS24,-0.05977040206730387
RELB,RPS25,-0.07303487955102426
RELB,RPS26,-0.0444948471440333
RELB,RPS27,-0.08747081667790017
RELB,RPS27A,-0.0763330913828074
RELB,RPS28,-0.08759622743203307
RELB,RPS29,-0.06505799444357055
RELB,RPS3,-0.0647537111000553
RELB,RPS3A,-0.07356343214341153
RELB,RPS4X,-0.0648193639843296
RELB,RPS5,-0.059350074763114824
RELB,RPS6,-0.07258281559813683
RELB,RPS7,-0.0548685801141062
RELB,RPS8,-0.07057006327843116
RELB,RPS9,-0.053262187899227764
RELB,RPSA,-0.04422415747237335
RELB,RUNX3,0.046036069041114555
RELB,SBDS,0.0608596766864968
RELB,SELENOK,0.06716806628849145
RELB,SIK3,0.0443238772044519
RELB,SOCS3,0.0568283285771946
RELB,SRGN,0.08124708957119584
RELB,SSBP4,0.031259375534178055
RELB,TAGLN2,0.04594846078747882
RELB,TANK,0.0403366843755009
RELB,TAPBP,0.037850907448612234
RELB,TGFB1,0.0414508742766183
RELB,TIMP1,0.033950032647261805
RELB,TMA7,-0.04427659220613655
RELB,TMSB10,-0.07654875154183502
RELB,TMSB4X,-0.05571823516155022
RELB,TNFAIP3,0.09509901922955895
RELB,TNFRSF4,0.04327356528274217
RELB,TNIP1,0.051241783984509265
RELB,TOMM7,-0.0491133946410105
RELB,TPT1,-0.061455937282167805
RELB,TRADD,0.03555699427223225
RELB,TRAF3,0.0432824073949309
RELB,TXNIP,-0.0581954047012864
RELB,UBA52,-0.05846907988244115
RELB,UBE2S,0.054196545426150294
RELB,WHAMM,0.057966196955223
RELB,YPEL5,0.074242112232409
RELB,ZBTB1,0.05442246062042795
RELB,ZC3H12D,0.054156275889225294
RELB,ZFP36,0.06834026791249999
RELB,ZNF331,0.0789209632370754
REST,ABLIM1,0.030444498463220747
REST,ACIN1,0.02858023022369325
REST,ACTB,-0.03825264365527193
REST,ADAR,0.0328864523451452
REST,AHNAK,0.04046610895734005
REST,AKAP13,0.03310858857156655
REST,AKAP17A,0.0292079580791976
REST,AKAP9,0.033449295905364745
REST,ALKBH7,0.03065428809818475
REST,ANAPC5,0.0294117784522634
REST,ANKRD11,0.0336491957509034
REST,ANKRD12,0.0356914226628405
REST,ANKRD36C,0.03185076748665275
REST,ANP32B,0.0288685276440661
REST,ANXA11,0.0335529058194644
REST,ANXA2,0.02974025641026435
REST,ANXA6,0.0356174916305331
REST,APBB1IP,0.0331102651934283
REST,APEX1,0.03517623836980545
REST,ARHGAP30,0.0339033286557177
REST,ARHGEF1,0.02980966464230115
REST,ARID4B,0.0389730363120009
REST,ARID5B,0.035278138748320795
REST,ARL4C,0.02917856045083415
REST,ARPC1B,0.03074574202808215
REST,ARPC4,0.0297934380054111
REST,ATF4,0.0359985449854235
REST,ATP2B1,0.029926546969966647
REST,ATP5F1A,0.034663080880617356
REST,ATP5F1E,-0.04418267421670275
REST,ATP5MG,-0.0357147722109616
REST,ATP5PB,0.032648128737841196
REST,ATRX,0.0348568235856178
REST,ATXN7L3B,0.0327237063141766
REST,B2M,-0.10910661674267116
REST,BAZ1A,0.03244841533882325
REST,BCLAF1,0.0392200424474024
REST,BDP1,0.0366546458304209
REST,BIN1,0.0328973041569303
REST,BOD1L1,0.02915621956351985
REST,BPTF,0.034282242426335
REST,BTG2,0.03332976232379255
REST,BTN3A2,0.031010592027254
REST,C9orf78,0.03132702783828085
REST,CALR,0.03491768647302005
REST,CAP1,0.0337778221685023
REST,CAPN2,0.0325388539797183
REST,CAPZB,0.03394241302678245
REST,CAST,0.034542637085712896
REST,CCND2,0.02932833907774375
REST,CCSER2,0.035271845881456446
REST,CCT2,0.03217070519122165
REST,CCT3,0.0337238137037342
REST,CD247,0.0323507867365607
REST,CD52,-0.05137180671061243
REST,CD53,0.03252006267398645
REST,CD74,0.0329266785244242
REST,CDC37,0.03224636371890875
REST,CDK11A,0.032016911954581
REST,CENPC,0.0321268616081867
REST,CFAP97,0.02933503034793855
REST,CFLAR,0.0327923290234861
REST,CHCHD10,0.02926957102146535
REST,CHD2,0.03294299040918705
REST,CHD6,0.028978940321435102
REST,CNN2,0.0335098347543719
REST,CNTRL,0.03079111890141105
REST,COMMD6,-0.03611091055427746
REST,COTL1,0.036531102382458006
REST,COX4I1,-0.03418356254235453
REST,COX5A,0.03329619473216845
REST,COX7C,-0.0442938655609695
REST,CSNK1A1,0.0334420353865041
REST,CTSB,0.02930993693732585
REST,CTSS,0.0346754840669137
REST,CYLD,0.0340130923894105
REST,CYTH1,0.0316432621795764
REST,CYTIP,0.0336432268480982
REST,DAP3,0.032532406104881895
REST,DBNL,0.03404606575117205
REST,DDX17,0.036490551199276355
REST,DDX39B,0.036378705945762396
REST,DDX46,0.0318641602157314
REST,DDX50,0.02896815220460105
REST,DEK,0.0363497570567172
REST,DGKA,0.03208322347291085
REST,DIAPH1,0.03015516079740895
REST,DNAJA1,0.03416555314562415
REST,DNMT1,0.030532121629527148
REST,DNTTIP2,0.0327373079027937
REST,EEF1A1,-0.06184710160320622
REST,EEF1D,-0.04395862926357593
REST,EFCAB14,0.02974227531624485
REST,EID1,0.03210201710289365
REST,EIF1,-0.04616909676800054
REST,EIF2A,0.034670903734742256
REST,EIF3A,0.03687650923366395
REST,EIF3I,0.03497956447652925
REST,EIF4H,0.03475381116742985
REST,EIF5,0.0339630476400688
REST,EMB,0.03877325265421845
REST,EML4,0.0306234480040751
REST,ENO1,0.0354136321802294
REST,EPRS1,0.030781104209405198
REST,ERGIC3,0.03738144439152155
REST,EZR,0.03259908788437785
REST,FAU,-0.0729869896989073
REST,FBL,0.03359466799348735
REST,FIS1,0.02848866327803545
REST,FMNL1,0.030190409438905448
REST,FNBP4,0.0380346047388948
REST,FTH1,-0.05240260156102795
REST,FTL,-0.05262280547790086
REST,FYN,0.0315564372047921
REST,G3BP2,0.03160244318809355
REST,GADD45B,0.0308941585595301
REST,GBP2,0.033052931010157605
REST,GNAI2,0.033640260646072846
REST,GOLGA4,0.0369255269230913
REST,GOLGB1,0.0319020831133006
REST,GRB2,0.0375936178749646
REST,GSPT1,0.030513721620629153
REST,GTF3A,0.028938175386116198
REST,H1-2,0.029445538286912598
REST,HCLS1,0.03934308103022785
REST,HMGB2,0.02909001583070945
REST,HNRNPA3,0.03142074614980075
REST,HNRNPD,0.03278432706000055
REST,HNRNPR,0.033643321362314904
REST,HNRNPU,0.035220146121373946
REST,HSP90B1,0.03583297827256915
REST,HSPA5,0.03614163429505655
REST,HSPA8,0.0308165991516439
REST,ICAM3,0.03020339250042845
REST,IDS,0.0346731003636821
REST,IFI16,0.031494962061016846
REST,IL10RA,0.02963733814920095
REST,ILF3,0.03747080924649495
REST,IQGAP2,0.0326784403143739
REST,IRF3,0.03071501408502865
REST,ITGB2,0.03408259830885235
REST,JAK1,0.039290402169621055
REST,JMJD1C,0.0305781058921656
REST,KARS1,0.03383478764724365
REST,KDM5A,0.0277561105236407
REST,KHDRBS1,0.03430128752011715
REST,KIF5B,0.03691233255899955
REST,KLF3,0.03381440519828345
REST,KMT2E,0.03387818080125765
REST,KPNB1,0.02987332244559935
REST,LBH,0.0344529635704825
REST,LCP1,0.04013709322171495
REST,LDHA,0.03624069932557065
REST,LPIN2,0.03135081865090765
REST,LRRFIP1,0.0360346010205362
REST,LSM14A,0.03275911575178035
REST,M6PR,0.03208072490188145
REST,MACF1,0.0354548574456475
REST,MAL,0.0282654594187081
REST,MALT1,0.029938836213449747
REST,MAN1A2,0.0337279306735611
REST,MBP,0.0391807730946943
REST,METTL9,0.03170952014046225
REST,MPHOSPH10,0.0316860925125736
REST,MRFAP1,0.0323374041085355
REST,MRPL54,0.03197261728199845
REST,MSN,0.03616409309548235
REST,MT-CO2,-0.0649273083211343
REST,MT-CO3,-0.0466133747217931
REST,MT-ND3,-0.04364757612608685
REST,MTDH,0.03136560968816505
REST,MTPN,0.032057292182762154
REST,MYCBP2,0.03652603924527305
REST,MYH9,0.0340412430386611
REST,NAP1L4,0.031162340363184153
REST,NCL,0.038793815892897904
REST,NCOR1,0.03676318725207305
REST,NFKBIA,0.03129720769190455
REST,NIPBL,0.03465508817850825
REST,NOL7,0.033199770540012
REST,NONO,0.0325759815201115
REST,NRDC,0.02936761617523045
REST,NSD1,0.02862737253752285
REST,NSD3,0.0387543783679795
REST,NUB1,0.030502282759075502
REST,ODF2L,0.031055558467672252
REST,OPTN,0.03697817727795435
REST,OSBPL8,0.03710024771316995
REST,P4HB,0.03565420027908635
REST,PAK2,0.031895730727259
REST,PARP1,0.03297459071602945
REST,PBXIP1,0.0372152159514416
REST,PCM1,0.03441256102352845
REST,PDCD2,0.03241817397848535
REST,PDCD4,0.0299806419381375
REST,PDIA3,0.0351458206572517
REST,PEBP1,0.03164755858241465
REST,PFDN5,-0.059347884972989505
REST,PGK1,0.0348829141282734
REST,PHB2,0.034966473030508
REST,PHF3,0.03446166127637105
REST,PIK3R1,0.0379017823556694
REST,PNN,0.038211610419982445
REST,POLR1D,0.0304608503180794
REST,PPM1G,0.03223447148688085
REST,PPP1CC,0.02841805178680705
REST,PPP1R12A,0.03524485009518865
REST,PPP1R15A,0.0364813914909326
REST,PPP4R2,0.0291386358349432
REST,PRPF6,0.0289914455043229
REST,PRRC2C,0.039855707122182296
REST,PSAP,0.0327661458409044
REST,PSIP1,0.03364575662048465
REST,PTMA,-0.07539625523505428
REST,PTP4A2,0.03091719257318265
REST,RACK1,-0.0490856843457241
REST,RAD21,0.0357509580946376
REST,RAP1A,0.031647533265972846
REST,RBL2,0.03199453939947445
REST,RBM25,0.0328144708632411
REST,RBMS1,0.0294117056696658
REST,RCSD1,0.0344421721963348
REST,REL,0.0296622866056754
REST,RESF1,0.03692651093176095
REST,RFC1,0.02825789436688515
REST,RHOA,0.0318738208872215
REST,RNF125,0.03565541593834185
REST,RNF213,0.034917594423127155
REST,RNPS1,0.03150661356991235
REST,ROCK1,0.03944658663611485
REST,RPL10,-0.10019991307103618
REST,RPL10A,-0.06756687379876576
REST,RPL11,-0.09232160903312457
REST,RPL12,-0.08469279198007934
REST,RPL13,-0.09128211097801403
REST,RPL13A,-0.08926682050690103
REST,RPL14,-0.06911616632433659
REST,RPL15,-0.07120687857955914
REST,RPL17,-0.0846008277366196
REST,RPL18,-0.06903559446718563
REST,RPL18A,-0.08697216307062472
REST,RPL19,-0.0759675886605621
REST,RPL21,-0.09785147178112646
REST,RPL22,-0.060148789293514096
REST,RPL23A,-0.08849307479436175
REST,RPL24,-0.06137823367367906
REST,RPL26,-0.08315100797249952
REST,RPL27,-0.055749689619094406
REST,RPL27A,-0.10168488122204675
REST,RPL28,-0.08725252590369262
REST,RPL29,-0.06544000086272217
REST,RPL3,-0.08008597203570043
REST,RPL30,-0.08204496394452303
REST,RPL31,-0.08787577035917377
REST,RPL32,-0.10132103954838828
REST,RPL34,-0.10878888122305103
REST,RPL35,-0.08708673780972091
REST,RPL35A,-0.08829973486516307
REST,RPL36,-0.09406820854994162
REST,RPL36A,-0.0755529768229695
REST,RPL37,-0.07723757505566453
REST,RPL37A,-0.07729370117726816
REST,RPL38,-0.07244943197001587
REST,RPL39,-0.10563976003872488
REST,RPL41,-0.0992717594758656
REST,RPL5,-0.06664234795881285
REST,RPL6,-0.064142514588414
REST,RPL7,-0.0744671196655565
REST,RPL7A,-0.0582154206302265
REST,RPL8,-0.06207289804529795
REST,RPL9,-0.0664683880834508
REST,RPLP0,-0.04728143581351415
REST,RPLP1,-0.07798550970536955
REST,RPLP2,-0.08674999608396283
REST,RPS10,-0.05033327445632445
REST,RPS11,-0.04909731737816945
REST,RPS12,-0.08633782244324432
REST,RPS13,-0.08115814433483047
REST,RPS14,-0.0937610791819207
REST,RPS15,-0.09593985829929019
REST,RPS15A,-0.10049443916095027
REST,RPS16,-0.0692493327997805
REST,RPS18,-0.10542286176669562
REST,RPS19,-0.09699133923651797
REST,RPS2,-0.07902470194808213
REST,RPS20,-0.0593412300966615
REST,RPS21,-0.07387942847323922
REST,RPS23,-0.0830338744597609
REST,RPS24,-0.0596569861524853
REST,RPS25,-0.08484703492978493
REST,RPS26,-0.0405945593266329
REST,RPS27,-0.10375653750608704
REST,RPS27A,-0.0968795899354485
REST,RPS28,-0.10127095816850835
REST,RPS29,-0.10762050841935748
REST,RPS3,-0.07796029236286504
REST,RPS3A,-0.07497868424310733
REST,RPS4X,-0.07411357658425215
REST,RPS5,-0.06759623430569213
REST,RPS6,-0.09039024824814883
REST,RPS7,-0.06695679354874208
REST,RPS8,-0.08292901142745077
REST,RPS9,-0.062943042884733
REST,RPSA,-0.0522696676974855
REST,RSBN1,0.03078261933896755
REST,RSF1,0.03497350998295795
REST,RSL1D1,0.0319517459071986
REST,RSRC2,0.034216246081860996
REST,RSRP1,0.0316813843535109
REST,SAMHD1,0.0368045962930389
REST,SCAF11,0.030854849600068103
REST,SEPTIN6,0.03510791255443535
REST,SEPTIN9,0.034094696546312545
REST,SERBP1,0.0319301130053842
REST,SERF2,-0.0405227755093665
REST,SERPINB1,0.03442510325318045
REST,SF3B1,0.0364406816934585
REST,SF3B2,0.0348237224463086
REST,SFPQ,0.03813833997484685
REST,SH3BP5,0.0323831110295902
REST,SH3KBP1,0.03424365546854645
REST,SKAP1,0.0349712089207834
REST,SLA,0.028578309411236548
REST,SLC25A3,0.034598412274290447
REST,SLC25A5,0.034598908961538305
REST,SLC38A1,0.0349968107416773
REST,SLFN5,0.036327734652243704
REST,SLTM,0.03305875648308795
REST,SMAP2,0.03655990080133775
REST,SMARCC1,0.032204261763418604
REST,SMC1A,0.0292979227127122
REST,SMC3,0.03657107516524235
REST,SMC5,0.031811787015698
REST,SMCHD1,0.0391685303986731
REST,SP100,0.03554317189894575
REST,SPN,0.02882808299125595
REST,SQSTM1,0.03016511451776105
REST,SRP72,0.0349665096226573
REST,SRSF4,0.02885819550923675
REST,SSRP1,0.03047253568505015
REST,ST3GAL1,0.03223074064457365
REST,STAG2,0.02933640419511225
REST,STK17A,0.03506638169678025
REST,SUN2,0.02878046470323875
REST,SUPT16H,0.03054964722442135
REST,SYNE2,0.0445995146393625
REST,TAF1D,0.0303329034563986
REST,TAF7,0.0335476673844405
REST,TAGLN2,0.035394738110503796
REST,TAOK3,0.0299149531697421
REST,TAPBP,0.02991057946172885
REST,TAX1BP1,0.03332354743480525
REST,TCP1,0.03211370185423385
REST,TGOLN2,0.0325793005883596
REST,THOC2,0.0301917151720634
REST,THRAP3,0.0380263130030834
REST,TIMP1,0.031109885469877002
REST,TKT,0.04025233675285045
REST,TLN1,0.0335049472540327
REST,TMA7,-0.0422322658214529
REST,TMF1,0.032906030285592996
REST,TMOD3,0.0319539716637743
REST,TMSB10,-0.08714421243089947
REST,TMSB4X,-0.09503834516518134
REST,TMX4,0.028988261431058003
REST,TNFAIP3,0.03382331783350635
REST,TNFAIP8,0.03017921946075035
REST,TNFRSF14,0.0322231443158061
REST,TNIK,0.02845278939975345
REST,TOMM20,0.02955846877339055
REST,TOMM7,-0.04992865702302835
REST,TPM3,0.035465780480926204
REST,TPR,0.0371120916261074
REST,TPT1,-0.0605206217883337
REST,TRADD,0.0318327621280233
REST,TRIM44,0.0288093811228857
REST,TSPYL2,0.0339639420437223
REST,TTC3,0.0327615141874114
REST,TUBA1A,0.030238700972686702
REST,UBA52,-0.0634089220400825
REST,UBE2I,0.0312664209724429
REST,UBTF,0.02884300392840285
REST,UBXN4,0.030577167930632303
REST,UCP2,0.03171116690247145
REST,UQCRB,-0.03437827865596295
REST,USP10,0.03051492131800345
REST,USP15,0.0324286636138979
REST,USP34,0.030805210928825502
REST,UTRN,0.03445085760063375
REST,VSIR,0.034999173523455704
REST,WAPL,0.033262478650003
REST,WASF2,0.0304759500525712
REST,WBP11,0.03310562033605935
REST,WHAMM,0.0336949869915104
REST,WIPF1,0.0319704411959432
REST,WNK1,0.0321065593885919
REST,XRCC5,0.0358892331607151
REST,XRN2,0.032312438485099
REST,YME1L1,0.03234776363035625
REST,YTHDC1,0.0326390689258257
REST,YWHAB,0.03548469157946975
REST,YY1,0.03207466301844495
REST,ZC3H13,0.0327040476532817
REST,ZFC3H1,0.03179613603208675
REST,ZMAT2,0.03100350121006205
REST,ZNF24,0.030282588303214897
REST,ZNF326,0.02931128815698085
REST,ZNF331,0.028417012845868048
REST,ZNF800,0.0290682805635626
RFX1,EEF1A1,-0.042733299465772
RFX1,NACA,-0.04085320900001215
RFX1,RPL10,-0.050991545734043464
RFX1,RPL13,-0.04810420614348133
RFX1,RPL15,-0.03654844634264015
RFX1,RPL18,-0.048347825255987506
RFX1,RPL18A,-0.04343092683702987
RFX1,RPL22,-0.0415877836448848
RFX1,RPL23A,-0.03719904726116987
RFX1,RPL24,-0.0427647249197656
RFX1,RPL26,-0.043010494061635096
RFX1,RPL28,-0.043543170361143003
RFX1,RPL30,-0.04616730316607263
RFX1,RPL34,-0.04814948491123413
RFX1,RPL35A,-0.044035932593828236
RFX1,RPL36,-0.03509262200865263
RFX1,RPL41,-0.04438308014365
RFX1,RPL5,-0.0443037890092976
RFX1,RPL6,-0.04154405559458835
RFX1,RPL7,-0.0405297958685873
RFX1,RPS12,-0.045767955817082005
RFX1,RPS13,-0.046065384340353864
RFX1,RPS16,-0.04143934622685155
RFX1,RPS21,-0.038288960173863906
RFX1,RPS27,-0.044178393660869265
RFX1,RPS27A,-0.05161755469340027
RFX1,RPS3A,-0.04441297274582184
RFX1,RPS6,-0.042351570936829064
RFX1,RPS7,-0.045802985927878306
RFX1,RPS8,-0.04898677401332075
RFX1,UBA52,-0.0363301379607158
RFX2,LMNA,0.05114284048122465
RFX3,ACTG1,-0.04805009215136995
RFX3,ATP5F1E,-0.05868238380585125
RFX3,BTBD9,0.04901848253447485
RFX3,CDC14A,0.0537411375935893
RFX3,CFL1,-0.05533507823630285
RFX3,COX4I1,-0.0560903336827966
RFX3,EEF1G,-0.05031519020617385
RFX3,EIF1,-0.05869315559610405
RFX3,FOXP1,0.044593612129918
RFX3,FTH1,-0.05184144866080645
RFX3,FTL,-0.05274099217797281
RFX3,MT-CO2,-0.04018980450460917
RFX3,PFDN5,-0.0584425731110312
RFX3,PPIA,-0.04853937749503805
RFX3,PTMA,-0.06779351118002237
RFX3,RPL13,-0.08918427367726545
RFX3,RPL13A,-0.07216880169530585
RFX3,RPL18,-0.08046248137999217
RFX3,RPL19,-0.08969128211083223
RFX3,RPL21,-0.08447953893273444
RFX3,RPL22,-0.09439020090105729
RFX3,RPL27A,-0.052278993884563
RFX3,RPL30,-0.088718781083516
RFX3,RPL31,-0.0689125332360978
RFX3,RPL34,-0.09646945485327733
RFX3,RPL35A,-0.0883604324832606
RFX3,RPL36,-0.08031222033107642
RFX3,RPL5,-0.0987720367546087
RFX3,RPS12,-0.0875776774631873
RFX3,RPS14,-0.09482155668018998
RFX3,RPS15A,-0.09222277952392827
RFX3,RPS16,-0.0798157853918544
RFX3,RPS20,-0.04844325477572145
RFX3,RPS27A,-0.09830308305880735
RFX3,RPS7,-0.08090233554909707
RFX3,SIK3,0.0528818107937408
RFX3,TMSB10,-0.08303705738508377
RFX3,TOMM7,-0.0593679238264209
RFX3,UBA52,-0.0783879326313441
RFX3,UBC,-0.03932802909108205
RFX3,UTRN,0.055276111760485455
RFX5,B2M,-0.05065597657699474
RFX5,EEF1A1,-0.04451189062830235
RFX5,FAU,-0.04812555856246715
RFX5,PTMA,-0.04025538514167807
RFX5,RPL10,-0.0502533715324204
RFX5,RPL10A,-0.0322785597442285
RFX5,RPL11,-0.04926034753710313
RFX5,RPL12,-0.04274606108639453
RFX5,RPL13,-0.04773464377538073
RFX5,RPL14,-0.0468493226101143
RFX5,RPL18,-0.04002789131376207
RFX5,RPL18A,-0.04583378055484594
RFX5,RPL19,-0.043559109390571595
RFX5,RPL22,-0.042410324568054145
RFX5,RPL23A,-0.0383388958348289
RFX5,RPL24,-0.04108526553716765
RFX5,RPL26,-0.04369457771189623
RFX5,RPL28,-0.04502608267568713
RFX5,RPL29,-0.0474452437431088
RFX5,RPL30,-0.046557057896976665
RFX5,RPL32,-0.051994101970923134
RFX5,RPL34,-0.05316327284129937
RFX5,RPL35,-0.0333324639769402
RFX5,RPL35A,-0.045764566359069635
RFX5,RPL36,-0.041225046361864935
RFX5,RPL37,-0.04902124394122365
RFX5,RPL39,-0.047961538779997766
RFX5,RPL41,-0.04698279974244143
RFX5,RPL5,-0.03918583961690125
RFX5,RPL6,-0.0415195993901643
RFX5,RPL8,-0.039274076003294245
RFX5,RPL9,-0.0406191526054199
RFX5,RPLP2,-0.042934164217311034
RFX5,RPS12,-0.0443804722674235
RFX5,RPS13,-0.04574839927335209
RFX5,RPS14,-0.0493549865663917
RFX5,RPS15,-0.048556126905142494
RFX5,RPS15A,-0.05119523603763593
RFX5,RPS18,-0.044048198246642405
RFX5,RPS19,-0.04527667188366813
RFX5,RPS2,-0.037179539588058697
RFX5,RPS21,-0.0452993664987041
RFX5,RPS24,-0.0473181308837841
RFX5,RPS25,-0.044194635679498766
RFX5,RPS27,-0.0496466533923841
RFX5,RPS27A,-0.051395492303140965
RFX5,RPS28,-0.0474879867207478
RFX5,RPS29,-0.03839288233427415
RFX5,RPS3,-0.04214851106760583
RFX5,RPS3A,-0.040442943144609896
RFX5,RPS5,-0.03748245817309315
RFX5,RPS6,-0.04017309020601553
RFX5,RPS7,-0.0454701386631425
RFX5,RPS8,-0.04405203643110713
RFX5,TPT1,-0.04263374065344775
RFX7,EIF1,-0.06102452528740665
RFX7,FAU,-0.06741334355475907
RFX7,NACA,-0.0729513992803073
RFX7,RPL12,-0.06754429727616366
RFX7,RPL41,-0.0634075363935357
RFX7,RPLP2,-0.07527707433983111
RFX7,RPS12,-0.09227713103950885
RFX7,RPS18,-0.08414483876743965
RFX7,RPS9,-0.05919439268363895
RLF,ARIH1,0.048249673885969555
RLF,BCLAF1,0.0371455878479885
RLF,BORCS5,0.042381012205535
RLF,CCNL1,0.0484269356367477
RLF,CD55,0.05243161096420265
RLF,CDK17,0.0478070524072269
RLF,CEMIP2,0.04734077874992795
RLF,CENPC,0.0380275183974676
RLF,CREM,0.0456734834317881
RLF,EEF1A1,-0.07984707829684161
RLF,EEF1B2,-0.0621895471612125
RLF,ESYT2,0.04214311021648495
RLF,FOXP1,0.03900622182925775
RLF,FTH1,-0.0379849087329933
RLF,FXYD5,-0.0457761195670838
RLF,HERC1,0.045058974484080944
RLF,HINT1,-0.0431649564403814
RLF,HNRNPU,0.03368159066346725
RLF,HOOK2,0.056198989212161
RLF,JMJD1C,0.0472421514411754
RLF,KAT6A,0.03954113277273615
RLF,KDM2A,0.0383214434438059
RLF,LDHB,-0.048389291937750295
RLF,NFKB1,0.04347259263978705
RLF,NR4A2,0.07902247705737339
RLF,NR4A3,0.056982914247002504
RLF,PCM1,0.030345432882739352
RLF,PDE3B,0.0493445810867982
RLF,PELI1,0.05166930889170085
RLF,PPIA,-0.05074479373591905
RLF,PPP1R15A,0.0495544866783601
RLF,PPP4R3A,0.03567118540346695
RLF,PRRC2C,0.037573849362763645
RLF,RACK1,-0.07156304598193286
RLF,RNF125,0.053547582037337504
RLF,RNF19A,0.0370121914562736
RLF,RPL10,-0.09768384026734413
RLF,RPL11,-0.09229111345318393
RLF,RPL15,-0.0598218724020766
RLF,RPL17,-0.07451986972877415
RLF,RPL18,-0.0765427387787396
RLF,RPL19,-0.085997191039491
RLF,RPL22,-0.0864164991841242
RLF,RPL26,-0.08426007605634445
RLF,RPL29,-0.07547994084882483
RLF,RPL3,-0.06388462633097704
RLF,RPL31,-0.0673428052017289
RLF,RPL32,-0.0947735193651591
RLF,RPL37,-0.10007240875527755
RLF,RPL5,-0.08851264858180899
RLF,RPL6,-0.0782236916154691
RLF,RPL7,-0.0657946708980432
RLF,RPL7A,-0.09164502845773614
RLF,RPL8,-0.07416772060154286
RLF,RPL9,-0.05554550964703886
RLF,RPLP2,-0.07276348447152507
RLF,RPS14,-0.0893400153383328
RLF,RPS15,-0.09241944215584168
RLF,RPS15A,-0.0927822322628411
RLF,RPS18,-0.08048819274605966
RLF,RPS2,-0.0696774774132718
RLF,RPS20,-0.04727636852694105
RLF,RPS24,-0.0903317443583943
RLF,RPS26,-0.0540829007462602
RLF,RPS3,-0.08224238481283157
RLF,RPS3A,-0.07442767760103547
RLF,RPS6,-0.0668793398691332
RLF,RPS7,-0.08033002101294687
RLF,RPS8,-0.08169193384042743
RLF,RPSA,-0.0746978961291762
RLF,SETD2,0.0312634066698388
RLF,SH3BGRL3,-0.04937619535811315
RLF,SMCHD1,0.0431474030344603
RLF,SNRPD2,-0.0429707298084146
RLF,SNX9,0.0362774092435141
RLF,SRRM2,0.0392317994175806
RLF,STK17B,0.04325970140847556
RLF,TENT5C,0.045595365752744255
RLF,USP3,0.042891179934743895
RLF,VPS13C,0.0311165096824576
RLF,ZC3HAV1,0.0361670207021599
RORA,ABHD17A,0.0329260349876194
RORA,ACIN1,0.03606524800689765
RORA,ACOT9,0.037974860502632254
RORA,ADAR,0.04279577464190546
RORA,AFDN,0.05819085385602425
RORA,AFF1,0.05057696317371063
RORA,AIF1,-0.06142530608545369
RORA,AKAP9,0.03898107531832037
RORA,ANKRD44,0.04446096049766437
RORA,ANP32E,0.039269620614341604
RORA,ANXA6,0.039118822852348134
RORA,ARAP2,0.05521653776077243
RORA,ARF1,0.039857118594219046
RORA,ARF5,0.0298681365155697
RORA,ARHGAP25,0.0437213542817018
RORA,ARHGDIB,-0.056432273626954396
RORA,ARID2,0.0389436456215521
RORA,ATP2B1,0.07695884856992527
RORA,ATP2B4,0.062049884648052875
RORA,ATP5F1B,0.0373250560057252
RORA,ATRX,0.04141133747478943
RORA,ATXN1,0.06522487505553645
RORA,AUTS2,0.07401203849254163
RORA,B4GALT1,0.0633801412892101
RORA,BATF,0.03439788001906207
RORA,BBX,0.0369696592416747
RORA,BCLAF1,0.0410582235628224
RORA,BDP1,0.03534803790160233
RORA,BMAL1,0.0577352104336523
RORA,BRD2,0.03767865594821043
RORA,BTBD9,0.05299597801700555
RORA,BZW1,0.033764397268527105
RORA,CAST,0.07687457831244776
RORA,CBL,0.0313430761508662
RORA,CCND2,0.0454438402517875
RORA,CCR6,0.1358405643251692
RORA,CCR7,-0.0808442279988577
RORA,CCSER2,0.04952367598783175
RORA,CD4,0.02970952434565565
RORA,CD5,0.0309217577716248
RORA,CD53,0.0314685691076008
RORA,CDC14A,0.07476305006356337
RORA,CDC25B,0.0336441694283326
RORA,CDK17,0.052693624456495905
RORA,CEP350,0.0458652542661583
RORA,CHD9,0.03297784353036235
RORA,CIAO2B,0.0300007484976916
RORA,CLDND1,0.06558787044580197
RORA,CLIP1,0.039171687533273374
RORA,CMC2,0.0314931489630466
RORA,CNTRL,0.036396504253179834
RORA,COLQ,0.046174608757754906
RORA,COX17,0.0306436947998864
RORA,COX7C,-0.07482454344256158
RORA,CREBBP,0.0399359037530986
RORA,CRY1,0.0796664392431283
RORA,CTSH,0.0754583325258458
RORA,CYCS,0.03405846556812535
RORA,CYTH1,0.04143664412963835
RORA,CYTH3,0.0405038008978382
RORA,DIAPH1,0.048462770900577476
RORA,DOK2,0.03700658850360137
RORA,DPP4,0.033549028668655
RORA,DSTN,0.04579542106027806
RORA,DUSP5,0.06969848494298816
RORA,EEF1D,-0.09653302193663064
RORA,EIF2AK2,0.03740182635683355
RORA,EIF3A,0.06386181595312218
RORA,EIF4G2,0.04111045520747957
RORA,ELL2,0.05222036228148
RORA,FAM107B,0.0481323629819104
RORA,FAU,-0.13839555160372563
RORA,FBXW7,0.04353136895357823
RORA,FOXJ3,0.03727469723506045
RORA,FOXN2,0.0371843030952421
RORA,FRY,0.08527684723238729
RORA,FXYD1,0.03605428826397725
RORA,G3BP2,0.0406736912199167
RORA,GAPVD1,0.0313086399772525
RORA,GIMAP7,-0.0668703671584613
RORA,GLUD1,0.035251073581390534
RORA,GZMK,0.04873847024405397
RORA,HELZ,0.04723375765069612
RORA,HIPK1,0.035721293574166146
RORA,HIVEP2,0.065319101930369
RORA,HLA-DQB1,0.03524732550404597
RORA,IDH2,0.0314464744634667
RORA,IFRD1,0.0392124811655308
RORA,IL18R1,0.046404131124333566
RORA,IL7R,0.06563158961372537
RORA,INO80D,0.03388417485248505
RORA,IQSEC1,0.032686369791728
RORA,ITGB7,0.0375578602839024
RORA,IVNS1ABP,0.0501643429941925
RORA,JAK1,0.041989403848828655
RORA,JMJD1C,0.04215455550726878
RORA,JPT1,0.045189912201642535
RORA,KANSL1,0.0317604226207768
RORA,KAT6B,0.040656012692795306
RORA,KIF2A,0.03615217931579145
RORA,KMT2C,0.044041242069051925
RORA,LGALS8,0.03071125867978295
RORA,LMNA,0.09752939612206775
RORA,LPP,0.05294498421604315
RORA,M6PR,0.035095120917188895
RORA,MAP3K4,0.0743854317846429
RORA,MED13,0.0353448292922224
RORA,METTL9,0.0343701527191351
RORA,MGAT5,0.0918462759544994
RORA,MPRIP,0.03926047835342157
RORA,MSI2,0.03651008042048345
RORA,MYCBP2,0.04182271531016566
RORA,MYL12A,-0.047910161527252
RORA,NCALD,0.056746186703340154
RORA,NCOA2,0.049357862474784
RORA,NCOA7,0.056048935864701124
RORA,NDRG1,0.037193005086371744
RORA,NDUFS6,0.033515358695654404
RORA,NEDD9,0.03933997403353033
RORA,NFKBIA,0.0716005802752403
RORA,NIN,0.036797935468009454
RORA,NLRC5,0.0351395497907964
RORA,NR1D2,0.053253480908702265
RORA,NR3C1,0.03893379790742145
RORA,NSD1,0.03507231134297675
RORA,NUCB2,-0.06064346029401575
RORA,OGA,0.04559015560830925
RORA,OPA1,0.03457141080583515
RORA,OPTN,0.06316585046848118
RORA,PAM,0.04915950820855515
RORA,PBXIP1,0.05988304281868235
RORA,PDCD4,0.042670816528463246
RORA,PER1,0.05624069635942748
RORA,PGAM1,0.04344386891474866
RORA,PHACTR2,0.06648095533840458
RORA,PHF21A,0.044150579689050735
RORA,PIK3R1,0.06358040109631452
RORA,PIP4K2A,0.04989004114960546
RORA,PITPNC1,0.032576699549935154
RORA,PLCB1,0.07996691719567656
RORA,PSMA6,0.031237306833103398
RORA,PTMA,-0.11215538084505007
RORA,PTPN2,0.03616923105657635
RORA,PTPN4,0.04140722993922085
RORA,PTPRM,0.0459687504993309
RORA,PUM2,0.035726880754565704
RORA,RAB27A,0.03445188287721797
RORA,RABGAP1L,0.05366745772230118
RORA,RAD23B,0.031822426629754
RORA,RALY,0.0283293489631442
RORA,RARA,0.03953312809569305
RORA,RBM33,0.034821742655177235
RORA,RBMS1,0.035954965775763695
RORA,RGS10,-0.0887972356685547
RORA,RPL17,-0.09498672377126155
RORA,RPL18,-0.13902298287517917
RORA,RPL19,-0.16638799744329894
RORA,RPL21,-0.1628314341719078
RORA,RPL26,-0.147287630680307
RORA,RPL3,-0.13470484843624544
RORA,RPL37A,-0.10442300428500415
RORA,RPL6,-0.1172877448996307
RORA,RPN1,0.0338593047003944
RORA,RPS12,-0.16188515264318545
RORA,RPS14,-0.17994226560741966
RORA,RPS20,-0.1114986462648538
RORA,RPS24,-0.1408118238839291
RORA,RPS26,-0.061641952289491375
RORA,RRBP1,0.03778922835341495
RORA,RRP12,0.037512484844129404
RORA,RSRC2,0.0388849574671958
RORA,RSRP1,0.04213146545747937
RORA,S100A4,0.13949641319756456
RORA,SEC61B,0.052721100392340625
RORA,SEL1L3,0.0369490240717962
RORA,SELENOT,0.03779516169397113
RORA,SEPTIN11,0.037838205941207174
RORA,SETD7,0.0498846359260232
RORA,SH2D2A,0.04410492080827047
RORA,SH3BP5,0.045289356454676404
RORA,SHOC2,0.036168896812835805
RORA,SLA,0.0355427285846152
RORA,SLC25A24,0.04010488748715385
RORA,SLC4A7,0.05098791735773363
RORA,SMC3,0.03232088049355986
RORA,SND1,0.040970139469278834
RORA,SNRPB,0.0372554139027861
RORA,SNU13,0.0321717148768071
RORA,SORL1,0.0462723674261968
RORA,SP140,0.0445905949634331
RORA,SPCS2,0.032980350143957046
RORA,SPSB3,0.03562838498461325
RORA,SRI,0.0357874312119845
RORA,SRSF7,0.044025454527166434
RORA,SSBP4,0.04962124958619395
RORA,STAT1,0.0330861778440536
RORA,STING1,0.0332886463423904
RORA,SYNE1,0.03994024253273375
RORA,TACC1,0.03678486238105575
RORA,TANK,0.049586198949890324
RORA,TASOR,0.0332415002013235
RORA,TBK1,0.03413444884124823
RORA,TM9SF2,0.03420789796517425
RORA,TMEM116,0.032012717855121
RORA,TMEM50A,0.041406998737652634
RORA,TOB1,0.04149012192659593
RORA,TPD52,0.036308220872539335
RORA,TPT1,-0.11064745323702263
RORA,UBE2K,0.04096534790430205
RORA,UBE2S,0.039565007600755
RORA,UBE3A,0.0353832973683873
RORA,UBR5,0.04138102236459484
RORA,USP10,0.0559700987604817
RORA,USP34,0.04175666172535136
RORA,USP8,0.030857194476567002
RORA,UTRN,0.062437928681322474
RORA,UVRAG,0.037047615387930596
RORA,VDAC1,0.03627808159009583
RORA,VOPP1,0.04671853796745923
RORA,VPS13A,0.0408581184210255
RORA,WDR26,0.03413323944049365
RORA,XPO1,0.0343372310535343
RORA,YY1,0.032709146405238546
RORA,ZBTB38,0.0403416605020068
RORA,ZNF292,0.0427828407672674
RORA,ZNF644,0.03891891183829555
RORA,ZNF831,0.05025629656055395
RORA,ZNFX1,0.0345320138129936
RORA,ZZEF1,0.042479780679118145
RREB1,ACTB,-0.052356263441625556
RREB1,ATP5F1E,-0.04397330996870555
RREB1,B2M,-0.08871080752534598
RREB1,CD52,-0.0493172462505547
RREB1,COX7C,-0.0359234281865103
RREB1,EEF1A1,-0.05590053319219846
RREB1,EEF1D,-0.040245849429740396
RREB1,EIF1,-0.035998130424546845
RREB1,FAU,-0.05654855821382263
RREB1,FTL,-0.03406887787084915
RREB1,HLA-A,-0.04487298202188675
RREB1,HLA-B,-0.04535366721153185
RREB1,IFITM1,-0.0404092452717058
RREB1,NACA,-0.05423866236442835
RREB1,PFDN5,-0.039226733360703064
RREB1,PFN1,-0.04693571538463205
RREB1,PTMA,-0.0470163313183661
RREB1,RACK1,-0.04960079085270325
RREB1,RPL10,-0.07037334515404817
RREB1,RPL10A,-0.04407019354379643
RREB1,RPL12,-0.0608374800557785
RREB1,RPL13,-0.06071873060580163
RREB1,RPL13A,-0.0487254292316718
RREB1,RPL15,-0.0473898207338007
RREB1,RPL17,-0.04782764857165955
RREB1,RPL18,-0.0527375972457619
RREB1,RPL18A,-0.06096970059390027
RREB1,RPL19,-0.059143785714915
RREB1,RPL22,-0.054109019019824
RREB1,RPL24,-0.049702155197192455
RREB1,RPL26,-0.060102151505195635
RREB1,RPL29,-0.06627671914641814
RREB1,RPL3,-0.052110293070424196
RREB1,RPL30,-0.060999588506321034
RREB1,RPL31,-0.047064926597011905
RREB1,RPL32,-0.06644999656318856
RREB1,RPL35,-0.0464928148217144
RREB1,RPL36,-0.058992953435792896
RREB1,RPL36AL,-0.0365070356074765
RREB1,RPL37,-0.06359786564262865
RREB1,RPL39,-0.0663438493777421
RREB1,RPL5,-0.0578384206826857
RREB1,RPL6,-0.05645224030961487
RREB1,RPL7,-0.04776731445736675
RREB1,RPL7A,-0.0613158413872361
RREB1,RPL8,-0.053068544151478235
RREB1,RPL9,-0.039565154167919434
RREB1,RPLP0,-0.04968198142355015
RREB1,RPLP1,-0.05516653022535143
RREB1,RPLP2,-0.0488072986947026
RREB1,RPS12,-0.05871648553229807
RREB1,RPS13,-0.056904104252043064
RREB1,RPS14,-0.06243607988884644
RREB1,RPS15,-0.06632308008811097
RREB1,RPS15A,-0.06503724347834193
RREB1,RPS19,-0.05955870619127104
RREB1,RPS2,-0.05116842398268597
RREB1,RPS21,-0.06469229878919719
RREB1,RPS25,-0.05469030952517823
RREB1,RPS27,-0.06562264695529257
RREB1,RPS27A,-0.06649012057586436
RREB1,RPS29,-0.04847370450283613
RREB1,RPS3,-0.0593429163631495
RREB1,RPS4X,-0.0581288334409935
RREB1,RPS7,-0.05777591269039001
RREB1,RPS8,-0.05781517844419536
RREB1,RPS9,-0.041681247202250346
RREB1,RPSA,-0.047141019596490905
RREB1,TMSB10,-0.060184962007484334
RUNX1,AAK1,0.0384002144155169
RUNX1,ANKRD11,0.0304613218317523
RUNX1,ARHGDIB,-0.03889423992830135
RUNX1,ATM,0.0378057073840684
RUNX1,ATP5F1E,-0.05698653379103305
RUNX1,ATP5MC2,-0.0492290632741685
RUNX1,BTF3,-0.0695665799711768
RUNX1,C12orf57,-0.0493979102776975
RUNX1,CD52,-0.04510650768347017
RUNX1,CELF2,0.03900957786123265
RUNX1,CHD2,0.0357938550291431
RUNX1,DDX17,0.03977879916899383
RUNX1,EEF1A1,-0.08890391591780458
RUNX1,EEF1D,-0.051606728466052625
RUNX1,EIF1,-0.06854775079187997
RUNX1,EPB41,0.03979606383917725
RUNX1,FKBP5,0.0383571131979539
RUNX1,FNBP1,0.03446544680800535
RUNX1,FTH1,-0.06163630473519979
RUNX1,FXYD5,-0.05934060411943265
RUNX1,H3-3B,-0.042539218266945095
RUNX1,MBP,0.03264767861573925
RUNX1,MT-CO1,-0.0490180748323856
RUNX1,MT-CO2,-0.0567377978932918
RUNX1,MT-CO3,-0.0508209940627545
RUNX1,MT-ND3,-0.0391533439661751
RUNX1,MYL12A,-0.05139100809801685
RUNX1,PABPC1,-0.042108784409139455
RUNX1,PPIA,-0.0525072113134461
RUNX1,RPL10,-0.1068404941715258
RUNX1,RPL10A,-0.07489082130309092
RUNX1,RPL11,-0.09967554064393983
RUNX1,RPL12,-0.09371120117431843
RUNX1,RPL13A,-0.07527148589028584
RUNX1,RPL14,-0.08155169060617842
RUNX1,RPL15,-0.07762309472384657
RUNX1,RPL18,-0.082517370304169
RUNX1,RPL18A,-0.09628102000385565
RUNX1,RPL22,-0.08616091511438118
RUNX1,RPL23,-0.03982793359184445
RUNX1,RPL23A,-0.0890742866447168
RUNX1,RPL27,-0.06420598853324264
RUNX1,RPL27A,-0.0655785528089942
RUNX1,RPL28,-0.09316105504859384
RUNX1,RPL3,-0.08283994479348478
RUNX1,RPL32,-0.10404852968864538
RUNX1,RPL36,-0.09177789256308616
RUNX1,RPL6,-0.07876566752752882
RUNX1,RPL9,-0.06903035831442234
RUNX1,RPLP0,-0.07739812348783587
RUNX1,RPLP2,-0.0874936899590354
RUNX1,RPS10,-0.0626251162546624
RUNX1,RPS12,-0.09571361410581672
RUNX1,RPS14,-0.10265228304994149
RUNX1,RPS15A,-0.10233937801570618
RUNX1,RPS16,-0.06860622171107872
RUNX1,RPS18,-0.0985309339538754
RUNX1,RPS19,-0.10088619762991391
RUNX1,RPS20,-0.05590045855925613
RUNX1,RPS24,-0.0859408198617383
RUNX1,RPS25,-0.09287426283594813
RUNX1,RPS3A,-0.08421071217711074
RUNX1,RPS8,-0.08821549875421755
RUNX1,SERF2,-0.04357346299753153
RUNX1,SH3BGRL3,-0.046069167604709096
RUNX1,SLC38A1,0.0346687856127012
RUNX1,SMCHD1,0.04362896783795975
RUNX1,SORL1,0.0358159897307092
RUNX1,SYNE2,0.03787062858953025
RUNX1,TMSB10,-0.07566460613562692
RUNX1,TNFAIP3,0.02999705703134905
RUNX1,TOMM7,-0.053564574811656405
RUNX1,UBC,-0.0575177515915509
RUNX1,UTRN,0.04625889346280805
RUNX1,ZC3HAV1,0.03404314290722865
RUNX2,ATP2B4,0.0557286214154989
RUNX2,CMTM6,0.037278250257096954
RUNX2,PNRC1,-0.05497826781577815
RUNX2,RPL26,-0.06672053980346514
RUNX2,RPS8,-0.10964743607160785
RUNX3,ADAM19,0.0454644239210786
RUNX3,ADGRE5,0.03557497896658285
RUNX3,AHNAK,0.0763584240054058
RUNX3,AKAP13,0.03242121436638347
RUNX3,AKNA,0.03112154952755095
RUNX3,ANKRD28,0.03698528271088205
RUNX3,ANXA2,0.05906396330331775
RUNX3,ANXA5,0.03843557738414345
RUNX3,ARAP2,0.0351312351814271
RUNX3,ARHGAP15,0.04521364564621777
RUNX3,ARID4B,0.02786833374972035
RUNX3,ARL4A,0.034089471709826666
RUNX3,ARPC1B,0.03334619064186915
RUNX3,ATF4,0.03097851583262815
RUNX3,ATG2A,0.0376820482661734
RUNX3,ATP2B1,0.03946375280615663
RUNX3,ATP2B4,0.03881066553769995
RUNX3,ATP5F1E,-0.035960216977473244
RUNX3,ATP5MC2,-0.04009447808986575
RUNX3,ATP5MG,-0.0351835412991141
RUNX3,ATXN1,0.0472960166455625
RUNX3,AUTS2,0.069414832158049
RUNX3,BHLHE40,0.06575717257334229
RUNX3,BPTF,0.02862010002100345
RUNX3,BRD2,0.03097835720259385
RUNX3,BTG3,0.03660640065665965
RUNX3,C12orf57,-0.056143727285609554
RUNX3,C12orf75,0.04429262670005343
RUNX3,CALR,0.0324647050031279
RUNX3,CANX,0.032896365814384196
RUNX3,CAPG,0.0362485398054147
RUNX3,CAST,0.0454644759925688
RUNX3,CCDC12,0.0300084983929578
RUNX3,CCL5,0.08539678683727527
RUNX3,CCND2,0.02987844468846935
RUNX3,CCR7,-0.063317995853051
RUNX3,CD58,0.0386543790606452
RUNX3,CD69,0.04678486306088515
RUNX3,CD74,0.035593617391850255
RUNX3,CD82,0.0368675233114012
RUNX3,CD99,0.03929826356276183
RUNX3,CDC42EP3,0.0357095373013245
RUNX3,CFLAR,0.0294576309403979
RUNX3,CHD1,0.03357787371056015
RUNX3,CHD4,0.0291369943734432
RUNX3,CHST11,0.04113343670728983
RUNX3,CLDND1,0.03785412839741773
RUNX3,CLIC1,0.0470051774912522
RUNX3,CNOT6L,0.032604320020398
RUNX3,COMMD6,-0.04141843828251672
RUNX3,CORO7,0.0352033203715287
RUNX3,COTL1,0.035589859921701265
RUNX3,COX4I1,-0.044664312405204847
RUNX3,COX7C,-0.04315706890422455
RUNX3,CREM,0.037499689011552303
RUNX3,CRIP1,0.035590741770915896
RUNX3,CST7,0.059883553289359924
RUNX3,CTSA,0.0368131304823205
RUNX3,CTSW,0.04007816260875445
RUNX3,CXCR3,0.0556671263005177
RUNX3,CYB561,0.04438117827501405
RUNX3,DDX21,0.032380688945272795
RUNX3,DIAPH1,0.03414145353668905
RUNX3,DNAJA1,0.03742559109279582
RUNX3,DNAJB6,0.036255176125548405
RUNX3,DUSP1,0.05435846652022369
RUNX3,DUSP2,0.04884355061631372
RUNX3,EEF1A1,-0.0784990980919731
RUNX3,EEF1D,-0.05166713013372205
RUNX3,EEF1G,-0.060223913134388574
RUNX3,EFHD2,0.03954541008841373
RUNX3,EIF1,-0.03739241347624227
RUNX3,EIF3A,0.03559815112953775
RUNX3,EIF3E,-0.0517105161266534
RUNX3,EIF4G2,0.02849112749527785
RUNX3,EMB,0.039957285346181676
RUNX3,ERN1,0.04968952877310595
RUNX3,EZR,0.04886083402118245
RUNX3,FAS,0.041048398485184295
RUNX3,FAU,-0.07575414048870115
RUNX3,FKBP11,0.03903916571593987
RUNX3,FLNA,0.050719673053560274
RUNX3,FOSB,0.042761938786187045
RUNX3,FOSL2,0.048830404626878696
RUNX3,FTL,-0.0447001780419855
RUNX3,FYN,0.03277278815331535
RUNX3,GABARAPL1,0.0377446749391744
RUNX3,GADD45B,0.040690153015462555
RUNX3,GLIPR1,0.04190528167864565
RUNX3,GNAI2,0.0345388827549419
RUNX3,GOLGA4,0.028523297824479647
RUNX3,GZMA,0.05823791183006518
RUNX3,HERPUD1,0.037086088040222474
RUNX3,HNRNPLL,0.03665717434728005
RUNX3,HNRNPUL1,0.0345595463038739
RUNX3,HOPX,0.06028421677064477
RUNX3,HSP90AA1,0.0422649236029461
RUNX3,HSP90B1,0.03476908448426825
RUNX3,HSPA5,0.043336190387345194
RUNX3,ID2,0.04636568097047453
RUNX3,IDS,0.04610597498521142
RUNX3,IER2,0.03527060087241165
RUNX3,IER5,0.0392777593167065
RUNX3,IFRD1,0.029616807414726852
RUNX3,IL10RA,0.04133175685892025
RUNX3,INPP5D,0.03923305725924317
RUNX3,IQGAP1,0.0327019726990594
RUNX3,IQGAP2,0.039466598239484334
RUNX3,IRF1,0.039318138882811965
RUNX3,ITGA4,0.0289590324384296
RUNX3,ITGB1,0.059897934880550896
RUNX3,JAK1,0.0288041355638933
RUNX3,JUND,0.037753939472248
RUNX3,KLF6,0.05296860033673492
RUNX3,KLRG1,0.044397064785096696
RUNX3,KMT2A,0.0285390491007479
RUNX3,KMT2E,0.02957860005712955
RUNX3,LCP1,0.03740500357323797
RUNX3,LDHA,0.035858542296621804
RUNX3,LDHB,-0.055183217496167405
RUNX3,LEF1,-0.06790357535273404
RUNX3,LGALS1,0.05351277979226303
RUNX3,LGALS3,0.04698323619144802
RUNX3,LIMD2,-0.04971353478273145
RUNX3,LMNA,0.08961877190502379
RUNX3,LRRC8C,0.0411370583912917
RUNX3,LRRFIP1,0.03568937591495397
RUNX3,MACF1,0.0334398179822907
RUNX3,MAP3K8,0.0437758494413609
RUNX3,MAPKAPK2,0.037808487437272
RUNX3,MBP,0.03111697689096805
RUNX3,MCL1,0.038503773743467196
RUNX3,MGAT5,0.04029353376057265
RUNX3,MOB1A,0.02836463643302045
RUNX3,MYBL1,0.04388375261981653
RUNX3,MYH9,0.040158418518471996
RUNX3,MYLIP,0.0305272805090758
RUNX3,MYO1F,0.055863151761742724
RUNX3,MYO1G,0.0389583821841361
RUNX3,NACA,-0.0792857459025904
RUNX3,NCALD,0.04456952976348295
RUNX3,NCF4,0.039578190876658204
RUNX3,NFKB1,0.04839032685275485
RUNX3,NFKBIA,0.0521823936011261
RUNX3,NIBAN1,0.05932600978459453
RUNX3,NKG7,0.04366863847860027
RUNX3,NPDC1,0.0317586150419272
RUNX3,NPM1,-0.0415952182058657
RUNX3,NR4A2,0.049128940409587776
RUNX3,OGDH,0.0377641998407915
RUNX3,OPTN,0.03522228611397247
RUNX3,P2RY8,0.0317186293152639
RUNX3,P4HB,0.035702191351135094
RUNX3,PABPC1,-0.0478272428035831
RUNX3,PAG1,0.032680213914691364
RUNX3,PARP8,0.04469612536523303
RUNX3,PDCD4,0.02844303986412975
RUNX3,PDE4D,0.04681934267826882
RUNX3,PDIA6,0.03696293668603865
RUNX3,PER1,0.0524671867995474
RUNX3,PFDN5,-0.054798961829348826
RUNX3,PHACTR2,0.0441219307427924
RUNX3,PIK3R1,0.040417515530638465
RUNX3,PIM3,0.0439521724034848
RUNX3,PIP4K2A,0.04010166134440325
RUNX3,PLCB1,0.049066822971198645
RUNX3,PLEKHA2,0.034605152684877696
RUNX3,PMAIP1,0.055255784320998855
RUNX3,PPIB,0.0323976920394101
RUNX3,PPP1CA,0.033088678813829445
RUNX3,PPP1R15A,0.046089239916892476
RUNX3,PPP1R16B,0.05483284802523515
RUNX3,PPP2R5C,0.0350493144872309
RUNX3,PRDM1,0.05179550468164908
RUNX3,PREX1,0.0433343518316648
RUNX3,PTGER4,0.0374299958533955
RUNX3,PTMA,-0.0755017621670136
RUNX3,RAB11FIP1,0.02853098377898055
RUNX3,RACK1,-0.058078217378911376
RUNX3,RAPGEF1,0.04085154977966655
RUNX3,RBM38,0.03430436333437695
RUNX3,REEP5,0.0373321597824007
RUNX3,REL,0.0377121274088091
RUNX3,RELB,0.046036069041114555
RUNX3,RGS1,0.05383296734386875
RUNX3,RHOA,0.0286768780485107
RUNX3,RHOC,0.043169240229935596
RUNX3,RNF125,0.037580701647662924
RUNX3,RNF19A,0.040132707223914404
RUNX3,RNF213,0.0352691400635982
RUNX3,ROCK1,0.0298204801833827
RUNX3,RPL10,-0.0993174824357771
RUNX3,RPL10A,-0.07338029589328175
RUNX3,RPL11,-0.10710289392386738
RUNX3,RPL12,-0.08564114382190517
RUNX3,RPL13,-0.0988902136688613
RUNX3,RPL13A,-0.08836287860792118
RUNX3,RPL14,-0.07131156676963595
RUNX3,RPL15,-0.08042271996118676
RUNX3,RPL17,-0.09162076834424515
RUNX3,RPL18,-0.08083027160323025
RUNX3,RPL18A,-0.09348329576500419
RUNX3,RPL19,-0.0951279358602571
RUNX3,RPL21,-0.10858731344087073
RUNX3,RPL22,-0.08676400410793784
RUNX3,RPL23,-0.049045821186186535
RUNX3,RPL23A,-0.08277372291183897
RUNX3,RPL24,-0.0688714757319282
RUNX3,RPL26,-0.08580848110044703
RUNX3,RPL27,-0.06294463911702436
RUNX3,RPL27A,-0.0949171920718859
RUNX3,RPL28,-0.08108382806221211
RUNX3,RPL29,-0.07915896705354063
RUNX3,RPL3,-0.0873159527851775
RUNX3,RPL30,-0.10077912805579632
RUNX3,RPL31,-0.0918976718027338
RUNX3,RPL32,-0.11131052765396163
RUNX3,RPL34,-0.11069129714979237
RUNX3,RPL35,-0.0732759512907314
RUNX3,RPL35A,-0.10256057113829885
RUNX3,RPL36,-0.0848021049503566
RUNX3,RPL36A,-0.0633671793352335
RUNX3,RPL37,-0.08216661778350215
RUNX3,RPL37A,-0.07144677364163957
RUNX3,RPL38,-0.06493312700407852
RUNX3,RPL39,-0.09930794265968568
RUNX3,RPL4,-0.0606149793729739
RUNX3,RPL41,-0.08729708362105762
RUNX3,RPL5,-0.0773366515601994
RUNX3,RPL6,-0.07363040810420912
RUNX3,RPL7,-0.09150128622591756
RUNX3,RPL7A,-0.06853493479041027
RUNX3,RPL8,-0.06915538892278587
RUNX3,RPL9,-0.07761357396324647
RUNX3,RPLP0,-0.0499741390047707
RUNX3,RPLP1,-0.07439299644552988
RUNX3,RPLP2,-0.08879043221821332
RUNX3,RPS10,-0.057753868352649
RUNX3,RPS11,-0.05429794513216525
RUNX3,RPS12,-0.09412944713350938
RUNX3,RPS13,-0.10790315951696902
RUNX3,RPS14,-0.1020548820415613
RUNX3,RPS15,-0.09398146444025737
RUNX3,RPS15A,-0.10749422712315482
RUNX3,RPS16,-0.07836405035313863
RUNX3,RPS18,-0.0999221472124817
RUNX3,RPS19,-0.08865703904956096
RUNX3,RPS2,-0.08310366463216447
RUNX3,RPS20,-0.0716816979340859
RUNX3,RPS21,-0.07557008469708898
RUNX3,RPS23,-0.09897288328551702
RUNX3,RPS24,-0.07109827831453343
RUNX3,RPS25,-0.0901003460755322
RUNX3,RPS26,-0.0414979684909427
RUNX3,RPS27,-0.10544839743550119
RUNX3,RPS27A,-0.10386857057860063
RUNX3,RPS28,-0.10170414182567927
RUNX3,RPS29,-0.0814182464381728
RUNX3,RPS3,-0.08378944112700437
RUNX3,RPS3A,-0.10156348019896218
RUNX3,RPS5,-0.08275369138589558
RUNX3,RPS6,-0.09181263827450123
RUNX3,RPS6KA3,0.037572764906585135
RUNX3,RPS7,-0.07715793154519203
RUNX3,RPS8,-0.10196682644383202
RUNX3,RPS9,-0.06681630305339635
RUNX3,RPSA,-0.0616954329185537
RUNX3,RSRC2,0.0281729555441884
RUNX3,S100A4,0.07333379635737959
RUNX3,SAMSN1,0.053699495161336507
RUNX3,SARAF,-0.044644876795983654
RUNX3,SAT1,0.039760267998839305
RUNX3,SEC61B,0.040265903347418336
RUNX3,SELENOK,0.046229660507141404
RUNX3,SELL,-0.06357356999762545
RUNX3,SELPLG,0.0298919891233786
RUNX3,SH3BGRL3,0.045574769256120196
RUNX3,SH3GLB1,0.028495226625952802
RUNX3,SIK3,0.04224926993799355
RUNX3,SLC38A1,0.031780560726854847
RUNX3,SMAP1,0.0299314829431633
RUNX3,SNRNP200,0.0305234863291567
RUNX3,SP140,0.032419636398284046
RUNX3,SPTAN1,0.02916674950058345
RUNX3,SQSTM1,0.03239375975507665
RUNX3,SRGN,0.054114652438746975
RUNX3,SRRM2,0.03320977495457805
RUNX3,SRSF7,0.03068623213657735
RUNX3,STAT4,0.03408442037643235
RUNX3,STOM,0.046397185168335464
RUNX3,SYNE2,0.055229641643575425
RUNX3,TAGLN2,0.04033959981471123
RUNX3,TCF7,-0.0549427180540847
RUNX3,TGFB1,0.0453217082846045
RUNX3,TGFBR3,0.0434366285651803
RUNX3,TIMP1,0.041164791167232775
RUNX3,TLN1,0.034078087277035034
RUNX3,TMA7,-0.036016975967474434
RUNX3,TMSB10,-0.09738673485769372
RUNX3,TMSB4X,-0.08026316729994021
RUNX3,TMX4,0.03449992127650393
RUNX3,TNFAIP3,0.0700406978441197
RUNX3,TNFRSF18,0.04250705154302335
RUNX3,TNFRSF4,0.04265000096699423
RUNX3,TOB1,0.0433493725055788
RUNX3,TOMM7,-0.05453559451231286
RUNX3,TPM3,0.034020542420089395
RUNX3,TPM4,0.0373244948600936
RUNX3,TPT1,-0.07570441076166143
RUNX3,TRADD,0.036544121531805605
RUNX3,TSPYL2,0.03055257366938535
RUNX3,TUBB4B,0.040215728765998895
RUNX3,TXN,0.042351635736381434
RUNX3,TXNIP,-0.03582048050361405
RUNX3,UBA52,-0.0597640720253746
RUNX3,UBE2S,0.03476164773967305
RUNX3,UQCRB,-0.04324468174352023
RUNX3,UTRN,0.036478195384804825
RUNX3,VIM,0.03466629305642695
RUNX3,YME1L1,0.02956594563156805
RUNX3,YPEL5,0.04493623144251335
RUNX3,YWHAQ,0.04368327800874087
RUNX3,YWHAZ,0.0341581200290396
RUNX3,ZFP36,0.05433081439079667
RUNX3,ZFP36L2,0.040405283617079804
RUNX3,ZNF331,0.0385795253108233
RXRA,EEF1A1,-0.03269168292211135
RXRA,EEF1B2,-0.0385251994173328
RXRA,RPL10,-0.0410631754995375
RXRA,RPL11,-0.039882551229447005
RXRA,RPL13,-0.03921362979913173
RXRA,RPL18,-0.034241671886510734
RXRA,RPL18A,-0.03706174153081185
RXRA,RPL19,-0.03721028290316924
RXRA,RPL22,-0.036958329594537
RXRA,RPL29,-0.03799767086245085
RXRA,RPL32,-0.04291599606303997
RXRA,RPL34,-0.041946977136979265
RXRA,RPL35A,-0.03907207134308854
RXRA,RPL5,-0.03737463606952105
RXRA,RPS12,-0.03576288489310914
RXRA,RPS13,-0.04284453613630327
RXRA,RPS14,-0.04434346089264607
RXRA,RPS15A,-0.04130430384214966
RXRA,RPS23,-0.04048112880493657
RXRA,RPS27A,-0.040411077979887904
RXRA,RPS28,-0.0367043549981553
RXRA,RPS3,-0.03610222805502363
RXRA,RPS3A,-0.040500429180061435
RXRA,RPS4X,-0.0408248540895514
RXRA,RPS5,-0.03799088129638095
RXRA,RPS6,-0.03698503778030867
RXRA,RPS8,-0.0386981537661898
RXRB,B2M,-0.06559122586714997
RXRB,EEF1A1,-0.04792668262569075
RXRB,FTH1,-0.038440499466736
RXRB,PFDN5,-0.0293935971069605
RXRB,PTMA,-0.04156269052091445
RXRB,RPL10,-0.0551200976582155
RXRB,RPL10A,-0.036498231242405
RXRB,RPL11,-0.05716226147532557
RXRB,RPL12,-0.05131219829411713
RXRB,RPL13,-0.0569783373258102
RXRB,RPL13A,-0.05826645491335765
RXRB,RPL15,-0.04435210632511135
RXRB,RPL17,-0.050182652625383295
RXRB,RPL18,-0.04796393157914755
RXRB,RPL18A,-0.0534949650470404
RXRB,RPL21,-0.051451116439527995
RXRB,RPL22,-0.04543816199634575
RXRB,RPL24,-0.0409368626871442
RXRB,RPL26,-0.053288832585674704
RXRB,RPL28,-0.05091393601187635
RXRB,RPL29,-0.04683966056617685
RXRB,RPL3,-0.0480081298834951
RXRB,RPL30,-0.0499556039631855
RXRB,RPL31,-0.050831274428901896
RXRB,RPL32,-0.06116022730224674
RXRB,RPL34,-0.06583048793458136
RXRB,RPL35,-0.044001809756533304
RXRB,RPL35A,-0.05421934019116443
RXRB,RPL36,-0.05342700630650867
RXRB,RPL36A,-0.05025066634080905
RXRB,RPL37,-0.0601194276421925
RXRB,RPL37A,-0.0515971715287408
RXRB,RPL38,-0.04912022032540145
RXRB,RPL39,-0.06271305360258707
RXRB,RPL41,-0.05643675455469057
RXRB,RPL5,-0.038034634453331495
RXRB,RPL6,-0.04748528700929115
RXRB,RPL7,-0.0499100494218393
RXRB,RPL7A,-0.037409063373404994
RXRB,RPL9,-0.0440169050022064
RXRB,RPLP1,-0.04989401591978503
RXRB,RPLP2,-0.053111740469418633
RXRB,RPS12,-0.05195948611969183
RXRB,RPS13,-0.0492782295730301
RXRB,RPS14,-0.0571445540775567
RXRB,RPS15,-0.05819386592414084
RXRB,RPS15A,-0.061259568462633064
RXRB,RPS16,-0.0448621762041113
RXRB,RPS18,-0.058703431450775334
RXRB,RPS19,-0.05751396945989077
RXRB,RPS2,-0.04485598772805783
RXRB,RPS20,-0.04096119843267545
RXRB,RPS21,-0.0549611607938198
RXRB,RPS23,-0.050835571571889136
RXRB,RPS24,-0.04568706183650525
RXRB,RPS25,-0.0517216021662782
RXRB,RPS27,-0.06421616946145174
RXRB,RPS27A,-0.05953556627993347
RXRB,RPS29,-0.055788119266350876
RXRB,RPS3,-0.04712056489484583
RXRB,RPS3A,-0.04497188857730733
RXRB,RPS4X,-0.04608206269947707
RXRB,RPS5,-0.035065872857596
RXRB,RPS6,-0.0475440456106784
RXRB,RPS7,-0.0497779866108424
RXRB,RPS8,-0.05028835543347993
RXRB,RPS9,-0.03638676253460365
RXRB,TMSB10,-0.0524301915710138
RXRB,TPT1,-0.0441040942209825
RXRB,UBA52,-0.0423427589933957
SATB1,ANKRD55,0.06896452780465795
SATB1,ATF7IP2,0.038891030793074974
SATB1,BCL2,0.044011827659743805
SATB1,BNIP3L,0.03925203267248805
SATB1,CCND3,0.04462069035955355
SATB1,CCNG1,0.036112767642065696
SATB1,COL18A1,0.0618660092003086
SATB1,CSDE1,0.034264912367708934
SATB1,CSGALNACT1,0.0469117407487854
SATB1,CYTIP,0.0577465206439541
SATB1,EDA,0.037483301252437595
SATB1,FAS,-0.09475806011791389
SATB1,FOXN3,0.0403858653710226
SATB1,FOXP1,0.0828746624710415
SATB1,HLA-DPA1,-0.06706942940273139
SATB1,HOPX,-0.06329631447302594
SATB1,IFNG,-0.05261522049292025
SATB1,IGF1R,0.06768859344113524
SATB1,IL6ST,0.08529294326161105
SATB1,ITGA6,0.06031722875045927
SATB1,ITGB1,-0.1293094159117245
SATB1,JMJD1C,0.037857098647269896
SATB1,LMO7,0.04232409452228073
SATB1,MBNL1,0.0609633173204798
SATB1,MLXIP,0.04563306648975335
SATB1,MT-ND4L,0.0513027678836416
SATB1,NELL2,0.05908903927669315
SATB1,NSA2,0.04858473545767317
SATB1,PCED1B,0.053939823274520224
SATB1,PDE7A,0.06370181983648526
SATB1,PRKACB,0.04175919918466927
SATB1,RBM26,0.04260258364129515
SATB1,RETREG1,0.052249000453793576
SATB1,RNF157,0.03855162180313105
SATB1,RPL5,0.09717184823304495
SATB1,SLC16A10,0.04858746532287165
SATB1,SMARCA2,0.0346767085341516
SATB1,SSBP2,0.0519246021795352
SATB1,USP15,0.03757406553550095
SETDB1,RPL31,-0.0369591302501398
SETDB1,RPL36,-0.04479383552352086
SETDB1,RPL41,-0.0515250578188021
SETDB1,RPLP1,-0.043291995706351394
SETDB1,RPS13,-0.0473443437695054
SETDB1,RPS15A,-0.0499482062436492
SETDB1,RPS2,-0.04341101388826855
SETDB1,RPS23,-0.044066111888798436
SETDB1,RPS7,-0.0512423513807303
SKI,B2M,-0.06974895173491026
SKI,EEF1A1,-0.053098102789222563
SKI,EEF1B2,-0.04813958619326675
SKI,EEF1D,-0.04076205442336195
SKI,FAU,-0.051734787783571566
SKI,FTL,-0.034911843534098666
SKI,NACA,-0.0554203159651073
SKI,PFDN5,-0.0386808885766552
SKI,PTMA,-0.0438560507256332
SKI,RACK1,-0.0487246994687866
SKI,RPL10A,-0.04433788593248047
SKI,RPL12,-0.05686884424415343
SKI,RPL13,-0.057246417983568366
SKI,RPL14,-0.06120102653003145
SKI,RPL15,-0.04663314730184735
SKI,RPL18,-0.05212317470512103
SKI,RPL21,-0.057702098968062845
SKI,RPL22,-0.0580502852346656
SKI,RPL23A,-0.04973508929042305
SKI,RPL24,-0.04834788556165075
SKI,RPL26,-0.05591767701760423
SKI,RPL29,-0.06372394373689586
SKI,RPL3,-0.051159897596551346
SKI,RPL31,-0.0460467273160001
SKI,RPL34,-0.06724985942556704
SKI,RPL35,-0.04239769960332955
SKI,RPL35A,-0.0613076279307229
SKI,RPL36,-0.0528532286115432
SKI,RPL36A,-0.042699234493129054
SKI,RPL37,-0.059527224818583455
SKI,RPL41,-0.05797955436478904
SKI,RPL5,-0.06149796411805396
SKI,RPL6,-0.05018722407800091
SKI,RPL7,-0.0477217057372563
SKI,RPL7A,-0.05934292759699895
SKI,RPL9,-0.04074981491256704
SKI,RPLP0,-0.0462929751087193
SKI,RPLP1,-0.04890984428246886
SKI,RPLP2,-0.04857466918641953
SKI,RPS12,-0.056918650313534234
SKI,RPS13,-0.060551104895763035
SKI,RPS14,-0.0629129659463821
SKI,RPS15,-0.060705827310633294
SKI,RPS15A,-0.06351616523683447
SKI,RPS18,-0.052077598773239135
SKI,RPS19,-0.055205679136258505
SKI,RPS2,-0.04684850448456627
SKI,RPS21,-0.058573315555359245
SKI,RPS23,-0.05798202725988613
SKI,RPS24,-0.0600984109234446
SKI,RPS27,-0.0635906337028188
SKI,RPS27A,-0.0655315921049991
SKI,RPS29,-0.04466233201012446
SKI,RPS3,-0.05638575360467737
SKI,RPS3A,-0.056549735492819796
SKI,RPS5,-0.04919488613965197
SKI,RPS6,-0.049154580682379025
SKI,RPS7,-0.05279761625311833
SKI,RPS8,-0.056506356109212695
SKI,RPSA,-0.0455294149093873
SKI,TMSB10,-0.051645808978515395
SKI,TPT1,-0.04785198857775805
SMAD3,ACTB,-0.03804667799453135
SMAD3,AHNAK,0.0739923850442972
SMAD3,AHR,0.04152322897344795
SMAD3,ANXA2,0.05460433310990815
SMAD3,ATP5MC2,-0.04200279878227265
SMAD3,ATP5MG,-0.04859763954535655
SMAD3,ATXN1,0.054764396875681895
SMAD3,B2M,-0.06395341579391567
SMAD3,BHLHE40,0.0570209885237211
SMAD3,BTG1,-0.04653807570031815
SMAD3,C12orf57,-0.05734196324401285
SMAD3,CASK,0.041239534193765054
SMAD3,CAST,0.03770041616051223
SMAD3,CCR6,0.0460270105234233
SMAD3,CCR7,-0.06277478277001775
SMAD3,CD58,0.041554032366302396
SMAD3,CD7,-0.056910998543906105
SMAD3,CFLAR,0.037307520351106065
SMAD3,CLDND1,0.04597645606539047
SMAD3,CLIC1,0.045135514424803264
SMAD3,CORO7,0.03803846368270285
SMAD3,COX4I1,-0.06103518309714906
SMAD3,COX7C,-0.046233168508543
SMAD3,DUSP5,0.05199878417116345
SMAD3,EEF1A1,-0.08806551410353147
SMAD3,EEF1B2,-0.08151823189673557
SMAD3,EEF1D,-0.0554742466667682
SMAD3,EEF1G,-0.07479506432294937
SMAD3,EIF3A,0.03570297498464153
SMAD3,EML4,0.0368148925335759
SMAD3,EPS15,0.037042893285095205
SMAD3,ERN1,0.048781520877708
SMAD3,EZR,0.04750520161738683
SMAD3,FTL,-0.04247005400542045
SMAD3,FYN,0.035666694810017
SMAD3,HNRNPLL,0.05270569439109795
SMAD3,IKZF3,0.041072261997572954
SMAD3,IL32,0.037522693480419755
SMAD3,IQGAP2,0.046837327830462905
SMAD3,ITGB1,0.06410082084777187
SMAD3,LIMS1,0.056074229358418166
SMAD3,LYAR,0.04853644770774958
SMAD3,MACF1,0.0404455288123286
SMAD3,MAP4,0.0373291871669846
SMAD3,MGAT5,0.037969731127579495
SMAD3,NACA,-0.08832620075093746
SMAD3,NFKBIA,0.035923845467929254
SMAD3,NIBAN1,0.04871038884859274
SMAD3,NOP53,-0.048028992035746995
SMAD3,NOSIP,-0.05706615713561085
SMAD3,NPDC1,0.03718656344048946
SMAD3,NPM1,-0.05550082479031723
SMAD3,OGDH,0.04680834555340055
SMAD3,PABPC1,-0.0646480895428023
SMAD3,PFDN5,-0.0565860484058692
SMAD3,PHTF2,0.040192898405339295
SMAD3,PIK3R1,0.03506381070336505
SMAD3,PPP1R15A,0.0358373795741795
SMAD3,PTMA,-0.0654243965606225
SMAD3,RABGAP1L,0.048916392315661944
SMAD3,RACK1,-0.0741607015961612
SMAD3,REEP5,0.035370787635502596
SMAD3,RNF19A,0.044007698510205334
SMAD3,RPL10,-0.10315333733572195
SMAD3,RPL10A,-0.07803377653581767
SMAD3,RPL11,-0.10296958197329595
SMAD3,RPL12,-0.08733395476490945
SMAD3,RPL13,-0.1009740240520418
SMAD3,RPL13A,-0.06739176870153338
SMAD3,RPL14,-0.08468331176946783
SMAD3,RPL15,-0.07347293742307633
SMAD3,RPL17,-0.08453395108424423
SMAD3,RPL18,-0.0886066749205642
SMAD3,RPL18A,-0.09467673793373968
SMAD3,RPL19,-0.09822295711845137
SMAD3,RPL21,-0.0906084729067471
SMAD3,RPL22,-0.08570815345690597
SMAD3,RPL23,-0.04879269438265466
SMAD3,RPL23A,-0.07290215465345272
SMAD3,RPL24,-0.07342340429446455
SMAD3,RPL26,-0.08689923553966038
SMAD3,RPL27,-0.058709576945345975
SMAD3,RPL27A,-0.06263989885433967
SMAD3,RPL28,-0.08766053106783295
SMAD3,RPL29,-0.08196539927295597
SMAD3,RPL3,-0.08202726065196217
SMAD3,RPL30,-0.09971639235116643
SMAD3,RPL31,-0.07847136734027829
SMAD3,RPL34,-0.10715082198139435
SMAD3,RPL35,-0.06537997274231278
SMAD3,RPL35A,-0.09984495401031256
SMAD3,RPL36,-0.07874983374823086
SMAD3,RPL37,-0.08343147020615738
SMAD3,RPL37A,-0.06689310902405896
SMAD3,RPL38,-0.0668443198716703
SMAD3,RPL4,-0.06289479334011007
SMAD3,RPL41,-0.08509563607958698
SMAD3,RPL5,-0.09894169031901003
SMAD3,RPL6,-0.07547635482108428
SMAD3,RPL7,-0.0774530523313583
SMAD3,RPL7A,-0.0844932140077068
SMAD3,RPL9,-0.08249612801067724
SMAD3,RPLP0,-0.06569567116626084
SMAD3,RPLP1,-0.07800657347798412
SMAD3,RPLP2,-0.09247459156733989
SMAD3,RPS10,-0.0662344806240573
SMAD3,RPS11,-0.0478948608442534
SMAD3,RPS12,-0.10077069018208237
SMAD3,RPS13,-0.11022071540808512
SMAD3,RPS14,-0.1056754842495607
SMAD3,RPS15,-0.09500445381210747
SMAD3,RPS15A,-0.10076293830598076
SMAD3,RPS16,-0.07679632078065962
SMAD3,RPS18,-0.08680213388152583
SMAD3,RPS19,-0.085559412357244
SMAD3,RPS2,-0.07978697474166083
SMAD3,RPS20,-0.05673365823660183
SMAD3,RPS21,-0.0798581378855423
SMAD3,RPS23,-0.10163044447530815
SMAD3,RPS24,-0.07626358383400605
SMAD3,RPS25,-0.09578763679497872
SMAD3,RPS27,-0.09744654310959958
SMAD3,RPS27A,-0.10483149685845619
SMAD3,RPS29,-0.0718867390181158
SMAD3,RPS3,-0.08671258546654985
SMAD3,RPS3A,-0.09903782596846253
SMAD3,RPS4X,-0.08434041804191585
SMAD3,RPS5,-0.0899007377450099
SMAD3,RPS6,-0.09220742307041385
SMAD3,RPS7,-0.07670746873811857
SMAD3,RPS8,-0.09571758251304592
SMAD3,RPS9,-0.0763772117966763
SMAD3,RPSA,-0.07633141216509128
SMAD3,SARAF,-0.05940226896379575
SMAD3,SMCHD1,0.0330479402329184
SMAD3,STOM,0.054009606070004636
SMAD3,TMA7,-0.04118694458449095
SMAD3,TMSB10,-0.08345722742544234
SMAD3,TNFAIP3,0.0326370292068307
SMAD3,TOMM7,-0.058617842605625664
SMAD3,TPT1,-0.08591282969303267
SMAD3,TRADD,0.04116783939737185
SMAD3,TTC39C,0.038855187170886346
SMAD3,UBA52,-0.06592599929970262
SMAD3,UQCRB,-0.04909149841431504
SMAD3,UTRN,0.0442751388931123
SMAD3,YWHAQ,0.0393880380998211
SMAD4,ACTB,-0.0539817120565999
SMAD4,B2M,-0.0887909372691097
SMAD4,EEF1A1,-0.058602342967582904
SMAD4,EIF1,-0.0461913559479423
SMAD4,FAU,-0.05352943842378136
SMAD4,FTH1,-0.040672950165441264
SMAD4,FTL,-0.0360036764018587
SMAD4,FXYD5,-0.036963540532854305
SMAD4,HLA-A,-0.0473174890816283
SMAD4,HLA-B,-0.0517755872872184
SMAD4,IL32,-0.04133108436562645
SMAD4,MT-CO2,-0.03276175815329305
SMAD4,MYL12A,-0.036847343044911746
SMAD4,PFDN5,-0.040516278431789954
SMAD4,PFN1,-0.0474168211265345
SMAD4,PTMA,-0.04594172380959147
SMAD4,RPL10,-0.0688536529278256
SMAD4,RPL10A,-0.043858528389295
SMAD4,RPL11,-0.06175526858544363
SMAD4,RPL12,-0.05648235563851553
SMAD4,RPL13,-0.06030971346755016
SMAD4,RPL13A,-0.0509516192050517
SMAD4,RPL14,-0.0625910751566186
SMAD4,RPL15,-0.04734876101782003
SMAD4,RPL17,-0.0541230854557508
SMAD4,RPL18,-0.05015227484249537
SMAD4,RPL18A,-0.058833841371020566
SMAD4,RPL19,-0.0559139932712542
SMAD4,RPL21,-0.058398158020868896
SMAD4,RPL23A,-0.05468323318735596
SMAD4,RPL26,-0.058394765677088796
SMAD4,RPL28,-0.059547055753925694
SMAD4,RPL29,-0.06141378243803435
SMAD4,RPL3,-0.05561471867455105
SMAD4,RPL31,-0.047877149064629046
SMAD4,RPL32,-0.06335507786508693
SMAD4,RPL34,-0.06851999151601863
SMAD4,RPL35,-0.04774380946232679
SMAD4,RPL36,-0.05724793967895463
SMAD4,RPL37,-0.0632049834148751
SMAD4,RPL37A,-0.047383874486729455
SMAD4,RPL39,-0.06159689810544753
SMAD4,RPL41,-0.06487754596136604
SMAD4,RPL5,-0.05287722703927855
SMAD4,RPL6,-0.0505528346537539
SMAD4,RPL7,-0.047904516369776454
SMAD4,RPL7A,-0.060204405327405355
SMAD4,RPLP0,-0.05454250137339135
SMAD4,RPLP1,-0.05909391134249147
SMAD4,RPLP2,-0.052208072016599966
SMAD4,RPS12,-0.05773922013013666
SMAD4,RPS13,-0.0622489686336698
SMAD4,RPS14,-0.06419679812445946
SMAD4,RPS15,-0.062408082432604095
SMAD4,RPS15A,-0.06181004366001273
SMAD4,RPS16,-0.047407911737677
SMAD4,RPS18,-0.06095893191722964
SMAD4,RPS19,-0.06466366740089054
SMAD4,RPS2,-0.05392313141139634
SMAD4,RPS20,-0.03131736001394165
SMAD4,RPS21,-0.060490787682185646
SMAD4,RPS25,-0.055392081654493136
SMAD4,RPS27,-0.06477502413479086
SMAD4,RPS27A,-0.06627200699646327
SMAD4,RPS28,-0.0626324131414505
SMAD4,RPS29,-0.04957197754075826
SMAD4,RPS3,-0.05854952494101501
SMAD4,RPS3A,-0.055053991667753543
SMAD4,RPS4X,-0.05714710535600067
SMAD4,RPS5,-0.046632315514945344
SMAD4,RPS6,-0.04871647443427357
SMAD4,RPS7,-0.0529688656164496
SMAD4,RPS8,-0.05252167737993237
SMAD4,RPS9,-0.044126974532725155
SMAD4,RPSA,-0.05145621101987325
SMAD4,SERF2,-0.03810955729699555
SMAD4,SH3BGRL3,-0.0427760970116259
SMAD4,TMSB10,-0.05737346324545207
SMAD4,TMSB4X,-0.07041136853358941
SMAD4,TPT1,-0.058601034989402695
SMAD5,ACTN4,0.05637090382884855
SMAD5,AHNAK,0.08187717612669326
SMAD5,ANXA1,0.06968397944401364
SMAD5,ANXA2,0.06651292165817023
SMAD5,ANXA5,0.05983361193486915
SMAD5,ATP2B1,0.04696963711389235
SMAD5,ATXN1,0.03796932533357885
SMAD5,B2M,-0.0440957277436535
SMAD5,BTF3,-0.045491832828896545
SMAD5,BTG1,-0.05824324803294105
SMAD5,C12orf57,-0.05317456465909755
SMAD5,CAPG,0.054401597628233704
SMAD5,CAST,0.042642378648922806
SMAD5,CCR7,-0.0676300143034263
SMAD5,CDC42EP3,0.045833413347503904
SMAD5,CLIC1,0.051785465198681546
SMAD5,COTL1,0.0496533844554104
SMAD5,COX4I1,-0.06378637630453644
SMAD5,CRIP1,0.06064233854042006
SMAD5,EEF1A1,-0.07147982379373494
SMAD5,EEF1B2,-0.08026526805549014
SMAD5,EEF1D,-0.0488844007766871
SMAD5,EEF1G,-0.059962147452805495
SMAD5,EMB,0.0386187858740506
SMAD5,ERN1,0.0571541998953688
SMAD5,EZR,0.04130158234130083
SMAD5,FAS,0.051515972318377845
SMAD5,FAU,-0.06694507192858203
SMAD5,FHIT,-0.045522561703330244
SMAD5,FLNA,0.041767557509390964
SMAD5,GLIPR1,0.059357726295585604
SMAD5,HNRNPLL,0.052755003613503354
SMAD5,IL10RA,0.05676942307230751
SMAD5,IQGAP2,0.041242334807037206
SMAD5,ITGB1,0.07080377533943379
SMAD5,KLF6,0.06985709510720314
SMAD5,LGALS1,0.06933954120302199
SMAD5,LIMD2,-0.050434916252242196
SMAD5,LMNA,0.0764185147820657
SMAD5,LMO4,0.04855633264919865
SMAD5,LRRFIP1,0.0334037750185584
SMAD5,MAP4,0.0406727348017271
SMAD5,NACA,-0.08542332026432006
SMAD5,NIBAN1,0.055536856866371366
SMAD5,NPM1,-0.056356229520461654
SMAD5,PABPC1,-0.0644407460379515
SMAD5,PARP8,0.0388241987846038
SMAD5,PFDN5,-0.0419350729919363
SMAD5,PHACTR2,0.0414745245764986
SMAD5,PLP2,0.06364109560334685
SMAD5,PPP1R16B,0.0384850418719201
SMAD5,PPP2R5C,0.03773602711097885
SMAD5,PRDM1,0.0580232467151405
SMAD5,PTMA,-0.05298841288922174
SMAD5,RACK1,-0.07386604138059025
SMAD5,RPL10,-0.07970780522615543
SMAD5,RPL10A,-0.06335349829593283
SMAD5,RPL11,-0.08602243030256083
SMAD5,RPL12,-0.07153705034158697
SMAD5,RPL13,-0.0815944626258777
SMAD5,RPL13A,-0.04545079577632236
SMAD5,RPL14,-0.061668942878291534
SMAD5,RPL15,-0.05713305039772946
SMAD5,RPL17,-0.055901244977425546
SMAD5,RPL18,-0.0741015531829635
SMAD5,RPL18A,-0.0768676579665191
SMAD5,RPL19,-0.08053526740823998
SMAD5,RPL21,-0.062490668785455304
SMAD5,RPL22,-0.07218899086455227
SMAD5,RPL23,-0.0375619482055374
SMAD5,RPL23A,-0.049644353572656306
SMAD5,RPL24,-0.064674326706744
SMAD5,RPL26,-0.06986109751184827
SMAD5,RPL27,-0.038696701552198134
SMAD5,RPL28,-0.0655195046821493
SMAD5,RPL29,-0.07275655911795383
SMAD5,RPL3,-0.06527916150346856
SMAD5,RPL30,-0.08582154009550451
SMAD5,RPL31,-0.06169039527665954
SMAD5,RPL32,-0.0895524322627485
SMAD5,RPL34,-0.08300667896533223
SMAD5,RPL35,-0.0429614937829744
SMAD5,RPL35A,-0.08180667396364434
SMAD5,RPL36,-0.057856944721069094
SMAD5,RPL36A,-0.037971686373199295
SMAD5,RPL37,-0.06670437744463677
SMAD5,RPL37A,-0.0468270698601763
SMAD5,RPL38,-0.0454076730488508
SMAD5,RPL39,-0.0692314656969268
SMAD5,RPL4,-0.04810306818739965
SMAD5,RPL41,-0.060801766020765625
SMAD5,RPL5,-0.085817905296965
SMAD5,RPL6,-0.057897871713836334
SMAD5,RPL7,-0.06246387890493866
SMAD5,RPL7A,-0.07762642653375285
SMAD5,RPL8,-0.060647002659544064
SMAD5,RPL9,-0.06753114884273793
SMAD5,RPLP0,-0.039824468985557
SMAD5,RPLP1,-0.05664307987100497
SMAD5,RPLP2,-0.07100281221646433
SMAD5,RPS12,-0.07706883635041094
SMAD5,RPS13,-0.09318921660331743
SMAD5,RPS14,-0.0828029352628507
SMAD5,RPS15,-0.07511549204262927
SMAD5,RPS15A,-0.08516499694128993
SMAD5,RPS16,-0.06026890248024483
SMAD5,RPS18,-0.06670828604865363
SMAD5,RPS19,-0.05924990119709891
SMAD5,RPS2,-0.061324945385875795
SMAD5,RPS21,-0.0603004901219173
SMAD5,RPS23,-0.0894805259230511
SMAD5,RPS24,-0.075385414906646
SMAD5,RPS25,-0.0706460456261745
SMAD5,RPS27,-0.0795609699748442
SMAD5,RPS27A,-0.08411324540620534
SMAD5,RPS28,-0.07190096456392693
SMAD5,RPS29,-0.047565831397369605
SMAD5,RPS3,-0.07218688512386617
SMAD5,RPS3A,-0.0880605000488484
SMAD5,RPS4X,-0.07456355570386027
SMAD5,RPS5,-0.07490386237325196
SMAD5,RPS6,-0.0744540946989825
SMAD5,RPS7,-0.06167003581283703
SMAD5,RPS8,-0.08188473317503582
SMAD5,RPS9,-0.06413358765694056
SMAD5,RPSA,-0.05038031148799735
SMAD5,S100A11,0.06580218730846567
SMAD5,SARAF,-0.06431864603747794
SMAD5,SH3BGRL3,0.0551172596102759
SMAD5,TAGLN2,0.05056642825294185
SMAD5,TIMP1,0.04734013257723295
SMAD5,TMSB10,-0.06491576751391456
SMAD5,TMSB4X,-0.04620397131089485
SMAD5,TMX4,0.04592526435788945
SMAD5,TOMM7,-0.0467130362682399
SMAD5,TPT1,-0.06927961712226695
SMAD5,TRADD,0.0489745664399947
SMAD5,TTC39C,0.036492720770779946
SMAD5,TXN,0.045243175471777544
SMAD5,UBA52,-0.049753267106456
SMAD5,UQCRB,-0.04293369853895995
SMAD5,USP46,0.05024318800165645
SMAD5,VIM,0.050376162039756096
SNAI1,GADD45B,0.11862696641512255
SNAI1,IER2,0.1008177204553374
SNAI1,JUN,0.06884059842173405
SNAI1,JUNB,0.05455523033193925
SNAI1,SERTAD1,0.06985724297185064
SNAI3,AHNAK,0.0564053852588394
SNAI3,CRIP1,0.054124926796598895
SNAI3,ITGB1,0.0499038280809023
SNAI3,RPL10,-0.0539641003863727
SNAI3,RPL18A,-0.051117829214354066
SNAI3,RPL21,-0.04350863467637273
SNAI3,RPL23A,-0.04723034965844255
SNAI3,TRADD,0.0512749261814516
SNAPC4,RPL30,-0.0382168858568155
SNAPC4,RPS27A,-0.036989764875435954
SOX13,AHNAK,0.059522977353996545
SOX13,ANXA2,0.0588942487013721
SOX13,BHLHE40,0.05613034790514786
SOX13,CCR7,-0.0539586945650908
SOX13,ERN1,0.047656725877849554
SOX13,GZMA,0.0657287113108127
SOX13,IL32,0.05557282469604935
SOX13,ITGB1,0.0626490888778607
SOX13,NIBAN1,0.05451858226975449
SOX13,RPL19,-0.041372115677329
SOX13,RPL30,-0.0457319117758674
SOX13,RPL5,-0.041515511308751404
SOX13,RPS13,-0.052003370032472795
SOX13,RPS15A,-0.0445303228215074
SOX13,RPS3A,-0.04942847047341145
SOX13,RPS8,-0.047563287654109346
SOX13,S100A10,0.051240315003143494
SOX13,S100A4,0.0730784537563141
SOX4,AFF3,0.056323197894367294
SOX4,CD9,0.042462833949354656
SOX4,HLA-B,-0.0391610890778113
SOX4,LEF1,0.05705258944105603
SOX4,MARCKSL1,0.06121028220607767
SOX4,MYL12A,-0.0383109219413377
SOX4,NREP,0.1219548793639722
SOX4,PECAM1,0.07600676292991275
SOX4,RPL23,0.05789911605197025
SOX4,TCF4,0.0777762502778338
SOX4,TSHZ2,-0.06131750237080754
SP1,B2M,-0.0680742496144094
SP1,EEF1A1,-0.054418422667358225
SP1,EEF1B2,-0.04736195057841175
SP1,EEF1D,-0.04195753589127815
SP1,EIF1,-0.048411955642247595
SP1,FAU,-0.05492500887521797
SP1,NACA,-0.0569558384521472
SP1,PFDN5,-0.0369373908113917
SP1,PTMA,-0.047337101389757906
SP1,RACK1,-0.050083430989700195
SP1,RPL10,-0.06742774493429927
SP1,RPL10A,-0.04521153160585717
SP1,RPL11,-0.06527078282542884
SP1,RPL12,-0.056406995286992334
SP1,RPL13,-0.061255351373492396
SP1,RPL13A,-0.04055735938417235
SP1,RPL14,-0.0673200699096176
SP1,RPL15,-0.044063101420904666
SP1,RPL17,-0.0520340552326405
SP1,RPL18,-0.054856011184214404
SP1,RPL18A,-0.0577972054325178
SP1,RPL19,-0.059395579306420136
SP1,RPL21,-0.045218571725096225
SP1,RPL22,-0.0594999724347971
SP1,RPL23A,-0.04818507945574666
SP1,RPL24,-0.05702234977067505
SP1,RPL26,-0.05589591217955403
SP1,RPL28,-0.0594740005010472
SP1,RPL29,-0.06638392627421895
SP1,RPL3,-0.049085927589747835
SP1,RPL30,-0.06256637042671094
SP1,RPL31,-0.04174072266019396
SP1,RPL32,-0.06641998691682251
SP1,RPL34,-0.06611753902027932
SP1,RPL35,-0.0411683789444622
SP1,RPL35A,-0.060108798130972835
SP1,RPL36,-0.053015791211688236
SP1,RPL36A,-0.04191792819157785
SP1,RPL37,-0.0647753061566798
SP1,RPL37A,-0.04224251784809395
SP1,RPL38,-0.0401472437672797
SP1,RPL39,-0.058167389914018035
SP1,RPL41,-0.059111738901599535
SP1,RPL5,-0.0624742227887833
SP1,RPL6,-0.060690927679582604
SP1,RPL7,-0.0444103722247634
SP1,RPL7A,-0.0635990868720947
SP1,RPL8,-0.050720849938823996
SP1,RPL9,-0.052972819029203255
SP1,RPLP0,-0.04818840218282965
SP1,RPLP1,-0.05487042537330373
SP1,RPLP2,-0.053972940393706266
SP1,RPS12,-0.05988147269910543
SP1,RPS13,-0.06044103407111096
SP1,RPS14,-0.0647909908306231
SP1,RPS15,-0.06242716748322404
SP1,RPS15A,-0.06478633217358
SP1,RPS16,-0.04888312177945535
SP1,RPS18,-0.05642931251934777
SP1,RPS19,-0.05654259764337174
SP1,RPS2,-0.05059531707937564
SP1,RPS21,-0.05969247350965144
SP1,RPS23,-0.060018920082123096
SP1,RPS24,-0.06568269493678905
SP1,RPS25,-0.057788264524195464
SP1,RPS27,-0.06261776906134077
SP1,RPS27A,-0.0680857719008172
SP1,RPS28,-0.06119863392036313
SP1,RPS29,-0.04793472435872535
SP1,RPS3,-0.05935159371978133
SP1,RPS3A,-0.05606267795699834
SP1,RPS4X,-0.056718635029917336
SP1,RPS5,-0.0488700925144169
SP1,RPS6,-0.05159920161687287
SP1,RPS7,-0.06825684337312485
SP1,RPS8,-0.05694210985330763
SP1,RPS9,-0.04197691851905636
SP1,RPSA,-0.0496977738905255
SP1,TMSB10,-0.04876468526928803
SP1,TMSB4X,-0.0541965834467474
SP1,TPT1,-0.05410120757323615
SP1,UBA52,-0.047546738963339594
SP110,ATP5F1A,0.0303852810549602
SP110,BAZ1A,0.03043621813467575
SP110,CCT7,0.031274139876249996
SP110,COX7C,-0.03538649644642377
SP110,EIF1,-0.0458918191004357
SP110,EIF4H,0.0308939932221087
SP110,ENO1,0.039650334410245805
SP110,HNRNPF,0.029890819786610852
SP110,HSPD1,0.0329504054762408
SP110,IMP3,0.0281144316785472
SP110,NACA,-0.04297879308483875
SP110,PARP9,0.0306587742097097
SP110,PNN,0.03470976629443165
SP110,PSMB10,0.0348128709304224
SP110,PSMB8,0.03455852054570645
SP110,RACK1,-0.04066791261342845
SP110,RBCK1,0.02859228256572475
SP110,RPL10A,-0.0579996411092596
SP110,RPL12,-0.08283018748729723
SP110,RPL13,-0.0931930748114327
SP110,RPL18,-0.06729118795277723
SP110,RPL19,-0.0738623794223751
SP110,RPL22,-0.05381659131014784
SP110,RPL24,-0.04905005371959583
SP110,RPL31,-0.0753050934029443
SP110,RPL36,-0.09305281589913737
SP110,RPL37A,-0.0651963598871555
SP110,RPS15A,-0.09772872272811821
SP110,RPS18,-0.09916679303669991
SP110,RPS21,-0.06930383841763453
SP110,RPS29,-0.09677064186112662
SP110,RPS3,-0.08215487258849553
SP110,RPS3A,-0.06961120487983692
SP110,RPS5,-0.05375546985473947
SP110,RPS6,-0.07773123813546047
SP110,RPS7,-0.06618575841573744
SP110,SERF2,-0.03655486590088447
SP110,SERPINB1,0.02940603880139895
SP110,SFPQ,0.0318565591939441
SP110,STAT1,0.04645036867698747
SP110,TMA7,-0.038238713349991564
SP110,TMSB10,-0.07796437378968936
SP110,TPT1,-0.05165821469366495
SP110,XRCC5,0.037605277476499
SP2,B2M,-0.055225331055198335
SP2,EEF1A1,-0.053451385349683356
SP2,FAU,-0.0555508376231481
SP2,NACA,-0.0448165878350084
SP2,PTMA,-0.03892785478051113
SP2,RPL10,-0.05618874999956077
SP2,RPL10A,-0.03731239439822175
SP2,RPL11,-0.054961641364801105
SP2,RPL12,-0.04822619456743197
SP2,RPL13,-0.05393502267340306
SP2,RPL13A,-0.040274084983355204
SP2,RPL14,-0.0538787631870254
SP2,RPL15,-0.03609843527040765
SP2,RPL18,-0.054239075594292696
SP2,RPL18A,-0.05058029494002026
SP2,RPL19,-0.04877298884278503
SP2,RPL21,-0.046478197621992054
SP2,RPL22,-0.0494922825057938
SP2,RPL23A,-0.04425499677722125
SP2,RPL24,-0.047341934398225705
SP2,RPL26,-0.04793176552542953
SP2,RPL28,-0.06328577486229711
SP2,RPL29,-0.05578420297356365
SP2,RPL3,-0.04065189200609003
SP2,RPL30,-0.0639325997357324
SP2,RPL31,-0.039030766953459195
SP2,RPL32,-0.058267816765423
SP2,RPL34,-0.05903179155590277
SP2,RPL35,-0.0397305063288984
SP2,RPL35A,-0.05208574267486656
SP2,RPL36,-0.046915037575513734
SP2,RPL37,-0.0596332964552844
SP2,RPL37A,-0.043136959851322904
SP2,RPL39,-0.05460682938027883
SP2,RPL41,-0.051739299925760596
SP2,RPL6,-0.05035720384339595
SP2,RPL7A,-0.0496435207724418
SP2,RPL8,-0.04610447922691855
SP2,RPL9,-0.04519961668759065
SP2,RPLP1,-0.04728167927800563
SP2,RPLP2,-0.0502179054831011
SP2,RPS12,-0.05229891534847597
SP2,RPS13,-0.05098142924196397
SP2,RPS14,-0.055784596458411696
SP2,RPS15,-0.0539398182327924
SP2,RPS15A,-0.055982856070262633
SP2,RPS16,-0.04404910281829805
SP2,RPS18,-0.051206941767293936
SP2,RPS19,-0.05233193867801456
SP2,RPS2,-0.041614943448042035
SP2,RPS21,-0.053832587884280296
SP2,RPS23,-0.05226015633886703
SP2,RPS24,-0.053840619863132405
SP2,RPS25,-0.0504224271330398
SP2,RPS27,-0.054441023236201626
SP2,RPS27A,-0.05708037356683954
SP2,RPS28,-0.054818301983353634
SP2,RPS29,-0.04528886734480645
SP2,RPS3,-0.04732836803653236
SP2,RPS3A,-0.04747314310892516
SP2,RPS4X,-0.046319197514026196
SP2,RPS5,-0.0446991250929537
SP2,RPS6,-0.044778222915977495
SP2,RPS7,-0.05284706734889285
SP2,RPS8,-0.049061330179544664
SP2,RPS9,-0.036299617254819665
SP2,TMSB10,-0.04633033806550917
SP2,TMSB4X,-0.04811269640452337
SP3,ACTB,-0.050720761185253795
SP3,ATP5F1E,-0.0550183881027998
SP3,B2M,-0.0939799783815242
SP3,BEST1,0.0342474293460844
SP3,CD52,-0.05132875773473874
SP3,CFL1,-0.042649663949025904
SP3,COMMD6,-0.037018310431516654
SP3,EEF1A1,-0.06364805868124293
SP3,EEF1B2,-0.04602293928593445
SP3,EEF1D,-0.04049853911940615
SP3,EIF1,-0.04367502983005385
SP3,FAU,-0.06255648310782283
SP3,FTH1,-0.0459626345858637
SP3,FTL,-0.049724260021204156
SP3,FXYD5,-0.039978077161777
SP3,HLA-A,-0.04657360757487215
SP3,HLA-B,-0.04759601654673175
SP3,HLA-C,-0.04016272817773965
SP3,IFITM1,-0.050964331070836644
SP3,IL32,-0.053465099704191055
SP3,LTB,-0.0458971258256654
SP3,MYL12A,-0.053339774810423
SP3,NACA,-0.0518331828722556
SP3,NR4A2,0.04954006561636775
SP3,PFDN5,-0.0481565440913397
SP3,PFN1,-0.05668905339708085
SP3,PPIA,-0.03882459377626265
SP3,PTMA,-0.054901031543620665
SP3,RACK1,-0.046654825000974565
SP3,RNF125,0.0390237403586699
SP3,RPL10,-0.08195345077327626
SP3,RPL10A,-0.06070532862269496
SP3,RPL11,-0.07662502263704105
SP3,RPL12,-0.06965317089973733
SP3,RPL13,-0.07493453541949273
SP3,RPL13A,-0.07064669132648031
SP3,RPL14,-0.06002869179380142
SP3,RPL15,-0.06239675938474176
SP3,RPL17,-0.074289815382068
SP3,RPL18,-0.06066685175126885
SP3,RPL18A,-0.0736213439832424
SP3,RPL19,-0.06904408055999713
SP3,RPL21,-0.07595472223530823
SP3,RPL22,-0.05168260983693343
SP3,RPL23A,-0.07374592398568473
SP3,RPL24,-0.0526363215962685
SP3,RPL26,-0.07018635416363463
SP3,RPL27,-0.0545433542202792
SP3,RPL27A,-0.05960470941110039
SP3,RPL28,-0.0703458235642064
SP3,RPL29,-0.05895090326465315
SP3,RPL3,-0.06701701464989857
SP3,RPL30,-0.070851174187224
SP3,RPL31,-0.06688633618311013
SP3,RPL32,-0.0794356676278927
SP3,RPL34,-0.08447605114256007
SP3,RPL35,-0.0640688323421879
SP3,RPL35A,-0.0722117682546398
SP3,RPL36,-0.07242313157763605
SP3,RPL36A,-0.05797148627183855
SP3,RPL37,-0.0627990903948244
SP3,RPL37A,-0.0543627258697873
SP3,RPL38,-0.05123884141544633
SP3,RPL39,-0.07971607000687139
SP3,RPL4,-0.04237376189831535
SP3,RPL41,-0.08037755290557716
SP3,RPL5,-0.058570689390623036
SP3,RPL6,-0.0625728887810558
SP3,RPL7,-0.062146138187600564
SP3,RPL7A,-0.06067469339509846
SP3,RPL8,-0.059712020296340575
SP3,RPL9,-0.0574666189238453
SP3,RPLP0,-0.05074376826059096
SP3,RPLP1,-0.0673047423087112
SP3,RPLP2,-0.0783679729784518
SP3,RPS11,-0.038917708327004
SP3,RPS12,-0.07181197240876815
SP3,RPS13,-0.06802716982606558
SP3,RPS14,-0.07611911504032315
SP3,RPS15,-0.07744465840994882
SP3,RPS15A,-0.0778446190392424
SP3,RPS16,-0.055419489924192766
SP3,RPS18,-0.08604341605906245
SP3,RPS19,-0.07630574423754873
SP3,RPS2,-0.0703502054735478
SP3,RPS20,-0.050265668024850635
SP3,RPS21,-0.06441849149497783
SP3,RPS23,-0.06952740186791348
SP3,RPS24,-0.06253973242068388
SP3,RPS25,-0.07844120938762188
SP3,RPS27,-0.08160610178843068
SP3,RPS27A,-0.07853014888761507
SP3,RPS28,-0.0818219784320352
SP3,RPS29,-0.0670038784647138
SP3,RPS3,-0.06868031257518648
SP3,RPS3A,-0.07114464149567906
SP3,RPS4X,-0.06496784417309165
SP3,RPS5,-0.051963910856334304
SP3,RPS6,-0.07265409919295847
SP3,RPS7,-0.06433684204032303
SP3,RPS8,-0.06734386039825466
SP3,RPS9,-0.05566628666701127
SP3,RPSA,-0.057931949409476505
SP3,S100A6,-0.04026509495066455
SP3,SERF2,-0.04263968064396923
SP3,SH3BGRL3,-0.0458920838911485
SP3,SRRM2,0.03275730053996375
SP3,TMA7,-0.04191660393586166
SP3,TMSB10,-0.07003326039618588
SP3,TPT1,-0.07435244077420985
SP3,UBA52,-0.05213669089546837
SP3,YPEL5,0.04873696655382105
SP3,ZNF331,0.0490455654606342
SP4,ACTB,-0.0434317713463131
SP4,ATP5F1E,-0.042831204520498545
SP4,B2M,-0.09133648358540987
SP4,COX7C,-0.0438873797402976
SP4,EEF1A1,-0.06895708679526727
SP4,EEF1B2,-0.05316722550145665
SP4,EEF1D,-0.0487701830922897
SP4,FAU,-0.06713732500109186
SP4,FTH1,-0.04535434138006783
SP4,FTL,-0.03927013500540954
SP4,H3-3B,-0.0337464488010284
SP4,HINT1,-0.03787388210887385
SP4,HLA-A,-0.04426520611751035
SP4,HLA-B,-0.046801859676259897
SP4,IFITM1,-0.042401523926013096
SP4,NACA,-0.0664505837984683
SP4,PFDN5,-0.04728513693854753
SP4,PFN1,-0.041994279033308796
SP4,PTMA,-0.0559883443874179
SP4,RACK1,-0.05952470893329635
SP4,RPL10A,-0.05711890914474163
SP4,RPL11,-0.07993469013888593
SP4,RPL12,-0.07293569144204404
SP4,RPL13,-0.07779346641057606
SP4,RPL13A,-0.052514668085759574
SP4,RPL15,-0.05837328235360456
SP4,RPL18,-0.0674075816749412
SP4,RPL18A,-0.07737043212816784
SP4,RPL19,-0.07356830533622863
SP4,RPL21,-0.0585549613586727
SP4,RPL22,-0.07309621368717886
SP4,RPL24,-0.0690175415823141
SP4,RPL26,-0.0728777598397299
SP4,RPL27,-0.04761738421801145
SP4,RPL27A,-0.0448558086990821
SP4,RPL28,-0.07742464467109046
SP4,RPL29,-0.08388075184961985
SP4,RPL3,-0.06147445786918299
SP4,RPL30,-0.0749973747306694
SP4,RPL32,-0.08250401925450528
SP4,RPL34,-0.08558715798363974
SP4,RPL35,-0.05688505517499729
SP4,RPL35A,-0.07445911958515576
SP4,RPL36,-0.0705466701970442
SP4,RPL37,-0.08702311319322925
SP4,RPL37A,-0.06298991301891155
SP4,RPL38,-0.05337870292654005
SP4,RPL4,-0.0396865725274836
SP4,RPL41,-0.07721557010383183
SP4,RPL5,-0.07327843577247581
SP4,RPL6,-0.06440738770916767
SP4,RPL7,-0.048918510616516864
SP4,RPL7A,-0.07820465551350461
SP4,RPL8,-0.0628083274922107
SP4,RPLP1,-0.07329023067902794
SP4,RPLP2,-0.06846610329267784
SP4,RPS12,-0.0743766952920606
SP4,RPS13,-0.07210462936128446
SP4,RPS14,-0.08029155203937054
SP4,RPS15,-0.07993272041977756
SP4,RPS15A,-0.08098502870374114
SP4,RPS16,-0.0648735505951978
SP4,RPS18,-0.07587198869248661
SP4,RPS19,-0.0768341568346013
SP4,RPS2,-0.06681971666054606
SP4,RPS20,-0.037878004864537546
SP4,RPS21,-0.0798601929119842
SP4,RPS23,-0.07307877721421117
SP4,RPS24,-0.0780902909129855
SP4,RPS25,-0.07172968226341293
SP4,RPS27,-0.07974314072440457
SP4,RPS27A,-0.08211519786186679
SP4,RPS29,-0.06103589149026747
SP4,RPS3A,-0.06536507441170003
SP4,RPS5,-0.05667321916536114
SP4,RPS7,-0.06805765999263036
SP4,RPS8,-0.07230431454102236
SP4,RPS9,-0.05347115232903466
SP4,RPSA,-0.065683911506474
SP4,SERF2,-0.0412658482260161
SP4,TMSB10,-0.06989449735474766
SP4,TMSB4X,-0.07785663545472364
SP4,TPT1,-0.07708711381061685
SP4,UBA52,-0.0609246761509287
SPI1,ADAM28,0.04743917384236265
SPI1,B2M,-0.06533428799457335
SPI1,BCL11A,0.058941726465043795
SPI1,CD74,0.03419105525660675
SPI1,CXXC5,0.038426278127745045
SPI1,HLA-DPA1,0.03065947452166355
SPI1,HLA-DPB1,0.029293030231443
SPI1,IGFBP7,0.056544399522222955
SPI1,RPL11,-0.04786065043449715
SPI1,RPL12,-0.0403374572732826
SPI1,RPL13,-0.05063170473371245
SPI1,RPL18A,-0.04675648406851955
SPI1,RPL19,-0.038584903931404055
SPI1,RPL21,-0.0587406350811427
SPI1,RPL27A,-0.0481819482509509
SPI1,RPL28,-0.035929189873589853
SPI1,RPL3,-0.0468119789438019
SPI1,RPL30,-0.0356372295552485
SPI1,RPL31,-0.045990196518396406
SPI1,RPL32,-0.05353649033669355
SPI1,RPL34,-0.06103211339161785
SPI1,RPL35,-0.03956720584498215
SPI1,RPL36,-0.046312909216502496
SPI1,RPL39,-0.0513000473240966
SPI1,RPL41,-0.061740155062889907
SPI1,RPLP1,-0.0407412476421466
SPI1,RPLP2,-0.0441183287449567
SPI1,RPS12,-0.038869922806055696
SPI1,RPS13,-0.0439240351145253
SPI1,RPS14,-0.0558264545167412
SPI1,RPS15,-0.052128383812847554
SPI1,RPS15A,-0.04925180359039495
SPI1,RPS18,-0.055040739181948496
SPI1,RPS19,-0.0544348073675163
SPI1,RPS25,-0.04691879802630845
SPI1,RPS27,-0.05909884715472115
SPI1,RPS27A,-0.054861482170929204
SPI1,RPS28,-0.05025596911813495
SPI1,RPS3,-0.0424828480944167
SPI1,RPS6,-0.046547615156157005
SPI1,TMSB10,-0.0439456441187014
SPI1,TMSB4X,-0.0632327093201937
SPI1,TYROBP,0.0331240193613718
SREBF1,ACTB,-0.0581012481769844
SREBF1,B2M,-0.06660759733366546
SREBF1,HLA-A,-0.04798193314653725
SREBF1,IL32,-0.0637341837262895
SREBF1,ITGB1,-0.0692346886230494
SREBF1,LGALS1,-0.0536545869585551
SREBF1,PFN1,-0.0671392701572969
SREBF1,RPL36,-0.03050239512299955
SREBF1,RPS19,-0.034666090943158895
SREBF1,S100A10,-0.06401701756562535
SREBF1,S100A6,-0.054960489550269456
SREBF1,TXK,0.04227817016954155
SREBF2,ACTB,-0.03857020671722665
SREBF2,AHNAK,0.04783255955969465
SREBF2,ATP5F1E,-0.037822371374375954
SREBF2,COX4I1,-0.0430620274918429
SREBF2,EEF1A1,-0.06377637726758546
SREBF2,EEF1D,-0.051636408089674804
SREBF2,FTL,-0.049965842477672204
SREBF2,RACK1,-0.0561255242173066
SREBF2,RPL10A,-0.05277458631413343
SREBF2,RPL12,-0.0665760818976875
SREBF2,RPL18,-0.0628821268293352
SREBF2,RPL19,-0.0710690060717123
SREBF2,RPL23A,-0.052157426360283865
SREBF2,RPL26,-0.06645961267623678
SREBF2,RPL28,-0.06853497244486152
SREBF2,RPL29,-0.0771593343952087
SREBF2,RPL3,-0.055928407649686596
SREBF2,RPL30,-0.07423651020000464
SREBF2,RPL31,-0.0545302154019326
SREBF2,RPL32,-0.0797235948038057
SREBF2,RPL34,-0.08179466349868424
SREBF2,RPL36,-0.0626751652497483
SREBF2,RPL37,-0.08033795386181615
SREBF2,RPL37A,-0.053861099462566606
SREBF2,RPL38,-0.05096664803225735
SREBF2,RPL41,-0.06777925603847794
SREBF2,RPL5,-0.0752423879814259
SREBF2,RPL6,-0.06211025757330404
SREBF2,RPL7,-0.0547184897806523
SREBF2,RPL7A,-0.07174932407696395
SREBF2,RPL8,-0.05833884235828566
SREBF2,RPLP0,-0.05635865802630585
SREBF2,RPLP1,-0.05739501630232957
SREBF2,RPS13,-0.07526947362164213
SREBF2,RPS14,-0.07654745739936336
SREBF2,RPS15A,-0.0759161450964332
SREBF2,RPS18,-0.06329050180360003
SREBF2,RPS19,-0.07062717584460343
SREBF2,RPS2,-0.0539195676778483
SREBF2,RPS20,-0.036843212194356295
SREBF2,RPS21,-0.0773596370753517
SREBF2,RPS24,-0.07694084489222039
SREBF2,RPS27,-0.07882602522830696
SREBF2,RPS28,-0.07624937713597778
SREBF2,RPS29,-0.052740313155578596
SREBF2,RPS3,-0.0681007416406058
SREBF2,RPS4X,-0.06303742156847697
SREBF2,RPS5,-0.058712970887479565
SREBF2,RPS7,-0.06518857191227237
SREBF2,RPS8,-0.0658951118180643
SREBF2,RPS9,-0.05097291479879793
SREBF2,RPSA,-0.0606891108996823
SREBF2,SYNE2,0.03879237929048435
SREBF2,TMA7,-0.038608251291406104
SREBF2,TMSB4X,-0.06387190842644443
SREBF2,UBA52,-0.0542135689577741
SRF,B2M,-0.0441746580526083
SRF,RPL10,-0.038625309889230734
SRF,RPL11,-0.03906610663686223
SRF,RPL13,-0.0415548054205246
SRF,RPL18A,-0.0371049683401639
SRF,RPL23A,-0.03369328332562945
SRF,RPL26,-0.037839561845238595
SRF,RPL28,-0.0408397288992844
SRF,RPL3,-0.0365917453604411
SRF,RPL30,-0.0452090207019363
SRF,RPL32,-0.03981898836565733
SRF,RPL34,-0.0403941379510834
SRF,RPL36,-0.0340326845535072
SRF,RPL39,-0.0362126158998376
SRF,RPL41,-0.04228384721706305
SRF,RPS12,-0.04142521816908595
SRF,RPS13,-0.036421299053122934
SRF,RPS14,-0.0399152022005371
SRF,RPS15,-0.0407241864945208
SRF,RPS15A,-0.03870953773403953
SRF,RPS18,-0.039320028587717
SRF,RPS19,-0.038514730595302846
SRF,RPS23,-0.0368614647118863
SRF,RPS27,-0.04439089667304445
SRF,RPS27A,-0.0398803557417943
SRF,RPS28,-0.0392160633337638
SRF,RPS3,-0.03751449388837795
SRF,RPS3A,-0.0390049848021162
SRF,RPS4X,-0.0378737205864621
SRF,RPS6,-0.0366671120169452
SRF,RPS8,-0.03755358301292745
SRF,TMSB4X,-0.0371701909438018
STAT1,ACTR3,0.039066266146168996
STAT1,ADAR,0.05181774297311835
STAT1,ADGRE5,0.030050966208085
STAT1,AKAP13,0.03540481503971957
STAT1,ALOX5AP,0.03996157373075605
STAT1,ANXA6,0.036423839117741864
STAT1,APOL3,0.04161098752540855
STAT1,APOL6,0.05758724743993905
STAT1,ARAP2,0.0378470470482239
STAT1,ARHGAP15,0.03389151233008807
STAT1,ARHGDIA,0.029386171648191302
STAT1,ARHGDIB,-0.038453131083508396
STAT1,ARPC1B,0.0401236095839647
STAT1,ARPC4,0.0331856226861105
STAT1,ARPC5,0.03791139708594965
STAT1,ASCC3,0.0332382852588774
STAT1,ATP5F1B,0.03489029255199875
STAT1,ATP5MG,-0.0398997774760641
STAT1,B2M,-0.08590336060795027
STAT1,BAZ1A,0.03187977172484577
STAT1,BRK1,0.032176552443308554
STAT1,BST2,0.0464241415153595
STAT1,BTF3,-0.04683159845748627
STAT1,BTG1,-0.06202762722657085
STAT1,C12orf57,-0.05447040521828625
STAT1,CANX,0.03062525624013375
STAT1,CAP1,0.03317925143420405
STAT1,CAPZB,0.0339221077438408
STAT1,CAST,0.0377350055381282
STAT1,CCT8,0.0296499927877346
STAT1,CD164,0.034427963652079396
STAT1,CD3E,-0.04727284060301385
STAT1,CD53,0.03394674809481645
STAT1,CD74,0.05762938141096245
STAT1,CFLAR,0.03724105353924784
STAT1,CLIC1,0.0357364924570188
STAT1,CLIP1,0.03320584468934527
STAT1,CMPK2,0.05312720476592225
STAT1,COX5A,0.03229534983665875
STAT1,COX7C,-0.045060717432369404
STAT1,CTSS,0.03606059702268513
STAT1,CYBC1,0.02908496671568085
STAT1,CYLD,0.034778536080627837
STAT1,DDX60,0.0577730262694325
STAT1,DDX60L,0.0410595352475816
STAT1,DEK,0.033128005753260595
STAT1,DIAPH1,0.03226454468349397
STAT1,DNAJA1,0.04195125499216363
STAT1,DRAP1,0.03808770095215772
STAT1,DTX3L,0.059507387695177195
STAT1,EEF1D,-0.05861699665373288
STAT1,EEF1G,-0.0693245533365741
STAT1,EEF2,-0.0424058046449019
STAT1,EIF1,-0.07317620079842077
STAT1,EIF2S2,0.030070787416704
STAT1,EIF3E,-0.0390959186377081
STAT1,EIF3I,0.0290491787524963
STAT1,EIF4G2,0.03695967093426715
STAT1,ELOVL5,0.0314305898174869
STAT1,EMB,0.03650079492508717
STAT1,ENO1,0.0379175877192846
STAT1,EPSTI1,0.08749568380144837
STAT1,EWSR1,0.0291721367089224
STAT1,EZR,0.0333704831008953
STAT1,FAM107B,0.030846936952486553
STAT1,FAU,-0.09893196264241705
STAT1,FKBP1A,0.02901748224012885
STAT1,FLNA,0.0349303786915293
STAT1,FTL,-0.07695062840865112
STAT1,GDI2,0.030433577280775802
STAT1,GHITM,0.03162577711
STAT1,GNAI2,0.034185637497879506
STAT1,GSDMD,0.039484559255965834
STAT1,GSTK1,0.03074768148345445
STAT1,GZMA,0.03365880536376255
STAT1,H3-3B,-0.061162525390485
STAT1,HCLS1,0.0355276009698551
STAT1,HERC1,0.03222664393696025
STAT1,HERC5,0.03519022516759383
STAT1,HLA-DPA1,0.03653916002697067
STAT1,HLA-DPB1,0.0363059675837378
STAT1,HNRNPA1,-0.03889000913264365
STAT1,HNRNPA3,0.0288291445038579
STAT1,HNRNPD,0.03399483910464755
STAT1,HNRNPF,0.035555463837750996
STAT1,HNRNPR,0.03203456210026315
STAT1,ID2,0.0405781765621377
STAT1,IDS,0.029178991961571747
STAT1,IFI16,0.0513813321274513
STAT1,IFI35,0.0514188961563359
STAT1,IFI44L,0.07097301585801385
STAT1,IFI6,0.04443560546415622
STAT1,IFIH1,0.0422673532358705
STAT1,IFITM1,0.06685222394134896
STAT1,IRF1,0.100696851675976
STAT1,IRF2,0.0318114468518606
STAT1,IRF7,0.04877860656923165
STAT1,IRF9,0.084213271722827
STAT1,ISG15,0.059617317888920204
STAT1,JAK3,0.03848495198037307
STAT1,JUNB,-0.05267929296992643
STAT1,KAT6A,0.030987334586519047
STAT1,KMT2A,0.03591627976942225
STAT1,KPNB1,0.03540718813458323
STAT1,LAP3,0.03499042962543587
STAT1,LDHA,0.04218986338181355
STAT1,LPIN2,0.03186787729424205
STAT1,M6PR,0.03038674269329765
STAT1,MACF1,0.0350684801686701
STAT1,MALT1,0.0352336734943237
STAT1,MCL1,0.03417865470111573
STAT1,METTL9,0.031300711377738
STAT1,MITD1,0.030382248799844802
STAT1,MOB1A,0.033142154521470846
STAT1,MVP,0.0394590938215221
STAT1,MX1,0.05626827666036448
STAT1,MX2,0.03919313783780645
STAT1,MYCBP2,0.03565850016805976
STAT1,MYH9,0.03862868803144013
STAT1,NACA,-0.09221125630551608
STAT1,NAP1L4,0.033389456231595
STAT1,NASP,0.02804503687246885
STAT1,NFKBIA,0.0285970935880651
STAT1,NLRC5,0.056250842413758745
STAT1,NMI,0.04049538886907795
STAT1,NOP53,-0.04979299651187
STAT1,OAS1,0.0772663803535744
STAT1,OAS2,0.05052283802849797
STAT1,OASL,0.049340561111006195
STAT1,OGFR,0.0289846076952683
STAT1,PABPC1,-0.05827870382813399
STAT1,PARP1,0.03528323252644425
STAT1,PARP10,0.0390886805356278
STAT1,PARP12,0.048405798727132604
STAT1,PARP14,0.05370783705748495
STAT1,PARP9,0.08762299693662502
STAT1,PCM1,0.0342472513495626
STAT1,PDCD10,0.02907726198202905
STAT1,PDIA3,0.03666244366610015
STAT1,PDIA6,0.03466058596653677
STAT1,PGAM1,0.034887443496607454
STAT1,PGK1,0.03268477345253975
STAT1,PGLS,0.03065782350534625
STAT1,PKM,0.03145612205320765
STAT1,PLSCR1,0.0403757919723071
STAT1,PPIB,0.03026107786592625
STAT1,PPM1G,0.031865995508940204
STAT1,PPP1CA,0.0362351470042106
STAT1,PPP1CC,0.029949815981686896
STAT1,PPP1R12A,0.031079571033351166
STAT1,PPP1R18,0.034838757252525304
STAT1,PPP2R5C,0.03135281753202415
STAT1,PRDX1,0.03629933353215035
STAT1,PSMA4,0.03792148322562584
STAT1,PSMA5,0.0378979851193249
STAT1,PSMA7,0.030250396774429353
STAT1,PSMB10,0.05552567633524308
STAT1,PSMB8,0.04810745185887133
STAT1,PSMB9,0.07888675776007703
STAT1,PSME1,0.056266086109237674
STAT1,PSME2,0.07913984905287395
STAT1,PTMA,-0.08565411082818587
STAT1,PTP4A2,0.0286483354381316
STAT1,RAC2,0.0370225287330721
STAT1,RALY,0.02946986035505025
STAT1,RASGRP1,0.03235175352004157
STAT1,RBCK1,0.0336294557651415
STAT1,RGS1,0.03625665100281833
STAT1,RHOG,0.03123782109493595
STAT1,RNF149,0.032917811168392805
STAT1,RNF19A,0.03241097690758165
STAT1,RPL10A,-0.09545484789770192
STAT1,RPL11,-0.12823848261273324
STAT1,RPL12,-0.11099073442100046
STAT1,RPL13,-0.13233280839347636
STAT1,RPL14,-0.10499627272677223
STAT1,RPL15,-0.09184229416062448
STAT1,RPL17,-0.10645630883494887
STAT1,RPL18,-0.1067146321916785
STAT1,RPL18A,-0.1170547010515125
STAT1,RPL19,-0.11504342875206959
STAT1,RPL21,-0.10573602779488347
STAT1,RPL22,-0.09346338272123157
STAT1,RPL23,-0.04417887534994092
STAT1,RPL23A,-0.10296531446985635
STAT1,RPL24,-0.09011770870152537
STAT1,RPL26,-0.1115278540492812
STAT1,RPL27,-0.07173781327566253
STAT1,RPL27A,-0.0842669683950361
STAT1,RPL29,-0.09814813426745615
STAT1,RPL3,-0.11018224835307955
STAT1,RPL31,-0.0985689733349499
STAT1,RPL34,-0.13404896385406861
STAT1,RPL35,-0.0931545896587507
STAT1,RPL35A,-0.12156822524823555
STAT1,RPL36,-0.1107421924944705
STAT1,RPL36A,-0.075449205236932
STAT1,RPL36AL,-0.04153450730160217
STAT1,RPL37,-0.1039108924990416
STAT1,RPL37A,-0.08646256076291037
STAT1,RPL38,-0.08359471690312992
STAT1,RPL4,-0.061088570116181524
STAT1,RPL41,-0.11858668015823433
STAT1,RPL5,-0.09055766961408063
STAT1,RPL6,-0.0990311414480868
STAT1,RPL7,-0.0974950171424667
STAT1,RPL7A,-0.09881086712462987
STAT1,RPL8,-0.09568648843937823
STAT1,RPL9,-0.10194061500430303
STAT1,RPLP0,-0.08261659473912863
STAT1,RPLP2,-0.11763053933698818
STAT1,RPS10,-0.056632464946281526
STAT1,RPS11,-0.059803841783068634
STAT1,RPS12,-0.12123603067558658
STAT1,RPS14,-0.13230402371447186
STAT1,RPS15,-0.1250846155370362
STAT1,RPS15A,-0.13038142347357912
STAT1,RPS16,-0.09492866029254393
STAT1,RPS17,-0.059618318218910636
STAT1,RPS18,-0.12352120328443848
STAT1,RPS19,-0.11488584262863302
STAT1,RPS2,-0.10432630934265838
STAT1,RPS20,-0.07680397178567105
STAT1,RPS23,-0.1194605432118698
STAT1,RPS24,-0.08597721901038982
STAT1,RPS25,-0.11982599930444665
STAT1,RPS26,-0.042255352538423135
STAT1,RPS27,-0.12560026940039992
STAT1,RPS27A,-0.13261553381731184
STAT1,RPS29,-0.1008885270341338
STAT1,RPS3,-0.1210650045419904
STAT1,RPS3A,-0.1154519304366685
STAT1,RPS6,-0.11682166602140727
STAT1,RPS7,-0.10084415757224298
STAT1,RPS8,-0.1155757446497062
STAT1,RPS9,-0.08846398077257825
STAT1,RPSA,-0.08759160353806002
STAT1,RSAD2,0.04390485507521863
STAT1,RTF2,0.02927879019634595
STAT1,SARAF,-0.061464689803214095
STAT1,SCAF11,0.03462165510791685
STAT1,SCP2,0.03258550400391865
STAT1,SELPLG,0.034905161426134146
STAT1,SERBP1,0.0314892174893177
STAT1,SERF2,-0.039568248813746154
STAT1,SETD2,0.0318956574547929
STAT1,SH3BP5,0.03355632145173855
STAT1,SHFL,0.038296749156823545
STAT1,SMAP2,0.03405168632569515
STAT1,SMC4,0.028565710804279
STAT1,SMG1,0.0341227987599831
STAT1,SNRPB,0.028890703963110352
STAT1,SP100,0.0520749675837157
STAT1,SP110,0.04645036867698747
STAT1,SQOR,0.037797580461689496
STAT1,SRP9,0.0310874084881526
STAT1,STAT2,0.04502768517916038
STAT1,STAT3,0.0358946773662151
STAT1,SYNE1,0.0336585226850146
STAT1,TANK,0.031133015272013134
STAT1,TAP1,0.0761075945987081
STAT1,TAP2,0.05157892452469723
STAT1,TAX1BP1,0.032550102633807046
STAT1,TGFB1,0.031558426956779254
STAT1,THRAP3,0.0338448238633701
STAT1,TKT,0.031155439048253998
STAT1,TLN1,0.0358163376108949
STAT1,TMA7,-0.04097293711353165
STAT1,TMBIM6,0.02997258771733325
STAT1,TMEM140,0.03785652420845645
STAT1,TMSB10,-0.0697171409208624
STAT1,TNFRSF14,0.03623228269177977
STAT1,TPR,0.0369513871765115
STAT1,TPT1,-0.10670059503191658
STAT1,TRAM1,0.030262199261128497
STAT1,TRIM69,0.050677069924396266
STAT1,TYMP,0.0445235954643231
STAT1,UBA52,-0.07551052775838415
STAT1,UBE2I,0.03038590287328585
STAT1,UBE2L6,0.09593623037001012
STAT1,USP15,0.03425399126936537
STAT1,UTRN,0.041871278772724854
STAT1,VDAC1,0.03105540544970475
STAT1,VPS13C,0.04032879113842345
STAT1,WIPF1,0.0326562668679398
STAT1,WNK1,0.0323182773442685
STAT1,XRCC5,0.03395232095619775
STAT1,XRN1,0.042870880241602696
STAT1,XRN2,0.034807820548095864
STAT1,YWHAB,0.03379474150496255
STAT1,YWHAQ,0.03628864718413263
STAT1,YWHAZ,0.033454085550585
STAT1,YY1,0.02975561101639285
STAT1,ZBP1,0.0362466544015138
STAT1,ZNFX1,0.040030819178010504
STAT2,B2M,-0.07736957690003113
STAT2,BTF3,-0.047701825690863245
STAT2,COMMD6,-0.0374988222056222
STAT2,EIF1,-0.05205374185924903
STAT2,EPSTI1,0.042828555062735904
STAT2,GBP4,0.04018415502800145
STAT2,IFI44L,0.0456997503187412
STAT2,MT-CO2,-0.04803175994671497
STAT2,NACA,-0.060549544264364596
STAT2,PTMA,-0.060669733266488224
STAT2,RPL12,-0.07176598179656302
STAT2,RPL18A,-0.07552040037221898
STAT2,RPL21,-0.06668991092862538
STAT2,RPL35A,-0.07746545885534407
STAT2,RPL6,-0.06300368288167996
STAT2,RPLP0,-0.0551766962648139
STAT2,RPS12,-0.0761828797712378
STAT2,RPS15A,-0.082732475255229
STAT2,RPS16,-0.055815162228668024
STAT2,RPS25,-0.07426344080780903
STAT2,RPS4X,-0.0701104150617269
STAT2,RPS8,-0.07132688018349277
STAT2,RPS9,-0.05444383126617822
STAT2,RPSA,-0.05867458493621574
STAT2,STAT1,0.04502768517916038
STAT2,SYNE2,0.031587240111261905
STAT2,TMSB10,-0.06159039821937475
STAT2,TOMM7,-0.04235125786647296
STAT2,TPT1,-0.060707121047014666
STAT3,ABLIM1,0.0666494589736041
STAT3,ACTN1,0.0376936905366934
STAT3,ADAR,0.03911459330502957
STAT3,AFF4,0.03736184113330755
STAT3,AK5,0.03157580361710175
STAT3,APBA2,0.04004017192677615
STAT3,APEX1,0.034361702566813396
STAT3,AREG,0.0771761286613094
STAT3,ARID4B,0.03718675973576705
STAT3,ARID5B,0.035741273871423854
STAT3,ARIH1,0.05074902353093555
STAT3,ARL4A,0.04100394321829705
STAT3,ATM,0.049656986641273874
STAT3,BACH2,0.05818004145683417
STAT3,BAZ2A,0.03392340144244773
STAT3,BCL2,0.0335276361557993
STAT3,BCLAF1,0.048064325190557096
STAT3,BTG2,0.06587573880563258
STAT3,CALM3,0.02864506116757065
STAT3,CAMK4,0.04453202609440973
STAT3,CCDC59,0.03884546692671827
STAT3,CCNL1,0.056985740422736
STAT3,CCR7,0.04358956744708511
STAT3,CD3E,-0.04942776346129435
STAT3,CD55,0.05802747199710502
STAT3,CD69,0.0751831545759063
STAT3,CDK17,0.0526402735927458
STAT3,CELF2,0.03763173811328803
STAT3,CFL1,-0.0716381993986108
STAT3,CHD2,0.04515175210164463
STAT3,CHMP1B,0.04518979504011456
STAT3,CREBRF,0.033214315904625966
STAT3,CREM,0.0514694549874722
STAT3,CRTC3,0.04608983682255557
STAT3,CRYBG1,0.03935419630759525
STAT3,CSDE1,0.041388266370166
STAT3,CYLD,0.037254736525230966
STAT3,CYTH1,0.0418871767397674
STAT3,CYTIP,0.0444347287240501
STAT3,DDIT4,0.05003673937378575
STAT3,DDX21,0.0351180158571124
STAT3,DDX24,0.039546096224190606
STAT3,DDX3X,0.044606956776100576
STAT3,DNAJB1,0.0703679558464647
STAT3,DNTTIP2,0.03499589908236585
STAT3,DOCK10,0.04456440219001567
STAT3,DUSP2,0.05989931411029005
STAT3,EPB41,0.0405573367869499
STAT3,EPC2,0.033913692850461766
STAT3,FHIT,0.04083538500875587
STAT3,FKBP5,0.0381366647166029
STAT3,FOS,0.089654689566916
STAT3,FOXN3,0.03221985785166973
STAT3,FOXP1,0.0701557230008672
STAT3,G3BP2,0.04803940147002126
STAT3,GPCPD1,0.03857057085565483
STAT3,GPR183,0.038565149892076295
STAT3,HNRNPH3,0.03367342734737445
STAT3,HNRNPU,0.04358835081235846
STAT3,HOOK2,0.07791625973943456
STAT3,IDS,0.04433928126707367
STAT3,IFRD1,0.03280218500970665
STAT3,IL6ST,0.05395092233930835
STAT3,IRF1,0.05009422948177225
STAT3,ITK,0.035424612580269146
STAT3,JAK3,0.042590441785652994
STAT3,JMJD1C,0.051095627948123834
STAT3,JMY,0.053154607801572495
STAT3,JUNB,0.09642320113444164
STAT3,KLF9,0.0404865976154611
STAT3,KMT2E,0.03496124798611085
STAT3,LEF1,0.03834604327604905
STAT3,LITAF,0.02983388559938155
STAT3,LNPEP,0.030215858464429996
STAT3,MAML2,0.05393145330824297
STAT3,MBNL1,0.05314724269263057
STAT3,MED10,0.029935168832941
STAT3,MOAP1,0.0314194680739086
STAT3,MRPL54,0.03017270422136575
STAT3,MTFP1,0.037451392455754504
STAT3,MYCBP2,0.036070731823645764
STAT3,MYH9,0.0412967213043295
STAT3,MYL12A,-0.06873481574955624
STAT3,MYLIP,0.0410644548507972
STAT3,NAMPT,0.03709395587075795
STAT3,NFKBIZ,0.05372179724701962
STAT3,NIN,0.03852432924101175
STAT3,NONO,0.03531241513989855
STAT3,NR4A2,0.07475661760734148
STAT3,NSD3,0.0403072524588039
STAT3,NSMCE3,0.04669180059495595
STAT3,OGA,0.04006618761208265
STAT3,PASK,0.03410182626060375
STAT3,PCF11,0.0301760824063425
STAT3,PER1,0.05342762797259546
STAT3,PFDN5,-0.0553242911137812
STAT3,PFN1,-0.07233681395025457
STAT3,PHC3,0.03442453403635613
STAT3,PIK3IP1,0.05555473051859616
STAT3,PIM1,0.03216375806742255
STAT3,PLAC8,0.03777212512720055
STAT3,PNN,0.04148273104212487
STAT3,PNRC1,0.06624818479003543
STAT3,POLR2A,0.035595271554501054
STAT3,PPP1CB,0.036203210080195905
STAT3,PRKCH,0.03468173362250265
STAT3,PRPF8,0.03781827223601975
STAT3,PRRC2C,0.05064576328409067
STAT3,PTGER4,0.06159712862661738
STAT3,PTMA,-0.07389711327907462
STAT3,PUM2,0.031084235628537654
STAT3,RACK1,-0.04733144347970265
STAT3,RALGAPA1,0.04528138260231725
STAT3,RAPGEF6,0.0515175107131848
STAT3,RBBP6,0.03585165265679153
STAT3,RBM23,0.0323037042157579
STAT3,RBM39,0.045621088843555396
STAT3,RICTOR,0.0348023595451314
STAT3,RPL10,-0.11114871589307523
STAT3,RPL11,-0.09471056830134617
STAT3,RPL15,-0.07309785750971047
STAT3,RPL18A,-0.10043048103691017
STAT3,RPL22,-0.05356163138356893
STAT3,RPL23A,-0.08777893047198666
STAT3,RPL24,-0.04773553947992193
STAT3,RPL28,-0.07680346563942503
STAT3,RPL3,-0.07771880747241723
STAT3,RPL31,-0.07509277008579553
STAT3,RPL32,-0.10473551295168376
STAT3,RPL34,-0.10098646628789285
STAT3,RPL35A,-0.09132980379304452
STAT3,RPL36,-0.08821580101049631
STAT3,RPL37A,-0.0671707554049112
STAT3,RPL38,-0.05623500575325513
STAT3,RPL9,-0.0523048613023809
STAT3,RPLP0,-0.06098235240352833
STAT3,RPS11,-0.0379046330195084
STAT3,RPS14,-0.10036876210570846
STAT3,RPS15A,-0.10192254692392379
STAT3,RPS16,-0.0546464260344462
STAT3,RPS18,-0.10420540603928552
STAT3,RPS2,-0.08175628774728146
STAT3,RPS24,-0.059866349595293696
STAT3,RPS27,-0.10404890408966355
STAT3,RPS27A,-0.1068717688467965
STAT3,RPS28,-0.09796400258235854
STAT3,RPS29,-0.09176592761416158
STAT3,RPS3A,-0.07056687322927747
STAT3,RPS7,-0.06672813673618885
STAT3,RPS9,-0.05864577838279173
STAT3,RSRC2,0.03644054909947615
STAT3,RSRP1,0.03929249887495015
STAT3,S100A10,-0.0864580480550992
STAT3,SAMHD1,0.0374621800259996
STAT3,SATB1,0.04222634866002775
STAT3,SBDS,0.05660586691632403
STAT3,SERF2,-0.06406384581414173
STAT3,SFMBT2,0.036042332648532655
STAT3,SNX9,0.05618010876032455
STAT3,SORL1,0.031996282723945696
STAT3,SPTBN1,0.04606617112170539
STAT3,SRSF10,0.033310354825303104
STAT3,SRSF7,0.03762883421980005
STAT3,SSH2,0.04285464346379386
STAT3,STAT1,0.0358946773662151
STAT3,STK17B,0.05225272865490297
STAT3,SYNE2,0.0384772874372966
STAT3,TC2N,0.03243555115907965
STAT3,TMEM243,0.04171714432495
STAT3,TMSB10,-0.0859268199488983
STAT3,TMSB4X,-0.11656013829658653
STAT3,TNFAIP3,0.07612507973038565
STAT3,TNRC6B,0.0404085626467792
STAT3,TPP2,0.03485141014136495
STAT3,TSHZ2,0.05030304572470825
STAT3,TXK,0.04477709323865513
STAT3,USP15,0.038034241814224046
STAT3,USP3,0.0464001415323786
STAT3,USP36,0.048872185020016404
STAT3,UTRN,0.038760370776964204
STAT3,WHAMM,0.04160680911049006
STAT3,YME1L1,0.04436123120788707
STAT3,ZBTB1,0.03625607796770655
STAT3,ZBTB20,0.040974983268505696
STAT3,ZC3HAV1,0.043815226770670096
STAT3,ZEB1,0.03308956523810605
STAT3,ZNF331,0.0766257226463954
STAT3,ZNF644,0.03364080937796363
STAT4,ANKRD36,0.03456015682319335
STAT4,ARHGDIB,-0.0425821650798098
STAT4,ATP5F1E,-0.055853836365890426
STAT4,BACH2,0.058899451657905
STAT4,CAST,0.0327389016264412
STAT4,DPP4,0.04089941039405695
STAT4,EIF1,-0.0525033189050862
STAT4,GNLY,0.03011575418993765
STAT4,GZMA,0.03906605143749675
STAT4,IFITM1,-0.06257751218466745
STAT4,INPP5D,0.035422774472006896
STAT4,KLRG1,0.0356358377887605
STAT4,MBNL1,0.04046751943082003
STAT4,NACA,-0.07702450313688775
STAT4,NR4A2,0.0359129398685105
STAT4,PFN1,-0.0735554856438024
STAT4,PIK3R1,0.03335309194849917
STAT4,PPIA,-0.0485047433589976
STAT4,RBMS1,0.039894522545727854
STAT4,RPL10,-0.08571322845430267
STAT4,RPL15,-0.06160314255966527
STAT4,RPL18A,-0.0894963124595021
STAT4,RPL27A,-0.0543568633624166
STAT4,RPL3,-0.06980578613176487
STAT4,RPL39,-0.08968121023197895
STAT4,RPS15A,-0.09186043500466362
STAT4,RPS16,-0.06586361462194823
STAT4,RPS21,-0.06459040751421342
STAT4,RPS7,-0.07630933233177103
STAT4,RPS9,-0.061334901212997894
STAT4,SERF2,-0.0533677995977289
STAT4,SYNE2,0.044152530270923335
STAT4,TMA7,-0.050176926210822606
STAT5A,ACTG1,0.02984637248522655
STAT5A,B2M,-0.08431124134106616
STAT5A,EEF1A1,-0.05354720209654695
STAT5A,EIF1,-0.056829778773799876
STAT5A,FTH1,-0.048811646882849564
STAT5A,FTL,-0.03827410837740033
STAT5A,H3-3B,-0.0423718581506567
STAT5A,MT-ATP6,-0.039284016334299954
STAT5A,MT-CO2,-0.053333040228051465
STAT5A,MT-CO3,-0.05159199998120059
STAT5A,NACA,-0.04311198487503646
STAT5A,PTMA,-0.057047906950785
STAT5A,RAC2,0.031138148298448347
STAT5A,RACK1,-0.03836403575839156
STAT5A,RPL10,-0.07513512148553678
STAT5A,RPL11,-0.07267713715533533
STAT5A,RPL13,-0.07380792684135215
STAT5A,RPL13A,-0.06337081031566645
STAT5A,RPL14,-0.05919795929329792
STAT5A,RPL15,-0.05159842712444587
STAT5A,RPL17,-0.06762007922119401
STAT5A,RPL19,-0.061988434504480605
STAT5A,RPL22,-0.05636857375833637
STAT5A,RPL23A,-0.061451448912416426
STAT5A,RPL24,-0.048827255411161855
STAT5A,RPL27,-0.046272012904729536
STAT5A,RPL27A,-0.07212238208879859
STAT5A,RPL28,-0.0701987597925378
STAT5A,RPL29,-0.0605649045246785
STAT5A,RPL3,-0.05600964033010152
STAT5A,RPL30,-0.067753084853497
STAT5A,RPL31,-0.054494790415047095
STAT5A,RPL32,-0.07716865563944936
STAT5A,RPL34,-0.08087972193152852
STAT5A,RPL36,-0.06671805159130008
STAT5A,RPL37,-0.07438745702736337
STAT5A,RPL37A,-0.054032131017541424
STAT5A,RPL38,-0.05360732935248247
STAT5A,RPL4,-0.0387531094238436
STAT5A,RPL41,-0.07375223999980222
STAT5A,RPL5,-0.050510593497239666
STAT5A,RPL6,-0.05431166173038598
STAT5A,RPL7A,-0.0495752671302506
STAT5A,RPL9,-0.05219493290782875
STAT5A,RPLP0,-0.04176617642399485
STAT5A,RPLP1,-0.05896436534732517
STAT5A,RPS12,-0.06790587710555725
STAT5A,RPS15,-0.07411190435958175
STAT5A,RPS15A,-0.07764010047513145
STAT5A,RPS16,-0.0518293478854744
STAT5A,RPS18,-0.07119881687421437
STAT5A,RPS19,-0.0729974277735615
STAT5A,RPS2,-0.05566195113912555
STAT5A,RPS20,-0.0533649469116937
STAT5A,RPS23,-0.06670897842830326
STAT5A,RPS24,-0.06041779506994446
STAT5A,RPS25,-0.06883728987226101
STAT5A,RPS27,-0.08061917064898165
STAT5A,RPS27A,-0.07687726128294023
STAT5A,RPS29,-0.06506373487571603
STAT5A,RPS3,-0.06332442716168787
STAT5A,RPS3A,-0.05889555183275655
STAT5A,RPS4X,-0.0584199771645664
STAT5A,RPS6,-0.0624461838498461
STAT5A,RPS7,-0.0566933096328407
STAT5A,RPS8,-0.06365169266291412
STAT5A,RPS9,-0.04656644595147218
STAT5A,RPSA,-0.04149939141560633
STAT5A,TMSB4X,-0.06701181274269
STAT5B,ACTB,-0.0464935674188049
STAT5B,ANXA2,0.03751900354444675
STAT5B,ATP5F1E,-0.0451962710582568
STAT5B,ATP5MG,-0.040007852535679164
STAT5B,BTG1,-0.05913215907869445
STAT5B,C12orf57,-0.045755290109723804
STAT5B,CD3E,-0.04979726705592995
STAT5B,CDC14A,0.04473843225534575
STAT5B,CFLAR,0.03025848043967955
STAT5B,COMMD6,-0.04191040229391813
STAT5B,EEF1A1,-0.08502505446480232
STAT5B,EEF1B2,-0.06632417510128354
STAT5B,EIF3K,-0.0389251643115307
STAT5B,EML4,0.03332916200004505
STAT5B,FLNA,0.04132732235725627
STAT5B,FTL,-0.055194444105333876
STAT5B,H3-3B,-0.04031257905347285
STAT5B,IQGAP2,0.03708959041122165
STAT5B,JUNB,-0.04524235514026495
STAT5B,LCP1,0.03240392892347465
STAT5B,LIMS1,0.0433100817222541
STAT5B,MACF1,0.038808701262588695
STAT5B,MT-ND3,-0.04026837496220185
STAT5B,MYH9,0.036486752998927646
STAT5B,NACA,-0.0760942008002807
STAT5B,NPM1,-0.049413473826739995
STAT5B,PABPC1,-0.04711767882396135
STAT5B,PIK3R1,0.028276622323782197
STAT5B,PPP1R12A,0.0317207796234324
STAT5B,PTMA,-0.0763540685348128
STAT5B,RNF213,0.0303850856875701
STAT5B,RPL10A,-0.07628703644368208
STAT5B,RPL12,-0.08910280402619067
STAT5B,RPL13,-0.0989330086573421
STAT5B,RPL13A,-0.070440422800988
STAT5B,RPL15,-0.0735729628807161
STAT5B,RPL18,-0.08506742922394095
STAT5B,RPL18A,-0.09470186237423373
STAT5B,RPL21,-0.0878561124891954
STAT5B,RPL22,-0.07593452975524688
STAT5B,RPL23,-0.046767098720675
STAT5B,RPL23A,-0.08125597647199835
STAT5B,RPL24,-0.06927091179659775
STAT5B,RPL28,-0.09187452349473813
STAT5B,RPL29,-0.07646383421251404
STAT5B,RPL3,-0.08167348946600825
STAT5B,RPL31,-0.0744920702079958
STAT5B,RPL35,-0.07393314147813759
STAT5B,RPL36,-0.08701794733168643
STAT5B,RPL37,-0.08190176967590967
STAT5B,RPL37A,-0.06821425618250235
STAT5B,RPL41,-0.09475510849404395
STAT5B,RPL5,-0.09111482867098701
STAT5B,RPL7A,-0.08337884695689583
STAT5B,RPL8,-0.07646339338805425
STAT5B,RPL9,-0.07520485033310778
STAT5B,RPS11,-0.05151036552752185
STAT5B,RPS12,-0.09855872899102042
STAT5B,RPS13,-0.09964137527818287
STAT5B,RPS15A,-0.10522807445347207
STAT5B,RPS16,-0.07060700755759661
STAT5B,RPS18,-0.0912600662898917
STAT5B,RPS19,-0.09630153302816177
STAT5B,RPS25,-0.09640211843967972
STAT5B,RPS27A,-0.10855451820961731
STAT5B,RPS29,-0.08128009922656045
STAT5B,RPS7,-0.0802446176542262
STAT5B,RPSA,-0.07510581586533356
STAT5B,TMSB10,-0.07688197059733765
STAT5B,TPT1,-0.08153537871368023
STAT5B,UTRN,0.03951150143175886
STAT5B,WNK1,0.0326920345427114
STAT6,EEF1A1,-0.0644924861173685
STAT6,EEF1B2,-0.039020310255779456
STAT6,EEF1D,-0.0376176250942321
STAT6,EIF1,-0.0498367021797469
STAT6,FAU,-0.06640580326999412
STAT6,H3-3B,-0.04380280969792785
STAT6,HLA-B,-0.04358786388179905
STAT6,LCP1,0.03355141791333435
STAT6,NACA,-0.048886443852030705
STAT6,PTMA,-0.0666873243827325
STAT6,RACK1,-0.04240231602780873
STAT6,RPL10A,-0.05957064268079252
STAT6,RPL13,-0.08290736061297457
STAT6,RPL13A,-0.0679824509504405
STAT6,RPL15,-0.06155417611393093
STAT6,RPL17,-0.07026893878241436
STAT6,RPL18,-0.06327798853837865
STAT6,RPL21,-0.07337160639939885
STAT6,RPL26,-0.07661085905788327
STAT6,RPL27,-0.04469963376610925
STAT6,RPL3,-0.06728327475022168
STAT6,RPL31,-0.06357343283970758
STAT6,RPL34,-0.0938359238197861
STAT6,RPL35A,-0.077952168913059
STAT6,RPL36A,-0.05281854293445223
STAT6,RPL37,-0.0772169104813729
STAT6,RPL38,-0.0500194009724895
STAT6,RPL39,-0.0845898366626774
STAT6,RPL5,-0.057823998443584025
STAT6,RPL6,-0.06172201798471625
STAT6,RPS12,-0.07597954376244936
STAT6,RPS14,-0.085273985199304
STAT6,RPS15A,-0.0867290821439516
STAT6,RPS18,-0.08325560241011642
STAT6,RPS19,-0.0852362699440074
STAT6,RPS2,-0.07050795499578917
STAT6,RPS20,-0.05026010315623123
STAT6,RPS25,-0.07822024277977307
STAT6,RPS27A,-0.08775150146426487
STAT6,RPS28,-0.08469589652500412
STAT6,RPS3,-0.0738732580448144
STAT6,RPS3A,-0.06529898282766783
STAT6,RPS5,-0.054830335218765576
STAT6,RPS6,-0.07143529876135372
STAT6,RPS7,-0.06528514153602286
STAT6,RPS8,-0.07114935330488362
STAT6,RPS9,-0.05560251148227632
STAT6,TOMM7,-0.04220960949140985
STAT6,UBA52,-0.0511945465037467
STAT6,XRCC5,0.02917056943113485
TBP,B2M,-0.0638983797596049
TBP,EIF1,-0.0404690004901755
TBP,FTH1,-0.040316336048457496
TBP,PFDN5,-0.0316801724204103
TBP,PTMA,-0.042033595073647
TBP,RPL10,-0.05953421929132105
TBP,RPL10A,-0.035897625318026496
TBP,RPL11,-0.053344291407136646
TBP,RPL12,-0.0475239072791546
TBP,RPL13,-0.055179851108435804
TBP,RPL13A,-0.041853595027844304
TBP,RPL18A,-0.0503473754909724
TBP,RPL19,-0.04427542957094945
TBP,RPL21,-0.04769593674768075
TBP,RPL23A,-0.0449724208931479
TBP,RPL26,-0.048710553259694395
TBP,RPL28,-0.045065606009467164
TBP,RPL3,-0.040774991586081805
TBP,RPL30,-0.0473715987436606
TBP,RPL31,-0.03868351077260515
TBP,RPL32,-0.059349623113382544
TBP,RPL34,-0.06327082153895375
TBP,RPL35,-0.0385276014217886
TBP,RPL35A,-0.0510964947022189
TBP,RPL36,-0.05032139293306735
TBP,RPL39,-0.05691961627890195
TBP,RPL41,-0.055456618056812956
TBP,RPL8,-0.0365517653888199
TBP,RPLP1,-0.04883181129904555
TBP,RPLP2,-0.04722337329553005
TBP,RPS12,-0.0468100092285194
TBP,RPS13,-0.048305069230265854
TBP,RPS14,-0.0571275839224083
TBP,RPS15,-0.055224795284067596
TBP,RPS15A,-0.0553047455522566
TBP,RPS18,-0.05483595194042275
TBP,RPS19,-0.05624874183534225
TBP,RPS2,-0.04434179951613885
TBP,RPS23,-0.0491060206726142
TBP,RPS25,-0.04675131980915455
TBP,RPS27,-0.0587601439743469
TBP,RPS27A,-0.0577963362111682
TBP,RPS28,-0.055464679242995
TBP,RPS29,-0.0436434313712306
TBP,RPS3,-0.045243945038210054
TBP,RPS3A,-0.04139343240896655
TBP,RPS4X,-0.04797825130348435
TBP,RPS6,-0.0443433863686567
TBP,RPS8,-0.04582500423092965
TBP,RPS9,-0.0347634339737037
TBP,TMSB10,-0.051349862009870545
TBP,TMSB4X,-0.05267372300592287
TBPL1,B2M,-0.0540077014397149
TBPL1,CLIC1,0.0327717390232099
TBPL1,EEF1A1,-0.055305411012921905
TBPL1,ITGB1,0.03003721208615035
TBPL1,NACA,-0.04237848614612574
TBPL1,RPL10A,-0.046934082736227935
TBPL1,RPL11,-0.069199259172402
TBPL1,RPL13,-0.06315057274977957
TBPL1,RPL13A,-0.05639615462662055
TBPL1,RPL14,-0.052871447576180536
TBPL1,RPL15,-0.053069814195908144
TBPL1,RPL17,-0.0603361900244057
TBPL1,RPL18,-0.0537552811865685
TBPL1,RPL18A,-0.06285794140345023
TBPL1,RPL22,-0.05028532280634703
TBPL1,RPL23,-0.03976784964640165
TBPL1,RPL23A,-0.056775873520773366
TBPL1,RPL24,-0.04437231434061507
TBPL1,RPL27,-0.048448074043157
TBPL1,RPL27A,-0.0691294722931242
TBPL1,RPL28,-0.062411766547240566
TBPL1,RPL29,-0.05071010692359864
TBPL1,RPL3,-0.05271222565413303
TBPL1,RPL30,-0.05956174108468587
TBPL1,RPL31,-0.05759904270864963
TBPL1,RPL32,-0.064590884552
TBPL1,RPL34,-0.0722842337779762
TBPL1,RPL35A,-0.06463693456467057
TBPL1,RPL36,-0.05906040557810094
TBPL1,RPL37,-0.06027270636297147
TBPL1,RPL37A,-0.05250060141544357
TBPL1,RPL38,-0.05046409888577833
TBPL1,RPL41,-0.06274034555655937
TBPL1,RPL5,-0.052454840176387754
TBPL1,RPL6,-0.04964891437578987
TBPL1,RPL7,-0.0608674674019694
TBPL1,RPL7A,-0.049776414944356404
TBPL1,RPL8,-0.043349098631525064
TBPL1,RPL9,-0.05450568045102927
TBPL1,RPLP0,-0.0353711345235989
TBPL1,RPLP2,-0.06205909854009497
TBPL1,RPS12,-0.06763376805169467
TBPL1,RPS13,-0.06325163910605197
TBPL1,RPS14,-0.06099454122528003
TBPL1,RPS15,-0.0654712444074859
TBPL1,RPS15A,-0.06349861838835442
TBPL1,RPS18,-0.06496087952396361
TBPL1,RPS19,-0.0635629855284196
TBPL1,RPS2,-0.05285378730098277
TBPL1,RPS20,-0.0598098821525572
TBPL1,RPS24,-0.05034840270561253
TBPL1,RPS25,-0.06361747411883113
TBPL1,RPS28,-0.06612032036036347
TBPL1,RPS29,-0.06124549487699086
TBPL1,RPS3,-0.059137658520797165
TBPL1,RPS3A,-0.0579217364808411
TBPL1,RPS6,-0.0572810099798376
TBPL1,RPS7,-0.049237342117166995
TBPL1,RPS8,-0.06145783063989246
TBPL1,RPS9,-0.04554070756753403
TBX21,AHNAK,0.09517996620325579
TBX21,ATXN1,0.041066891210929296
TBX21,AUTS2,0.06214909413267825
TBX21,B2M,-0.0324391958387944
TBX21,C12orf57,-0.0464544380634206
TBX21,CCL5,0.13029610030557484
TBX21,CCR7,-0.0821487423399474
TBX21,CD74,0.0604915413800968
TBX21,CLIC1,0.0563680341664182
TBX21,CMC1,0.03753728408205975
TBX21,COX4I1,-0.05474860752940305
TBX21,CXCR3,0.131599448619812
TBX21,DUSP2,0.06066569078634294
TBX21,EEF1A1,-0.06177179763402507
TBX21,EEF1B2,-0.0683113297756209
TBX21,EEF1D,-0.049493883806023396
TBX21,EIF3E,-0.05269070926887715
TBX21,ERN1,0.05453408675549235
TBX21,FCRL6,0.038863273386615604
TBX21,FHIT,-0.055430734262675044
TBX21,GLIPR1,0.0477207696317717
TBX21,GZMK,0.1294597871169947
TBX21,IFNG,0.06845783035508485
TBX21,IL10RA,0.06419626955490546
TBX21,ITGA4,0.04969318625723465
TBX21,KLF6,0.07211642661767816
TBX21,LMNA,0.06839651340695395
TBX21,NACA,-0.06809802571972956
TBX21,NCALD,0.0536046341719755
TBX21,NKG7,0.06070836855050033
TBX21,PABPC1,-0.0698257806525632
TBX21,PARP8,0.053424968144786755
TBX21,PLCB1,0.05861590801272555
TBX21,PLEK,0.0581126788984362
TBX21,PRDM1,0.0742925525999214
TBX21,PREX1,0.05550003808782065
TBX21,PRF1,0.0563384595700127
TBX21,PTMA,-0.039015221294961495
TBX21,RACK1,-0.0626654602847732
TBX21,RHOC,0.05745811912031125
TBX21,RPL10,-0.06753030049672755
TBX21,RPL11,-0.07319152432424977
TBX21,RPL12,-0.0601917302940065
TBX21,RPL14,-0.0666855752932992
TBX21,RPL15,-0.052704454010260825
TBX21,RPL17,-0.05810388569683103
TBX21,RPL18,-0.06436645072254066
TBX21,RPL18A,-0.06573336787464282
TBX21,RPL19,-0.06873871398391063
TBX21,RPL21,-0.06114890369659798
TBX21,RPL22,-0.0800589208500212
TBX21,RPL23,-0.0503410345339242
TBX21,RPL23A,-0.04495425728324725
TBX21,RPL26,-0.05551397921603485
TBX21,RPL27,-0.0515840933761759
TBX21,RPL27A,-0.047175110981611354
TBX21,RPL29,-0.0748931143136824
TBX21,RPL31,-0.05574829415385215
TBX21,RPL32,-0.07884040884246085
TBX21,RPL34,-0.07210153913162477
TBX21,RPL35,-0.0440563057206468
TBX21,RPL35A,-0.06871350230140733
TBX21,RPL36,-0.05540673175315078
TBX21,RPL36A,-0.04680556640779255
TBX21,RPL37,-0.07497956387811737
TBX21,RPL37A,-0.0558401458385297
TBX21,RPL38,-0.06040065849572073
TBX21,RPL4,-0.05949426318146877
TBX21,RPL41,-0.0581316855079043
TBX21,RPL5,-0.0785198581424378
TBX21,RPL6,-0.0597869650546148
TBX21,RPL7,-0.061230042811789724
TBX21,RPLP0,-0.04027386161961407
TBX21,RPLP1,-0.05451308923250142
TBX21,RPLP2,-0.06498846651032443
TBX21,RPS12,-0.07038676395175031
TBX21,RPS14,-0.07173230026046115
TBX21,RPS15A,-0.06848179422643137
TBX21,RPS17,-0.0468389478416143
TBX21,RPS18,-0.06285135124287472
TBX21,RPS19,-0.048607435807668326
TBX21,RPS23,-0.07009199975949525
TBX21,RPS27,-0.05956974295316655
TBX21,RPS27A,-0.06761184997063065
TBX21,RPS29,-0.0509769062840765
TBX21,RPS3,-0.056739262776975205
TBX21,RPS3A,-0.0737594724678865
TBX21,RPS6,-0.07149789844477952
TBX21,RPS7,-0.05861710686882473
TBX21,RPS8,-0.07346306297130262
TBX21,RPS9,-0.055554465857387554
TBX21,SAMD3,0.05724143277686605
TBX21,SAMSN1,0.05333439747487301
TBX21,SARAF,-0.059085669088175655
TBX21,SRGN,0.048885294330584604
TBX21,STOM,0.09515393550019595
TBX21,TCF7,-0.06843022238019206
TBX21,TMSB10,-0.05129126298234657
TBX21,TMSB4X,-0.0363395161686795
TBX21,TNFAIP3,0.047165409939276606
TBX21,UBA52,-0.057135697959620035
TBX21,ZEB2,0.0432175476643524
TCF12,ACTB,-0.05858368473814665
TCF12,ANKRD44,0.05018448644566765
TCF12,ARHGDIB,-0.03897150057904865
TCF12,ATP5F1E,-0.055730528973313445
TCF12,ATP5MC2,-0.05082024090401245
TCF12,ATP5MG,-0.04579988071442476
TCF12,B2M,-0.11748347805979283
TCF12,BTF3,-0.0640110863068365
TCF12,BTG1,-0.0497010746580423
TCF12,C12orf57,-0.0468372095580786
TCF12,CALM1,-0.047256344597088
TCF12,CAMK4,0.0397127559899672
TCF12,CD52,-0.05168383850598285
TCF12,COMMD6,-0.053641675844833356
TCF12,COX4I1,-0.060643817805849445
TCF12,COX7C,-0.057481549985067895
TCF12,DDX17,0.034909113099490546
TCF12,EEF1A1,-0.0919151666952228
TCF12,EEF1D,-0.0680411981086478
TCF12,EEF1G,-0.0525722801166736
TCF12,EIF1,-0.0660626839845857
TCF12,EIF3K,-0.039910875841448104
TCF12,FAU,-0.09075416112999429
TCF12,FTH1,-0.05961304130772737
TCF12,FTL,-0.061534023492296565
TCF12,FXYD5,-0.0562284351485405
TCF12,HINT1,-0.054743227314471093
TCF12,HLA-B,-0.06899392562445181
TCF12,IFITM1,-0.0672227662704893
TCF12,JUNB,-0.0478013971575866
TCF12,LDHB,-0.04324672590918455
TCF12,MT-CO1,-0.04047170261616185
TCF12,MT-CO3,-0.0466133625110217
TCF12,MYL12A,-0.050040809657188254
TCF12,NACA,-0.0947999113780775
TCF12,NPM1,-0.0484509503072017
TCF12,PABPC1,-0.042652493948839104
TCF12,PFDN5,-0.06277849858727592
TCF12,PFN1,-0.04838177312505495
TCF12,PPIA,-0.0479355070701322
TCF12,PTMA,-0.07474785777786036
TCF12,RACK1,-0.08214030592079355
TCF12,RPL10,-0.108211484694869
TCF12,RPL10A,-0.07527164557634942
TCF12,RPL11,-0.10307206535857606
TCF12,RPL12,-0.0945652808099076
TCF12,RPL13,-0.10014153523599838
TCF12,RPL13A,-0.06545654069434943
TCF12,RPL14,-0.1122028143945025
TCF12,RPL15,-0.0746842303800168
TCF12,RPL17,-0.09578715873027685
TCF12,RPL18,-0.08922414325420604
TCF12,RPL18A,-0.09590304342052731
TCF12,RPL19,-0.09610757527836238
TCF12,RPL21,-0.0719213392233705
TCF12,RPL22,-0.10135350768124005
TCF12,RPL23A,-0.08506104612623987
TCF12,RPL24,-0.09493087173993996
TCF12,RPL26,-0.09328600096974622
TCF12,RPL27,-0.06551350666714545
TCF12,RPL27A,-0.0571814214767947
TCF12,RPL28,-0.09803544834429456
TCF12,RPL29,-0.11251369456103374
TCF12,RPL3,-0.07826257761095684
TCF12,RPL30,-0.09940853692344631
TCF12,RPL31,-0.06623849971409006
TCF12,RPL32,-0.10643764311792547
TCF12,RPL34,-0.1064134458516915
TCF12,RPL35,-0.07208896320384413
TCF12,RPL35A,-0.09684207094534088
TCF12,RPL36,-0.09359737803028677
TCF12,RPL36A,-0.06432374439902823
TCF12,RPL36AL,-0.0598509319461305
TCF12,RPL37,-0.11287259617702994
TCF12,RPL37A,-0.08139247103663586
TCF12,RPL38,-0.073847156524779
TCF12,RPL4,-0.0589657454010689
TCF12,RPL41,-0.09396068066825636
TCF12,RPL5,-0.10485802552346035
TCF12,RPL6,-0.07785983925795094
TCF12,RPL7,-0.06282429660954564
TCF12,RPL7A,-0.10838978667005945
TCF12,RPL8,-0.08364077069629183
TCF12,RPL9,-0.07112023475277277
TCF12,RPLP0,-0.08996266251399784
TCF12,RPLP1,-0.09603939517938975
TCF12,RPLP2,-0.08735752597818891
TCF12,RPS11,-0.04829716082045065
TCF12,RPS12,-0.09808268254136139
TCF12,RPS13,-0.09311337299373144
TCF12,RPS14,-0.10525171723331657
TCF12,RPS15,-0.10229243475566707
TCF12,RPS15A,-0.10454962248697634
TCF12,RPS16,-0.06975534128739276
TCF12,RPS18,-0.0968125930522577
TCF12,RPS19,-0.0967026282339546
TCF12,RPS2,-0.08539433385189397
TCF12,RPS20,-0.051483902604769954
TCF12,RPS21,-0.10794260550071225
TCF12,RPS23,-0.09470921065498904
TCF12,RPS24,-0.09870951105215309
TCF12,RPS25,-0.094337221000866
TCF12,RPS27,-0.1045426898199336
TCF12,RPS27A,-0.10687747350712536
TCF12,RPS28,-0.10144299520204893
TCF12,RPS29,-0.07804721768169237
TCF12,RPS3,-0.09826666883423596
TCF12,RPS3A,-0.08753459056987604
TCF12,RPS4X,-0.0902258288524677
TCF12,RPS5,-0.07687101364870018
TCF12,RPS6,-0.0852683889837869
TCF12,RPS7,-0.08661746317252296
TCF12,RPS8,-0.0900381972502663
TCF12,RPS9,-0.06949145812985554
TCF12,RPSA,-0.09052877874327836
TCF12,SERF2,-0.04983564999015815
TCF12,TMSB10,-0.08617230795434673
TCF12,TMSB4X,-0.09046696417249644
TCF12,TOMM7,-0.0642401313193296
TCF12,TPT1,-0.10181129596163349
TCF12,UBA52,-0.0841604422352763
TCF12,UBC,-0.05297875633362245
TCF12,VIM,-0.03795343445551835
TCF3,B2M,-0.0436016492487405
TCF7,AAK1,0.05638829480225164
TCF7,ABLIM1,0.08161544721145256
TCF7,ACTB,-0.0700769151922136
TCF7,ACTN1,0.08606834703982885
TCF7,ADAM19,-0.11584903729093089
TCF7,ANKRD28,-0.062296359888361394
TCF7,ANKRD55,0.060853422218767404
TCF7,ANTXR2,-0.08183011464895824
TCF7,ANXA2,-0.1513871848942923
TCF7,ANXA5,-0.1300700950850226
TCF7,ARHGEF1,0.05460757745685995
TCF7,ARPC1B,-0.0957088618592796
TCF7,ARPC2,-0.059360101338981355
TCF7,ATM,0.07657815466012476
TCF7,ATP2B1,-0.0789170916386587
TCF7,AUTS2,-0.1083438397142138
TCF7,BHLHE40,-0.13657919290337364
TCF7,BTG1,0.11107636707854569
TCF7,C12orf57,0.0903578733984436
TCF7,CALM1,-0.0673483061383032
TCF7,CALM3,0.04961951150985913
TCF7,CAPG,-0.1143607604181815
TCF7,CAPN2,-0.09787630335752566
TCF7,CAPNS1,-0.05869192482680045
TCF7,CCDC107,-0.0817157663139335
TCF7,CCND2,-0.0690406867747423
TCF7,CCND3,0.0576253588905283
TCF7,CCNI,0.0672446414507478
TCF7,CCR7,0.13362355808352094
TCF7,CD55,0.0655500043520144
TCF7,CD58,-0.11119069524874389
TCF7,CD63,-0.09551902775843679
TCF7,CDC42EP3,-0.10092647865837065
TCF7,CDK6,-0.0535575477872865
TCF7,CFL1,-0.0845249085768833
TCF7,CHMP7,0.06699800723162823
TCF7,CKLF,-0.07793691353137094
TCF7,CLDND1,-0.06840549231457045
TCF7,CLEC2D,0.0383622419552046
TCF7,CLIC1,-0.17124984182504124
TCF7,CLU,-0.049639689646517854
TCF7,CMTM6,-0.055920351291505396
TCF7,COX4I1,0.1176918749859954
TCF7,COX6A1,-0.0393122109356744
TCF7,CTSA,-0.0676502969292732
TCF7,CTSC,-0.071197331403551
TCF7,CTSH,-0.09606442558076761
TCF7,CYB561,-0.0943835742929245
TCF7,DDX5,0.07119119031507454
TCF7,DGKA,0.0632956751518592
TCF7,DHRS3,0.03575334943067045
TCF7,DSTN,-0.0718180519045011
TCF7,DUSP1,-0.0780683603316018
TCF7,DYNLL1,-0.061466238196491746
TCF7,EEF1D,0.1061174934309385
TCF7,EIF3F,0.05417030085089655
TCF7,EIF3H,0.06453380271695892
TCF7,EIF3K,0.0470331805593974
TCF7,EPB41,0.06457063338311406
TCF7,EPS15,-0.053780997001731654
TCF7,ERN1,-0.11911972591523065
TCF7,EZR,-0.1008796160162495
TCF7,FAM117B,0.060057627139225835
TCF7,FKBP11,-0.07879866625593215
TCF7,FKBP5,0.05458103668389405
TCF7,FOS,-0.05442877022690885
TCF7,FOXP1,0.08548379714612797
TCF7,FRY,-0.08531114302898765
TCF7,FTH1,-0.0652734586580867
TCF7,FUS,0.053850906777274055
TCF7,FUT7,-0.1194921026055423
TCF7,FXYD5,-0.05611956970570835
TCF7,GAPDH,-0.09810037726361545
TCF7,GPSM3,0.0491842227196944
TCF7,GRAMD1A,0.045218815608330604
TCF7,GSTK1,-0.09057828486739461
TCF7,GUK1,-0.057415057897065705
TCF7,HIF1A,0.0418948591133866
TCF7,HLA-B,-0.0370476301663949
TCF7,HMGN2,0.051940475382207446
TCF7,HNRNPLL,-0.07992601193800056
TCF7,HSPB1,0.04367848736721095
TCF7,IER5,-0.0528442410899338
TCF7,IL10RA,-0.11533506939153984
TCF7,IL6ST,0.08409160751989
TCF7,IQGAP2,-0.0741205506840836
TCF7,IRAG2,0.036334275003731
TCF7,ITGA6,0.04890154972565223
TCF7,KAT2B,-0.04995532256390175
TCF7,KLF10,-0.0596145020237498
TCF7,KLF6,-0.17025512046446734
TCF7,KRTCAP2,-0.0608519308439327
TCF7,LAPTM5,0.0671283586706474
TCF7,LDLRAP1,0.06356293651463325
TCF7,LEF1,0.11544830204729417
TCF7,LMO4,-0.08725302556827824
TCF7,LMO7,0.04272165749126465
TCF7,LRRN3,0.0660409549465555
TCF7,MAF,-0.0889540887482877
TCF7,MAP3K5,-0.052966659760437504
TCF7,MBNL1,0.0752329508748833
TCF7,MGAT4A,0.05054569495446396
TCF7,MGST3,-0.0655435511821916
TCF7,MLLT3,0.05058314681912814
TCF7,MT-ATP8,0.0568767716954613
TCF7,MT-ND1,0.03966436685880235
TCF7,MT-ND4L,0.0650426580393085
TCF7,MTERF4,0.03960553742392285
TCF7,MYL12A,-0.07172593023696823
TCF7,MYL12B,-0.06493093940262915
TCF7,NACA,0.1446192689869652
TCF7,NDFIP1,0.08776575524808665
TCF7,NET1,0.04844715556538165
TCF7,NIBAN1,-0.15963921846637144
TCF7,NOG,0.09227174555879336
TCF7,NOP53,0.07312706816142393
TCF7,NOSIP,0.08898512318092892
TCF7,NSA2,0.0758420454654644
TCF7,NUCB2,0.07610685156061531
TCF7,OGDH,-0.0766811659458844
TCF7,OSBPL3,-0.0589848182162053
TCF7,PABPC1,0.1521505840348853
TCF7,PACS1,0.045923745033081345
TCF7,PARP8,-0.06294443543165776
TCF7,PCBP2,0.0752578830984414
TCF7,PCED1B,0.04900232967324167
TCF7,PDK1,0.05354442900288064
TCF7,PHLDA1,-0.1032319179619753
TCF7,PHTF2,-0.07444646053850726
TCF7,PNN,0.0433490435409059
TCF7,PPP1R2,0.045124579868557446
TCF7,PPP2R5C,-0.05438486865085056
TCF7,PPP3CA,-0.06973342493148091
TCF7,PRDM1,-0.15108504290714939
TCF7,PRDX1,-0.07213387680757555
TCF7,PSIP1,0.0513768185517261
TCF7,PSMB9,-0.057322395490720046
TCF7,PTPRC,0.05176314081623125
TCF7,RABGAP1L,-0.0479560052920174
TCF7,RACK1,0.12592769380962954
TCF7,RAPGEF6,0.050729962939898524
TCF7,RBL2,0.0512102037489907
TCF7,RCAN3,0.0587595813556878
TCF7,RGS1,-0.05612386408009035
TCF7,RHOC,-0.08449191210027229
TCF7,RHOH,0.04573699730679895
TCF7,RPL23,0.07581623807754245
TCF7,RPL29,0.14365936869255144
TCF7,RPL37,0.1493768875685401
TCF7,RPL4,0.11897107480628535
TCF7,RPL5,0.12177697147481449
TCF7,RPS16,0.13401332244524133
TCF7,RSL1D1,0.056050313380485606
TCF7,S100A4,-0.17950006484684672
TCF7,SATB1,0.08006780826727335
TCF7,SCML1,0.054165006231408096
TCF7,SDR39U1,0.034211334033756396
TCF7,SEC61G,-0.0525846796229684
TCF7,SELENOH,0.04605882605520545
TCF7,SEPTIN11,-0.07108995298683986
TCF7,SEPTIN9,0.042086151545977946
TCF7,SERP1,0.0454743305385363
TCF7,SFI1,0.0389215415378621
TCF7,SH3BGRL3,-0.11553090266470907
TCF7,SH3BP5,-0.0759509950920991
TCF7,SH3YL1,0.0393059210696179
TCF7,SLC25A45,0.03664550122603055
TCF7,SLC7A6,0.0411880169138941
TCF7,SOS1,-0.04849623625287215
TCF7,SRGN,-0.0978462334099123
TCF7,SSH2,0.0450221043621925
TCF7,STAT3,0.04405583819656613
TCF7,STK17A,0.0492036531948981
TCF7,STMN1,0.051720646785899105
TCF7,SUN2,0.05490051874196886
TCF7,TAGLN2,-0.10884662659279529
TCF7,TC2N,0.0420009222685859
TCF7,TCP11L2,0.03371086428810205
TCF7,TECR,0.03756063945217395
TCF7,TESPA1,0.046996127926663765
TCF7,TGFBR2,0.08568998774131427
TCF7,TMEM123,0.04940412572784475
TCF7,TMEM131L,0.0415258117721315
TCF7,TMEM273,-0.08464905002751785
TCF7,TMX4,-0.07665540263931425
TCF7,TOMM7,0.09603709724368215
TCF7,TPM4,-0.0877019740705345
TCF7,TPT1,0.11759999970884331
TCF7,TRADD,-0.0970990961489379
TCF7,TRAF3IP3,0.04896969571658205
TCF7,TSHZ2,0.06169366837957975
TCF7,TTC3,0.0473967801428143
TCF7,TTC39C,-0.0563976149988489
TCF7,TUBA1C,-0.07999328167486225
TCF7,TXN,-0.11554842497176065
TCF7,UBA52,0.10386030012645765
TCF7,UBALD2,0.07644034161784666
TCF7,UBC,-0.0480600635121448
TCF7,UBE2B,0.0348244687042649
TCF7,UBE2D2,0.04400794741042205
TCF7,UBXN1,0.04732397900008345
TCF7,URI1,0.0347109001073713
TCF7,UXT,0.0601528623167351
TCF7,YWHAQ,-0.10392828549893805
TFAP4,ACTB,-0.052837718685309204
TFAP4,B2M,-0.050592514314138165
TFAP4,PFN1,-0.043522554016050805
TFAP4,RPL34,-0.0395533677954798
TFAP4,S100A4,-0.0444980909642401
TFAP4,SH3BGRL3,-0.045238548441516646
TFAP4,TMSB10,-0.03776208345857425
TFCP2,B2M,-0.07587637581839603
TFCP2,EEF1A1,-0.06926838263123306
TFCP2,EEF1D,-0.039781961135164245
TFCP2,EIF1,-0.05077752255187645
TFCP2,FTH1,-0.047154699254758695
TFCP2,PTMA,-0.05078993054808903
TFCP2,RPL10A,-0.05230308982037955
TFCP2,RPL11,-0.0619305109660104
TFCP2,RPL12,-0.05528252611317164
TFCP2,RPL15,-0.04475422094141657
TFCP2,RPL18,-0.0647296518511207
TFCP2,RPL22,-0.0565240850433249
TFCP2,RPL23A,-0.050860437440672666
TFCP2,RPL28,-0.06127486091022977
TFCP2,RPL3,-0.047809155762190726
TFCP2,RPL35,-0.046248645057704964
TFCP2,RPL36,-0.05384355774401353
TFCP2,RPL5,-0.05864041165554845
TFCP2,RPL6,-0.060928914525378006
TFCP2,RPL7A,-0.061964033588778444
TFCP2,RPL9,-0.05067165676000475
TFCP2,RPLP0,-0.05210794378662985
TFCP2,RPLP1,-0.05644816988199113
TFCP2,RPLP2,-0.053153375814482866
TFCP2,RPS12,-0.058327023425759905
TFCP2,RPS14,-0.06327530394176463
TFCP2,RPS15,-0.0636609561045642
TFCP2,RPS15A,-0.0631793019425723
TFCP2,RPS16,-0.05183161383036555
TFCP2,RPS18,-0.05829136347772263
TFCP2,RPS2,-0.053689365482806006
TFCP2,RPS23,-0.0571663571527214
TFCP2,RPS24,-0.06162954322389145
TFCP2,RPS27A,-0.0658064989095573
TFCP2,RPS29,-0.04483721607662094
TFCP2,RPS5,-0.053799393196630754
TFCP2,RPS7,-0.06747829864051125
TFCP2,RPS8,-0.054628904258059996
TFCP2,RPS9,-0.03981951611763947
TFCP2,TMSB10,-0.05365224326514123
TFDP1,B2M,-0.06924167759171607
TFDP1,EEF1A1,-0.0480413049780977
TFDP1,FAU,-0.05003195645954606
TFDP1,FTL,-0.031838134874839503
TFDP1,MT-ATP6,-0.03328747665619545
TFDP1,MT-CO2,-0.0358417947496666
TFDP1,PFDN5,-0.03557062682952227
TFDP1,PTMA,-0.04815129548586273
TFDP1,RACK1,-0.0343190718695086
TFDP1,RPL10,-0.06738383375579753
TFDP1,RPL10A,-0.042169350569102
TFDP1,RPL12,-0.05683409358547533
TFDP1,RPL13,-0.06705194893311034
TFDP1,RPL13A,-0.0574782064414077
TFDP1,RPL14,-0.05124159133418957
TFDP1,RPL15,-0.04067101276906117
TFDP1,RPL17,-0.05771020460420935
TFDP1,RPL18,-0.04857173229643854
TFDP1,RPL19,-0.056458281064809164
TFDP1,RPL21,-0.0600388429812925
TFDP1,RPL22,-0.055433188568991154
TFDP1,RPL26,-0.05698846649593694
TFDP1,RPL28,-0.0583455125180363
TFDP1,RPL29,-0.05467842066098555
TFDP1,RPL3,-0.049012614808556565
TFDP1,RPL30,-0.06305611489717554
TFDP1,RPL31,-0.05198903975523026
TFDP1,RPL32,-0.07069866317102133
TFDP1,RPL35,-0.04834237150515977
TFDP1,RPL35A,-0.06258527890352979
TFDP1,RPL36,-0.059000669024174536
TFDP1,RPL36A,-0.04915403018567005
TFDP1,RPL37,-0.06774510768547384
TFDP1,RPL39,-0.06510542086464177
TFDP1,RPL41,-0.06192991628442467
TFDP1,RPL5,-0.0500960309824168
TFDP1,RPL6,-0.046740058355409835
TFDP1,RPL7A,-0.0446082580446195
TFDP1,RPL8,-0.04414090990801767
TFDP1,RPL9,-0.04827169720292277
TFDP1,RPLP2,-0.0637852004611766
TFDP1,RPS12,-0.06234727180014016
TFDP1,RPS13,-0.05935021400946187
TFDP1,RPS14,-0.06637049775233654
TFDP1,RPS15,-0.06540182275238347
TFDP1,RPS15A,-0.0688949371319521
TFDP1,RPS16,-0.053650630887111805
TFDP1,RPS18,-0.059583733819763264
TFDP1,RPS19,-0.06211442866624354
TFDP1,RPS2,-0.045568536661241894
TFDP1,RPS20,-0.0492804357965096
TFDP1,RPS21,-0.060794267261672655
TFDP1,RPS23,-0.06119986203023586
TFDP1,RPS27,-0.07131152946983314
TFDP1,RPS27A,-0.0692046064681662
TFDP1,RPS28,-0.06624287445904613
TFDP1,RPS29,-0.05812511246838226
TFDP1,RPS3,-0.05821235977889816
TFDP1,RPS3A,-0.056928254733965435
TFDP1,RPS5,-0.041860380452278766
TFDP1,RPS6,-0.056950526566265834
TFDP1,RPS7,-0.04709362314907709
TFDP1,RPS8,-0.05837559654333843
TFDP1,RPS9,-0.04071824761751553
TFDP1,RPSA,-0.0330405684450173
TFDP1,TMSB10,-0.04953402886936093
TFDP1,TMSB4X,-0.05750054457199549
TFDP1,TOMM7,-0.035558532722377495
TFDP1,UBA52,-0.04617340759527365
TFDP2,ABLIM1,0.04002078382998545
TFDP2,ACTB,-0.05720952963874485
TFDP2,APEX1,0.02929631555482745
TFDP2,ATP5F1E,-0.0351476799429912
TFDP2,B2M,-0.09323169988659413
TFDP2,BACH2,0.042906146754363
TFDP2,CCR7,0.03009578268579165
TFDP2,CFL1,-0.04750755471919385
TFDP2,CRIP1,-0.04509301852518785
TFDP2,EEF1A1,-0.056770742095912
TFDP2,EIF1,-0.03961635806032865
TFDP2,FAU,-0.05902012320777855
TFDP2,FHIT,0.03305401901256775
TFDP2,FTH1,-0.046787136099437354
TFDP2,FTL,-0.0398779463718084
TFDP2,IL32,-0.0479526267130439
TFDP2,IL6ST,0.03506224054226285
TFDP2,MYL12A,-0.04471105377857765
TFDP2,PFDN5,-0.040577931609791
TFDP2,PFN1,-0.05118322089405031
TFDP2,PTMA,-0.05020977981648267
TFDP2,RPL10,-0.06967991480574713
TFDP2,RPL10A,-0.0423795967823173
TFDP2,RPL11,-0.06095566358306664
TFDP2,RPL12,-0.058287125317923905
TFDP2,RPL13,-0.06100149914168703
TFDP2,RPL13A,-0.052647197338788164
TFDP2,RPL14,-0.0568256143482538
TFDP2,RPL15,-0.04065212799609127
TFDP2,RPL18,-0.0530688672900521
TFDP2,RPL18A,-0.06108625448066123
TFDP2,RPL21,-0.05370788289522413
TFDP2,RPL22,-0.0477914160157697
TFDP2,RPL23A,-0.05714149082370057
TFDP2,RPL26,-0.056415077494357334
TFDP2,RPL27,-0.0418272684009766
TFDP2,RPL27A,-0.05179460417925695
TFDP2,RPL29,-0.05365949790604685
TFDP2,RPL3,-0.045638668349524764
TFDP2,RPL30,-0.0641217454847067
TFDP2,RPL31,-0.04428300480718997
TFDP2,RPL32,-0.06588392683380183
TFDP2,RPL35,-0.053320607933406504
TFDP2,RPL35A,-0.0564133115181481
TFDP2,RPL36,-0.0672888657046934
TFDP2,RPL36A,-0.049474636897826905
TFDP2,RPL37,-0.0651810904270327
TFDP2,RPL37A,-0.0523826630738417
TFDP2,RPL38,-0.05048040972662725
TFDP2,RPL39,-0.07327303674551587
TFDP2,RPL41,-0.06369591276344914
TFDP2,RPL6,-0.05418138133986335
TFDP2,RPL8,-0.0448793320712921
TFDP2,RPL9,-0.04479411724751545
TFDP2,RPLP1,-0.060485022448360765
TFDP2,RPLP2,-0.05536534723408217
TFDP2,RPS12,-0.06997991068815071
TFDP2,RPS13,-0.04675269643826737
TFDP2,RPS14,-0.06213082596817717
TFDP2,RPS15,-0.06613061218300197
TFDP2,RPS15A,-0.06557622432946451
TFDP2,RPS16,-0.049917452902070794
TFDP2,RPS18,-0.0668020346834935
TFDP2,RPS19,-0.07098441961743
TFDP2,RPS2,-0.0506597863532714
TFDP2,RPS20,-0.035616922385599645
TFDP2,RPS21,-0.06000554586375795
TFDP2,RPS23,-0.0469419424649746
TFDP2,RPS25,-0.057989501274207766
TFDP2,RPS27,-0.0735343539361949
TFDP2,RPS27A,-0.0649958729778334
TFDP2,RPS28,-0.0681622840364866
TFDP2,RPS29,-0.06288650419804163
TFDP2,RPS3,-0.05383564669561383
TFDP2,RPS3A,-0.052949135510802756
TFDP2,RPS4X,-0.05039831489449337
TFDP2,RPS5,-0.0413456624993284
TFDP2,RPS6,-0.050060436498524534
TFDP2,RPS7,-0.0587035889462174
TFDP2,RPS8,-0.05215569919447893
TFDP2,RPS9,-0.03775710130508715
TFDP2,S100A10,-0.0461949100738661
TFDP2,S100A4,-0.0512269242105981
TFDP2,SH3BGRL3,-0.0592050089165369
TFDP2,SOX4,0.0375753855801689
TFDP2,TMA7,-0.03336414248697245
TFDP2,TMSB10,-0.05920436449340864
TFDP2,UBA52,-0.04740765780330545
TFE3,B2M,-0.04337390159888016
TFE3,EEF1A1,-0.055203263670483046
TFE3,EEF1B2,-0.044460188807426554
TFE3,FAU,-0.056449178934880107
TFE3,NACA,-0.050830178798284456
TFE3,PTMA,-0.03691433768414527
TFE3,RACK1,-0.04158648001088745
TFE3,RPL10,-0.053727388634120236
TFE3,RPL10A,-0.043864800276278704
TFE3,RPL13,-0.050462830204826836
TFE3,RPL14,-0.0565889753470757
TFE3,RPL17,-0.04089137763303645
TFE3,RPL18,-0.0577905157651684
TFE3,RPL18A,-0.04766324336999733
TFE3,RPL19,-0.06248743195875425
TFE3,RPL22,-0.0557645262486707
TFE3,RPL23A,-0.033204343474871445
TFE3,RPL24,-0.04784319590917245
TFE3,RPL26,-0.0457826868344777
TFE3,RPL28,-0.06043217732607025
TFE3,RPL29,-0.0566583792478406
TFE3,RPL3,-0.0393677641738216
TFE3,RPL31,-0.03479161354160385
TFE3,RPL32,-0.057509828402463166
TFE3,RPL35A,-0.05235088083381367
TFE3,RPL36,-0.04315376126705217
TFE3,RPL36A,-0.0377457669062624
TFE3,RPL37,-0.05877383428368785
TFE3,RPL37A,-0.0392202467784339
TFE3,RPL38,-0.0401350496143887
TFE3,RPL41,-0.04608527921951516
TFE3,RPL5,-0.0525238127072523
TFE3,RPL7A,-0.0518443192721224
TFE3,RPLP0,-0.0365065088369876
TFE3,RPS13,-0.05379374536576487
TFE3,RPS14,-0.053736088150030566
TFE3,RPS15,-0.050744582019470706
TFE3,RPS15A,-0.05387849577083936
TFE3,RPS16,-0.04121645736644659
TFE3,RPS18,-0.04414586056124443
TFE3,RPS2,-0.03674437330534933
TFE3,RPS21,-0.057862708786965256
TFE3,RPS25,-0.046809022339676674
TFE3,RPS27,-0.053742154848510935
TFE3,RPS27A,-0.055244968079083134
TFE3,RPS28,-0.053475464181533934
TFE3,RPS29,-0.03657544858005903
TFE3,RPS3,-0.0466392791000419
TFE3,RPS3A,-0.06024610377867395
TFE3,RPS4X,-0.04364513087434377
TFE3,RPS5,-0.05237260253314885
TFE3,RPS6,-0.0412695151930931
TFE3,RPS7,-0.05415739758086905
TFE3,RPS8,-0.0617370271557682
TFE3,RPS9,-0.0417756585921614
TFE3,RPSA,-0.03894854172996775
TFE3,UBA52,-0.038722759568253245
TFEB,RPS28,-0.038773360047853034
TGIF1,ANXA2,0.0471860578297573
TGIF1,DNAJB1,0.03765665869788335
TGIF1,RPL17,-0.0661997400532583
TGIF1,RPL24,-0.051760075585476496
TGIF1,RPL31,-0.06774715814061917
TGIF1,RPL32,-0.08312417279489409
TGIF1,RPS2,-0.0592888088839402
TGIF1,S100A4,0.0476978123570177
TGIF1,SYNE2,0.03219768267886195
TGIF2,B2M,-0.06589055505885906
TGIF2,FAU,-0.04160517050232905
TGIF2,PTMA,-0.03657711061585715
TGIF2,RPL10,-0.052885706980070696
TGIF2,RPL11,-0.0486624345918196
TGIF2,RPL12,-0.0436718827240139
TGIF2,RPL13,-0.04768592920345545
TGIF2,RPL13A,-0.036582973668977
TGIF2,RPL15,-0.03333227238546945
TGIF2,RPL18A,-0.047377086579998604
TGIF2,RPL19,-0.0415614958460503
TGIF2,RPL23A,-0.04124616986765385
TGIF2,RPL26,-0.0459217419510251
TGIF2,RPL28,-0.04719790813202185
TGIF2,RPL32,-0.0521314340870533
TGIF2,RPL34,-0.0573343738226325
TGIF2,RPL36,-0.04765635635815105
TGIF2,RPL41,-0.0504650355572886
TGIF2,RPLP1,-0.0445099315035553
TGIF2,RPLP2,-0.04259075994377045
TGIF2,RPS13,-0.04127337487925095
TGIF2,RPS14,-0.050359689831727394
TGIF2,RPS15,-0.05028901567406335
TGIF2,RPS15A,-0.0508372124109223
TGIF2,RPS18,-0.04971750501237075
TGIF2,RPS19,-0.0530319572398043
TGIF2,RPS2,-0.0366479542422688
TGIF2,RPS25,-0.04395991540061705
TGIF2,RPS27,-0.05501992721088855
TGIF2,RPS27A,-0.0513088097591511
TGIF2,RPS28,-0.05232748920647135
TGIF2,RPS29,-0.04348412260485335
TGIF2,RPS3,-0.041077941216964606
TGIF2,RPS6,-0.03791590867395955
TGIF2,SH3BGRL3,-0.042488744235838594
TGIF2,TMSB10,-0.05026887043048525
THAP1,EEF1A1,-0.04438760654566427
THAP1,FTH1,-0.037747521004567804
THAP1,PFDN5,-0.03550951866198725
THAP1,PTMA,-0.04211730786096857
THAP1,RPL10A,-0.03860356164267743
THAP1,RPL11,-0.05970892986372453
THAP1,RPL12,-0.05305303595762867
THAP1,RPL13,-0.06233479986057886
THAP1,RPL13A,-0.051881378071745775
THAP1,RPL14,-0.04452475914808466
THAP1,RPL17,-0.050450229135915
THAP1,RPL18,-0.046018820593891896
THAP1,RPL18A,-0.056648164592550176
THAP1,RPL22,-0.046268924070447
THAP1,RPL28,-0.0555948234618364
THAP1,RPL30,-0.05304205383360453
THAP1,RPL32,-0.06514787527457494
THAP1,RPL34,-0.0680891021173551
THAP1,RPL36,-0.0568461238152655
THAP1,RPL37,-0.05086105010907247
THAP1,RPL37A,-0.04473204965904377
THAP1,RPL38,-0.04925079219838285
THAP1,RPL39,-0.06431466713720467
THAP1,RPL5,-0.03868340139002775
THAP1,RPL6,-0.042199310475527996
THAP1,RPL8,-0.040019821070339565
THAP1,RPLP2,-0.054631061198785275
THAP1,RPS12,-0.05621049049860464
THAP1,RPS13,-0.052422827983041674
THAP1,RPS14,-0.061882296349543266
THAP1,RPS18,-0.0615735236767184
THAP1,RPS19,-0.0635205404550731
THAP1,RPS2,-0.04709425994914712
THAP1,RPS20,-0.0455534738732662
THAP1,RPS21,-0.04595686199602456
THAP1,RPS25,-0.0553535368293146
THAP1,RPS3,-0.05165216032470534
THAP1,RPS3A,-0.0484265809764264
THAP1,RPS5,-0.036800063723225966
THAP1,RPS6,-0.0524031548114492
THAP1,RPS7,-0.042369070188081004
THAP1,RPS8,-0.05178272019828397
THAP1,RPS9,-0.042741400893027345
THAP1,TPT1,-0.046268031376597796
THAP1,UBA52,-0.043080580816735
THAP11,ATP5F1E,-0.03410624830498655
THAP11,B2M,-0.07789435565478096
THAP11,EIF1,-0.033443425511758995
THAP11,FAU,-0.046893399434606166
THAP11,MT-CO1,-0.03277344648780555
THAP11,MT-CO2,-0.03956897404957635
THAP11,PFDN5,-0.0344981790292162
THAP11,PTMA,-0.05428114625564556
THAP11,RPL10,-0.0668851772871188
THAP11,RPL10A,-0.04445409346287165
THAP11,RPL11,-0.0636554828983861
THAP11,RPL12,-0.05981772772545107
THAP11,RPL13,-0.06502498888628487
THAP11,RPL13A,-0.05878976913663144
THAP11,RPL14,-0.0543168254036504
THAP11,RPL15,-0.04992510102998925
THAP11,RPL17,-0.05997040491626155
THAP11,RPL18,-0.04323105851178427
THAP11,RPL18A,-0.059691202760013905
THAP11,RPL19,-0.04927264095736059
THAP11,RPL21,-0.076342788127578
THAP11,RPL22,-0.05055852060642055
THAP11,RPL23A,-0.05560768960571
THAP11,RPL24,-0.044943231723455
THAP11,RPL26,-0.0615404557339591
THAP11,RPL27A,-0.0661414205645572
THAP11,RPL28,-0.0628174997716363
THAP11,RPL29,-0.054846347642403204
THAP11,RPL3,-0.054733531870763255
THAP11,RPL30,-0.05483559120385776
THAP11,RPL31,-0.05454928286620723
THAP11,RPL32,-0.07015418167926364
THAP11,RPL34,-0.08018853724667564
THAP11,RPL35,-0.0555894332599533
THAP11,RPL35A,-0.06362527862151153
THAP11,RPL36,-0.06701379803570377
THAP11,RPL36A,-0.0633910632769049
THAP11,RPL37,-0.07714205387974471
THAP11,RPL37A,-0.06828794943671355
THAP11,RPL38,-0.0634959617908581
THAP11,RPL39,-0.0806172134528698
THAP11,RPL41,-0.07304169224771641
THAP11,RPL6,-0.04534844260448606
THAP11,RPL7,-0.0561040246451229
THAP11,RPL8,-0.039359597930723
THAP11,RPL9,-0.0463066752000109
THAP11,RPLP1,-0.0576686008928779
THAP11,RPLP2,-0.06574936202653364
THAP11,RPS12,-0.06116917608028324
THAP11,RPS13,-0.05410205713806827
THAP11,RPS14,-0.06301064781798586
THAP11,RPS15,-0.06552153804118206
THAP11,RPS15A,-0.0732727284838622
THAP11,RPS16,-0.0543557591163088
THAP11,RPS18,-0.06822282887880156
THAP11,RPS19,-0.07136437972718823
THAP11,RPS2,-0.054926943910253295
THAP11,RPS20,-0.047576839206383253
THAP11,RPS21,-0.0696117301385754
THAP11,RPS23,-0.05818099916132293
THAP11,RPS24,-0.055439581454833145
THAP11,RPS25,-0.06079459493190093
THAP11,RPS27,-0.0760735607065495
THAP11,RPS27A,-0.0676418427293442
THAP11,RPS28,-0.0718277926083186
THAP11,RPS29,-0.0720274343140809
THAP11,RPS3,-0.048201041060387105
THAP11,RPS3A,-0.04795701288224116
THAP11,RPS4X,-0.054666135327264
THAP11,RPS5,-0.0388383314891364
THAP11,RPS6,-0.05653608261816564
THAP11,RPS7,-0.044544964277975406
THAP11,RPS8,-0.06197926740425014
THAP11,RPS9,-0.043740807445814045
THAP11,TAGLN2,0.029845850164747847
THAP11,TMSB10,-0.06539993312175096
THAP11,TPT1,-0.0503755424962441
THAP11,UBA52,-0.04921542151791995
THRA,ACTB,-0.04431473952497252
THRA,CD52,-0.04361219704303975
THRA,FAU,-0.03410052671288726
THRA,IL32,-0.041177941694267695
THRA,PFN1,-0.05165477720591827
THRA,PIK3IP1,0.0341040659205288
THRA,PTMA,-0.0444427577123147
THRA,RPL10,-0.05366890148808957
THRA,RPL11,-0.044441370755999736
THRA,RPL12,-0.04402359752513716
THRA,RPL13,-0.046927754953981236
THRA,RPL13A,-0.04951336991681345
THRA,RPL18A,-0.048351620868508
THRA,RPL19,-0.0331828721889358
THRA,RPL23A,-0.044738084903346735
THRA,RPL26,-0.046418477237633295
THRA,RPL27A,-0.048235864760943103
THRA,RPL28,-0.04328042637520693
THRA,RPL30,-0.035659471225261696
THRA,RPL31,-0.045705245952869955
THRA,RPL34,-0.061684511048644364
THRA,RPL35,-0.04230552321154557
THRA,RPL35A,-0.042322470279141766
THRA,RPL36,-0.053613084295983666
THRA,RPL36A,-0.04231798829424863
THRA,RPL37,-0.0445155247833859
THRA,RPL37A,-0.0390068826257125
THRA,RPL41,-0.0628063317693674
THRA,RPL6,-0.03325935480087685
THRA,RPLP2,-0.0404461438079697
THRA,RPS12,-0.0372040680467656
THRA,RPS14,-0.047731333375404535
THRA,RPS15,-0.05024525119537256
THRA,RPS15A,-0.052829866895146765
THRA,RPS18,-0.056580193096847364
THRA,RPS19,-0.056988774938035634
THRA,RPS2,-0.0474365946517008
THRA,RPS21,-0.0395907104522243
THRA,RPS23,-0.03708122254030003
THRA,RPS24,-0.0343276983626949
THRA,RPS27,-0.06121172694367663
THRA,RPS27A,-0.0508494824887503
THRA,RPS28,-0.05417064927354543
THRA,RPS29,-0.0557759343589762
THRA,RPS3,-0.0380458368868782
THRA,RPS6,-0.04081011372577675
THRA,RPS7,-0.0325184309945603
THRA,RPS8,-0.039640932574121934
THRA,S100A4,-0.044863292708620994
THRA,SH3BGRL3,-0.05639276761094335
THRA,TMSB10,-0.0569002583726038
TP53,EEF1A1,-0.04394704492686717
TP53,EIF1,-0.04215709953762394
TP53,FAU,-0.0471702279960903
TP53,H3-3B,-0.03703985893886745
TP53,PTMA,-0.042436464294858624
TP53,RPL10,-0.06031494695041292
TP53,RPL11,-0.0566990123202093
TP53,RPL12,-0.04986526076450947
TP53,RPL13,-0.0542775729267937
TP53,RPL13A,-0.06326657851334816
TP53,RPL15,-0.04978021570526095
TP53,RPL18,-0.04531121619756806
TP53,RPL19,-0.047787788682644876
TP53,RPL21,-0.05927379151004967
TP53,RPL22,-0.04423342808177405
TP53,RPL23A,-0.0512036293102833
TP53,RPL24,-0.040194183334985645
TP53,RPL26,-0.0513871274816001
TP53,RPL28,-0.05116836052040865
TP53,RPL29,-0.0456896572810814
TP53,RPL3,-0.0488711702587566
TP53,RPL31,-0.05811467450237075
TP53,RPL34,-0.06282691667265465
TP53,RPL35,-0.046430628407648604
TP53,RPL36,-0.05554428989552507
TP53,RPL36A,-0.0398186166032413
TP53,RPL37,-0.0560299761138088
TP53,RPL37A,-0.046382746136701944
TP53,RPL38,-0.0465135528570107
TP53,RPL39,-0.06322346340513137
TP53,RPL41,-0.0594862601476152
TP53,RPL5,-0.0408230354312074
TP53,RPL6,-0.04086523837947753
TP53,RPL7,-0.05833797285147655
TP53,RPL7A,-0.038698216439629805
TP53,RPL8,-0.039878807140060424
TP53,RPLP1,-0.0494733235794327
TP53,RPLP2,-0.05084849852347957
TP53,RPS12,-0.05036840500013795
TP53,RPS14,-0.05819313496283475
TP53,RPS15,-0.05658128902058467
TP53,RPS15A,-0.0592082753446834
TP53,RPS16,-0.0439170424421616
TP53,RPS18,-0.0589999346868768
TP53,RPS19,-0.06145516610705234
TP53,RPS2,-0.048979266186735204
TP53,RPS20,-0.04453058693917335
TP53,RPS21,-0.05013418175497035
TP53,RPS23,-0.050594599023081874
TP53,RPS24,-0.042218959403673
TP53,RPS28,-0.05678864495576205
TP53,RPS29,-0.056497425186824796
TP53,RPS3,-0.05186867678355692
TP53,RPS3A,-0.04879965348588527
TP53,RPS5,-0.0375494852333127
TP53,RPS6,-0.0517325954083332
TP53,RPS7,-0.043720722126297656
TP53,RPS8,-0.047908811541133696
TP53,RPS9,-0.04320621631115615
TP53,RPSA,-0.03290843089862655
TP53,TMSB10,-0.05087998786070489
TP53,TMSB4X,-0.0616784263873218
TP53,UBA52,-0.042558677090295205
TRPS1,RPS27,-0.05855919274765617
TRPS1,RPSA,-0.06277278845947044
TRPS1,ZNF331,0.04002911524963275
USF1,EEF1A1,-0.049279672215514395
USF1,FAU,-0.04911612816091135
USF1,PTMA,-0.0404178463682213
USF1,RPL10,-0.0472190888508593
USF1,RPL11,-0.045638995061030196
USF1,RPL12,-0.04862204909533985
USF1,RPL13,-0.0422820167093411
USF1,RPL13A,-0.0314392382306243
USF1,RPL14,-0.0466139603649143
USF1,RPL18,-0.04709210022936365
USF1,RPL18A,-0.0411099332900318
USF1,RPL19,-0.0508368629589179
USF1,RPL28,-0.054626430329208
USF1,RPL29,-0.0471946935648314
USF1,RPL32,-0.046740218728688464
USF1,RPL34,-0.049846046325220765
USF1,RPL35A,-0.050626741724687396
USF1,RPL36,-0.04098817222447634
USF1,RPL37,-0.05029235591384925
USF1,RPL39,-0.04621819515536763
USF1,RPL41,-0.04471968185478187
USF1,RPL6,-0.04652868152275855
USF1,RPL7A,-0.0427035309865942
USF1,RPL8,-0.04318385519352165
USF1,RPLP1,-0.04749542372246405
USF1,RPLP2,-0.0464170331808516
USF1,RPS12,-0.05447163353492235
USF1,RPS13,-0.0472062719660944
USF1,RPS14,-0.0443365067904258
USF1,RPS15,-0.04500777375452673
USF1,RPS15A,-0.0549563986988708
USF1,RPS18,-0.044182796678051806
USF1,RPS19,-0.04013688128610197
USF1,RPS2,-0.03570964458778835
USF1,RPS21,-0.048234199743752995
USF1,RPS23,-0.04941125262315605
USF1,RPS24,-0.045443395308642845
USF1,RPS27,-0.04512595676994053
USF1,RPS27A,-0.04621064698336233
USF1,RPS28,-0.04562582799552214
USF1,RPS3,-0.0464943862657453
USF1,RPS4X,-0.039214870444767236
USF1,RPS6,-0.03749920886429705
USF1,RPS7,-0.0495235258386567
USF1,RPS8,-0.05328520662008565
USF1,TMSB10,-0.047943789443651894
USF2,ANXA2,0.04307123377229425
USF2,B2M,-0.07538899237772821
USF2,CFLAR,0.029025192198045252
USF2,COMMD6,-0.03013836072119155
USF2,EEF1A1,-0.058055656224714175
USF2,EEF1B2,-0.0416335616665344
USF2,EIF1,-0.03270537226749235
USF2,FTL,-0.03772679133053155
USF2,ITGB1,0.0417858896238765
USF2,ITGB2,0.030694923271975
USF2,NACA,-0.04229019518779645
USF2,PFDN5,-0.04711376895146595
USF2,PTMA,-0.055891341082715144
USF2,RPL10,-0.07081007279811
USF2,RPL10A,-0.053967218598497145
USF2,RPL11,-0.06794254244966885
USF2,RPL12,-0.06588865014711504
USF2,RPL13,-0.06580064840757716
USF2,RPL13A,-0.08714628761147936
USF2,RPL14,-0.0510726288132377
USF2,RPL15,-0.06836595875954204
USF2,RPL18,-0.05134324588127737
USF2,RPL18A,-0.06988258243891343
USF2,RPL19,-0.05860759769917402
USF2,RPL21,-0.0784038065697688
USF2,RPL22,-0.0522646457926329
USF2,RPL23A,-0.08020481998379425
USF2,RPL24,-0.045115125426881196
USF2,RPL26,-0.06935792267753772
USF2,RPL27,-0.05261678777305995
USF2,RPL27A,-0.08168582931372051
USF2,RPL3,-0.0645377229965996
USF2,RPL31,-0.08263583019814885
USF2,RPL32,-0.07377214644627719
USF2,RPL34,-0.08584262206282733
USF2,RPL35,-0.07056723806235154
USF2,RPL35A,-0.06449104268965256
USF2,RPL36,-0.0676552785600652
USF2,RPL37,-0.05598020033599369
USF2,RPL38,-0.06150963298831885
USF2,RPL39,-0.0766020981312766
USF2,RPL6,-0.051661428733631866
USF2,RPL7A,-0.04766862113432295
USF2,RPL8,-0.0506152989534752
USF2,RPL9,-0.05091193488907607
USF2,RPLP1,-0.0594022281414246
USF2,RPLP2,-0.07043096858586623
USF2,RPS12,-0.06376411411384743
USF2,RPS14,-0.07105140716044354
USF2,RPS15,-0.07444317943457243
USF2,RPS16,-0.053106814960642464
USF2,RPS18,-0.0724423316722516
USF2,RPS19,-0.07148005369758194
USF2,RPS2,-0.058956927439607
USF2,RPS21,-0.054036156713338133
USF2,RPS23,-0.06407272570905898
USF2,RPS24,-0.04866777552830637
USF2,RPS27,-0.08493511500182503
USF2,RPS27A,-0.0727359746686277
USF2,RPS28,-0.07732765311612837
USF2,RPS29,-0.0923833243270849
USF2,RPS3,-0.06201872624238075
USF2,RPS5,-0.05006257000897413
USF2,RPS6,-0.0704543741316942
USF2,RPS7,-0.053881514093725
USF2,RPS8,-0.06020165724056875
USF2,RPS9,-0.06127161479968045
USF2,RPSA,-0.042008372575934344
USF2,SYNE2,0.03110520541278755
USF2,TAGLN2,0.03835306940427987
USF2,TNFAIP3,0.03028347380530775
USF2,UBA52,-0.04553962968041316
VEZF1,B2M,-0.0818294316680664
VEZF1,CD52,-0.040587534831754396
VEZF1,EEF1A1,-0.05436225870091678
VEZF1,EEF1D,-0.03191269820707356
VEZF1,EIF1,-0.043839974879011034
VEZF1,FTH1,-0.049121271070976226
VEZF1,FTL,-0.0378928484829542
VEZF1,H3-3B,-0.0359238993975035
VEZF1,MT-CO2,-0.0442882640780595
VEZF1,MT-CO3,-0.03801259728828515
VEZF1,NACA,-0.05054860763945495
VEZF1,PFDN5,-0.0410709413268879
VEZF1,PTMA,-0.05331444480273975
VEZF1,RACK1,-0.038432298356963934
VEZF1,RPL10,-0.07367906737980551
VEZF1,RPL10A,-0.0471779097255784
VEZF1,RPL12,-0.060158508320858325
VEZF1,RPL13,-0.0695876187338844
VEZF1,RPL13A,-0.0560258220298247
VEZF1,RPL14,-0.05169763995274272
VEZF1,RPL15,-0.049135418683606026
VEZF1,RPL18,-0.0546489522273041
VEZF1,RPL19,-0.06057848747399712
VEZF1,RPL21,-0.0638771579479654
VEZF1,RPL22,-0.0516166532593598
VEZF1,RPL23A,-0.0597590058935002
VEZF1,RPL24,-0.045172761965069426
VEZF1,RPL26,-0.06402207709622199
VEZF1,RPL27,-0.0403281874781824
VEZF1,RPL27A,-0.0658051026035512
VEZF1,RPL28,-0.06641015934956646
VEZF1,RPL29,-0.05285007912447037
VEZF1,RPL3,-0.0534166000723168
VEZF1,RPL31,-0.054643039396478105
VEZF1,RPL32,-0.07277280781791293
VEZF1,RPL34,-0.07560849639066972
VEZF1,RPL35,-0.0534803815269826
VEZF1,RPL36,-0.06397617922574812
VEZF1,RPL36A,-0.052978992551799935
VEZF1,RPL37,-0.06760103275382283
VEZF1,RPL37A,-0.0457688037769934
VEZF1,RPL38,-0.05555642100365385
VEZF1,RPL41,-0.07191035785004762
VEZF1,RPL5,-0.0488644494339643
VEZF1,RPL6,-0.05110484487974735
VEZF1,RPL7,-0.0547641033321482
VEZF1,RPL7A,-0.04974104005894764
VEZF1,RPL8,-0.0494978188299933
VEZF1,RPL9,-0.04700814027995425
VEZF1,RPLP1,-0.06273511996760014
VEZF1,RPLP2,-0.06466965314134843
VEZF1,RPS11,-0.034089869062508604
VEZF1,RPS12,-0.0641965697331945
VEZF1,RPS13,-0.05986360464595395
VEZF1,RPS14,-0.07001244033095408
VEZF1,RPS15,-0.06914489528779295
VEZF1,RPS15A,-0.07251731048117793
VEZF1,RPS16,-0.047929552407312524
VEZF1,RPS18,-0.0702771820375925
VEZF1,RPS19,-0.06868325694459096
VEZF1,RPS2,-0.05837445175847625
VEZF1,RPS20,-0.04276454903008076
VEZF1,RPS21,-0.0520018628353011
VEZF1,RPS23,-0.06299739592155537
VEZF1,RPS24,-0.0494400676215642
VEZF1,RPS25,-0.064487447214573
VEZF1,RPS27A,-0.07165096713195784
VEZF1,RPS28,-0.06810620080769304
VEZF1,RPS29,-0.06030494139871037
VEZF1,RPS3,-0.059371815598746276
VEZF1,RPS3A,-0.055988382549348195
VEZF1,RPS5,-0.045896599179339935
VEZF1,RPS6,-0.05864372683254295
VEZF1,RPS7,-0.05334417690773155
VEZF1,RPS8,-0.06017676065613388
VEZF1,RPS9,-0.04518916051305125
VEZF1,RPSA,-0.040348451503579505
VEZF1,SERF2,-0.03539081302583365
VEZF1,TMA7,-0.034762586875561344
VEZF1,TMSB10,-0.06497045442454927
VEZF1,TMSB4X,-0.07490206478037832
VEZF1,TPT1,-0.04988523086477644
VEZF1,UBA52,-0.043013268674873324
XBP1,ANXA5,0.0416834234347256
XBP1,ARF1,0.04771082964490083
XBP1,ARL4A,0.0380790226092935
XBP1,BHLHE40,0.0606083057565107
XBP1,BRK1,0.0342139563089163
XBP1,CALR,0.04022304789852238
XBP1,CANX,0.03993943600881755
XBP1,CAP1,0.040896669371505254
XBP1,CAPG,0.037982202992233
XBP1,CCDC107,0.031442757820013253
XBP1,CDK2AP2,0.041238075519261765
XBP1,CDK6,0.0375441545310077
XBP1,CNBP,0.0364716028313139
XBP1,COPE,0.03726796129657655
XBP1,DDIT4,0.0379542436122248
XBP1,DNAJB9,0.049674714169479
XBP1,DUSP1,0.05932961497732035
XBP1,EEF1A1,-0.07115555524682497
XBP1,EEF1B2,-0.041616694598411746
XBP1,EIF3D,0.02991277995328325
XBP1,EIF5,0.0320649290882867
XBP1,ENO1,0.04930027270596635
XBP1,FAU,-0.06829894013644124
XBP1,FKBP11,0.0398492297800614
XBP1,FKBP2,0.03416552802789735
XBP1,FTL,-0.040798521332501
XBP1,GABARAPL2,0.03335895435900875
XBP1,GHITM,0.037702115652646695
XBP1,HERPUD1,0.04113832274700657
XBP1,HM13,0.039829384707404755
XBP1,HNRNPF,0.036969153500543
XBP1,HSP90B1,0.05395369740576175
XBP1,HSPA5,0.0677313674759146
XBP1,HSPA8,0.0340874356719159
XBP1,LDHA,0.04301967285590284
XBP1,LMAN2,0.0365078381072753
XBP1,LSP1,0.029619677861641047
XBP1,MANF,0.041023408421033865
XBP1,MAP1LC3B,0.034361475809422254
XBP1,MYADM,0.04715199859210255
XBP1,MYDGF,0.041455608703997046
XBP1,NFKBIA,0.04662159738874805
XBP1,P4HB,0.053296399314374576
XBP1,PDIA3,0.04845298633603555
XBP1,PDIA4,0.033264689844569054
XBP1,PDIA6,0.04703405916945385
XBP1,PEBP1,0.036097361447487
XBP1,PIM1,0.042761919942371496
XBP1,PKM,0.040107985501837404
XBP1,PPIB,0.053839814353363
XBP1,PRDX1,0.0382488871881924
XBP1,PRELID1,0.0328787907600587
XBP1,PRNP,0.0475951858183307
XBP1,PTGES3,0.03472715159614075
XBP1,RAB7A,0.03319662939248215
XBP1,RHOH,0.034388170984975305
XBP1,RPL10,-0.09363275062382391
XBP1,RPL10A,-0.06151141191944793
XBP1,RPL12,-0.08874939910839492
XBP1,RPL13,-0.10259818253832857
XBP1,RPL13A,-0.08710600371175163
XBP1,RPL19,-0.0870761717741189
XBP1,RPL22,-0.0673338956197026
XBP1,RPL23,-0.05854299714921215
XBP1,RPL23A,-0.0770923662394762
XBP1,RPL27,-0.06118327549174266
XBP1,RPL29,-0.07355037090338062
XBP1,RPL31,-0.0797463569956704
XBP1,RPL32,-0.1112139323936888
XBP1,RPL36,-0.08855220856553588
XBP1,RPL38,-0.0730176795811571
XBP1,RPL41,-0.09265277958635916
XBP1,RPLP2,-0.1039688065344873
XBP1,RPS12,-0.10058134504898557
XBP1,RPS15,-0.09362311343458733
XBP1,RPS19,-0.08944216057273124
XBP1,RPS2,-0.06753993053411037
XBP1,RPS20,-0.080201268652098
XBP1,RPS23,-0.09557403374792167
XBP1,RPS24,-0.07517725776827443
XBP1,RPS27A,-0.10040000923103716
XBP1,RPS28,-0.0996338186179017
XBP1,RPS29,-0.0928540308158831
XBP1,RPS3A,-0.07853067243269612
XBP1,RPS6,-0.0931260951254735
XBP1,RPS7,-0.06729447891297213
XBP1,RPS8,-0.08449276962000932
XBP1,SDF2L1,0.0386696138261245
XBP1,SEC61A1,0.0358321208592752
XBP1,SEC61B,0.0596822444895646
XBP1,SEC61G,0.0395128529486018
XBP1,SELENOS,0.0398442026769157
XBP1,SND1,0.0385810691833217
XBP1,SPCS2,0.03988883425814153
XBP1,SPCS3,0.0362367820055694
XBP1,SSR3,0.0368216221020136
XBP1,SSR4,0.034334139978538
XBP1,TBCB,0.031922132788118354
XBP1,TMED10,0.040142964327897046
XBP1,TMED2,0.037138748677383863
XBP1,TMED9,0.03810467320833135
XBP1,TNFAIP3,0.050061908019080364
XBP1,TOB1,0.03505577734183497
XBP1,TPI1,0.03845320141472755
XBP1,TPT1,-0.053345835011462304
XBP1,TRADD,0.04090447299714157
XBP1,TUBA1B,0.0354449120428458
XBP1,TUBB4B,0.0369205401320722
XBP1,UBC,0.0375710210653852
XBP1,ZFP36L2,0.03619193432505903
YBX1,EMP3,0.06025688659348485
YBX1,FTH1,0.0602537991677578
YBX1,RPS8,0.09137117318462659
YY1,ACTB,-0.0347053687026105
YY1,ACTR2,0.0353166468996879
YY1,ACTR3,0.034921134496419995
YY1,ADD3,0.0361724159110097
YY1,ADGRE5,0.02941406072298925
YY1,AHNAK,0.040614172888301645
YY1,AKAP13,0.032620234350531505
YY1,ANKRD11,0.0333527724109421
YY1,ANP32A,0.0305142296102265
YY1,ANXA6,0.033963994527484
YY1,APBB1IP,0.03199888043404075
YY1,APEX1,0.03180124605933565
YY1,AQP3,0.0309557485780134
YY1,ARHGAP30,0.0345086551631755
YY1,ARHGDIA,0.03148065325685785
YY1,ARID4B,0.03184565260156335
YY1,ARPC1B,0.0310201813785565
YY1,ARPC4,0.03144617504530305
YY1,ARPC5,0.0323908360254634
YY1,ATP5F1E,-0.0314724094919857
YY1,ATP5PB,0.03208849524565815
YY1,ATRX,0.03482035336808245
YY1,B2M,-0.12605524942743107
YY1,BCLAF1,0.0355859275196002
YY1,BIN1,0.029197890320210848
YY1,BIN2,0.03077246790388295
YY1,BPTF,0.0368541481500324
YY1,BRD2,0.03156931210340585
YY1,BTF3,-0.03573019852247915
YY1,C1QBP,0.0286569933159187
YY1,CALR,0.0359851575712572
YY1,CANX,0.03373381179319235
YY1,CAP1,0.03603417304361055
YY1,CAPN2,0.0327175255855632
YY1,CAPNS1,0.02956004871213195
YY1,CAST,0.03386764281359405
YY1,CCDC69,0.0311010132813254
YY1,CCND2,0.0309783554597743
YY1,CCT2,0.0324364701951244
YY1,CCT3,0.032112682794431746
YY1,CCT6A,0.031662123710787346
YY1,CCT8,0.029275606583898252
YY1,CD164,0.029668512877373397
YY1,CD247,0.03278753216078755
YY1,CD52,-0.045512133003605466
YY1,CDC25B,0.031127159353292
YY1,CDKN1B,0.0314853866321901
YY1,CDV3,0.0296596577356184
YY1,CFLAR,0.035981807326440546
YY1,CHD4,0.03128763092022105
YY1,CMTM6,0.03074569490656015
YY1,CNN2,0.03192356116714585
YY1,COMMD6,-0.03604056613002247
YY1,COTL1,0.035899535463259954
YY1,COX4I1,-0.037085090208557596
YY1,COX7C,-0.04197304574415937
YY1,CRBN,0.02986165161015025
YY1,CSDE1,0.03097784996496805
YY1,CSK,0.03394952943297995
YY1,CSNK1A1,0.03230687479086245
YY1,CTSB,0.028584948125065998
YY1,CTSD,0.029057785873174452
YY1,CYLD,0.033194840893830346
YY1,CYTH1,0.0353372348471863
YY1,DBNL,0.02933760655493475
YY1,DDX39B,0.040984467257932006
YY1,DDX46,0.03454398507159815
YY1,DEK,0.032503374537566646
YY1,DIAPH1,0.029308905026544402
YY1,DNAJA1,0.03436006511080175
YY1,DSTN,0.031029741673978248
YY1,DYNLRB1,0.02819980999279855
YY1,EEF1A1,-0.08559388785825821
YY1,EEF1B2,-0.052825219924498
YY1,EEF1D,-0.048394626134526934
YY1,EIF1,-0.0523137949948862
YY1,EIF2A,0.032693550937434854
YY1,EIF3A,0.038565231370428804
YY1,EIF3I,0.0316751905493482
YY1,EIF4G2,0.036321800649692704
YY1,EIF5,0.03396581554664495
YY1,ELOVL5,0.028655327625494352
YY1,EMB,0.037706639206845805
YY1,ENO1,0.03563083669931605
YY1,ENSA,0.02936305402335445
YY1,ERGIC3,0.0296868802383064
YY1,EZR,0.034365171287222745
YY1,FAM107B,0.0311851726354996
YY1,FAU,-0.0820126505194363
YY1,FLNA,0.030485798456894753
YY1,FMNL1,0.032876082507662094
YY1,FNBP1,0.03677425323985965
YY1,FTH1,-0.0504605747486771
YY1,FTL,-0.0561909952567155
YY1,FYN,0.033619213158156
YY1,GATA3,0.03188010417247195
YY1,GBP2,0.029263174567235553
YY1,GDI2,0.030688543048298402
YY1,GLIPR1,0.029859434694385248
YY1,GLOD4,0.0281020108809084
YY1,GNAI2,0.038040315432744456
YY1,GPX1,0.03177954911354845
YY1,GRB2,0.0354208327292314
YY1,GSPT1,0.030755431518240346
YY1,HCLS1,0.03345951153900975
YY1,HLA-DPA1,0.029727236474348002
YY1,HLA-DPB1,0.03185299141449435
YY1,HMGA1,0.0319859423964953
YY1,HNRNPA3,0.03205145871157945
YY1,HNRNPD,0.040016779889342796
YY1,HNRNPH3,0.03196044334204605
YY1,HNRNPK,0.02976669166191665
YY1,HNRNPR,0.0360025363083748
YY1,HNRNPUL1,0.032192490494493645
YY1,HSP90B1,0.03534795593994365
YY1,HSPA5,0.0323507015170499
YY1,HSPA9,0.0323906387484266
YY1,HSPD1,0.0312229680434147
YY1,ID2,0.0347495997117937
YY1,IDS,0.0329030647208747
YY1,IFI16,0.03011752342299865
YY1,IGBP1,0.028861734764540202
YY1,IL10RA,0.0310643473093696
YY1,IL6R,0.0296759800840014
YY1,ILF3,0.0325888096801458
YY1,IQGAP1,0.03303865258898315
YY1,IQGAP2,0.0316058391198253
YY1,IRF2BP2,0.0289858641961386
YY1,ITGA4,0.03536754414322635
YY1,ITGB1,0.0321358190435513
YY1,ITGB2,0.0332191751635188
YY1,KARS1,0.03143040772941075
YY1,KHDRBS1,0.03259111670496665
YY1,KIF5B,0.033109895396236946
YY1,LCP1,0.041999441863924
YY1,LDHA,0.036834465863337496
YY1,LNPEP,0.031082860009364402
YY1,LRRFIP1,0.0393256702009676
YY1,LSM14A,0.03281851836837605
YY1,MACF1,0.03737755228174905
YY1,MBP,0.037835436933789754
YY1,MCL1,0.03308362240424905
YY1,METTL9,0.03254286207013525
YY1,MRFAP1,0.030085615971072198
YY1,MRPL54,0.029038840179537402
YY1,MSN,0.035816429008374506
YY1,MT-CO2,-0.062412079854318
YY1,MTDH,0.032081599824711246
YY1,MTPN,0.03467729347273645
YY1,MYCBP2,0.034475676331267746
YY1,MYH9,0.03441471442663395
YY1,MYO1F,0.03647595153310215
YY1,MYO1G,0.032079950195052304
YY1,NACA,-0.0656975422684544
YY1,NAP1L4,0.0322657227574583
YY1,NASP,0.028708133926751547
YY1,NCOR1,0.0311721950287485
YY1,NOP56,0.0325072633931872
YY1,OCIAD1,0.029279692374836352
YY1,ODF2L,0.02945297397024215
YY1,OLA1,0.03229058530099715
YY1,OPTN,0.03596166337963645
YY1,OSBPL8,0.0364817736350902
YY1,PAK2,0.03824228058539325
YY1,PARP1,0.0327659587587433
YY1,PDCD4,0.0339907572437254
YY1,PDIA3,0.032997032573848
YY1,PFDN5,-0.06434575578671553
YY1,PGAM1,0.03406167177209535
YY1,PGK1,0.0315608721209443
YY1,PGLS,0.0364438625646424
YY1,PHB2,0.03417150992389105
YY1,PIK3R1,0.0324971485462271
YY1,PPHLN1,0.031314629231601054
YY1,PPIB,0.030716909110535304
YY1,PPM1G,0.0342389734027693
YY1,PPP1CC,0.02946009069199485
YY1,PPP1R12A,0.0330351604364709
YY1,PPP1R18,0.033413601055417
YY1,PPP2R5C,0.02814204494912615
YY1,PRDX1,0.034688673496534955
YY1,PRELID1,0.0301952364886302
YY1,PRKCH,0.0303525977033886
YY1,PRKX,0.03196255555847215
YY1,PSAP,0.0323844515242173
YY1,PSMB4,0.02915626686128955
YY1,PSMC1,0.0307714166230669
YY1,PSMC5,0.030023542261860152
YY1,PTGES3,0.03092272679035915
YY1,PTMA,-0.07171263799049772
YY1,PTP4A2,0.03446257994386485
YY1,QARS1,0.0300000504378929
YY1,RACK1,-0.0574082740714017
YY1,RAD21,0.031193592837050102
YY1,RAP1A,0.03394265976135595
YY1,RBL2,0.035544143360497354
YY1,RBM17,0.03013289663829015
YY1,RBM27,0.0314765736417348
YY1,RESF1,0.037704099683206496
YY1,REST,0.03207466301844495
YY1,RHOA,0.03432342394208495
YY1,RHOF,0.02878890669274605
YY1,RNF125,0.0340032339868151
YY1,RNPS1,0.0297669212525919
YY1,ROCK1,0.03485098771315905
YY1,RORA,0.032709146405238546
YY1,RPL10,-0.11886490191108146
YY1,RPL10A,-0.07554813225338607
YY1,RPL11,-0.09280705884451453
YY1,RPL12,-0.09703867029616599
YY1,RPL13,-0.11430265809243147
YY1,RPL13A,-0.09602041355454956
YY1,RPL14,-0.0767367719605975
YY1,RPL15,-0.082508750417239
YY1,RPL17,-0.0898246208885506
YY1,RPL18,-0.082916993075993
YY1,RPL18A,-0.10732166160364283
YY1,RPL19,-0.09501057776570383
YY1,RPL21,-0.10799582046348817
YY1,RPL22,-0.0688442292764803
YY1,RPL22L1,0.0306749004479748
YY1,RPL23A,-0.09863530174521573
YY1,RPL24,-0.0657806058640344
YY1,RPL26,-0.099357477011636
YY1,RPL27,-0.058698248672805826
YY1,RPL27A,-0.0872112523605284
YY1,RPL28,-0.09457164227689467
YY1,RPL29,-0.07447885226062136
YY1,RPL3,-0.09444300004975716
YY1,RPL30,-0.0837392546771696
YY1,RPL31,-0.0959215067787788
YY1,RPL32,-0.1006294012773816
YY1,RPL34,-0.1272396023272778
YY1,RPL35,-0.08743394126199233
YY1,RPL35A,-0.10500661747553719
YY1,RPL36,-0.10393785711816157
YY1,RPL36A,-0.0756042956182067
YY1,RPL36AL,-0.0379665908097022
YY1,RPL37,-0.08155929737653157
YY1,RPL37A,-0.07080734513531073
YY1,RPL38,-0.0698510644562488
YY1,RPL39,-0.11505332842945375
YY1,RPL4,-0.05110880817268865
YY1,RPL41,-0.11620144151380866
YY1,RPL5,-0.0776444369454952
YY1,RPL6,-0.07607545699864533
YY1,RPL7,-0.09122245830541824
YY1,RPL7A,-0.07309915980944864
YY1,RPL8,-0.07747865420262104
YY1,RPL9,-0.0768644322305358
YY1,RPLP0,-0.05637718388573745
YY1,RPLP1,-0.09477936784269698
YY1,RPLP2,-0.1033550467113485
YY1,RPS10,-0.04405543636367925
YY1,RPS11,-0.0500111438705807
YY1,RPS12,-0.0990712907656751
YY1,RPS13,-0.10242299649243734
YY1,RPS14,-0.12029955303040903
YY1,RPS15,-0.11439802301986944
YY1,RPS15A,-0.1142582711091536
YY1,RPS16,-0.07338799264841771
YY1,RPS18,-0.11418469333290608
YY1,RPS19,-0.114072250252998
YY1,RPS2,-0.09435376084989787
YY1,RPS20,-0.06873034575959693
YY1,RPS21,-0.08088818645589986
YY1,RPS23,-0.10164559676123024
YY1,RPS24,-0.06608328505375853
YY1,RPS25,-0.1036916050347312
YY1,RPS26,-0.037319041949085634
YY1,RPS27,-0.12636241619328342
YY1,RPS27A,-0.11854167452983654
YY1,RPS28,-0.11657571824508202
YY1,RPS29,-0.1066415681511619
YY1,RPS3,-0.10025752816286933
YY1,RPS3A,-0.09363974923316708
YY1,RPS4X,-0.09680315509432326
YY1,RPS5,-0.07349824721863076
YY1,RPS6,-0.09920056989983712
YY1,RPS7,-0.0782022872325306
YY1,RPS8,-0.08893761160077014
YY1,RPS9,-0.0766326781343895
YY1,RPSA,-0.0636270311073434
YY1,SCP2,0.02999430574964685
YY1,SEC11C,0.0310585216818265
YY1,SELPLG,0.0325535468312115
YY1,SERBP1,0.0348791033394355
YY1,SERF2,-0.0422558241569376
YY1,SERPINB1,0.0321774051912214
YY1,SF3B2,0.03379814904387005
YY1,SFPQ,0.035055903070007347
YY1,SH3BP5,0.031008191837646
YY1,SH3GLB1,0.03333190512143815
YY1,SH3KBP1,0.03254276086749325
YY1,SLC25A3,0.0329425382580398
YY1,SLC25A5,0.034281787837403
YY1,SLC38A1,0.03923730268630145
YY1,SLFN5,0.04020696549729715
YY1,SLTM,0.03413088871770125
YY1,SMAP1,0.0288110816046471
YY1,SMARCC1,0.030893618822918502
YY1,SMARCE1,0.03126423669529345
YY1,SMC4,0.02894680410160825
YY1,SNW1,0.0297647474677094
YY1,SNX6,0.030761852774151548
YY1,SP100,0.0329315801044917
YY1,SPOCK2,0.0305346265422453
YY1,SRP72,0.0336641217399797
YY1,SRSF4,0.0282197982313555
YY1,STAT1,0.02975561101639285
YY1,STK17A,0.028610170090949148
YY1,SYNCRIP,0.0315305344095021
YY1,SYNE2,0.0417856476447586
YY1,TAGLN2,0.0351050029093809
YY1,TAOK3,0.031442499664762
YY1,TAX1BP1,0.03077921001182545
YY1,TCP1,0.02916423291860355
YY1,TERF2IP,0.0297028896690716
YY1,TGFB1,0.0336553837372097
YY1,TGOLN2,0.03139430303089815
YY1,THRAP3,0.03466279183810965
YY1,TKT,0.04012540934216005
YY1,TLN1,0.0360795886415768
YY1,TMA7,-0.03978089358545
YY1,TMED10,0.02919756437448155
YY1,TMSB10,-0.09214832318836068
YY1,TMSB4X,-0.11311486619631657
YY1,TNFAIP3,0.0396722387501597
YY1,TNFAIP8,0.0305273069895775
YY1,TNIP1,0.0288165579413359
YY1,TOMM22,0.030529366130173846
YY1,TOMM7,-0.0542989308671256
YY1,TPM3,0.0348195729153058
YY1,TPM4,0.03226802867217495
YY1,TPR,0.0357703856655788
YY1,TPT1,-0.0834618723777545
YY1,TRADD,0.03174627038358025
YY1,TRAM1,0.03248133537623695
YY1,UBA2,0.02848211206640305
YY1,UBA52,-0.0622287395325887
YY1,UBE2I,0.0295638274452754
YY1,UBE2V1,0.032420793001575396
YY1,UBXN4,0.02990234241794695
YY1,UCP2,0.0320417761217541
YY1,UQCRB,-0.0390017503319629
YY1,UQCRC2,0.02984641821378585
YY1,USP10,0.028576138030437452
YY1,VASP,0.0305731769367145
YY1,VDAC2,0.02870314903282255
YY1,VSIR,0.0296592911760544
YY1,WAPL,0.0301120190942122
YY1,WDR1,0.03387100032702575
YY1,WIPF1,0.030088958085083897
YY1,WNK1,0.03139617172702705
YY1,XRCC5,0.035938647615639
YY1,XRN2,0.0373052702230482
YY1,YME1L1,0.02947353484050775
YY1,YTHDC1,0.0325590607138814
YY1,YWHAB,0.03268677977597015
YY1,ZC3H13,0.03445724506978355
YY1,ZC3H15,0.029136852246839498
YY1,ZFP36L1,0.031839696578190954
ZBED1,B2M,-0.06412587507540425
ZBED1,EEF1A1,-0.0363953980501664
ZBED1,FAU,-0.0408601294709892
ZBED1,PTMA,-0.0384554633938306
ZBED1,RPL10,-0.05838234968556015
ZBED1,RPL11,-0.05265750057341755
ZBED1,RPL12,-0.04611703547682215
ZBED1,RPL13,-0.0539056218144167
ZBED1,RPL18,-0.0387064067401507
ZBED1,RPL19,-0.042828260721994
ZBED1,RPL26,-0.0475914942988271
ZBED1,RPL28,-0.044761608555931504
ZBED1,RPL32,-0.05895911385734805
ZBED1,RPL35,-0.037570318958577195
ZBED1,RPL35A,-0.052648500162468595
ZBED1,RPL36,-0.0492450645208659
ZBED1,RPL36A,-0.03287774011686105
ZBED1,RPL41,-0.05483327115623045
ZBED1,RPL6,-0.0355452689984138
ZBED1,RPLP1,-0.044963874538849744
ZBED1,RPLP2,-0.047438825910816204
ZBED1,RPS12,-0.046071248334634954
ZBED1,RPS13,-0.0518166042703051
ZBED1,RPS14,-0.057737283689828806
ZBED1,RPS15,-0.055458551145710355
ZBED1,RPS15A,-0.05622549483103225
ZBED1,RPS18,-0.0548410470669824
ZBED1,RPS19,-0.05551319982195975
ZBED1,RPS23,-0.049661555017449455
ZBED1,RPS27,-0.0609943785607532
ZBED1,RPS27A,-0.0594865951794758
ZBED1,RPS28,-0.05734561490468635
ZBED1,RPS3,-0.0438513166782644
ZBED1,RPS3A,-0.042033158329352754
ZBED1,RPS5,-0.0322364688330916
ZBED1,RPS6,-0.0437350074822098
ZBED1,RPS7,-0.03932176832969525
ZBED1,RPS8,-0.04436717285529535
ZBED1,TMSB4X,-0.058369988922112453
ZBED5,B2M,-0.07963590489005362
ZBED5,EIF1,-0.0351992887233525
ZBED5,FAU,-0.0436458672736304
ZBED5,FTL,-0.031197360788203503
ZBED5,MT-CO2,-0.03480743067554795
ZBED5,PFN1,-0.0385595089424267
ZBED5,PTMA,-0.03982155581603393
ZBED5,RPL10A,-0.03567330916741166
ZBED5,RPL13,-0.05640388833765797
ZBED5,RPL13A,-0.0493869126626471
ZBED5,RPL15,-0.04174327990124436
ZBED5,RPL17,-0.0514736079366332
ZBED5,RPL18A,-0.055068392036874164
ZBED5,RPL19,-0.04663226329549147
ZBED5,RPL21,-0.048750769023218364
ZBED5,RPL22,-0.041220682554197044
ZBED5,RPL26,-0.05306085307701027
ZBED5,RPL31,-0.042979379745429536
ZBED5,RPL35,-0.0477218783883622
ZBED5,RPL36,-0.05650093589182761
ZBED5,RPL37,-0.0578768488649765
ZBED5,RPL37A,-0.04918367526883845
ZBED5,RPL38,-0.043528732544800205
ZBED5,RPL39,-0.061001635794214665
ZBED5,RPL41,-0.058825803620578
ZBED5,RPL9,-0.0389799210540137
ZBED5,RPLP1,-0.053479510717005525
ZBED5,RPS12,-0.0503318744403373
ZBED5,RPS14,-0.05699637361196453
ZBED5,RPS15,-0.05867967354105876
ZBED5,RPS15A,-0.0578444097261463
ZBED5,RPS16,-0.04360079725314875
ZBED5,RPS18,-0.06126223827111069
ZBED5,RPS21,-0.0540358778305358
ZBED5,RPS23,-0.04688426094919523
ZBED5,RPS27,-0.06391100710993176
ZBED5,RPS29,-0.05596297857457416
ZBED5,RPS5,-0.037017886825618046
ZBED5,RPS6,-0.04588278044162857
ZBED5,RPS7,-0.04326429507966695
ZBED5,RPS8,-0.04456377962046317
ZBED5,RPSA,-0.03710566513786405
ZBED5,TMSB10,-0.05721327880613123
ZBED5,TPT1,-0.0439758471479942
ZBTB1,AKAP13,0.0347921687618032
ZBTB1,ALG13,0.047366721355771496
ZBTB1,ARID4B,0.0335309736644761
ZBTB1,ATF7IP,0.034350973757870246
ZBTB1,ATG2A,0.02884695949332345
ZBTB1,ATP2B1,0.0343068486899483
ZBTB1,ATP5F1E,-0.06171419935305775
ZBTB1,ATP5MC2,-0.04353616907214225
ZBTB1,BCLAF1,0.03938650128374833
ZBTB1,C12orf57,-0.04872920579292405
ZBTB1,CCNL1,0.043898558659309896
ZBTB1,CD55,0.0538071761914012
ZBTB1,CHD1,0.0489306406491965
ZBTB1,CLK1,0.0436579254048762
ZBTB1,COMMD6,-0.0450693657577248
ZBTB1,CORO7,0.04323152129835155
ZBTB1,COX4I1,-0.039345957694620376
ZBTB1,CREM,0.064247472884011
ZBTB1,DDIT3,0.0566768760412069
ZBTB1,DDIT4,0.05229971126388655
ZBTB1,DDX3X,0.046439280676551266
ZBTB1,DENND4A,0.04060202461951305
ZBTB1,EPHA4,0.03734324603955915
ZBTB1,FAM177A1,0.0676544072185088
ZBTB1,FOS,0.066596689296768
ZBTB1,HECTD1,0.040139438478248246
ZBTB1,HSP90B1,0.0285559665165185
ZBTB1,ID2,0.03097041387109755
ZBTB1,IER5,0.03752251224948535
ZBTB1,IFRD1,0.0389853498571301
ZBTB1,IQGAP2,0.03243773768671375
ZBTB1,IRF2BP2,0.04679138308501613
ZBTB1,IVNS1ABP,0.0543223880593243
ZBTB1,JMJD1C,0.045071762503938406
ZBTB1,JUNB,0.0585143808568121
ZBTB1,KDM6B,0.061065792236583954
ZBTB1,KLF6,0.038800043658249427
ZBTB1,LGALS1,0.0293152943054969
ZBTB1,MAPK1IP1L,0.04133953898711774
ZBTB1,MYH9,0.042924310867625236
ZBTB1,NACA,-0.07147936647296933
ZBTB1,NFKBIA,0.061664390493686425
ZBTB1,PER1,0.087491471181112
ZBTB1,PFN1,-0.0483631263250014
ZBTB1,PIK3R1,0.0399445745108309
ZBTB1,PMAIP1,0.039957428672252104
ZBTB1,PPIA,-0.040580068777000655
ZBTB1,PPP1CB,0.0470524109151892
ZBTB1,PPP4R3A,0.038807408163957696
ZBTB1,PTMA,-0.06333520872040567
ZBTB1,RALGAPA1,0.0431438097504779
ZBTB1,RANBP2,0.043434391600407546
ZBTB1,REL,0.04813859942827461
ZBTB1,RPL10A,-0.06872319673409215
ZBTB1,RPL15,-0.07598102548378154
ZBTB1,RPL18A,-0.0922855591306431
ZBTB1,RPL19,-0.09262721129215434
ZBTB1,RPL22,-0.07543343839433822
ZBTB1,RPL23,-0.03987618910748927
ZBTB1,RPL27,-0.060333983761024966
ZBTB1,RPL28,-0.088453587594096
ZBTB1,RPL29,-0.07780504359794217
ZBTB1,RPL3,-0.08543916829746283
ZBTB1,RPL36,-0.08908636531881292
ZBTB1,RPL37,-0.08166116854219121
ZBTB1,RPL37A,-0.06406389443366475
ZBTB1,RPL4,-0.052298458761549094
ZBTB1,RPL41,-0.09616669078015053
ZBTB1,RPL5,-0.06908139072407721
ZBTB1,RPL6,-0.07794982452988647
ZBTB1,RPS15,-0.09784385129163525
ZBTB1,RPS15A,-0.10260803618077935
ZBTB1,RPS16,-0.07706321640891846
ZBTB1,RPS18,-0.08573012777147637
ZBTB1,RPS2,-0.08280653259437407
ZBTB1,RPS21,-0.08361089274977708
ZBTB1,RPS27,-0.10530208059531432
ZBTB1,RPS4X,-0.08215977896195302
ZBTB1,RPS7,-0.07781189961994014
ZBTB1,SFPQ,0.04269233115302362
ZBTB1,SLC38A1,0.03342362452834385
ZBTB1,SOD2,0.0351522785644929
ZBTB1,SPTBN1,0.0367073269329073
ZBTB1,SRRM2,0.04316024884050795
ZBTB1,SRSF7,0.046549314417001594
ZBTB1,STAT3,0.03625607796770655
ZBTB1,TAGLN2,0.0334640253285171
ZBTB1,TMA7,-0.04627169349458266
ZBTB1,TPT1,-0.07201514283608844
ZBTB1,TSC22D3,0.07878895870274474
ZBTB1,TSPYL1,0.0685119809828066
ZBTB1,TUBB4B,0.0467613624212084
ZBTB1,UBE2S,0.06810189454758195
ZBTB1,VPS37B,0.0537317500886446
ZBTB1,YWHAZ,0.055611783366934606
ZBTB10,ACTB,-0.061674910932848354
ZBTB10,AREG,0.059368377315809295
ZBTB10,B2M,-0.07838720239020942
ZBTB10,BCAS2,0.0448920209037283
ZBTB10,BTG2,0.06108061545452747
ZBTB10,CSRNP1,0.05274471470575985
ZBTB10,CYCS,0.05115019681908475
ZBTB10,DDX3X,0.046123594542473945
ZBTB10,DNAJB1,0.055587369187078656
ZBTB10,DNAJB9,0.03521024596495665
ZBTB10,DUSP1,0.08225412136220388
ZBTB10,EEF1A1,-0.048834306830378225
ZBTB10,FOSB,0.0669234211175663
ZBTB10,HOOK2,0.0636551413585804
ZBTB10,IRF1,0.03927307223339135
ZBTB10,IRF2BP2,0.042852393307148254
ZBTB10,JUN,0.06781346446204109
ZBTB10,JUNB,0.061545941962049065
ZBTB10,KLF6,0.0559441294250114
ZBTB10,MYADM,0.03685710617813085
ZBTB10,MYLIP,0.034063239033151546
ZBTB10,NACA,-0.040380737643583464
ZBTB10,NAMPT,0.037337114593995
ZBTB10,NFKBIA,0.05858859832520848
ZBTB10,NR4A2,0.07611687666547756
ZBTB10,PPP1R15A,0.05311209203901355
ZBTB10,PTMA,-0.0344126146912462
ZBTB10,RACK1,-0.037444574129567795
ZBTB10,RPL10A,-0.04086833979883864
ZBTB10,RPL12,-0.053456798534181726
ZBTB10,RPL13,-0.05312921558154045
ZBTB10,RPL14,-0.04450052237814678
ZBTB10,RPL15,-0.0457546487130909
ZBTB10,RPL17,-0.0485721896392082
ZBTB10,RPL18,-0.04560503799452782
ZBTB10,RPL18A,-0.056262780465443654
ZBTB10,RPL19,-0.05329527158123823
ZBTB10,RPL23A,-0.04906075243402247
ZBTB10,RPL24,-0.042810971704822495
ZBTB10,RPL26,-0.054900896419563375
ZBTB10,RPL28,-0.0535949521450229
ZBTB10,RPL29,-0.051330172102462206
ZBTB10,RPL3,-0.054017323194978345
ZBTB10,RPL31,-0.05877158429197875
ZBTB10,RPL32,-0.05847161378363383
ZBTB10,RPL35,-0.04279338421045917
ZBTB10,RPL35A,-0.05635087219468818
ZBTB10,RPL36,-0.05225086531717245
ZBTB10,RPL36A,-0.0580988087892713
ZBTB10,RPL37,-0.055082373158685805
ZBTB10,RPL41,-0.062195764384547
ZBTB10,RPL5,-0.04604001959313523
ZBTB10,RPL6,-0.04904527271012558
ZBTB10,RPL7A,-0.0451366427720292
ZBTB10,RPL8,-0.04348286683344098
ZBTB10,RPLP1,-0.045999327364741396
ZBTB10,RPLP2,-0.0521499544532677
ZBTB10,RPS12,-0.0524980958000915
ZBTB10,RPS14,-0.057974459212914435
ZBTB10,RPS15,-0.058360899673524376
ZBTB10,RPS15A,-0.05912514698437195
ZBTB10,RPS16,-0.03962808584907187
ZBTB10,RPS18,-0.05347202889954943
ZBTB10,RPS19,-0.0542950438421037
ZBTB10,RPS2,-0.0544461105129454
ZBTB10,RPS21,-0.060320203672879
ZBTB10,RPS27,-0.06876263498810653
ZBTB10,RPS27A,-0.0595694547950276
ZBTB10,RPS28,-0.06285187546514483
ZBTB10,RPS29,-0.052053803585062175
ZBTB10,RPS3,-0.04942128113318075
ZBTB10,RPS3A,-0.0530573941472158
ZBTB10,RPS4X,-0.04972909272175687
ZBTB10,RPS5,-0.0391577754470773
ZBTB10,RPS6,-0.0497799833744367
ZBTB10,RPS7,-0.05095612953545682
ZBTB10,RPS8,-0.0452904292702582
ZBTB10,RPS9,-0.047489291528944155
ZBTB10,RPSA,-0.0352140029481339
ZBTB10,TMSB10,-0.06442208143307428
ZBTB10,TMSB4X,-0.06449994473110172
ZBTB10,TNFAIP3,0.07152421071704182
ZBTB10,TPT1,-0.0414257847839289
ZBTB10,TSPYL2,0.04293674876601419
ZBTB10,TUBA1A,0.049359805573548104
ZBTB10,YME1L1,0.049519326868074
ZBTB10,YPEL5,0.06540555751279807
ZBTB10,ZFP36,0.04331167337690937
ZBTB10,ZNF331,0.0584042676932214
ZBTB11,ACTB,-0.04831828356765794
ZBTB11,ATP5F1E,-0.047985792720432255
ZBTB11,ATP5MC2,-0.03830397628423935
ZBTB11,ATP5MG,-0.03692640396499225
ZBTB11,BTF3,-0.0424074524334989
ZBTB11,C12orf57,-0.0382748580433068
ZBTB11,COMMD6,-0.038295891206341304
ZBTB11,COX4I1,-0.0447585075592547
ZBTB11,COX7C,-0.0469830751336012
ZBTB11,EEF1A1,-0.07341004629136877
ZBTB11,EEF1B2,-0.055369553727164844
ZBTB11,EEF1D,-0.0491421456676075
ZBTB11,EIF1,-0.0403575136449386
ZBTB11,FAU,-0.0737034475862998
ZBTB11,FTH1,-0.0432849067636853
ZBTB11,FTL,-0.04796044641842617
ZBTB11,HLA-B,-0.0501816647955278
ZBTB11,LTB,-0.03759260266394255
ZBTB11,MT-CO1,-0.0412460388962791
ZBTB11,MT-CO2,-0.04264110512660133
ZBTB11,MT-CO3,-0.0357309171850786
ZBTB11,MYH9,0.03293428831791705
ZBTB11,NACA,-0.07414916153805395
ZBTB11,PFDN5,-0.053404373444765896
ZBTB11,PFN1,-0.04522758136052275
ZBTB11,PTMA,-0.06397804645567656
ZBTB11,RACK1,-0.0646799217138409
ZBTB11,RPL10,-0.0932181426411852
ZBTB11,RPL10A,-0.057737932813353134
ZBTB11,RPL11,-0.088279882098547
ZBTB11,RPL12,-0.0810450947309133
ZBTB11,RPL13,-0.08099819911185056
ZBTB11,RPL13A,-0.062181947972566806
ZBTB11,RPL14,-0.068131719838671
ZBTB11,RPL15,-0.0556697201643798
ZBTB11,RPL17,-0.0644193799550324
ZBTB11,RPL18,-0.072711321746675
ZBTB11,RPL18A,-0.08170671482516252
ZBTB11,RPL19,-0.08089046251105624
ZBTB11,RPL21,-0.06698500327978356
ZBTB11,RPL22,-0.061990218723363334
ZBTB11,RPL23A,-0.0647614882209306
ZBTB11,RPL24,-0.0567138495737581
ZBTB11,RPL26,-0.07751545172423763
ZBTB11,RPL27,-0.038523090184102396
ZBTB11,RPL28,-0.08102134006318996
ZBTB11,RPL29,-0.0684846896279911
ZBTB11,RPL3,-0.0612622424532265
ZBTB11,RPL30,-0.08445639224116341
ZBTB11,RPL31,-0.05618722934114976
ZBTB11,RPL32,-0.0911175124873947
ZBTB11,RPL34,-0.09519586823666593
ZBTB11,RPL35,-0.05773193102800397
ZBTB11,RPL35A,-0.0831253770102791
ZBTB11,RPL36,-0.07801601160119694
ZBTB11,RPL36A,-0.05788540344759866
ZBTB11,RPL36AL,-0.042331941271135196
ZBTB11,RPL37,-0.08898783809145966
ZBTB11,RPL37A,-0.04901480605243827
ZBTB11,RPL38,-0.0459445803565943
ZBTB11,RPL39,-0.08783731649842273
ZBTB11,RPL41,-0.0873609113506907
ZBTB11,RPL5,-0.07910408220788236
ZBTB11,RPL6,-0.0702483004450327
ZBTB11,RPL7,-0.0622239359563892
ZBTB11,RPL7A,-0.08264764592808665
ZBTB11,RPL8,-0.07013686295220617
ZBTB11,RPL9,-0.055090856985788805
ZBTB11,RPLP0,-0.06487174638529686
ZBTB11,RPLP1,-0.07586913525200073
ZBTB11,RPLP2,-0.07036313337813974
ZBTB11,RPS12,-0.0813319213327482
ZBTB11,RPS13,-0.08107644259846357
ZBTB11,RPS14,-0.0868891495674725
ZBTB11,RPS15,-0.0871213073364634
ZBTB11,RPS15A,-0.08887920196174726
ZBTB11,RPS16,-0.04910445045610601
ZBTB11,RPS18,-0.07692801940767413
ZBTB11,RPS19,-0.08084210886974946
ZBTB11,RPS2,-0.06733046258367441
ZBTB11,RPS20,-0.0438989620978535
ZBTB11,RPS21,-0.07036894518261713
ZBTB11,RPS23,-0.0801317738817303
ZBTB11,RPS24,-0.08384746418920255
ZBTB11,RPS25,-0.0758512917557537
ZBTB11,RPS27,-0.08999344804338183
ZBTB11,RPS27A,-0.09190936019831493
ZBTB11,RPS28,-0.09025199689585946
ZBTB11,RPS29,-0.06624409012966746
ZBTB11,RPS3,-0.07942455509383621
ZBTB11,RPS3A,-0.07237094182228944
ZBTB11,RPS4X,-0.07616185433042523
ZBTB11,RPS5,-0.06356673636069453
ZBTB11,RPS6,-0.06474264148863967
ZBTB11,RPS7,-0.07575115754034294
ZBTB11,RPS8,-0.07759324991352227
ZBTB11,RPS9,-0.05399432802510897
ZBTB11,RPSA,-0.06439404424479445
ZBTB11,SERF2,-0.03942454909408847
ZBTB11,TMA7,-0.04362862015958043
ZBTB11,TMSB10,-0.0779400555394727
ZBTB11,TOMM7,-0.044391657929638
ZBTB11,TPT1,-0.0651802470439192
ZBTB11,UBA52,-0.04785310434996793
ZBTB11,UTRN,0.0316758774879834
ZBTB14,B2M,-0.050156130992987165
ZBTB14,RPL10,-0.0447366003296624
ZBTB14,RPL12,-0.0381560484541897
ZBTB14,RPL13,-0.0423751593592511
ZBTB14,RPL23A,-0.0352092502860833
ZBTB14,RPL28,-0.044907721788549196
ZBTB14,RPL36,-0.03812632280743105
ZBTB14,RPS13,-0.03999557815028265
ZBTB14,RPS15,-0.04310499719160445
ZBTB14,RPS15A,-0.043556399221995806
ZBTB14,RPS18,-0.0432579963835591
ZBTB14,RPS23,-0.03918962972998065
ZBTB14,RPS27A,-0.0446269100095373
ZBTB14,RPS28,-0.0444054128953322
ZBTB14,RPS3,-0.03606093474604265
ZBTB14,RPS4X,-0.03776605424733285
ZBTB14,RPS6,-0.0347831182801005
ZBTB14,TMSB10,-0.0378349020958848
ZBTB14,TMSB4X,-0.046084002041892
ZBTB17,B2M,-0.043427398502013964
ZBTB17,EEF1A1,-0.04419126711026615
ZBTB17,FAU,-0.0430543725471
ZBTB17,PTMA,-0.0382658523389132
ZBTB17,RPL10,-0.04375541160031137
ZBTB17,RPL11,-0.041252889123112736
ZBTB17,RPL12,-0.041106272536677896
ZBTB17,RPL13,-0.042409526517310135
ZBTB17,RPL14,-0.04284922216489735
ZBTB17,RPL17,-0.03752301675203315
ZBTB17,RPL18,-0.04285040438270285
ZBTB17,RPL18A,-0.038781257831616435
ZBTB17,RPL19,-0.0452572578865789
ZBTB17,RPL21,-0.03591632872257055
ZBTB17,RPL23A,-0.032295358256965445
ZBTB17,RPL24,-0.0388986932701218
ZBTB17,RPL26,-0.03781082772930933
ZBTB17,RPL28,-0.048548351705504394
ZBTB17,RPL29,-0.041674755785332904
ZBTB17,RPL3,-0.03383898905533265
ZBTB17,RPL30,-0.05015196207580695
ZBTB17,RPL32,-0.043475413990165634
ZBTB17,RPL34,-0.045184046742793034
ZBTB17,RPL35A,-0.039402550241225534
ZBTB17,RPL37,-0.044421776867094545
ZBTB17,RPL39,-0.04109115933136885
ZBTB17,RPL41,-0.03847452885288507
ZBTB17,RPL5,-0.038039350242987505
ZBTB17,RPL7A,-0.0377570134358912
ZBTB17,RPL8,-0.037596014432032546
ZBTB17,RPL9,-0.03609743938271275
ZBTB17,RPLP1,-0.0419698017480816
ZBTB17,RPLP2,-0.044368106749209144
ZBTB17,RPS12,-0.0486431410830048
ZBTB17,RPS13,-0.03949690073311007
ZBTB17,RPS14,-0.043575808082502575
ZBTB17,RPS15,-0.041716522121621136
ZBTB17,RPS15A,-0.042974787984517
ZBTB17,RPS18,-0.040590637490559765
ZBTB17,RPS19,-0.03894872453480127
ZBTB17,RPS2,-0.034571423219963
ZBTB17,RPS23,-0.04617837324129136
ZBTB17,RPS24,-0.0406346871500842
ZBTB17,RPS25,-0.0390312610653115
ZBTB17,RPS27,-0.0421791985585027
ZBTB17,RPS27A,-0.0452231122374711
ZBTB17,RPS29,-0.0323601374604613
ZBTB17,RPS3,-0.044831879398775254
ZBTB17,RPS3A,-0.04245073842908835
ZBTB17,RPS4X,-0.0356466627564858
ZBTB17,RPS6,-0.03517759047708457
ZBTB17,RPS7,-0.042340574452347554
ZBTB17,RPS8,-0.045439195965387896
ZBTB17,TMSB4X,-0.0385859367701039
ZBTB17,TPT1,-0.0420400633586425
ZBTB2,B2M,-0.0504625178498329
ZBTB2,RPL10,-0.0469915679017488
ZBTB2,RPL10A,-0.032836249947999746
ZBTB2,RPL11,-0.04543327739318046
ZBTB2,RPL15,-0.034159356392259
ZBTB2,RPL19,-0.04238431097232575
ZBTB2,RPL21,-0.0424456500488487
ZBTB2,RPL23A,-0.0393250014877788
ZBTB2,RPL34,-0.05484685364234175
ZBTB2,RPL35,-0.0354906397021158
ZBTB2,RPL36,-0.0433414831772658
ZBTB2,RPL8,-0.033219362602351
ZBTB2,RPLP1,-0.0415720461859581
ZBTB2,RPLP2,-0.04374572943941735
ZBTB2,RPS12,-0.043300559161354134
ZBTB2,RPS13,-0.04567949401665055
ZBTB2,RPS15,-0.04897776448407695
ZBTB2,RPS19,-0.0460505486911026
ZBTB2,RPS25,-0.04445516007827275
ZBTB2,RPS29,-0.03911071822345115
ZBTB2,RPS3,-0.0419863373800915
ZBTB2,RPS3A,-0.040222057810318346
ZBTB2,RPS8,-0.043863188823320104
ZBTB2,TMSB10,-0.0425423463565468
ZBTB20,AAK1,0.0400403313055097
ZBTB20,ABLIM1,0.04702144619992785
ZBTB20,ACTB,-0.07361551520718555
ZBTB20,ACTG1,-0.07055322257071416
ZBTB20,ADAR,0.03212180296781555
ZBTB20,ANK3,0.0742725795894732
ZBTB20,ANKRD12,0.039184832950114504
ZBTB20,ANKRD36,0.0417338839667592
ZBTB20,APBA2,0.0448125664564257
ZBTB20,ARIH1,0.05452464136368595
ZBTB20,ARPC3,-0.04822460962340695
ZBTB20,ASH1L,0.0562347867653267
ZBTB20,ATF7IP,0.0394773851264158
ZBTB20,ATM,0.05639323157234586
ZBTB20,ATP5MG,-0.0571251240937475
ZBTB20,ATXN7L3B,0.03281075371078315
ZBTB20,BACH2,0.0879631215096021
ZBTB20,BBX,0.03715685998993465
ZBTB20,BCL11B,0.059184164965209396
ZBTB20,BCL2,0.05810670900527845
ZBTB20,BCLAF1,0.0328876535412039
ZBTB20,BPTF,0.03780371719871005
ZBTB20,BTBD9,0.058439862348254795
ZBTB20,BTF3,-0.0668701505942683
ZBTB20,CALM1,-0.058992649407567196
ZBTB20,CAMK4,0.05974381142159424
ZBTB20,CCNL1,0.03931856654897025
ZBTB20,CD55,0.0478515419971732
ZBTB20,CELF2,0.0527923985700019
ZBTB20,CERS6,0.0528988377079302
ZBTB20,CFL1,-0.0789767546634436
ZBTB20,CHD2,0.04600897846283397
ZBTB20,CORO1A,-0.0504292129086277
ZBTB20,COX6A1,-0.04370439041630515
ZBTB20,COX7C,-0.0574418744898194
ZBTB20,CRIP1,-0.061576145968392254
ZBTB20,CYBA,-0.052263451832784205
ZBTB20,CYLD,0.03582691229533785
ZBTB20,CYTH1,0.042302496102651105
ZBTB20,DDX17,0.048576258155072494
ZBTB20,DDX6,0.0365754406766272
ZBTB20,EEF1A1,-0.08253654830238769
ZBTB20,EEF1D,-0.06346721942935385
ZBTB20,EEF1G,-0.04875269694047405
ZBTB20,EIF1,-0.0695301195151917
ZBTB20,ELOB,-0.0400929312380099
ZBTB20,EMP3,-0.05945252501205255
ZBTB20,EPB41,0.045597195679345635
ZBTB20,FAM117B,0.04920973816974045
ZBTB20,FAU,-0.0779540226169161
ZBTB20,FHIT,0.0550220422416259
ZBTB20,FKBP5,0.0449025150786029
ZBTB20,FOXP1,0.07886827484536679
ZBTB20,FTH1,-0.07557246966113645
ZBTB20,FTL,-0.0621955684947952
ZBTB20,FXYD5,-0.06744449983026095
ZBTB20,GAPDH,-0.07477458042702245
ZBTB20,GCC2,0.03403789028897145
ZBTB20,HINT1,-0.061688856371913306
ZBTB20,HLA-A,-0.0864361052892318
ZBTB20,HLA-B,-0.08527183459422215
ZBTB20,HLA-C,-0.07157485304020775
ZBTB20,HSPA8,-0.0508520484918998
ZBTB20,IFITM1,-0.07850728203177035
ZBTB20,IGF1R,0.04621303412821915
ZBTB20,IL6ST,0.046302186768011566
ZBTB20,JAK1,0.0346222835656122
ZBTB20,JMJD1C,0.05345968111516495
ZBTB20,JUNB,-0.04301075216999
ZBTB20,KLF12,0.0688648309059247
ZBTB20,KLF3,0.03153953802224575
ZBTB20,LEF1,0.05054649029381225
ZBTB20,MBNL1,0.06066912392148363
ZBTB20,MIF,-0.060481974788311896
ZBTB20,MLLT3,0.049532981848354404
ZBTB20,MYL12A,-0.07075436148567191
ZBTB20,MYL12B,-0.0449389114502701
ZBTB20,MYL6,-0.06958905132049414
ZBTB20,NACA,-0.0881933136692114
ZBTB20,NKTR,0.0432925352034242
ZBTB20,NME2,-0.04121043554546315
ZBTB20,NR3C2,0.059889741330688154
ZBTB20,OAZ1,-0.0464325102561753
ZBTB20,OGT,0.04305664112609585
ZBTB20,OXNAD1,0.0420875863290558
ZBTB20,PDE3B,0.09310760434653964
ZBTB20,PDE7A,0.0538486436971353
ZBTB20,PFDN5,-0.0594516271086894
ZBTB20,PFN1,-0.08178799894359473
ZBTB20,PHF3,0.03889958618714907
ZBTB20,PLCL1,0.0695800682632575
ZBTB20,PNN,0.033021877031242555
ZBTB20,PPIA,-0.0678380013442923
ZBTB20,PPIB,-0.0439497199089775
ZBTB20,PRKCA,0.0707104407825519
ZBTB20,PRRC2C,0.03341447207300185
ZBTB20,PSME1,-0.05981477844131975
ZBTB20,PTMA,-0.07225006761096453
ZBTB20,RACK1,-0.06601306956360974
ZBTB20,RANBP2,0.0459386134592077
ZBTB20,RAPGEF6,0.0608858317176963
ZBTB20,RASA2,0.0594985022302309
ZBTB20,RASA3,0.056709691210701046
ZBTB20,RBMS1,0.0364198906426143
ZBTB20,RCAN3,0.03303976739314755
ZBTB20,RESF1,0.036454435284751854
ZBTB20,RFX3,0.057956573592181246
ZBTB20,RIPOR2,0.0505888491038708
ZBTB20,RNASEK,-0.0405428825476304
ZBTB20,RORA,0.04566618367403835
ZBTB20,RPL10,-0.10206572951979642
ZBTB20,RPL10A,-0.07833264888918261
ZBTB20,RPL12,-0.08832544552396634
ZBTB20,RPL13,-0.09039252957971047
ZBTB20,RPL15,-0.08150593005156073
ZBTB20,RPL18,-0.07394958584926875
ZBTB20,RPL21,-0.0930876071112145
ZBTB20,RPL22,-0.09627995784611544
ZBTB20,RPL23,-0.04485130640954835
ZBTB20,RPL23A,-0.08373833216593
ZBTB20,RPL24,-0.08609006253775425
ZBTB20,RPL26,-0.09124497027830387
ZBTB20,RPL27,-0.08105450227531726
ZBTB20,RPL28,-0.09262472789994444
ZBTB20,RPL29,-0.07540001249397033
ZBTB20,RPL3,-0.08438266459413861
ZBTB20,RPL32,-0.09312508246704687
ZBTB20,RPL35,-0.08631452137025014
ZBTB20,RPL36,-0.08595736070338696
ZBTB20,RPL36AL,-0.06299066114013695
ZBTB20,RPL37,-0.08942909588509144
ZBTB20,RPL39,-0.1111518966107176
ZBTB20,RPL4,-0.059512167739568245
ZBTB20,RPL41,-0.09404119682101325
ZBTB20,RPL5,-0.07979841071955397
ZBTB20,RPL6,-0.0772110897324372
ZBTB20,RPL7,-0.07238739217770661
ZBTB20,RPL7A,-0.08178778505911223
ZBTB20,RPL8,-0.07608942091416573
ZBTB20,RPL9,-0.07128878846611676
ZBTB20,RPLP0,-0.07780535465181039
ZBTB20,RPLP1,-0.09094000765073021
ZBTB20,RPLP2,-0.09499725959609784
ZBTB20,RPS10,-0.049416041229917905
ZBTB20,RPS11,-0.0551870486019945
ZBTB20,RPS12,-0.08587131331527682
ZBTB20,RPS13,-0.09388400164548254
ZBTB20,RPS14,-0.10785757364340733
ZBTB20,RPS16,-0.09578327731750165
ZBTB20,RPS17,-0.059165744260819
ZBTB20,RPS18,-0.10962615206516073
ZBTB20,RPS19,-0.09479881742881682
ZBTB20,RPS2,-0.08339086130919865
ZBTB20,RPS20,-0.0553329366038387
ZBTB20,RPS21,-0.07308795044202623
ZBTB20,RPS25,-0.09888192573592502
ZBTB20,RPS26,-0.061020050164576047
ZBTB20,RPS27,-0.09850410977561347
ZBTB20,RPS27A,-0.09600445184468552
ZBTB20,RPS28,-0.09334125427316528
ZBTB20,RPS29,-0.0786408722584763
ZBTB20,RPS3,-0.08313721667391395
ZBTB20,RPS5,-0.07476957017231707
ZBTB20,RPS6,-0.0927211634864612
ZBTB20,RPS7,-0.0818452659814721
ZBTB20,RPS8,-0.08279781158738488
ZBTB20,RPS9,-0.07162540867310586
ZBTB20,RPSA,-0.07236046147468303
ZBTB20,RSRC2,0.0331881579425898
ZBTB20,RSRP1,0.0329983084396869
ZBTB20,RUNX1,0.0552339588740516
ZBTB20,S100A10,-0.06687853045600645
ZBTB20,S100A4,-0.0687969701143015
ZBTB20,SERF2,-0.06016368879261453
ZBTB20,SERINC5,0.06890663963009855
ZBTB20,SH3BGRL3,-0.0892494673721969
ZBTB20,SLC38A1,0.042630959485483996
ZBTB20,SLFN5,0.03247701694692975
ZBTB20,SMAP2,0.03713609207318305
ZBTB20,SMCHD1,0.0716329824023133
ZBTB20,SPTBN1,0.036818617656679466
ZBTB20,SRP14,-0.04628437845092475
ZBTB20,SSH2,0.057653284314505795
ZBTB20,STAT3,0.040974983268505696
ZBTB20,STK17B,0.04378673308631045
ZBTB20,STK4,0.0370952738008061
ZBTB20,SYNE2,0.04675734759703795
ZBTB20,TAGLN2,-0.0457853950636146
ZBTB20,TGFBR2,0.0581217616140397
ZBTB20,TMA7,-0.054564611284590336
ZBTB20,TMEM131L,0.05585156962763975
ZBTB20,TNRC6B,0.05822833348958145
ZBTB20,TSHZ2,0.0566078257300174
ZBTB20,TUT4,0.0437811852514879
ZBTB20,TXK,0.05084440372412763
ZBTB20,UBA52,-0.09298185175487761
ZBTB20,UBB,-0.0453722513853078
ZBTB20,UBC,-0.06782297726255315
ZBTB20,UQCR11,-0.0424096894399336
ZBTB20,VIM,-0.05342673383080885
ZBTB20,VPS13C,0.0434514076071781
ZBTB20,XPO1,0.0331564926664534
ZBTB20,YBX1,-0.044835075743939704
ZBTB20,ZC3HAV1,0.039177292266584736
ZBTB20,ZNF331,0.05799456403565115
ZBTB21,ACTB,-0.0541620571999885
ZBTB21,EEF1A1,-0.04625862074215516
ZBTB21,FAU,-0.042586066930563965
ZBTB21,FOS,0.044474950490085305
ZBTB21,FOSB,0.0599404450089832
ZBTB21,NR4A2,0.07909574792635696
ZBTB21,PFDN5,-0.03338478710982675
ZBTB21,PFN1,-0.0457335223941314
ZBTB21,PIK3R1,0.0342755980804421
ZBTB21,PPP1R15A,0.0549513181297374
ZBTB21,PTMA,-0.034532571160069046
ZBTB21,RPL10,-0.05218153527864341
ZBTB21,RPL12,-0.046306212026082705
ZBTB21,RPL13,-0.0541572823589664
ZBTB21,RPL13A,-0.041475148797654196
ZBTB21,RPL15,-0.039638730408534203
ZBTB21,RPL18,-0.04513895842203135
ZBTB21,RPL19,-0.04817070915384286
ZBTB21,RPL21,-0.050142028803662156
ZBTB21,RPL26,-0.05175332882243215
ZBTB21,RPL29,-0.049235708698471145
ZBTB21,RPL3,-0.0425650982784822
ZBTB21,RPL31,-0.041380674073007745
ZBTB21,RPL32,-0.053118542335527034
ZBTB21,RPL34,-0.05772099305419304
ZBTB21,RPL35,-0.04049497463836365
ZBTB21,RPL35A,-0.051547567947264006
ZBTB21,RPL36,-0.046439874315880536
ZBTB21,RPL36A,-0.0456946590848859
ZBTB21,RPL37,-0.0495222568026395
ZBTB21,RPL39,-0.057763663061537934
ZBTB21,RPL41,-0.051544677621852365
ZBTB21,RPL5,-0.04458349845485085
ZBTB21,RPL6,-0.04372639761046993
ZBTB21,RPL7A,-0.04596484970669845
ZBTB21,RPL8,-0.041550426141924904
ZBTB21,RPL9,-0.03604848514330195
ZBTB21,RPLP2,-0.04943387390377335
ZBTB21,RPS12,-0.0465234579403389
ZBTB21,RPS13,-0.04766144370325253
ZBTB21,RPS14,-0.057583694411651745
ZBTB21,RPS15,-0.05160328308037137
ZBTB21,RPS15A,-0.052068639537072
ZBTB21,RPS18,-0.052509799518970654
ZBTB21,RPS19,-0.05439625036650745
ZBTB21,RPS2,-0.0431421627730343
ZBTB21,RPS21,-0.05609653661042405
ZBTB21,RPS24,-0.049064956686117045
ZBTB21,RPS25,-0.050361985717487054
ZBTB21,RPS27,-0.0548002918991149
ZBTB21,RPS28,-0.058102016129040035
ZBTB21,RPS29,-0.04550555799778275
ZBTB21,RPS3,-0.0508731513011997
ZBTB21,RPS3A,-0.04727188162399485
ZBTB21,RPS4X,-0.048578941525553504
ZBTB21,RPS5,-0.04036231821685675
ZBTB21,RPS7,-0.04405409347933867
ZBTB21,RPS8,-0.044314311043382765
ZBTB21,RPS9,-0.03653589544627445
ZBTB21,TNFAIP3,0.0819141253265629
ZBTB21,YPEL5,0.0816537302103724
ZBTB21,ZNF331,0.07382435830531356
ZBTB24,EEF1B2,-0.051207751480652805
ZBTB24,PTMA,-0.055799993314384434
ZBTB24,RPL12,-0.0641931327770437
ZBTB24,RPL13,-0.0714027102861681
ZBTB24,RPL29,-0.0531359953607253
ZBTB24,RPL31,-0.0606019835456249
ZBTB24,RPL32,-0.07902382855813934
ZBTB24,RPS21,-0.0597727938946166
ZBTB24,RPS5,-0.05364149639991982
ZBTB25,ACTB,-0.053054868867722454
ZBTB25,ATP5F1E,-0.0476728974683993
ZBTB25,EEF1A1,-0.059111892819896025
ZBTB25,EEF1D,-0.033689269401503165
ZBTB25,EIF1,-0.03882505301066995
ZBTB25,FAU,-0.059934744783967125
ZBTB25,FTH1,-0.04289372700326925
ZBTB25,FTL,-0.0416199161148005
ZBTB25,MT-CO1,-0.0403245150863284
ZBTB25,MT-CO2,-0.0504504464834897
ZBTB25,MT-ND3,-0.03181530929292735
ZBTB25,MYL12A,-0.0416045194696356
ZBTB25,NACA,-0.04513584238262306
ZBTB25,PFDN5,-0.0421386370716029
ZBTB25,PFN1,-0.046387057762658
ZBTB25,PTMA,-0.054782695535902426
ZBTB25,RPL10,-0.07750755092350076
ZBTB25,RPL10A,-0.053739403939031434
ZBTB25,RPL12,-0.06519325365856782
ZBTB25,RPL13,-0.0711632368138542
ZBTB25,RPL13A,-0.06702256237293697
ZBTB25,RPL14,-0.05536233094075512
ZBTB25,RPL15,-0.05583099100830604
ZBTB25,RPL18,-0.05697723567089825
ZBTB25,RPL18A,-0.0683997893449972
ZBTB25,RPL19,-0.06545526637878493
ZBTB25,RPL21,-0.0711079945382542
ZBTB25,RPL22,-0.05223287386594403
ZBTB25,RPL23A,-0.0698544321750644
ZBTB25,RPL24,-0.04886845285364667
ZBTB25,RPL26,-0.06810648821858555
ZBTB25,RPL27,-0.0440886638320559
ZBTB25,RPL27A,-0.0709330409056938
ZBTB25,RPL28,-0.06796465427491608
ZBTB25,RPL29,-0.05615160378550685
ZBTB25,RPL3,-0.06034846611776167
ZBTB25,RPL30,-0.06609025567308402
ZBTB25,RPL31,-0.06267797513983926
ZBTB25,RPL32,-0.07591285199441836
ZBTB25,RPL34,-0.08014182496794965
ZBTB25,RPL35,-0.06207165852519503
ZBTB25,RPL36,-0.06599834694250295
ZBTB25,RPL36A,-0.050891674281503
ZBTB25,RPL37,-0.05892166413155425
ZBTB25,RPL37A,-0.0541125718340982
ZBTB25,RPL38,-0.049588122787393996
ZBTB25,RPL39,-0.07652818970076057
ZBTB25,RPL41,-0.07587513367882383
ZBTB25,RPL5,-0.05410204666826165
ZBTB25,RPL7A,-0.05482682554613073
ZBTB25,RPL8,-0.053004072868941925
ZBTB25,RPL9,-0.054110639018647134
ZBTB25,RPLP0,-0.04393374993189544
ZBTB25,RPLP1,-0.06428072749249297
ZBTB25,RPLP2,-0.07515048225777587
ZBTB25,RPS11,-0.03586443207897
ZBTB25,RPS12,-0.0686701513985936
ZBTB25,RPS13,-0.06267521436449172
ZBTB25,RPS14,-0.0727964792039111
ZBTB25,RPS15,-0.07218395080871645
ZBTB25,RPS15A,-0.076324715283414
ZBTB25,RPS16,-0.0532508993684917
ZBTB25,RPS18,-0.07963685340040293
ZBTB25,RPS19,-0.07417023405867293
ZBTB25,RPS20,-0.04795403558766379
ZBTB25,RPS21,-0.05805860769209002
ZBTB25,RPS24,-0.055711008851816304
ZBTB25,RPS25,-0.06426762411351065
ZBTB25,RPS27,-0.07766281285112504
ZBTB25,RPS28,-0.07553803109181126
ZBTB25,RPS29,-0.06302172801965512
ZBTB25,RPS3,-0.06252815639964812
ZBTB25,RPS3A,-0.06741358667582174
ZBTB25,RPS4X,-0.061234244030389004
ZBTB25,RPS5,-0.05089217791964027
ZBTB25,RPS6,-0.0673337089946719
ZBTB25,RPS7,-0.05828383444130762
ZBTB25,RPS8,-0.06412753990731582
ZBTB25,RPS9,-0.05097531017663346
ZBTB25,RPSA,-0.045704445159352805
ZBTB25,SERF2,-0.0354772614900809
ZBTB25,TMSB10,-0.07362924326092417
ZBTB25,TOMM7,-0.03767687451629265
ZBTB25,TPT1,-0.0575629433290155
ZBTB25,UBA52,-0.04832827023411953
ZBTB33,B2M,-0.06484816664758973
ZBTB33,EEF1A1,-0.05478517453158895
ZBTB33,FAU,-0.05520008772669105
ZBTB33,NACA,-0.0427696517905201
ZBTB33,PTMA,-0.046572130685034754
ZBTB33,RACK1,-0.03869811734407645
ZBTB33,RPL10,-0.055396810101220904
ZBTB33,RPL10A,-0.0400276938743913
ZBTB33,RPL11,-0.05229933400358483
ZBTB33,RPL12,-0.04785650527368734
ZBTB33,RPL13,-0.050017941090737296
ZBTB33,RPL13A,-0.0360540772698036
ZBTB33,RPL14,-0.0529732693945935
ZBTB33,RPL15,-0.03385130409616285
ZBTB33,RPL18,-0.0521262809065529
ZBTB33,RPL18A,-0.04958991453067063
ZBTB33,RPL19,-0.047658648127620634
ZBTB33,RPL21,-0.0406414494412975
ZBTB33,RPL22,-0.047982998531879706
ZBTB33,RPL23A,-0.04036614322307713
ZBTB33,RPL24,-0.0434312098664139
ZBTB33,RPL26,-0.047645326044135634
ZBTB33,RPL28,-0.06456175625497015
ZBTB33,RPL29,-0.055708853531163005
ZBTB33,RPL3,-0.03644745435747445
ZBTB33,RPL30,-0.06103785893159745
ZBTB33,RPL31,-0.03509665213812625
ZBTB33,RPL32,-0.054197453470936796
ZBTB33,RPL34,-0.0573219380708846
ZBTB33,RPL35A,-0.04911806374400313
ZBTB33,RPL36,-0.046590774150604364
ZBTB33,RPL36A,-0.043428455649730247
ZBTB33,RPL37,-0.057303721268774796
ZBTB33,RPL41,-0.05284641144452044
ZBTB33,RPL5,-0.04442440812407995
ZBTB33,RPL6,-0.054256660560645
ZBTB33,RPL7A,-0.05134002008110845
ZBTB33,RPL8,-0.0488649504922784
ZBTB33,RPL9,-0.0399557274627272
ZBTB33,RPLP0,-0.0404909308607307
ZBTB33,RPLP1,-0.0467065553879473
ZBTB33,RPLP2,-0.0430014592499001
ZBTB33,RPS12,-0.06015062779901995
ZBTB33,RPS13,-0.04761250223160687
ZBTB33,RPS14,-0.05091586780251923
ZBTB33,RPS15,-0.05293939005099187
ZBTB33,RPS15A,-0.05397627653847117
ZBTB33,RPS18,-0.0469446274353291
ZBTB33,RPS19,-0.051053565832998395
ZBTB33,RPS2,-0.04069125949062937
ZBTB33,RPS23,-0.04768057413969227
ZBTB33,RPS24,-0.054245431978928296
ZBTB33,RPS25,-0.045594174752922996
ZBTB33,RPS27,-0.05437838409113377
ZBTB33,RPS27A,-0.05475964362132196
ZBTB33,RPS28,-0.0529956651752575
ZBTB33,RPS29,-0.03998350928521793
ZBTB33,RPS3,-0.0457248000266928
ZBTB33,RPS3A,-0.047842692417572746
ZBTB33,RPS4X,-0.04451287568412943
ZBTB33,RPS5,-0.04280970673483195
ZBTB33,RPS6,-0.04012058238270105
ZBTB33,RPS7,-0.0575123428829558
ZBTB33,RPS8,-0.0570566445614272
ZBTB33,RPS9,-0.031043756802292148
ZBTB33,RPSA,-0.0389237798115532
ZBTB33,TMSB10,-0.05012342129271754
ZBTB33,TMSB4X,-0.0543512119316845
ZBTB37,EEF1A1,-0.0417154880453662
ZBTB37,PTMA,-0.041370375307316964
ZBTB37,RPL19,-0.044551067402868495
ZBTB37,RPL23A,-0.04213275015431055
ZBTB37,RPL36,-0.04687157575095436
ZBTB37,RPL5,-0.04133263353298195
ZBTB37,RPS12,-0.044395943327802834
ZBTB37,RPS14,-0.051261925160546805
ZBTB37,RPS15,-0.051679124246622105
ZBTB37,RPS15A,-0.049627662887510936
ZBTB37,RPS18,-0.0480765449771319
ZBTB37,RPS21,-0.045575228969078355
ZBTB37,RPS23,-0.043800567109770094
ZBTB37,RPS25,-0.0431731380512565
ZBTB37,RPS27A,-0.052567757073647366
ZBTB37,RPS28,-0.052530162273955905
ZBTB37,RPS29,-0.046279490876532395
ZBTB37,RPS6,-0.039425452870906805
ZBTB37,RPS7,-0.04291509813341713
ZBTB4,ATP5F1E,-0.0393585439914872
ZBTB4,EEF1A1,-0.05274109634144705
ZBTB4,FAU,-0.0520891102396648
ZBTB4,NACA,-0.0401746999477013
ZBTB4,PTMA,-0.04219796654760203
ZBTB4,RPL10A,-0.040001763964035
ZBTB4,RPL12,-0.048888682862455964
ZBTB4,RPL15,-0.0374487207284108
ZBTB4,RPL18,-0.047910535091275505
ZBTB4,RPL19,-0.04444089336686006
ZBTB4,RPL28,-0.0667044004372832
ZBTB4,RPL29,-0.055480158895660395
ZBTB4,RPL32,-0.053185518959728804
ZBTB4,RPL36,-0.0498995501217201
ZBTB4,RPL37,-0.05655301880147835
ZBTB4,RPL5,-0.039622957918608454
ZBTB4,RPL6,-0.05473611806168395
ZBTB4,RPLP1,-0.049320926102757234
ZBTB4,RPLP2,-0.04190677842914203
ZBTB4,RPS12,-0.0554267468508551
ZBTB4,RPS13,-0.04401341377728115
ZBTB4,RPS14,-0.04785344335435463
ZBTB4,RPS15,-0.05254065587863113
ZBTB4,RPS15A,-0.0542075524216879
ZBTB4,RPS21,-0.052773879307230154
ZBTB4,RPS3,-0.042580988776255296
ZBTB4,RPS6,-0.0407350585851719
ZBTB4,RPS7,-0.058939911120851854
ZBTB4,RPS8,-0.055859451399883395
ZBTB4,TMSB10,-0.05612899974109814
ZBTB40,ACTB,-0.04922110738077965
ZBTB40,ATP5F1E,-0.04298376533022735
ZBTB40,B2M,-0.08751745964848011
ZBTB40,EEF1A1,-0.07425983402085426
ZBTB40,EEF1B2,-0.04248194551061285
ZBTB40,EEF1D,-0.044108335503244694
ZBTB40,EIF1,-0.042070873110943305
ZBTB40,FAU,-0.05729770683098884
ZBTB40,FTH1,-0.03713890436126723
ZBTB40,FTL,-0.03583470114897657
ZBTB40,IFITM1,-0.0419240150289808
ZBTB40,NACA,-0.05828188612193805
ZBTB40,PFDN5,-0.0408073471956482
ZBTB40,PFN1,-0.0476508854338668
ZBTB40,PTMA,-0.05113355018193983
ZBTB40,RACK1,-0.05190873298573845
ZBTB40,RPL10,-0.07162761028850183
ZBTB40,RPL10A,-0.04738267515651127
ZBTB40,RPL11,-0.06564758846342943
ZBTB40,RPL12,-0.061671322720607234
ZBTB40,RPL13,-0.06351208467932563
ZBTB40,RPL13A,-0.04645284876563795
ZBTB40,RPL14,-0.0693957328525672
ZBTB40,RPL15,-0.046165023972395934
ZBTB40,RPL18,-0.054325412506578435
ZBTB40,RPL18A,-0.06532283581380773
ZBTB40,RPL19,-0.061228011259277994
ZBTB40,RPL21,-0.05142572405106883
ZBTB40,RPL22,-0.0599685198787057
ZBTB40,RPL23A,-0.054925497856075596
ZBTB40,RPL24,-0.05506115789432055
ZBTB40,RPL26,-0.0631775421284035
ZBTB40,RPL28,-0.0640725586890914
ZBTB40,RPL29,-0.07136861401350156
ZBTB40,RPL3,-0.048795989318205425
ZBTB40,RPL30,-0.0603489282965734
ZBTB40,RPL31,-0.04475415272858775
ZBTB40,RPL32,-0.06798330754827926
ZBTB40,RPL34,-0.0728984193945967
ZBTB40,RPL35,-0.047785921533321306
ZBTB40,RPL35A,-0.06225683831691183
ZBTB40,RPL36,-0.0610118622360711
ZBTB40,RPL36A,-0.056445641296875945
ZBTB40,RPL36AL,-0.0368072212359521
ZBTB40,RPL37,-0.0719624693367331
ZBTB40,RPL37A,-0.04984469691354605
ZBTB40,RPL38,-0.0426294447837405
ZBTB40,RPL39,-0.06797390975900516
ZBTB40,RPL41,-0.06811073948150047
ZBTB40,RPL5,-0.0623968869397815
ZBTB40,RPL6,-0.07085715550363794
ZBTB40,RPL7,-0.04460768206896505
ZBTB40,RPL7A,-0.06603849152397939
ZBTB40,RPL8,-0.05508230614572399
ZBTB40,RPL9,-0.05161706362118645
ZBTB40,RPLP0,-0.058290815486458245
ZBTB40,RPLP1,-0.05904657007162001
ZBTB40,RPLP2,-0.05301925643295124
ZBTB40,RPS12,-0.06044063385405876
ZBTB40,RPS13,-0.0582564146947566
ZBTB40,RPS14,-0.06327595940392217
ZBTB40,RPS15,-0.06655374379837917
ZBTB40,RPS15A,-0.06721687862368547
ZBTB40,RPS16,-0.047652561128359194
ZBTB40,RPS18,-0.06279371389573167
ZBTB40,RPS19,-0.065820686702142
ZBTB40,RPS2,-0.05558270042218607
ZBTB40,RPS21,-0.06841342454265284
ZBTB40,RPS23,-0.05982002985154344
ZBTB40,RPS24,-0.0692237982475716
ZBTB40,RPS25,-0.059361509765527475
ZBTB40,RPS27,-0.06919240287985849
ZBTB40,RPS27A,-0.0691449679615323
ZBTB40,RPS28,-0.06672451914540838
ZBTB40,RPS29,-0.051527087927017025
ZBTB40,RPS3,-0.05895667808753239
ZBTB40,RPS3A,-0.05116930142316443
ZBTB40,RPS4X,-0.060153091914404405
ZBTB40,RPS5,-0.04630189125393643
ZBTB40,RPS6,-0.052125336018158996
ZBTB40,RPS7,-0.059744152767494264
ZBTB40,RPS8,-0.0585587571999139
ZBTB40,RPS9,-0.04216996428769354
ZBTB40,RPSA,-0.05446334072737455
ZBTB40,TMA7,-0.037163943540113445
ZBTB40,TMSB10,-0.06365372559576177
ZBTB40,TPT1,-0.06303062324465725
ZBTB40,UBA52,-0.0503365727564377
ZBTB43,EEF1A1,-0.044141632158743005
ZBTB43,FAU,-0.0447775312015388
ZBTB43,PFDN5,-0.036981396431414196
ZBTB43,PTMA,-0.04380442039448815
ZBTB43,RACK1,-0.0384555510208418
ZBTB43,RPL10,-0.05759924430808547
ZBTB43,RPL10A,-0.0426477916199552
ZBTB43,RPL11,-0.05750710467920577
ZBTB43,RPL12,-0.04927740192768484
ZBTB43,RPL13,-0.05440498735693483
ZBTB43,RPL18,-0.04500452746853476
ZBTB43,RPL18A,-0.052430207405730365
ZBTB43,RPL21,-0.0563893378800377
ZBTB43,RPL22,-0.043313373871973565
ZBTB43,RPL26,-0.049324808174106394
ZBTB43,RPL28,-0.0475384550115945
ZBTB43,RPL29,-0.04353427452497737
ZBTB43,RPL32,-0.06081715371585308
ZBTB43,RPL36,-0.049157548122780136
ZBTB43,RPL37,-0.05569109094214745
ZBTB43,RPL37A,-0.03534860211695235
ZBTB43,RPL41,-0.05367179758164297
ZBTB43,RPL5,-0.047286093492818496
ZBTB43,RPL6,-0.0414332459424451
ZBTB43,RPL9,-0.039702904862351805
ZBTB43,RPLP1,-0.049375427778535846
ZBTB43,RPS12,-0.05143923459121846
ZBTB43,RPS13,-0.05527924626448203
ZBTB43,RPS14,-0.0565572102182898
ZBTB43,RPS15,-0.05519564284299803
ZBTB43,RPS15A,-0.05920681022611316
ZBTB43,RPS18,-0.05908811210705375
ZBTB43,RPS2,-0.048887255292638654
ZBTB43,RPS21,-0.0512377518738574
ZBTB43,RPS23,-0.0544305719545941
ZBTB43,RPS24,-0.04948185605063505
ZBTB43,RPS27,-0.060446060185944006
ZBTB43,RPS27A,-0.059370266790363835
ZBTB43,RPS29,-0.050276515213495396
ZBTB43,RPS3,-0.047256942175169264
ZBTB43,RPS3A,-0.0505044346272735
ZBTB43,RPS6,-0.05250355824481935
ZBTB43,RPS7,-0.043719984080759666
ZBTB43,RPS8,-0.05223323403278257
ZBTB43,TMSB10,-0.05506951154276903
ZBTB44,ACTB,-0.056000952453240105
ZBTB44,ATP5F1E,-0.04165419190890605
ZBTB44,EEF1A1,-0.055007474418970824
ZBTB44,EEF1D,-0.0394057539450789
ZBTB44,EIF1,-0.0372070674899459
ZBTB44,FTL,-0.03652586252953955
ZBTB44,HLA-B,-0.045992695589559554
ZBTB44,NACA,-0.045956798148210666
ZBTB44,PFDN5,-0.039287703211567375
ZBTB44,PFN1,-0.05282333662797345
ZBTB44,PTMA,-0.05081343219931503
ZBTB44,RACK1,-0.04043284737611871
ZBTB44,RPL10A,-0.04642111860229037
ZBTB44,RPL11,-0.06837772202916463
ZBTB44,RPL13,-0.06326813199867873
ZBTB44,RPL13A,-0.057312499545322894
ZBTB44,RPL14,-0.061702896470742834
ZBTB44,RPL15,-0.050720412226651836
ZBTB44,RPL18,-0.051196826775707825
ZBTB44,RPL19,-0.0611727754107229
ZBTB44,RPL21,-0.06378603483706734
ZBTB44,RPL22,-0.053529757041935334
ZBTB44,RPL24,-0.0474478015069884
ZBTB44,RPL26,-0.06012264206142437
ZBTB44,RPL27,-0.04341067287026875
ZBTB44,RPL29,-0.05954096504849963
ZBTB44,RPL3,-0.05582423590434926
ZBTB44,RPL31,-0.05571371542226483
ZBTB44,RPL35,-0.05101881834630614
ZBTB44,RPL36,-0.0624014988830933
ZBTB44,RPL36A,-0.0490482396372632
ZBTB44,RPL37,-0.06349165004694086
ZBTB44,RPL37A,-0.0510250318926943
ZBTB44,RPL41,-0.07281335088858827
ZBTB44,RPL5,-0.0519464349180818
ZBTB44,RPL6,-0.0530389014201951
ZBTB44,RPL7,-0.0518961278443912
ZBTB44,RPL8,-0.051045063904642224
ZBTB44,RPLP1,-0.05755179150293725
ZBTB44,RPLP2,-0.05639430944375588
ZBTB44,RPS12,-0.06268491153403345
ZBTB44,RPS13,-0.06068060904960618
ZBTB44,RPS14,-0.06716577410234706
ZBTB44,RPS15,-0.0672112601730817
ZBTB44,RPS15A,-0.06912326808446209
ZBTB44,RPS16,-0.05476591322801225
ZBTB44,RPS18,-0.061139893133507
ZBTB44,RPS19,-0.06375209022677662
ZBTB44,RPS2,-0.059145770387357466
ZBTB44,RPS20,-0.04353322796612215
ZBTB44,RPS21,-0.062556964277417
ZBTB44,RPS23,-0.05956823763396023
ZBTB44,RPS27,-0.0723556256033872
ZBTB44,RPS3A,-0.0533268436124158
ZBTB44,RPS5,-0.04540094605443485
ZBTB44,RPS6,-0.060316019028580865
ZBTB44,RPS7,-0.05649931449948695
ZBTB44,RPS9,-0.04502049740985597
ZBTB44,TMSB10,-0.06695433428311298
ZBTB44,UBA52,-0.0490783288718062
ZBTB48,B2M,-0.0384090982237852
ZBTB48,RPL10,-0.037368187751672
ZBTB48,RPL13,-0.034500453542165
ZBTB48,RPL13A,-0.036408798121395594
ZBTB48,RPL26,-0.0329315717035336
ZBTB48,RPL34,-0.041577487277380254
ZBTB48,RPL36,-0.0320157770605945
ZBTB48,RPL39,-0.0391256260768639
ZBTB48,RPLP2,-0.03257762425223705
ZBTB48,RPS13,-0.0325945023715263
ZBTB48,RPS15,-0.0358501454205309
ZBTB48,RPS18,-0.03545756136460135
ZBTB48,RPS19,-0.034571396235830804
ZBTB48,RPS27A,-0.0385094228592819
ZBTB48,RPS28,-0.03631787714975755
ZBTB48,TMSB10,-0.03248736104122755
ZBTB48,TMSB4X,-0.03515722844957485
ZBTB49,RPL13,-0.0440986020920911
ZBTB49,RPL18,-0.040862682392498795
ZBTB49,RPL19,-0.043201888852462594
ZBTB49,RPL22,-0.04016251945036965
ZBTB49,RPL28,-0.0429619776264149
ZBTB49,RPL35A,-0.0429664061046253
ZBTB49,RPL37,-0.042135924362971144
ZBTB49,RPS15A,-0.04566873986883205
ZBTB49,RPS27,-0.03990898213969675
ZBTB49,RPS3,-0.0392779902100373
ZBTB49,RPS3A,-0.04321630162306705
ZBTB5,RPL19,-0.0482914232065476
ZBTB5,RPL36,-0.0407968299556975
ZBTB5,RPL37,-0.04470249751066855
ZBTB5,RPL41,-0.042604274402328904
ZBTB5,RPS15,-0.0458248420358697
ZBTB5,RPS24,-0.041769296766168154
ZBTB5,RPS27A,-0.047874308480523695
ZBTB5,RPS8,-0.0461257118622659
ZBTB7A,ACTB,-0.03402703947772367
ZBTB7A,AHNAK,0.046137747681628725
ZBTB7A,ANKRD11,0.0325339180897211
ZBTB7A,ANXA2,0.04706345028745024
ZBTB7A,ANXA5,0.0353890067284642
ZBTB7A,BPTF,0.0299261724271445
ZBTB7A,BTG1,-0.04496256184756075
ZBTB7A,COX4I1,-0.03660190973736125
ZBTB7A,EEF1A1,-0.06798329914469209
ZBTB7A,EEF1B2,-0.049401929400040505
ZBTB7A,EEF1D,-0.039400149536161534
ZBTB7A,EEF1G,-0.052603211919768106
ZBTB7A,EIF1,-0.03777247185892525
ZBTB7A,EIF3A,0.0323186060019649
ZBTB7A,FAU,-0.060190891329038175
ZBTB7A,FTH1,-0.037363881182733864
ZBTB7A,FTL,-0.03496050907881665
ZBTB7A,HNRNPD,0.02951528965371715
ZBTB7A,ITGB1,0.0393516928968409
ZBTB7A,JAK1,0.0283219441686554
ZBTB7A,LGALS1,0.041039312960706245
ZBTB7A,LGALS3,0.03690293425878235
ZBTB7A,LRRFIP1,0.03193122277397775
ZBTB7A,MT-CO2,-0.03579349084367555
ZBTB7A,MYH9,0.03338984365820975
ZBTB7A,NACA,-0.053355862667034064
ZBTB7A,OGA,0.0300979979635055
ZBTB7A,PCSK7,0.0286414563085465
ZBTB7A,PFDN5,-0.048059613719509266
ZBTB7A,PTGER2,0.0344554866233227
ZBTB7A,PTMA,-0.05611120810765548
ZBTB7A,RACK1,-0.0495803262686349
ZBTB7A,RNF213,0.03214058475281585
ZBTB7A,RORA,0.03172869771628965
ZBTB7A,RPL10,-0.08181208339535928
ZBTB7A,RPL10A,-0.0575878970252233
ZBTB7A,RPL11,-0.08029892197911503
ZBTB7A,RPL12,-0.07557608903628447
ZBTB7A,RPL13A,-0.0655672089899129
ZBTB7A,RPL15,-0.059430510389351224
ZBTB7A,RPL18,-0.061104602020506577
ZBTB7A,RPL22,-0.0643410924078819
ZBTB7A,RPL23A,-0.07295290645588753
ZBTB7A,RPL26,-0.07143888421739547
ZBTB7A,RPL27,-0.048589031201570494
ZBTB7A,RPL27A,-0.0836361795004909
ZBTB7A,RPL28,-0.06658086354954484
ZBTB7A,RPL29,-0.0589531958714148
ZBTB7A,RPL3,-0.0654085699623738
ZBTB7A,RPL30,-0.07637700718573757
ZBTB7A,RPL31,-0.06484937196806778
ZBTB7A,RPL32,-0.08408376637921484
ZBTB7A,RPL34,-0.08422824186454556
ZBTB7A,RPL36,-0.07408788008197613
ZBTB7A,RPL36A,-0.053388885811442195
ZBTB7A,RPL37,-0.06888446357919432
ZBTB7A,RPL37A,-0.0549820747717531
ZBTB7A,RPL38,-0.0528951596909663
ZBTB7A,RPL4,-0.0445218922586822
ZBTB7A,RPL41,-0.07399784535012907
ZBTB7A,RPL5,-0.0623443202573288
ZBTB7A,RPL6,-0.06512393956917893
ZBTB7A,RPL7,-0.06619056023172687
ZBTB7A,RPL7A,-0.05581423277517123
ZBTB7A,RPL8,-0.05470490389964128
ZBTB7A,RPL9,-0.0603615732099056
ZBTB7A,RPLP0,-0.044980617184331606
ZBTB7A,RPLP1,-0.06932671584971921
ZBTB7A,RPLP2,-0.07263384691820032
ZBTB7A,RPS12,-0.0741458510709842
ZBTB7A,RPS13,-0.07768439020465358
ZBTB7A,RPS14,-0.08142000140691873
ZBTB7A,RPS15,-0.0736808062623232
ZBTB7A,RPS15A,-0.08153261746629667
ZBTB7A,RPS16,-0.05704494717063763
ZBTB7A,RPS18,-0.0733208849444492
ZBTB7A,RPS19,-0.08138719628380091
ZBTB7A,RPS2,-0.0637865618737091
ZBTB7A,RPS20,-0.0639470394895541
ZBTB7A,RPS21,-0.06266901403065867
ZBTB7A,RPS23,-0.0762679255280247
ZBTB7A,RPS24,-0.05841138395798558
ZBTB7A,RPS25,-0.0742040978782582
ZBTB7A,RPS26,-0.0343138100689322
ZBTB7A,RPS27,-0.08204233634116102
ZBTB7A,RPS27A,-0.084191975598972
ZBTB7A,RPS28,-0.08512030758144394
ZBTB7A,RPS29,-0.07621426431583993
ZBTB7A,RPS3A,-0.07522000734944051
ZBTB7A,RPS4X,-0.07037165869710618
ZBTB7A,RPS5,-0.06085464902839205
ZBTB7A,RPS6,-0.07343400679635143
ZBTB7A,RPS7,-0.05981162363131165
ZBTB7A,RPS8,-0.071822696803452
ZBTB7A,RPS9,-0.0567606855916889
ZBTB7A,RPSA,-0.0538251371657449
ZBTB7A,S100A10,0.04154475618431665
ZBTB7A,S100A11,0.04515781838678764
ZBTB7A,SORL1,0.030707583839322948
ZBTB7A,SRRM2,0.0321308780815681
ZBTB7A,SYNE2,0.038300963445679556
ZBTB7A,TMSB10,-0.061979615271573404
ZBTB7A,TMSB4X,-0.08437471273750786
ZBTB7A,TPT1,-0.0624549941885194
ZBTB7A,TRADD,0.04026093864798245
ZBTB7A,UBA52,-0.04963870292462725
ZBTB7A,YWHAH,0.0343742639903952
ZBTB7B,EEF1A1,-0.0509247695960253
ZBTB7B,EEF1B2,-0.04657763346362445
ZBTB7B,FAU,-0.0486686130320081
ZBTB7B,NACA,-0.0513414616980671
ZBTB7B,PTMA,-0.04752256123995193
ZBTB7B,RPL10,-0.059037179702146565
ZBTB7B,RPL10A,-0.046405118899502336
ZBTB7B,RPL12,-0.049491529316748266
ZBTB7B,RPL13,-0.060308804451466136
ZBTB7B,RPL13A,-0.06162830879200585
ZBTB7B,RPL15,-0.05473463062444175
ZBTB7B,RPL17,-0.0548274700756846
ZBTB7B,RPL18,-0.04983371487681284
ZBTB7B,RPL18A,-0.05489935015874076
ZBTB7B,RPL19,-0.05479657263361296
ZBTB7B,RPL22,-0.05539013638229035
ZBTB7B,RPL23A,-0.0477196961307948
ZBTB7B,RPL24,-0.0577559723791723
ZBTB7B,RPL26,-0.05342782428742684
ZBTB7B,RPL27A,-0.049065706514451
ZBTB7B,RPL28,-0.05410220596570706
ZBTB7B,RPL29,-0.057758317957494254
ZBTB7B,RPL3,-0.05039266730508437
ZBTB7B,RPL30,-0.05952880507283723
ZBTB7B,RPL31,-0.04828746070817255
ZBTB7B,RPL34,-0.05863807023364096
ZBTB7B,RPL35A,-0.05427015373957483
ZBTB7B,RPL36,-0.04401612513600883
ZBTB7B,RPL37,-0.06184376486956165
ZBTB7B,RPL37A,-0.04769586475638995
ZBTB7B,RPL38,-0.0419620435259425
ZBTB7B,RPL5,-0.05663674810481215
ZBTB7B,RPL6,-0.047285117304088645
ZBTB7B,RPL8,-0.0496319829899025
ZBTB7B,RPL9,-0.048672682991363125
ZBTB7B,RPLP1,-0.04898140670800307
ZBTB7B,RPLP2,-0.0595593598140045
ZBTB7B,RPS12,-0.0578024314290064
ZBTB7B,RPS14,-0.06162468949975256
ZBTB7B,RPS15,-0.0549892091987356
ZBTB7B,RPS15A,-0.06129365849288113
ZBTB7B,RPS19,-0.05167438721382783
ZBTB7B,RPS20,-0.04367996641407175
ZBTB7B,RPS21,-0.048798599119493996
ZBTB7B,RPS24,-0.047247929517360975
ZBTB7B,RPS25,-0.056508165415704935
ZBTB7B,RPS27,-0.05640180167347264
ZBTB7B,RPS27A,-0.0627678708668649
ZBTB7B,RPS29,-0.039267614352317536
ZBTB7B,RPS3,-0.054445413518135234
ZBTB7B,RPS3A,-0.055387831321162866
ZBTB7B,RPS5,-0.045994306521710326
ZBTB7B,RPS7,-0.05667625694633555
ZBTB7B,RPS8,-0.05521389066647637
ZBTB7B,RPS9,-0.0529676997527831
ZBTB7B,UBA52,-0.051255222961995195
ZEB1,AAK1,0.03549658082224175
ZEB1,ABLIM1,0.03916045993655885
ZEB1,ACTB,-0.0702580537407278
ZEB1,ACTG1,-0.047622594904763296
ZEB1,AHNAK,0.0330653286086733
ZEB1,ANKRD11,0.03410764594748465
ZEB1,ANKRD36,0.040055951121884495
ZEB1,ANKRD36C,0.0366699881598229
ZEB1,ATF7IP,0.03892029454931935
ZEB1,ATP5F1E,-0.06877001130161706
ZEB1,BCLAF1,0.0364134674648319
ZEB1,BDP1,0.0320510934826138
ZEB1,BEST1,0.04291292124426775
ZEB1,BPTF,0.03584195921197755
ZEB1,BTBD9,0.0504298728880251
ZEB1,CCNL1,0.038389519017798364
ZEB1,CD55,0.04863183066987125
ZEB1,CELF2,0.04008728490426605
ZEB1,CFL1,-0.057595175415493
ZEB1,CHD1,0.05394046577766895
ZEB1,CHD2,0.04135957635064047
ZEB1,COX7C,-0.04860623212679483
ZEB1,CRIP1,-0.038364552405204255
ZEB1,CYLD,0.03271319937784445
ZEB1,DDX3X,0.035336239916509055
ZEB1,DENND4A,0.0532344147233978
ZEB1,EEF1A1,-0.09019489112682677
ZEB1,EEF1D,-0.0517754582096784
ZEB1,EEF1G,-0.04617134017616835
ZEB1,EIF1,-0.0595808140632106
ZEB1,EIF3A,0.03470057133021175
ZEB1,ELL2,0.043025650861100495
ZEB1,EMP3,-0.0387301368214107
ZEB1,EPB41,0.04528314713435455
ZEB1,FAU,-0.07576973782412208
ZEB1,FBXO33,0.04051706783233275
ZEB1,FKBP5,0.03797483452833545
ZEB1,FOXP1,0.05152927028467995
ZEB1,FTH1,-0.0607182748984489
ZEB1,FTL,-0.0661426122551225
ZEB1,G3BP2,0.036391494679934
ZEB1,GAPDH,-0.040746498989056745
ZEB1,HIF1A,0.03694520107910225
ZEB1,HOOK2,0.04907419561950575
ZEB1,IFITM1,-0.0721314690201153
ZEB1,IFITM2,-0.0481646029138803
ZEB1,JMJD1C,0.0494642497658851
ZEB1,JMY,0.0403557210554461
ZEB1,KAT6A,0.041979411978196546
ZEB1,KLF12,0.055422224476637805
ZEB1,LTB,-0.05398781048266355
ZEB1,MACF1,0.0425339745135038
ZEB1,MIF,-0.0463076720098661
ZEB1,MT-CO1,-0.052213211339690896
ZEB1,MT-CO2,-0.05003287102755405
ZEB1,MT-ND3,-0.04075979610294435
ZEB1,MYCBP2,0.03957525265576865
ZEB1,MYL12A,-0.0703120808959036
ZEB1,MYL6,-0.04686519354480495
ZEB1,NACA,-0.0855302319410405
ZEB1,NFKB1,0.046365495703528395
ZEB1,NFKBIZ,0.03885299373430855
ZEB1,NIN,0.03845138960938785
ZEB1,NR4A2,0.0589484160712177
ZEB1,OGA,0.03731259865928415
ZEB1,PAFAH1B1,0.034687516626264854
ZEB1,PCM1,0.03692484330674625
ZEB1,PDE4D,0.04547676779570035
ZEB1,PER1,0.0528809208312843
ZEB1,PFDN5,-0.053701184901895876
ZEB1,PFN1,-0.07437863175082876
ZEB1,PPIA,-0.0521707683189791
ZEB1,PRDM2,0.03532973552477575
ZEB1,PRRC2C,0.03950374218626484
ZEB1,PSME1,-0.0428714400545378
ZEB1,PTGER4,0.0463704754854508
ZEB1,PTMA,-0.06999238447490143
ZEB1,RACK1,-0.05816807129410343
ZEB1,REL,0.037424635178607654
ZEB1,RESF1,0.035296620220603855
ZEB1,RIPOR2,0.038260198152462496
ZEB1,RNF125,0.042426940757599806
ZEB1,RNF213,0.03463218360404295
ZEB1,RPL10,-0.0975538717427091
ZEB1,RPL10A,-0.07273733099057629
ZEB1,RPL11,-0.0912428971152285
ZEB1,RPL12,-0.08338073464837663
ZEB1,RPL13,-0.08688041263239668
ZEB1,RPL13A,-0.0819775074781323
ZEB1,RPL15,-0.07410695671790443
ZEB1,RPL17,-0.09494459670929765
ZEB1,RPL18,-0.07378063755553295
ZEB1,RPL18A,-0.08857167518764683
ZEB1,RPL19,-0.08363141078248325
ZEB1,RPL21,-0.08837873163408883
ZEB1,RPL22,-0.06412407583341015
ZEB1,RPL23,-0.038444355340463546
ZEB1,RPL24,-0.06515206725331353
ZEB1,RPL26,-0.0836482137784625
ZEB1,RPL27,-0.05606664588635977
ZEB1,RPL27A,-0.06593625656350667
ZEB1,RPL29,-0.07009570658053516
ZEB1,RPL3,-0.0803989763261695
ZEB1,RPL30,-0.08453068115248485
ZEB1,RPL31,-0.07553553824482273
ZEB1,RPL32,-0.094150950131418
ZEB1,RPL34,-0.0995842399019259
ZEB1,RPL35,-0.08083418325318537
ZEB1,RPL35A,-0.08665397085937876
ZEB1,RPL36,-0.08481219261725795
ZEB1,RPL36A,-0.0670204061277429
ZEB1,RPL37,-0.08793696723246103
ZEB1,RPL37A,-0.06746006258067112
ZEB1,RPL38,-0.061182907364041195
ZEB1,RPL4,-0.04785415943846045
ZEB1,RPL41,-0.08964133698083718
ZEB1,RPL5,-0.07578605763008546
ZEB1,RPL6,-0.0741351026145711
ZEB1,RPL7,-0.06792888512771354
ZEB1,RPL7A,-0.07624422709595043
ZEB1,RPL9,-0.06975683339306096
ZEB1,RPLP0,-0.06651720175810111
ZEB1,RPLP1,-0.08316787555916468
ZEB1,RPLP2,-0.09402435780835129
ZEB1,RPS11,-0.05093729182797045
ZEB1,RPS12,-0.0870228422212247
ZEB1,RPS13,-0.08106696681509837
ZEB1,RPS14,-0.089323079491402
ZEB1,RPS15,-0.092846018307333
ZEB1,RPS15A,-0.09387456584242508
ZEB1,RPS16,-0.0699509847054826
ZEB1,RPS17,-0.0501762300818041
ZEB1,RPS18,-0.10081026856716287
ZEB1,RPS19,-0.08927896757943403
ZEB1,RPS20,-0.05533772612016913
ZEB1,RPS21,-0.07473831967177347
ZEB1,RPS24,-0.0756376768714235
ZEB1,RPS25,-0.0971670243734976
ZEB1,RPS26,-0.06305288782223725
ZEB1,RPS27,-0.0963854765322137
ZEB1,RPS27A,-0.09480660939877855
ZEB1,RPS28,-0.09626250488751126
ZEB1,RPS29,-0.07676270432212887
ZEB1,RPS3,-0.08072750861027089
ZEB1,RPS3A,-0.07493568716407062
ZEB1,RPS4X,-0.07581007080987737
ZEB1,RPS5,-0.06602530117433517
ZEB1,RPS6,-0.0877436354625933
ZEB1,RPS7,-0.07690069305067453
ZEB1,RPS8,-0.08076727367268952
ZEB1,RPS9,-0.06698726692752456
ZEB1,RPSA,-0.06631172821417917
ZEB1,RSRC2,0.0329394851675363
ZEB1,S100A4,-0.040679073734438645
ZEB1,SEMA4D,0.0314398408425803
ZEB1,SERF2,-0.05602116658221706
ZEB1,SF3B1,0.03382729101013885
ZEB1,SIK3,0.05182221784332895
ZEB1,SLC2A3,0.04292050702179065
ZEB1,SLC38A1,0.0407775135872128
ZEB1,SLFN5,0.0340323948653171
ZEB1,SMAP2,0.03431344696849245
ZEB1,SNX9,0.04144748701448915
ZEB1,SPTBN1,0.0361619192285358
ZEB1,STAT3,0.03308956523810605
ZEB1,STK17B,0.039011308652399046
ZEB1,TENT5C,0.040668861001070256
ZEB1,TMA7,-0.053072759808807164
ZEB1,TMSB10,-0.09089804793511172
ZEB1,TMSB4X,-0.09756701112496086
ZEB1,TNFAIP3,0.05255829555169456
ZEB1,TPT1,-0.08505701083707541
ZEB1,TTC3,0.0329839838649773
ZEB1,TUT4,0.04198889743552085
ZEB1,UBA52,-0.06507099741355717
ZEB1,UQCR11,-0.036675702380143047
ZEB1,USP3,0.040792785407549596
ZEB1,USP34,0.04056700268883665
ZEB1,USP36,0.0394763228511521
ZEB1,UTRN,0.0517640529521819
ZEB1,VPS13C,0.041574647459057604
ZEB1,WHAMM,0.03345700142054837
ZEB1,ZFC3H1,0.033841744700263
ZEB1,ZNF331,0.0655370363240166
ZEB2,ACTN4,0.0463580265311062
ZEB2,AHNAK,0.044286820832987434
ZEB2,ANXA2,0.0480693109249723
ZEB2,ATP2B4,0.0333359965625278
ZEB2,B2M,-0.0832035245224404
ZEB2,C12orf75,0.04711573117528505
ZEB2,C1orf21,0.0684833899461951
ZEB2,CCL5,0.06311851966837144
ZEB2,COMMD6,-0.030278789891928552
ZEB2,EEF1A1,-0.05682769101580317
ZEB2,EEF1B2,-0.0504713921961517
ZEB2,EEF1D,-0.037995990879073765
ZEB2,EEF1G,-0.061739281116949346
ZEB2,EIF1,-0.03729416092520135
ZEB2,FAU,-0.05827264279757003
ZEB2,FLNA,0.0492597971407588
ZEB2,GTDC1,0.0397241921062007
ZEB2,HLA-DQA1,0.03464811862558236
ZEB2,ITGA4,0.0312649067778312
ZEB2,LGALS1,0.04204734131992345
ZEB2,MACF1,0.0296102208896441
ZEB2,MAP3K8,0.049238591743523547
ZEB2,NACA,-0.0536348030825394
ZEB2,NIBAN1,0.0464867693194084
ZEB2,NOSIP,-0.03786999067494265
ZEB2,NPM1,-0.0365936031632775
ZEB2,PABPC1,-0.042178630839290104
ZEB2,PFDN5,-0.04344263868034646
ZEB2,PMAIP1,0.0370802720323203
ZEB2,PTMA,-0.051474878948028005
ZEB2,RACK1,-0.05031126824021995
ZEB2,RNF213,0.0298476776994295
ZEB2,RPL10,-0.06820579701953833
ZEB2,RPL10A,-0.060095836920905095
ZEB2,RPL11,-0.06842561988498058
ZEB2,RPL12,-0.06581965902798453
ZEB2,RPL13,-0.0663632840263993
ZEB2,RPL13A,-0.0843486978262825
ZEB2,RPL15,-0.0601043742024831
ZEB2,RPL17,-0.06362185262575745
ZEB2,RPL18,-0.05553789080777077
ZEB2,RPL18A,-0.06256308019806803
ZEB2,RPL19,-0.06182148904372112
ZEB2,RPL21,-0.0763538851080378
ZEB2,RPL22,-0.0568942888340034
ZEB2,RPL23A,-0.06666601699724574
ZEB2,RPL24,-0.04923425386720894
ZEB2,RPL26,-0.06724838134858363
ZEB2,RPL27,-0.05436779707804565
ZEB2,RPL27A,-0.07901816228858875
ZEB2,RPL29,-0.0537733188727073
ZEB2,RPL3,-0.070277699919887
ZEB2,RPL30,-0.06278585678688363
ZEB2,RPL31,-0.06730037518858734
ZEB2,RPL32,-0.07135307723202106
ZEB2,RPL34,-0.0848428644146858
ZEB2,RPL35,-0.06599369884179855
ZEB2,RPL35A,-0.07446129838148674
ZEB2,RPL36,-0.06995247134172357
ZEB2,RPL36A,-0.048990098502456135
ZEB2,RPL37,-0.07105441344981936
ZEB2,RPL37A,-0.05594139111947105
ZEB2,RPL38,-0.06315529776297016
ZEB2,RPL39,-0.07067199900114096
ZEB2,RPL4,-0.050420873188076004
ZEB2,RPL41,-0.07988415520878867
ZEB2,RPL5,-0.05857628543402673
ZEB2,RPL6,-0.05487546464565516
ZEB2,RPL7,-0.06905585880743058
ZEB2,RPL7A,-0.055688033748092045
ZEB2,RPL8,-0.050624827358306076
ZEB2,RPL9,-0.0617567687617249
ZEB2,RPLP0,-0.04324725132075305
ZEB2,RPLP1,-0.06315145866195883
ZEB2,RPLP2,-0.06053334513796627
ZEB2,RPS10,-0.0541986329292616
ZEB2,RPS12,-0.06156753738399162
ZEB2,RPS13,-0.06857405236484695
ZEB2,RPS14,-0.07042291138843759
ZEB2,RPS15,-0.07432706673338203
ZEB2,RPS15A,-0.06501269227921477
ZEB2,RPS16,-0.0553531398688179
ZEB2,RPS18,-0.07343262064174767
ZEB2,RPS19,-0.06800985034945917
ZEB2,RPS2,-0.0680628897785901
ZEB2,RPS20,-0.0657299591677196
ZEB2,RPS21,-0.057632734413056864
ZEB2,RPS23,-0.062080088289585326
ZEB2,RPS24,-0.049003692995008896
ZEB2,RPS25,-0.0736231514582311
ZEB2,RPS27,-0.08004871074143233
ZEB2,RPS27A,-0.06908596978403773
ZEB2,RPS28,-0.07562581108726917
ZEB2,RPS29,-0.0692106846555873
ZEB2,RPS3,-0.061255923152663525
ZEB2,RPS3A,-0.06149916364273568
ZEB2,RPS4X,-0.07160499146202086
ZEB2,RPS5,-0.055047952944255726
ZEB2,RPS6,-0.07132104099934673
ZEB2,RPS7,-0.055759649643692365
ZEB2,RPS8,-0.0606816780843547
ZEB2,RPS9,-0.05882924721400976
ZEB2,RPSA,-0.05758070510028485
ZEB2,S1PR5,0.05195980075609385
ZEB2,SYNE1,0.034129368947751496
ZEB2,TGFB1,0.0405002129184689
ZEB2,TGFBR3,0.043073813573358155
ZEB2,TPT1,-0.05509856105855051
ZEB2,TYROBP,0.050234350851873145
ZEB2,UBA52,-0.047130759240566866
ZEB2,UTRN,0.029415759058245602
ZFP14,CD52,-0.034069426602137
ZFP14,EEF1A1,-0.03678994043276465
ZFP14,EIF1,-0.04152244739235478
ZFP14,FTH1,-0.04594612842140445
ZFP14,H3-3B,-0.04062969066516264
ZFP14,PTMA,-0.0407651278863323
ZFP14,RPL13,-0.043393150520444936
ZFP14,RPL15,-0.03555266372913795
ZFP14,RPL19,-0.036848341412874554
ZFP14,RPL26,-0.0401759936394357
ZFP14,RPL28,-0.04926768610619135
ZFP14,RPL31,-0.03499215976645865
ZFP14,RPL32,-0.045955729071386564
ZFP14,RPL36,-0.0466764886805946
ZFP14,RPL37,-0.043901761537651754
ZFP14,RPL41,-0.05462423754046167
ZFP14,RPLP2,-0.03731157556470257
ZFP14,RPS12,-0.0464336964871412
ZFP14,RPS14,-0.044643622204683535
ZFP14,RPS15A,-0.047506898170094465
ZFP14,RPS21,-0.03796218115826
ZFP14,RPS3,-0.03623539745232387
ZFP14,RPS7,-0.03746392455043375
ZFP14,TMSB10,-0.046726999676184766
ZFP62,RPL12,-0.03340144558178225
ZFP62,RPL18A,-0.03773869292466825
ZFP62,RPL36,-0.0362129821555227
ZFP62,RPS15A,-0.040318386821180704
ZFP64,RPL13,-0.0416684070910135
ZFP64,RPLP2,-0.04111832136177275
ZFP91,B2M,-0.08264530782341098
ZFP91,EEF1A1,-0.05768798826328215
ZFP91,EIF1,-0.03258292953390755
ZFP91,FTL,-0.03289584945122193
ZFP91,HLA-B,-0.038121283068191555
ZFP91,NACA,-0.044791745165624564
ZFP91,PTMA,-0.04489852703297196
ZFP91,RACK1,-0.04061745932348377
ZFP91,RPL10A,-0.04688618320692609
ZFP91,RPL11,-0.06731996972881987
ZFP91,RPL12,-0.05930483983468085
ZFP91,RPL15,-0.049040636895380706
ZFP91,RPL18,-0.0525974557807976
ZFP91,RPL19,-0.060819654646571755
ZFP91,RPL21,-0.056643995971633325
ZFP91,RPL27,-0.04593960416763485
ZFP91,RPL28,-0.061784968620091155
ZFP91,RPL29,-0.0595607889142075
ZFP91,RPL3,-0.0560380958312241
ZFP91,RPL31,-0.05364282697329233
ZFP91,RPL35,-0.05397781325891434
ZFP91,RPL35A,-0.062076130275052446
ZFP91,RPL36,-0.06216727145019385
ZFP91,RPL37,-0.06669407852166341
ZFP91,RPL37A,-0.055629752946802696
ZFP91,RPL38,-0.04923720732314187
ZFP91,RPL5,-0.05153844720308267
ZFP91,RPL6,-0.06171506491931017
ZFP91,RPL7,-0.04991561440575824
ZFP91,RPL7A,-0.05408845239720983
ZFP91,RPL9,-0.050983267474198096
ZFP91,RPLP1,-0.055469786238302024
ZFP91,RPLP2,-0.056868254276416924
ZFP91,RPS10,-0.0390154799651332
ZFP91,RPS12,-0.06347755790964628
ZFP91,RPS14,-0.06607503325757848
ZFP91,RPS15,-0.06678601862314178
ZFP91,RPS15A,-0.0676620619905267
ZFP91,RPS18,-0.060377674777958475
ZFP91,RPS19,-0.06402960437024108
ZFP91,RPS2,-0.0565874100122734
ZFP91,RPS20,-0.04112283191503376
ZFP91,RPS24,-0.0545851523856426
ZFP91,RPS28,-0.06903570506901775
ZFP91,RPS3,-0.06099028958034958
ZFP91,RPS3A,-0.05546800694642385
ZFP91,RPS6,-0.059760370324622
ZFP91,RPS7,-0.055113806731284846
ZFP91,RPS8,-0.05576533601782108
ZFP91,RPS9,-0.044578982978771574
ZFP91,RPSA,-0.043769393658385836
ZFP91,TOMM7,-0.0377418034379896
ZFX,ACTB,-0.05150962045254505
ZFX,ATP5F1E,-0.046021354337925896
ZFX,ATP5MG,-0.0332610879418768
ZFX,B2M,-0.09184311597543895
ZFX,BTF3,-0.03781638547202015
ZFX,CD52,-0.04364342860260753
ZFX,COMMD6,-0.0363419978025418
ZFX,COX4I1,-0.039967566331812004
ZFX,COX7C,-0.037284594498654434
ZFX,DDX3X,0.032999821078238
ZFX,EEF1A1,-0.06451622406201526
ZFX,EEF1B2,-0.04899819781278735
ZFX,EEF1D,-0.043631939633071166
ZFX,EIF1,-0.0431374653771886
ZFX,FAU,-0.0644267430227917
ZFX,FTH1,-0.0439929668801559
ZFX,FTL,-0.0445214744296079
ZFX,FXYD5,-0.03738443021255665
ZFX,HLA-A,-0.043559972923572346
ZFX,HLA-C,-0.04186734467023985
ZFX,IFITM1,-0.04480603511517345
ZFX,MT-CO1,-0.048138414815599495
ZFX,MT-CO2,-0.04786827461161314
ZFX,MT-CO3,-0.04285345624137475
ZFX,MT-CYB,-0.0343913849735755
ZFX,MT-ND3,-0.0348406680125541
ZFX,NACA,-0.06535270380850006
ZFX,PFDN5,-0.052704072540030865
ZFX,PFN1,-0.04300367332833345
ZFX,PTMA,-0.0528479804466987
ZFX,RACK1,-0.0564181921044387
ZFX,RPL10,-0.08226996275473306
ZFX,RPL10A,-0.05340877850321307
ZFX,RPL11,-0.07801853245891702
ZFX,RPL12,-0.06920086006231022
ZFX,RPL13,-0.07670002189470695
ZFX,RPL13A,-0.0653028469615988
ZFX,RPL14,-0.05979633972501092
ZFX,RPL15,-0.052141561617419854
ZFX,RPL17,-0.0592578042948391
ZFX,RPL18,-0.06260785684536632
ZFX,RPL18A,-0.07402701160960948
ZFX,RPL19,-0.07009353295246978
ZFX,RPL21,-0.06344313349692
ZFX,RPL22,-0.0526841689060963
ZFX,RPL23A,-0.06314810401486178
ZFX,RPL24,-0.047791049396124496
ZFX,RPL26,-0.07021602427058242
ZFX,RPL27,-0.04383130554028477
ZFX,RPL27A,-0.05679458063196357
ZFX,RPL28,-0.07225134847522208
ZFX,RPL29,-0.059986654017876326
ZFX,RPL3,-0.059156654592696076
ZFX,RPL30,-0.0715375638849575
ZFX,RPL31,-0.06149220261296984
ZFX,RPL32,-0.0812510645208296
ZFX,RPL34,-0.08513952172038845
ZFX,RPL35,-0.05775584320045018
ZFX,RPL35A,-0.07341501640991363
ZFX,RPL36,-0.0724644172298344
ZFX,RPL36A,-0.056385089780356654
ZFX,RPL37,-0.06345479312934485
ZFX,RPL37A,-0.05190472510344772
ZFX,RPL38,-0.0469770154970066
ZFX,RPL39,-0.08121291970797961
ZFX,RPL41,-0.08017347132759517
ZFX,RPL5,-0.05866111166889087
ZFX,RPL6,-0.05984271663168375
ZFX,RPL7,-0.05721444901672407
ZFX,RPL7A,-0.061625270891201234
ZFX,RPL8,-0.05776725057569858
ZFX,RPL9,-0.052454859270590126
ZFX,RPLP0,-0.06487270796113326
ZFX,RPLP1,-0.0732707335752143
ZFX,RPLP2,-0.06958868563739642
ZFX,RPS10,-0.04063860707792765
ZFX,RPS11,-0.036538405844811495
ZFX,RPS12,-0.07321011732636834
ZFX,RPS13,-0.0681807840789711
ZFX,RPS14,-0.07802558585879428
ZFX,RPS15,-0.07792085920818509
ZFX,RPS15A,-0.07928382329656783
ZFX,RPS16,-0.050003638113200896
ZFX,RPS18,-0.07345884963256227
ZFX,RPS19,-0.07757361246262018
ZFX,RPS2,-0.06271059400668541
ZFX,RPS20,-0.04620449626152917
ZFX,RPS21,-0.0628556169511734
ZFX,RPS23,-0.0705449523716622
ZFX,RPS24,-0.05342438159962515
ZFX,RPS25,-0.06998609036874578
ZFX,RPS27,-0.08198267637603743
ZFX,RPS27A,-0.080057214032587
ZFX,RPS28,-0.08063658581660017
ZFX,RPS29,-0.06810157124200644
ZFX,RPS3,-0.0698447599049199
ZFX,RPS3A,-0.06379280824063223
ZFX,RPS4X,-0.05745844471108197
ZFX,RPS5,-0.0535363467086305
ZFX,RPS6,-0.0629429124605632
ZFX,RPS7,-0.06261849296427295
ZFX,RPS8,-0.06897489142223348
ZFX,RPS9,-0.04917642874035445
ZFX,RPSA,-0.05086918415503083
ZFX,SERF2,-0.040664990398144196
ZFX,TMA7,-0.0371194611038193
ZFX,TMSB10,-0.0676456791747428
ZFX,TMSB4X,-0.0758589820309922
ZFX,TOMM7,-0.038511683851800996
ZFX,TPT1,-0.057941417828131836
ZFX,UBA52,-0.05035253141917514
ZFY,B2M,-0.0685957370481889
ZFY,DDX3Y,0.1004528193128269
ZFY,EEF1A1,-0.055667423101364244
ZFY,FAU,-0.05546540516099115
ZFY,PTMA,-0.04610432844780135
ZFY,RPL10,-0.0596232233044558
ZFY,RPL11,-0.062466708163689946
ZFY,RPL12,-0.055219159495192
ZFY,RPL13,-0.05754962338789575
ZFY,RPL14,-0.05443462834967999
ZFY,RPL17,-0.047218979583697696
ZFY,RPL18,-0.05377520082040195
ZFY,RPL18A,-0.054475049408784705
ZFY,RPL19,-0.0547068927423669
ZFY,RPL22,-0.050185735603220746
ZFY,RPL24,-0.0495320247547415
ZFY,RPL26,-0.055353513425692294
ZFY,RPL28,-0.06203152015338455
ZFY,RPL29,-0.0537759554250372
ZFY,RPL30,-0.0641779154443563
ZFY,RPL32,-0.0626631218889453
ZFY,RPL34,-0.0631160348326534
ZFY,RPL35A,-0.0584515449048693
ZFY,RPL36,-0.052913582652080446
ZFY,RPL37,-0.058541360253723695
ZFY,RPL39,-0.05748187877371615
ZFY,RPL41,-0.04818413017963405
ZFY,RPL5,-0.050409620110591746
ZFY,RPL6,-0.0524776885197681
ZFY,RPL7A,-0.0485465657372289
ZFY,RPL8,-0.048398627130246646
ZFY,RPS12,-0.05805005822881165
ZFY,RPS13,-0.05477821073739325
ZFY,RPS14,-0.0545878682167792
ZFY,RPS15,-0.05949395913314434
ZFY,RPS15A,-0.06338452822790006
ZFY,RPS18,-0.052240286515932044
ZFY,RPS19,-0.05370411363143
ZFY,RPS21,-0.054881072217563255
ZFY,RPS23,-0.05695323704045345
ZFY,RPS24,-0.054179880251361154
ZFY,RPS25,-0.05420709993587525
ZFY,RPS27,-0.05953442829909905
ZFY,RPS27A,-0.0620451507620412
ZFY,RPS28,-0.060661103785312545
ZFY,RPS3,-0.0538217056319603
ZFY,RPS3A,-0.0519780230397746
ZFY,RPS4X,-0.1037911408065179
ZFY,RPS4Y1,0.12950108674204874
ZFY,RPS6,-0.04819441152170255
ZFY,RPS7,-0.0565762310709573
ZFY,RPS8,-0.056270346688705744
ZFY,TMSB10,-0.0564818342031648
ZFY,TMSB4X,-0.05312145428740285
ZFY,TPT1,-0.04951110344746685
ZFY,USP9Y,0.07388395524254955
ZFY,UTY,0.0806256471216793
ZGPAT,B2M,-0.06973283452327679
ZGPAT,COX7C,-0.0363795586956009
ZGPAT,EEF1A1,-0.06438847231112164
ZGPAT,EEF1B2,-0.037118012703478365
ZGPAT,EIF1,-0.050604530840574
ZGPAT,FAU,-0.06247199217102397
ZGPAT,FTL,-0.03956372975743647
ZGPAT,MT-CO2,-0.04362778089550495
ZGPAT,NACA,-0.043135443152384
ZGPAT,PABPC1,-0.0431815320833243
ZGPAT,PFDN5,-0.0419979534656787
ZGPAT,PTMA,-0.0622783743671708
ZGPAT,RACK1,-0.0394054582591205
ZGPAT,RPL10,-0.07801361270740527
ZGPAT,RPL10A,-0.055144118654980166
ZGPAT,RPL11,-0.07620633638097313
ZGPAT,RPL12,-0.066978903840615
ZGPAT,RPL13,-0.07639675080322707
ZGPAT,RPL13A,-0.06546742008334207
ZGPAT,RPL14,-0.06537272980678717
ZGPAT,RPL15,-0.0537662182003348
ZGPAT,RPL17,-0.06650891755744613
ZGPAT,RPL18,-0.06219189686058313
ZGPAT,RPL18A,-0.06964271860099103
ZGPAT,RPL19,-0.0687580775481544
ZGPAT,RPL21,-0.06099555717439047
ZGPAT,RPL22,-0.057237452760825
ZGPAT,RPL23A,-0.06518750616442123
ZGPAT,RPL24,-0.055901023573387075
ZGPAT,RPL26,-0.06933915667372907
ZGPAT,RPL27,-0.04892358804587373
ZGPAT,RPL27A,-0.06682090251417595
ZGPAT,RPL28,-0.07564440291637986
ZGPAT,RPL29,-0.05995460395091551
ZGPAT,RPL3,-0.05916373650318656
ZGPAT,RPL30,-0.0761528560876196
ZGPAT,RPL31,-0.0573588851216947
ZGPAT,RPL32,-0.08001022373132793
ZGPAT,RPL34,-0.08044749001108197
ZGPAT,RPL35,-0.06027090267458493
ZGPAT,RPL35A,-0.0717843989123484
ZGPAT,RPL36,-0.06893271008034334
ZGPAT,RPL36A,-0.06515540008869895
ZGPAT,RPL37,-0.07257937291086307
ZGPAT,RPL37A,-0.062084066394582936
ZGPAT,RPL38,-0.06778883790290716
ZGPAT,RPL39,-0.07605287982852517
ZGPAT,RPL4,-0.043257495657173406
ZGPAT,RPL41,-0.07226827663431991
ZGPAT,RPL5,-0.05429299299270154
ZGPAT,RPL6,-0.05526516218323516
ZGPAT,RPL7,-0.05213562057062993
ZGPAT,RPL7A,-0.04985294891789167
ZGPAT,RPL8,-0.0520314391152325
ZGPAT,RPL9,-0.060819462027636134
ZGPAT,RPLP0,-0.038764491500831194
ZGPAT,RPLP1,-0.06772084601197943
ZGPAT,RPLP2,-0.0772680532625694
ZGPAT,RPS11,-0.0453283546080788
ZGPAT,RPS12,-0.0779026984180403
ZGPAT,RPS13,-0.06834023471799609
ZGPAT,RPS14,-0.0760584709273521
ZGPAT,RPS15,-0.0722594637005826
ZGPAT,RPS15A,-0.08192382222063584
ZGPAT,RPS16,-0.06234943795511969
ZGPAT,RPS18,-0.07249229043269002
ZGPAT,RPS19,-0.0715526081856075
ZGPAT,RPS2,-0.06013442237703953
ZGPAT,RPS21,-0.06297522355930431
ZGPAT,RPS24,-0.05668416478321447
ZGPAT,RPS25,-0.0733957373543405
ZGPAT,RPS26,-0.0339461259425076
ZGPAT,RPS27,-0.07968580494816434
ZGPAT,RPS27A,-0.07860708056012387
ZGPAT,RPS28,-0.0755112686673761
ZGPAT,RPS29,-0.0806318516042394
ZGPAT,RPS3,-0.06900988435151517
ZGPAT,RPS3A,-0.0671723205365877
ZGPAT,RPS4X,-0.059714924142634934
ZGPAT,RPS5,-0.05461490056859159
ZGPAT,RPS6,-0.06836540520698346
ZGPAT,RPS7,-0.060752367867745495
ZGPAT,RPS8,-0.07364214459253669
ZGPAT,RPS9,-0.05025308658741403
ZGPAT,RPSA,-0.04402425211716197
ZGPAT,TMSB10,-0.06767312918141336
ZGPAT,TOMM7,-0.04198408433173585
ZGPAT,TPT1,-0.05971390973509403
ZGPAT,UBA52,-0.05383052749408007
ZHX1,B2M,-0.07110806168512433
ZHX1,EEF1A1,-0.050886737015157925
ZHX1,FAU,-0.05083324188818756
ZHX1,MT-CO1,-0.03704315427827005
ZHX1,MT-CO2,-0.03773366955255255
ZHX1,RPL10,-0.06545719472866236
ZHX1,RPL10A,-0.0441721003936476
ZHX1,RPL11,-0.061495384839577096
ZHX1,RPL12,-0.055136705780605366
ZHX1,RPL13,-0.058134188580013534
ZHX1,RPL13A,-0.04970412016075065
ZHX1,RPL14,-0.05581344908391775
ZHX1,RPL18,-0.0487983053599734
ZHX1,RPL18A,-0.057188916284488765
ZHX1,RPL22,-0.050934627408729546
ZHX1,RPL23A,-0.0538293558615523
ZHX1,RPL29,-0.055519645979627094
ZHX1,RPL3,-0.05159807164149635
ZHX1,RPL30,-0.05838438807518104
ZHX1,RPL35,-0.04965690220539465
ZHX1,RPL36A,-0.0417666486541826
ZHX1,RPL37,-0.06075871420863779
ZHX1,RPL7A,-0.0521214907072066
ZHX1,RPL8,-0.0444237271144896
ZHX1,RPLP1,-0.051712833761988763
ZHX1,RPS13,-0.05595856782347954
ZHX1,RPS14,-0.06173214779273136
ZHX1,RPS15,-0.06230941659487723
ZHX1,RPS15A,-0.06396282866158014
ZHX1,RPS16,-0.0403639984872717
ZHX1,RPS18,-0.0637490435850469
ZHX1,RPS19,-0.05911982555912007
ZHX1,RPS2,-0.05250960677444505
ZHX1,RPS27,-0.06664483135655846
ZHX1,RPS28,-0.0640542181630443
ZHX1,RPS29,-0.050419561278504464
ZHX1,RPS3,-0.0546576654338558
ZHX1,RPS3A,-0.05079281465364797
ZHX1,RPS5,-0.04237233162306794
ZHX1,RPS6,-0.054724546714379596
ZHX1,RPS7,-0.04910100082281473
ZHX1,RPS8,-0.053757552594567104
ZHX1,RPS9,-0.04322131509698205
ZHX1,TMSB10,-0.05465024095398153
ZHX2,ARIH1,0.04242112265905565
ZHX2,ATP5F1E,-0.059806165015028154
ZHX2,ATP5MC2,-0.03976014347624135
ZHX2,BTF3,-0.0463287161473405
ZHX2,CCNH,0.0366386392088893
ZHX2,CFL1,-0.043316525091317545
ZHX2,COX7C,-0.046734006207970705
ZHX2,EEF1A1,-0.06672934796935703
ZHX2,EEF1B2,-0.0492675440606409
ZHX2,EEF1D,-0.05356587024684535
ZHX2,ELL2,0.0364037155470546
ZHX2,FAU,-0.0848707637453132
ZHX2,FOSB,0.04367487431502309
ZHX2,FTH1,-0.033651679204664
ZHX2,FTL,-0.049946226947686204
ZHX2,HOOK2,0.04446146194504415
ZHX2,JMJD1C,0.037180915565995246
ZHX2,MT-CO1,-0.050355761046961545
ZHX2,MT-CO2,-0.0426658764631562
ZHX2,MT-CO3,-0.0386832334501965
ZHX2,MYL12A,-0.0523741402464586
ZHX2,MYL6,-0.039139623833128
ZHX2,NACA,-0.0699638736156505
ZHX2,NR4A2,0.0496741093732412
ZHX2,PPIA,-0.044590782551784
ZHX2,PTMA,-0.052715404200280834
ZHX2,RACK1,-0.06166254550418225
ZHX2,RPL10,-0.0798215935399432
ZHX2,RPL10A,-0.0530938982183611
ZHX2,RPL12,-0.0701364982674345
ZHX2,RPL13A,-0.0548249446748898
ZHX2,RPL14,-0.08182433996877855
ZHX2,RPL15,-0.05307981583133933
ZHX2,RPL18,-0.0807299992233021
ZHX2,RPL18A,-0.07401279558236654
ZHX2,RPL21,-0.05384016635623587
ZHX2,RPL22,-0.07424449320174045
ZHX2,RPL23A,-0.06148562988876947
ZHX2,RPL24,-0.06531563274626545
ZHX2,RPL26,-0.0719537973112528
ZHX2,RPL29,-0.08615143545588305
ZHX2,RPL3,-0.05269723213528296
ZHX2,RPL30,-0.09176429702698635
ZHX2,RPL31,-0.05119535173912615
ZHX2,RPL32,-0.07608534271335414
ZHX2,RPL34,-0.08129201993397696
ZHX2,RPL35,-0.054926987793750194
ZHX2,RPL35A,-0.07008181980525836
ZHX2,RPL36,-0.0674114958666903
ZHX2,RPL36AL,-0.045058207885013954
ZHX2,RPL37,-0.08448365807130095
ZHX2,RPL37A,-0.06345243192994796
ZHX2,RPL38,-0.05094962401795104
ZHX2,RPL41,-0.07233933174465802
ZHX2,RPL5,-0.0751440742251537
ZHX2,RPL6,-0.08487375676652134
ZHX2,RPL7A,-0.07984986797276655
ZHX2,RPL8,-0.06311479006120287
ZHX2,RPL9,-0.05919148017019395
ZHX2,RPLP0,-0.0711536704421928
ZHX2,RPLP1,-0.06839709706422153
ZHX2,RPLP2,-0.05898587795502689
ZHX2,RPS12,-0.08975037809786746
ZHX2,RPS13,-0.0661688873448327
ZHX2,RPS14,-0.07269753501822034
ZHX2,RPS15,-0.07634842906512093
ZHX2,RPS15A,-0.07605945628123496
ZHX2,RPS16,-0.058035589801427506
ZHX2,RPS18,-0.07040726585306863
ZHX2,RPS19,-0.07595699419945436
ZHX2,RPS2,-0.06297205851751937
ZHX2,RPS21,-0.085090806107381
ZHX2,RPS25,-0.06564617463771306
ZHX2,RPS27,-0.07821689928743204
ZHX2,RPS27A,-0.07774695122138536
ZHX2,RPS28,-0.0764001931151231
ZHX2,RPS29,-0.058279141123589506
ZHX2,RPS3,-0.06679305193557357
ZHX2,RPS3A,-0.07420035179375105
ZHX2,RPS4X,-0.0636819983602005
ZHX2,RPS5,-0.06889078667086015
ZHX2,RPS6,-0.05627097528487133
ZHX2,RPS7,-0.0912765979852101
ZHX2,RPS8,-0.0848091074478752
ZHX2,RPS9,-0.048652217681796894
ZHX2,RPSA,-0.0664684539706519
ZHX2,SERF2,-0.05219113365437185
ZHX2,TMA7,-0.050304884963178545
ZHX2,TNFAIP3,0.0502927532807408
ZHX2,TPT1,-0.0723757986574257
ZHX2,UBA52,-0.060689870593070794
ZHX2,YPEL5,0.0468339834022257
ZHX2,ZNF331,0.05755689104163755
ZKSCAN1,ACTB,-0.04392476898029304
ZKSCAN1,B2M,-0.10028669524011499
ZKSCAN1,CD52,-0.043611247273424726
ZKSCAN1,EEF1A1,-0.0567945328373562
ZKSCAN1,EEF1D,-0.0414560639977268
ZKSCAN1,EIF1,-0.05160422148922372
ZKSCAN1,FAU,-0.05865013938128573
ZKSCAN1,FTH1,-0.05384777669975638
ZKSCAN1,FTL,-0.0445110079681293
ZKSCAN1,H3-3B,-0.046093861828573446
ZKSCAN1,HLA-B,-0.04878590066206645
ZKSCAN1,JUNB,-0.04126635829048695
ZKSCAN1,MT-CO2,-0.04476281275476931
ZKSCAN1,MT-CO3,-0.0408380483834358
ZKSCAN1,MT-ND6,0.0332336682972673
ZKSCAN1,NACA,-0.0572495717078894
ZKSCAN1,PFN1,-0.03729499732891233
ZKSCAN1,RACK1,-0.04638891776469145
ZKSCAN1,RPL10,-0.0795311657710646
ZKSCAN1,RPL10A,-0.04731357837320845
ZKSCAN1,RPL11,-0.07222075118788535
ZKSCAN1,RPL12,-0.06551174066925788
ZKSCAN1,RPL13,-0.07050357759990847
ZKSCAN1,RPL14,-0.06597694495813893
ZKSCAN1,RPL15,-0.04916886585872908
ZKSCAN1,RPL18,-0.05511699117891948
ZKSCAN1,RPL18A,-0.06904907201010746
ZKSCAN1,RPL19,-0.06266191856208575
ZKSCAN1,RPL21,-0.0686150035081026
ZKSCAN1,RPL22,-0.05435389181017473
ZKSCAN1,RPL23A,-0.062308203153236576
ZKSCAN1,RPL24,-0.0517523068872906
ZKSCAN1,RPL26,-0.06698660186018532
ZKSCAN1,RPL27,-0.04561498189198745
ZKSCAN1,RPL27A,-0.06584144429611175
ZKSCAN1,RPL29,-0.06023012914844727
ZKSCAN1,RPL30,-0.06500989640460793
ZKSCAN1,RPL31,-0.057801095532322766
ZKSCAN1,RPL32,-0.0762385003481923
ZKSCAN1,RPL34,-0.08162261195565976
ZKSCAN1,RPL35,-0.05650363600694067
ZKSCAN1,RPL35A,-0.06690367591211008
ZKSCAN1,RPL36,-0.06860515241573073
ZKSCAN1,RPL37,-0.06880400919884273
ZKSCAN1,RPL37A,-0.051209233005103265
ZKSCAN1,RPL38,-0.0535367627440812
ZKSCAN1,RPL5,-0.05095463952472296
ZKSCAN1,RPL6,-0.05269312694071573
ZKSCAN1,RPL7A,-0.052980718560571405
ZKSCAN1,RPL9,-0.050536090966458204
ZKSCAN1,RPLP0,-0.0525115553923665
ZKSCAN1,RPS12,-0.06648210033327842
ZKSCAN1,RPS13,-0.0628161976132082
ZKSCAN1,RPS14,-0.0735618724532949
ZKSCAN1,RPS15,-0.07488430964512383
ZKSCAN1,RPS15A,-0.07601599534425593
ZKSCAN1,RPS2,-0.0586985806991987
ZKSCAN1,RPS20,-0.0397577866313356
ZKSCAN1,RPS27,-0.08041858690309407
ZKSCAN1,RPS27A,-0.07774384567980158
ZKSCAN1,RPS28,-0.07523820699141648
ZKSCAN1,RPS3,-0.06337192633930815
ZKSCAN1,RPS3A,-0.05600739144072195
ZKSCAN1,RPS4X,-0.062083177497213496
ZKSCAN1,RPS5,-0.0447793847918104
ZKSCAN1,RPS6,-0.0580120582744509
ZKSCAN1,RPS7,-0.058848073007700105
ZKSCAN1,RPS8,-0.0610866356983797
ZKSCAN1,RPS9,-0.044792994884292024
ZKSCAN1,UBA52,-0.05008661457242767
ZKSCAN5,RPL28,-0.0381801846297092
ZKSCAN5,RPS15A,-0.039179201032436606
ZKSCAN8,ACTB,-0.04797469603721745
ZKSCAN8,B2M,-0.072578133353933
ZKSCAN8,EEF1A1,-0.06231609138194695
ZKSCAN8,EIF1,-0.03941954395713995
ZKSCAN8,PTMA,-0.05256305703754955
ZKSCAN8,RACK1,-0.0429513590512058
ZKSCAN8,RPL10,-0.05801385272768317
ZKSCAN8,RPL12,-0.05036688997853404
ZKSCAN8,RPL13,-0.04993989119266797
ZKSCAN8,RPL13A,-0.0369882633314746
ZKSCAN8,RPL14,-0.0586649265314901
ZKSCAN8,RPL15,-0.037050778130180595
ZKSCAN8,RPL18,-0.05606088850994595
ZKSCAN8,RPL18A,-0.0503629731173997
ZKSCAN8,RPL19,-0.0628588470330501
ZKSCAN8,RPL24,-0.04746420812596105
ZKSCAN8,RPL26,-0.04938567104920433
ZKSCAN8,RPL28,-0.07043082653779564
ZKSCAN8,RPL29,-0.0592977646404199
ZKSCAN8,RPL31,-0.0358076492198965
ZKSCAN8,RPL32,-0.054724175361135934
ZKSCAN8,RPL35A,-0.05014038036046623
ZKSCAN8,RPL36,-0.04856646692083544
ZKSCAN8,RPL37,-0.06004349881977325
ZKSCAN8,RPL41,-0.05578660042619063
ZKSCAN8,RPL5,-0.04926332680640995
ZKSCAN8,RPL6,-0.05930115225706565
ZKSCAN8,RPL7A,-0.05626940178401335
ZKSCAN8,RPLP0,-0.04763405149420645
ZKSCAN8,RPLP2,-0.051977516820262804
ZKSCAN8,RPS12,-0.06528829850761005
ZKSCAN8,RPS14,-0.05204234500876873
ZKSCAN8,RPS15,-0.05526114598169946
ZKSCAN8,RPS15A,-0.05490797107401143
ZKSCAN8,RPS18,-0.04652075556768776
ZKSCAN8,RPS19,-0.05157807834099017
ZKSCAN8,RPS24,-0.0583692425564563
ZKSCAN8,RPS27,-0.0541310287030092
ZKSCAN8,RPS27A,-0.05535979289973803
ZKSCAN8,RPS29,-0.03768045598306827
ZKSCAN8,RPS3,-0.0478946487570256
ZKSCAN8,RPS5,-0.046925500578875304
ZKSCAN8,RPS6,-0.040810679476301154
ZKSCAN8,RPS7,-0.06401847508333419
ZKSCAN8,RPS8,-0.0612954582964414
ZKSCAN8,TMSB10,-0.0539033697833087
ZNF10,ACTB,-0.08330157777275204
ZNF10,ACTN1,0.054996744664831204
ZNF10,ARIH1,0.055161649646708194
ZNF10,ATP5F1E,-0.0590341369305102
ZNF10,BTG2,0.062137245935865
ZNF10,CALM1,-0.04040945774516645
ZNF10,CCR7,0.058987672086867254
ZNF10,CFL1,-0.0630072204099658
ZNF10,CHD1,0.0430774299715231
ZNF10,CHD2,0.048530680209485796
ZNF10,CLIC1,-0.06845945234072315
ZNF10,CREM,0.04702442199577045
ZNF10,CYBA,-0.0580882490051879
ZNF10,ELL2,0.0499268325727588
ZNF10,FOS,0.0856711241495633
ZNF10,FOSB,0.09067827091039275
ZNF10,FOXP1,0.0620169748938959
ZNF10,GAPDH,-0.0701728233376738
ZNF10,IL6ST,0.0682970743875155
ZNF10,JMJD1C,0.0455100978176876
ZNF10,JUN,0.0712511978035323
ZNF10,JUNB,0.09103899838965004
ZNF10,LEF1,0.0645967132192352
ZNF10,MIF,-0.0449082208374985
ZNF10,MLLT3,0.043852889212748
ZNF10,MPP7,0.03629316489516215
ZNF10,NELL2,0.04914936935698165
ZNF10,OXNAD1,0.049985359426095055
ZNF10,PDE3B,0.05648804568242145
ZNF10,PDE7A,0.04196328355734835
ZNF10,PER1,0.04142376057311505
ZNF10,PFN1,-0.0990947290688476
ZNF10,PPIA,-0.046672579427101804
ZNF10,RASA2,0.03925713529105895
ZNF10,RNF125,0.04127810453113295
ZNF10,RNF139,0.047953135439965905
ZNF10,RPL41,-0.05561474895710665
ZNF10,RPS7,-0.055808171282656596
ZNF10,SATB1,0.059758742005607046
ZNF10,SCML1,0.04940021380549125
ZNF10,SERF2,-0.052166111246026395
ZNF10,SOCS3,0.05918952333434075
ZNF10,STAT3,0.05901431049855135
ZNF10,TMEM131L,0.04044775796472385
ZNF10,TSPYL1,0.0607726293296751
ZNF10,UBE2S,0.037321834378593294
ZNF101,ENO1,0.03593117255217205
ZNF101,NCL,0.03571427483612255
ZNF101,PNN,0.03837440275579205
ZNF101,PTMA,-0.05514168347097953
ZNF101,RPL12,-0.059166138247408205
ZNF101,RPL13,-0.06263226737369447
ZNF101,RPL18,-0.04198035138004183
ZNF101,RPL21,-0.05986823129518979
ZNF101,RPL22,-0.0397476192903443
ZNF101,RPL31,-0.0594005711650093
ZNF101,RPL36,-0.07072768365227616
ZNF101,RPL37,-0.060789097022693
ZNF101,RPL41,-0.0835118110900967
ZNF101,RPL6,-0.04319897258762576
ZNF101,RPLP2,-0.05601973275780064
ZNF101,RPS12,-0.052103001243443636
ZNF101,RPS15A,-0.06955992268159623
ZNF101,RPS23,-0.04930324989435097
ZNF101,RPS27A,-0.06869380278778867
ZNF101,RPS5,-0.0337739610749454
ZNF101,RPS7,-0.04572509196904587
ZNF101,RSL1D1,0.03314922695738989
ZNF101,SERF2,-0.040533116135715
ZNF101,STAT3,0.0342692433447081
ZNF101,TAF7,0.031385887960463446
ZNF101,TMSB10,-0.07503761671547937
ZNF12,EEF1A1,-0.04686944271486835
ZNF12,FAU,-0.0463082154600646
ZNF12,PTMA,-0.04691218818017035
ZNF12,RPL10,-0.0468278086253766
ZNF12,RPL11,-0.0428396275501888
ZNF12,RPL12,-0.04589176863007015
ZNF12,RPL13,-0.04215176567003163
ZNF12,RPL13A,-0.032808976628973946
ZNF12,RPL14,-0.0441951051717871
ZNF12,RPL18A,-0.041310296330670834
ZNF12,RPL19,-0.0456681247354545
ZNF12,RPL21,-0.03597288835757595
ZNF12,RPL23A,-0.03727241516388185
ZNF12,RPL26,-0.04063102624775886
ZNF12,RPL28,-0.055702866919983246
ZNF12,RPL29,-0.043833676734892996
ZNF12,RPL34,-0.04768166447494054
ZNF12,RPL35A,-0.0415404393532992
ZNF12,RPL36,-0.0413406691699752
ZNF12,RPL41,-0.04593138230759377
ZNF12,RPLP1,-0.04663473914105365
ZNF12,RPLP2,-0.044795008097296155
ZNF12,RPS12,-0.05001182903468845
ZNF12,RPS14,-0.045683034554913196
ZNF12,RPS15,-0.04549938532399573
ZNF12,RPS15A,-0.04393058575563056
ZNF12,RPS18,-0.04211313799909703
ZNF12,RPS23,-0.040984622770406404
ZNF12,RPS27,-0.04525601750113143
ZNF12,RPS27A,-0.044963067913184405
ZNF12,RPS28,-0.0432335507218122
ZNF12,RPS3,-0.03875386814940603
ZNF12,RPS7,-0.04729246179619305
ZNF12,RPS8,-0.0476128115161137
ZNF12,TMSB10,-0.042343884158893036
ZNF121,ACTB,-0.0460753621158065
ZNF121,B2M,-0.0810664934736805
ZNF121,EEF1A1,-0.04957377424234124
ZNF121,EIF1,-0.03238942300132075
ZNF121,FAU,-0.05248306398023697
ZNF121,FTL,-0.032662106526397755
ZNF121,HLA-A,-0.03735120457220175
ZNF121,NACA,-0.045481123303728846
ZNF121,PTMA,-0.04463044836529464
ZNF121,RACK1,-0.04069346706371585
ZNF121,RPL10,-0.06563121655968807
ZNF121,RPL10A,-0.0392335880847312
ZNF121,RPL12,-0.05234783291074533
ZNF121,RPL13,-0.055676491605833205
ZNF121,RPL13A,-0.0474199371357896
ZNF121,RPL15,-0.04573113552118995
ZNF121,RPL18,-0.04797414623597251
ZNF121,RPL18A,-0.0564159832982439
ZNF121,RPL19,-0.0547315920816416
ZNF121,RPL21,-0.05849839792701195
ZNF121,RPL22,-0.050566768155224096
ZNF121,RPL26,-0.0547902098967659
ZNF121,RPL30,-0.05721426263998856
ZNF121,RPL31,-0.046971430111120205
ZNF121,RPL32,-0.0630194643169597
ZNF121,RPL35,-0.0442296686613233
ZNF121,RPL36,-0.05313257119363337
ZNF121,RPL37,-0.05748560878966055
ZNF121,RPL41,-0.0624956146436571
ZNF121,RPL5,-0.047599185059045104
ZNF121,RPL6,-0.046800724452268266
ZNF121,RPL7A,-0.0536296755782288
ZNF121,RPLP1,-0.0507692871648417
ZNF121,RPLP2,-0.0538721926614959
ZNF121,RPS12,-0.0547946208110906
ZNF121,RPS14,-0.06056877885155084
ZNF121,RPS15,-0.062003569077218205
ZNF121,RPS15A,-0.06205899650391657
ZNF121,RPS19,-0.056566826932161
ZNF121,RPS2,-0.0543851062767892
ZNF121,RPS21,-0.05486760108247225
ZNF121,RPS24,-0.053618006793453646
ZNF121,RPS25,-0.05157793605577853
ZNF121,RPS27,-0.06559745748880076
ZNF121,RPS29,-0.05161692243344965
ZNF121,RPS3A,-0.048205508599156364
ZNF121,RPS4X,-0.05382935901737873
ZNF121,RPS5,-0.039219570515070766
ZNF121,RPS7,-0.050838476976061864
ZNF121,RPS8,-0.051497106521175035
ZNF121,RPS9,-0.04107666165344815
ZNF124,RPL10,-0.05005819497139565
ZNF124,RPL11,-0.0463764093201425
ZNF124,RPL13,-0.044439672426923954
ZNF124,RPL23A,-0.0376594278912437
ZNF124,RPL3,-0.03490665579927005
ZNF124,RPL31,-0.0322707177204196
ZNF124,RPL32,-0.048951862056071646
ZNF124,RPL34,-0.05297996281466115
ZNF124,RPL35,-0.0358849817257959
ZNF124,RPL36,-0.04405226293197525
ZNF124,RPL41,-0.04517506932648385
ZNF124,RPS14,-0.0483884830829739
ZNF124,RPS15,-0.047270881585198696
ZNF124,RPS15A,-0.046629068170118144
ZNF124,RPS18,-0.04577461692505815
ZNF124,RPS2,-0.036326716262293904
ZNF124,RPS25,-0.04221499729546045
ZNF124,RPS27,-0.05080159014367635
ZNF124,RPS27A,-0.050089234207036704
ZNF124,RPS29,-0.039312492162561
ZNF124,TMSB10,-0.04259208171445295
ZNF134,RPL23A,-0.031225060594483003
ZNF134,RPL32,-0.03943616826117715
ZNF134,RPL36,-0.0371975070754588
ZNF134,RPS14,-0.03833290306097225
ZNF134,RPS18,-0.0371476818604003
ZNF136,RPL32,-0.05413128791704455
ZNF136,RPS15A,-0.052399882405540346
ZNF138,EIF1,-0.039287234291086603
ZNF138,FTH1,-0.040114860979531236
ZNF138,PTMA,-0.04183152310182447
ZNF138,RPL10,-0.0596121002024284
ZNF138,RPL10A,-0.034075898840922256
ZNF138,RPL11,-0.05197112010774665
ZNF138,RPL12,-0.04727096811057675
ZNF138,RPL13A,-0.04147188959355385
ZNF138,RPL19,-0.043264370703220895
ZNF138,RPL23A,-0.04473912961343765
ZNF138,RPL26,-0.047786832582439556
ZNF138,RPL28,-0.04835320951557315
ZNF138,RPL35,-0.04128447314481285
ZNF138,RPL36,-0.0477049277136443
ZNF138,RPL41,-0.0538870947597608
ZNF138,RPL6,-0.0403098829247122
ZNF138,RPL8,-0.038309680828319995
ZNF138,RPLP1,-0.04615550801857525
ZNF138,RPLP2,-0.04544276241619885
ZNF138,RPS12,-0.04605455373238655
ZNF138,RPS13,-0.045443801930107997
ZNF138,RPS15,-0.0553751987308725
ZNF138,RPS15A,-0.05445131148924885
ZNF138,RPS19,-0.057264986319036995
ZNF138,RPS2,-0.0430599962622751
ZNF138,RPS28,-0.053822488859378154
ZNF138,RPS29,-0.04489199243437085
ZNF138,RPS3,-0.04546205514821585
ZNF138,RPS3A,-0.03867041819914075
ZNF138,RPS6,-0.0403682521965584
ZNF138,RPS8,-0.044839341494919804
ZNF142,B2M,-0.0584157825687799
ZNF142,EEF1A1,-0.0575438374849402
ZNF142,EEF1B2,-0.04061170474285205
ZNF142,FAU,-0.0586672011830439
ZNF142,PTMA,-0.0444480184298506
ZNF142,RPL13,-0.05666313277999625
ZNF142,RPL18,-0.05662041113051555
ZNF142,RPL18A,-0.05529854198835885
ZNF142,RPL19,-0.06238619799309
ZNF142,RPL21,-0.04122350916511855
ZNF142,RPL22,-0.0533744716757747
ZNF142,RPL23A,-0.04053790454611375
ZNF142,RPL24,-0.0471335504909159
ZNF142,RPL26,-0.054721468766366
ZNF142,RPL29,-0.05639872100560125
ZNF142,RPL3,-0.04064377315656385
ZNF142,RPL30,-0.06733718528901775
ZNF142,RPL32,-0.06471804283849665
ZNF142,RPL34,-0.06393367979959275
ZNF142,RPL35,-0.036556729556279755
ZNF142,RPL35A,-0.0615283707370604
ZNF142,RPL36,-0.052367500163551656
ZNF142,RPL37,-0.05844788416116255
ZNF142,RPL37A,-0.0369385327914871
ZNF142,RPL41,-0.054632533098931055
ZNF142,RPL5,-0.0521306692630375
ZNF142,RPL6,-0.05148317877363705
ZNF142,RPL8,-0.04940124969734895
ZNF142,RPL9,-0.0459770722072253
ZNF142,RPLP1,-0.0502304785674068
ZNF142,RPS12,-0.0634361065699687
ZNF142,RPS13,-0.061362948759694405
ZNF142,RPS14,-0.06061500270987745
ZNF142,RPS15,-0.060359057084513695
ZNF142,RPS15A,-0.0651626925008774
ZNF142,RPS16,-0.03767712704475275
ZNF142,RPS18,-0.047493894308237694
ZNF142,RPS2,-0.04225412966751675
ZNF142,RPS21,-0.0561452852845476
ZNF142,RPS23,-0.06239453940129795
ZNF142,RPS24,-0.0561780891972376
ZNF142,RPS25,-0.05513775709337715
ZNF142,RPS27,-0.061264519887155894
ZNF142,RPS27A,-0.0632071390505408
ZNF142,RPS28,-0.0631085366794925
ZNF142,RPS3,-0.05719883575810865
ZNF142,RPS3A,-0.057782809399797505
ZNF142,RPS5,-0.05095934352995725
ZNF142,RPS6,-0.0448156047783074
ZNF142,RPS7,-0.057128253624164446
ZNF142,RPS8,-0.0593016884794354
ZNF142,RPSA,-0.03947776922542515
ZNF142,TMSB10,-0.055126984085008254
ZNF142,TPT1,-0.0393470199720259
ZNF143,B2M,-0.06587573003569264
ZNF143,EEF1A1,-0.0488875650772251
ZNF143,EIF1,-0.041204484033433394
ZNF143,FAU,-0.04996077108172193
ZNF143,FTH1,-0.039585693807329556
ZNF143,FTL,-0.03698500344371235
ZNF143,MT-CO3,-0.0383738841065211
ZNF143,NACA,-0.046573038200868305
ZNF143,PFDN5,-0.038196471311100405
ZNF143,PTMA,-0.04513156741491096
ZNF143,RACK1,-0.0398465647978582
ZNF143,RPL10,-0.06443369102550772
ZNF143,RPL10A,-0.0435342097026554
ZNF143,RPL11,-0.05992705898154053
ZNF143,RPL12,-0.05342417964083124
ZNF143,RPL13,-0.06232281815915971
ZNF143,RPL13A,-0.051476168137108855
ZNF143,RPL14,-0.0559988079982746
ZNF143,RPL15,-0.04431945196857614
ZNF143,RPL17,-0.04639144693581705
ZNF143,RPL18,-0.049696383678235596
ZNF143,RPL18A,-0.05809741556440267
ZNF143,RPL19,-0.0529578901014823
ZNF143,RPL21,-0.05769825244265185
ZNF143,RPL22,-0.0517803280355055
ZNF143,RPL23A,-0.0499598905800703
ZNF143,RPL24,-0.0492327901300101
ZNF143,RPL26,-0.05550981581205053
ZNF143,RPL28,-0.05798617551258974
ZNF143,RPL29,-0.04777966956678187
ZNF143,RPL3,-0.047741811747940566
ZNF143,RPL30,-0.05435813552511187
ZNF143,RPL31,-0.05041003488966925
ZNF143,RPL32,-0.0654522217416068
ZNF143,RPL34,-0.06702483719305397
ZNF143,RPL35,-0.0487770295246044
ZNF143,RPL35A,-0.057643394482426065
ZNF143,RPL36,-0.055287902626928766
ZNF143,RPL36A,-0.04365400531770025
ZNF143,RPL37,-0.060246816899930195
ZNF143,RPL37A,-0.0384347442803312
ZNF143,RPL41,-0.05984956747392576
ZNF143,RPL5,-0.04669846982922595
ZNF143,RPL6,-0.042835347044165833
ZNF143,RPL7,-0.049745474326313655
ZNF143,RPL7A,-0.0522330104326627
ZNF143,RPL8,-0.04511208890592863
ZNF143,RPL9,-0.04121502847589257
ZNF143,RPLP1,-0.055803600687011325
ZNF143,RPLP2,-0.0549436914716836
ZNF143,RPS12,-0.0559988826625633
ZNF143,RPS13,-0.055575216650949465
ZNF143,RPS14,-0.06448286778912543
ZNF143,RPS15,-0.06161646425691997
ZNF143,RPS15A,-0.0631191297429582
ZNF143,RPS16,-0.0484913859227402
ZNF143,RPS18,-0.060383139498439826
ZNF143,RPS19,-0.06106312776742844
ZNF143,RPS2,-0.052876823293166474
ZNF143,RPS21,-0.0451950220078274
ZNF143,RPS23,-0.05625183164361807
ZNF143,RPS24,-0.053471786680468994
ZNF143,RPS25,-0.05669014965923289
ZNF143,RPS27,-0.06279628474242727
ZNF143,RPS27A,-0.0632670565811836
ZNF143,RPS28,-0.060428041374932066
ZNF143,RPS29,-0.05587535295683135
ZNF143,RPS3,-0.05372185278182926
ZNF143,RPS3A,-0.04954125597167736
ZNF143,RPS4X,-0.05259447451689373
ZNF143,RPS5,-0.0420067267397777
ZNF143,RPS6,-0.05025446930591263
ZNF143,RPS7,-0.0471823153883865
ZNF143,RPS8,-0.052958781593154126
ZNF143,RPS9,-0.040473279109504934
ZNF143,RPSA,-0.0424380994399394
ZNF143,TMSB10,-0.0588213827488682
ZNF143,TMSB4X,-0.06566566135283841
ZNF143,TPT1,-0.05236123107822095
ZNF146,EEF1A1,-0.050553536178392665
ZNF146,FAU,-0.052286182506780465
ZNF146,H3-3B,-0.04032653701950765
ZNF146,RPL10,-0.06843865901791693
ZNF146,RPL12,-0.06575630868982145
ZNF146,RPL15,-0.04794616474019553
ZNF146,RPL18,-0.0507740568074642
ZNF146,RPL18A,-0.06164399757576583
ZNF146,RPL23A,-0.0593071977527852
ZNF146,RPL26,-0.060056217907457195
ZNF146,RPL27,-0.0393847226722947
ZNF146,RPL28,-0.06610863337178757
ZNF146,RPL29,-0.04914172815933323
ZNF146,RPL35A,-0.07021692002970804
ZNF146,RPL36,-0.0676630463588149
ZNF146,RPL37,-0.05114755006142563
ZNF146,RPL38,-0.04394968961005945
ZNF146,RPL6,-0.05253059468731795
ZNF146,RPLP1,-0.05943865013506133
ZNF146,RPS12,-0.060612588880982775
ZNF146,RPS15,-0.06469395886460923
ZNF146,RPS15A,-0.0679713265766077
ZNF146,RPS16,-0.051377086950050666
ZNF146,RPS2,-0.05768887921865717
ZNF146,RPS20,-0.04326852491008175
ZNF146,RPS4X,-0.0626507256881659
ZNF146,RPS6,-0.056617194691752804
ZNF146,RPS7,-0.05883398664283325
ZNF146,RPS8,-0.0644641612757238
ZNF146,TPT1,-0.057840497491975756
ZNF148,ABLIM1,0.0334188384593459
ZNF148,ACTB,-0.04847014742648917
ZNF148,ADAR,0.03396135443816295
ZNF148,AKAP13,0.0333919922029001
ZNF148,ANKRD44,0.0399585942767928
ZNF148,APEX1,0.0322821935854236
ZNF148,ASCC3,0.031927966111239645
ZNF148,ASH1L,0.0367406509763358
ZNF148,ATF7IP,0.0336358161080348
ZNF148,ATM,0.041707807143804246
ZNF148,ATP5F1E,-0.04674119332871703
ZNF148,B2M,-0.11688958557873519
ZNF148,BIRC6,0.03509198827844615
ZNF148,CCDC88C,0.0319386795988429
ZNF148,CD247,0.02857671009674915
ZNF148,CD3E,-0.0417659286691934
ZNF148,CD52,-0.05387073508080253
ZNF148,CDC14A,0.03441068414120105
ZNF148,CELF2,0.0356734336793982
ZNF148,CEMIP2,0.0339869233347139
ZNF148,CEP350,0.03150121432715705
ZNF148,CFL1,-0.0403939593807692
ZNF148,CHD2,0.03583622796056885
ZNF148,COMMD6,-0.041323429723800445
ZNF148,COX7C,-0.0419905450034915
ZNF148,DDX17,0.04020124138635305
ZNF148,DDX6,0.03201417292897055
ZNF148,DOCK2,0.034243759160831
ZNF148,DOCK8,0.0356462734933038
ZNF148,EEF1A1,-0.0740376687675145
ZNF148,EEF1D,-0.04230306601789495
ZNF148,EEF1G,-0.033995381308880496
ZNF148,EIF1,-0.0504387500121685
ZNF148,EIF2A,0.03048149129403685
ZNF148,EIF5,0.02824665633449095
ZNF148,ENO1,0.0302963529632961
ZNF148,EPB41,0.039525754308624
ZNF148,ERBIN,0.0349232907350081
ZNF148,FKBP5,0.036487993170497945
ZNF148,FTH1,-0.0533197223660389
ZNF148,FTL,-0.04656452639364282
ZNF148,FXR1,0.0279642921706761
ZNF148,FXYD5,-0.04518651735865205
ZNF148,GLG1,0.034611408270048355
ZNF148,GOLGB1,0.03260726052072985
ZNF148,HLA-A,-0.0556864046670181
ZNF148,HLA-B,-0.058526250696547905
ZNF148,HLA-C,-0.04814374213417415
ZNF148,HNRNPR,0.02930087293875135
ZNF148,HSPD1,0.03052613985897575
ZNF148,IFITM1,-0.0511694596813417
ZNF148,IL32,-0.0488454848307359
ZNF148,IL6ST,0.03801209306281695
ZNF148,ITK,0.03241423912283895
ZNF148,ITSN2,0.03088879429883255
ZNF148,JUNB,-0.0352449462706714
ZNF148,KAT6A,0.0338935172021509
ZNF148,LNPEP,0.032063203396949604
ZNF148,LTB,-0.0403608044608603
ZNF148,MACF1,0.034899611615960446
ZNF148,MBNL1,0.03589724740205495
ZNF148,MT-CO1,-0.04944205205268245
ZNF148,MT-CO2,-0.052036171724623
ZNF148,MT-ND3,-0.0338612516987083
ZNF148,MT-ND6,0.03907941985303285
ZNF148,MYCBP2,0.035398878094372296
ZNF148,MYL12A,-0.03807986401922737
ZNF148,NACA,-0.0568541938703604
ZNF148,NIN,0.0350728720843507
ZNF148,NIPBL,0.0366172496813603
ZNF148,OGA,0.03224125138930795
ZNF148,OSBPL8,0.034336782405788996
ZNF148,PAG1,0.0315015210990544
ZNF148,PBXIP1,0.03017723162011805
ZNF148,PCM1,0.035566953616845545
ZNF148,PFDN5,-0.0529851465006672
ZNF148,PFN1,-0.052949490650145856
ZNF148,PHF3,0.0391388262683695
ZNF148,PNN,0.03202733414655045
ZNF148,PPIA,-0.04118115912555835
ZNF148,PTMA,-0.06524156420079585
ZNF148,RACK1,-0.05367218553498004
ZNF148,RASA2,0.03412784621171005
ZNF148,ROCK1,0.033989448278356246
ZNF148,RORA,0.0330253686261819
ZNF148,RPL10,-0.10010033895639825
ZNF148,RPL10A,-0.061975582876523355
ZNF148,RPL12,-0.0864166779474814
ZNF148,RPL13A,-0.0837404074309267
ZNF148,RPL15,-0.07186121161195846
ZNF148,RPL18,-0.07140258292496085
ZNF148,RPL19,-0.08020627027818895
ZNF148,RPL22,-0.06047194078103042
ZNF148,RPL24,-0.05395762262640112
ZNF148,RPL26,-0.08544513288747879
ZNF148,RPL27,-0.055746232024835835
ZNF148,RPL27A,-0.07164363266498193
ZNF148,RPL28,-0.08908923906172053
ZNF148,RPL29,-0.068938170452076
ZNF148,RPL3,-0.06810088990669674
ZNF148,RPL32,-0.09649026372231084
ZNF148,RPL35,-0.07175829608763028
ZNF148,RPL36,-0.0888393278183029
ZNF148,RPL37,-0.07593316117564725
ZNF148,RPL37A,-0.06289104339634272
ZNF148,RPL39,-0.0983466022302824
ZNF148,RPL4,-0.0415878953221535
ZNF148,RPL41,-0.09759187314912077
ZNF148,RPL5,-0.06509396547006793
ZNF148,RPL6,-0.06998865644467535
ZNF148,RPL7,-0.07011555451054284
ZNF148,RPL7A,-0.07009752466662754
ZNF148,RPL8,-0.07019594679278085
ZNF148,RPLP0,-0.0583743746052832
ZNF148,RPLP1,-0.08502367014070752
ZNF148,RPLP2,-0.08181869215432683
ZNF148,RPS10,-0.041976618593027835
ZNF148,RPS13,-0.07765986420103937
ZNF148,RPS14,-0.09070504446469357
ZNF148,RPS15,-0.09427198184432614
ZNF148,RPS15A,-0.09614148771748521
ZNF148,RPS16,-0.06552603698297627
ZNF148,RPS18,-0.09064747617711183
ZNF148,RPS19,-0.09577953443844495
ZNF148,RPS2,-0.07531126688205131
ZNF148,RPS20,-0.057480249781118264
ZNF148,RPS21,-0.07246711589817863
ZNF148,RPS23,-0.08034279619718063
ZNF148,RPS25,-0.08316198888814787
ZNF148,RPS27,-0.09974685757791824
ZNF148,RPS27A,-0.09586748193485262
ZNF148,RPS3A,-0.07086630494626713
ZNF148,RPS4X,-0.07905401565392287
ZNF148,RPS5,-0.0607511481573845
ZNF148,RPS7,-0.07445561739072505
ZNF148,RPS8,-0.08035893013728515
ZNF148,SERBP1,0.0288741565767335
ZNF148,SERF2,-0.04287032473488803
ZNF148,SESN3,0.034302456296781955
ZNF148,SETD2,0.0353871170085661
ZNF148,SFPQ,0.030351697970269098
ZNF148,SH3BGRL3,-0.04821415026203525
ZNF148,SLC38A1,0.037071826502780195
ZNF148,SLFN5,0.03399937782125753
ZNF148,SMCHD1,0.041397499075964544
ZNF148,SORL1,0.03271760336659475
ZNF148,SPTBN1,0.032863112969424804
ZNF148,STAT3,0.03145485166735415
ZNF148,SYNE2,0.041486067656688747
ZNF148,TMEM131L,0.033916299634642
ZNF148,TMSB10,-0.0880472967095999
ZNF148,TMSB4X,-0.10411115991037595
ZNF148,TOP2B,0.03189535523300955
ZNF148,TPR,0.02923436098064255
ZNF148,TPT1,-0.0632082987317558
ZNF148,TUT4,0.03665927325361085
ZNF148,UBA52,-0.05584806538931673
ZNF148,UBC,-0.041996266403674654
ZNF148,UQCRB,-0.036850532579506254
ZNF148,USP3,0.032595029221474954
ZNF148,USP34,0.034840815448287654
ZNF148,UTRN,0.04110377595770165
ZNF148,VPS13C,0.040435532534706
ZNF148,XRN1,0.0371167068001005
ZNF148,ZC3HAV1,0.0356669314688269
ZNF169,RPL10,-0.0363432972988324
ZNF169,RPL13,-0.0338949818981318
ZNF189,B2M,-0.06700619990958229
ZNF189,EEF1A1,-0.0446996455002567
ZNF189,FAU,-0.04328372296191065
ZNF189,PTMA,-0.038911306623100855
ZNF189,RPL11,-0.04637055213231265
ZNF189,RPL18A,-0.043487388301577945
ZNF189,RPL29,-0.04319191253295545
ZNF189,RPL39,-0.045682062289943454
ZNF189,RPL41,-0.0438949282516973
ZNF189,RPL6,-0.0422247309050475
ZNF189,RPS12,-0.04641120604377755
ZNF189,RPS15,-0.0444955684588903
ZNF189,RPS15A,-0.0485104998661775
ZNF189,RPS27A,-0.04628382861157275
ZNF189,RPS7,-0.04637166399295155
ZNF189,TMSB10,-0.0461151422702097
ZNF197,EEF1A1,-0.03886182277696005
ZNF197,RPL11,-0.042086065487372204
ZNF197,RPL14,-0.03750647476862845
ZNF197,RPL32,-0.0416303114753755
ZNF197,RPL35A,-0.0386536145298061
ZNF197,RPS14,-0.040117805490445455
ZNF197,RPS15,-0.0397119274315815
ZNF197,RPS23,-0.039560894630322196
ZNF197,RPS27,-0.03864145343375215
ZNF197,RPS7,-0.0381558014475775
ZNF207,ACTB,-0.052788742646667365
ZNF207,ACTR3,0.0327070471930133
ZNF207,ADD3,0.0340311403396758
ZNF207,AHNAK,0.03627044192308625
ZNF207,AKIRIN1,0.028335975934719003
ZNF207,APEX1,0.0293269894644561
ZNF207,ARHGAP30,0.034845016050722655
ZNF207,ARHGEF1,0.032259080071964846
ZNF207,B2M,-0.11129140641204036
ZNF207,BZW1,0.028604200687791702
ZNF207,CAP1,0.0334621265690493
ZNF207,CAPZB,0.029348564006773353
ZNF207,CCT8,0.028767189673239497
ZNF207,CD52,-0.047801086227393874
ZNF207,CFLAR,0.034933212373533695
ZNF207,COMMD6,-0.045868899644694844
ZNF207,COX7C,-0.0431162891834588
ZNF207,DDX39B,0.04094150192055285
ZNF207,DDX6,0.03953934211929845
ZNF207,EEF1A1,-0.0793568708983857
ZNF207,EEF1D,-0.04905861712203796
ZNF207,EIF1,-0.053382153223085795
ZNF207,EIF3A,0.03740917378809855
ZNF207,EIF4H,0.02927039317197775
ZNF207,EIF5,0.030054253852036653
ZNF207,ENO1,0.0321517583095483
ZNF207,EZR,0.0324598390985384
ZNF207,FAU,-0.07706835160499227
ZNF207,FTH1,-0.056386355036935794
ZNF207,FTL,-0.05668742961908806
ZNF207,GNAI2,0.0321427616123211
ZNF207,HCLS1,0.03499994392445395
ZNF207,HNRNPA3,0.03313416020343145
ZNF207,HNRNPD,0.03482693409063925
ZNF207,HNRNPF,0.03167890379439925
ZNF207,HNRNPH3,0.03225422994212525
ZNF207,HNRNPR,0.03136662716370895
ZNF207,HSPA9,0.030940850044106148
ZNF207,IFI16,0.03186101475451185
ZNF207,ITGA4,0.0365145883968407
ZNF207,JUNB,-0.04254472375018644
ZNF207,KARS1,0.02869575349458545
ZNF207,KLF12,0.032562878769677145
ZNF207,KPNB1,0.03022856348513635
ZNF207,LDHA,0.029472149835907152
ZNF207,MACROH2A1,0.0294655175798973
ZNF207,MRFAP1,0.0294105633318237
ZNF207,MTPN,0.02999224072167525
ZNF207,MYL12A,-0.05067586163623
ZNF207,NACA,-0.05425151289256607
ZNF207,NCOR1,0.02965563742363425
ZNF207,NEMF,0.02850191022221615
ZNF207,PARP1,0.030792534720685348
ZNF207,PBXIP1,0.03547383855985885
ZNF207,PFDN5,-0.06240977444719547
ZNF207,PPM1G,0.02890086005881235
ZNF207,PPP2R1A,0.02905999675036855
ZNF207,PRRC2C,0.0446140339752715
ZNF207,PSMB10,0.0306720212600202
ZNF207,PTMA,-0.07628936826111438
ZNF207,RACK1,-0.04864066128392247
ZNF207,RCSD1,0.03408476936135135
ZNF207,RHOA,0.03270097866382085
ZNF207,ROCK1,0.0341233883521298
ZNF207,RPL10A,-0.0771251663927839
ZNF207,RPL11,-0.0965053432500529
ZNF207,RPL12,-0.08636135996767816
ZNF207,RPL13,-0.11180191425337926
ZNF207,RPL13A,-0.09804683226778776
ZNF207,RPL14,-0.0700882493359392
ZNF207,RPL15,-0.08306090077824729
ZNF207,RPL17,-0.0884506796349542
ZNF207,RPL18,-0.07343435005859485
ZNF207,RPL18A,-0.09009486854802833
ZNF207,RPL19,-0.0847696093400688
ZNF207,RPL21,-0.10754480700209347
ZNF207,RPL23,-0.0412986856375176
ZNF207,RPL23A,-0.09969712209756997
ZNF207,RPL24,-0.06598296394268544
ZNF207,RPL26,-0.08564887837128937
ZNF207,RPL27,-0.06025587045282971
ZNF207,RPL28,-0.08581791221707691
ZNF207,RPL29,-0.06744305079789903
ZNF207,RPL3,-0.09373883198460849
ZNF207,RPL30,-0.08672828193136975
ZNF207,RPL31,-0.09114679141482214
ZNF207,RPL32,-0.10020453532524404
ZNF207,RPL34,-0.10696949946849736
ZNF207,RPL35,-0.08444546458944002
ZNF207,RPL35A,-0.09015451840306953
ZNF207,RPL36,-0.08676058282183655
ZNF207,RPL36A,-0.06854872660212893
ZNF207,RPL36AL,-0.03569017962179797
ZNF207,RPL37,-0.069160919875409
ZNF207,RPL37A,-0.06885076772834366
ZNF207,RPL38,-0.06486190711622243
ZNF207,RPL4,-0.04494306351313025
ZNF207,RPL41,-0.1032300334027415
ZNF207,RPL5,-0.06522495531381496
ZNF207,RPL6,-0.07294453067652437
ZNF207,RPL7,-0.0899972286252208
ZNF207,RPL7A,-0.065518516150442
ZNF207,RPL7L1,0.030001943119751802
ZNF207,RPL8,-0.07252096002563854
ZNF207,RPL9,-0.07469356399691807
ZNF207,RPLP0,-0.05197497130971517
ZNF207,RPLP1,-0.08274908342745946
ZNF207,RPLP2,-0.10167201214043764
ZNF207,RPS11,-0.04606783091625015
ZNF207,RPS12,-0.08824727520547487
ZNF207,RPS13,-0.08670220561974235
ZNF207,RPS14,-0.09827381326717417
ZNF207,RPS15,-0.09581775675173215
ZNF207,RPS15A,-0.0967417790578389
ZNF207,RPS16,-0.07364447762507392
ZNF207,RPS18,-0.11334266233663766
ZNF207,RPS19,-0.11296811042334187
ZNF207,RPS2,-0.09678135351412566
ZNF207,RPS20,-0.06980935034150913
ZNF207,RPS21,-0.072592716777433
ZNF207,RPS23,-0.08567410079401742
ZNF207,RPS24,-0.059318841777824455
ZNF207,RPS25,-0.1047413160249455
ZNF207,RPS26,-0.039603600114787633
ZNF207,RPS27,-0.10275532638352528
ZNF207,RPS27A,-0.10133202887589425
ZNF207,RPS28,-0.10069320694980263
ZNF207,RPS29,-0.10014642903627463
ZNF207,RPS3,-0.08588257761920673
ZNF207,RPS3A,-0.09263136743018774
ZNF207,RPS5,-0.07359851667103136
ZNF207,RPS7,-0.07448951488302638
ZNF207,RPS8,-0.0809313650322223
ZNF207,RPS9,-0.07535115381470132
ZNF207,RPSA,-0.06664834412945711
ZNF207,SEC11A,0.02956504235485425
ZNF207,SERF2,-0.0431473154768377
ZNF207,SFPQ,0.03337494730948215
ZNF207,SMARCE1,0.02964285662868425
ZNF207,SMC3,0.02968714827305095
ZNF207,SNX6,0.03021886303416725
ZNF207,SRSF10,0.0284054967332773
ZNF207,TAF7,0.030439113862074152
ZNF207,TGOLN2,0.0311351028225397
ZNF207,TMSB10,-0.08379079268651772
ZNF207,TNFAIP3,0.0425257811972002
ZNF207,TNIP1,0.0279660816827997
ZNF207,TPR,0.03496247991747605
ZNF207,UBA52,-0.0644230274000822
ZNF207,UBE2V1,0.03257128545833225
ZNF207,UQCRB,-0.0400257234953736
ZNF207,VPS51,0.02939234190692645
ZNF207,VSIR,0.0292655294026967
ZNF207,XRCC6,0.0301533139059927
ZNF207,XRN2,0.032928420301463604
ZNF207,YWHAB,0.03038774074133435
ZNF217,AHNAK,0.03351285367161205
ZNF217,AKAP13,0.03262222844338055
ZNF217,ATP5MC2,-0.03954052604502305
ZNF217,ATP5MG,-0.03855425244211285
ZNF217,B2M,-0.10510925535376041
ZNF217,BTF3,-0.056715414844038206
ZNF217,BTG1,-0.05239033084180525
ZNF217,C12orf57,-0.042994376435649045
ZNF217,CD52,-0.039285904014386294
ZNF217,COMMD6,-0.03756093962150587
ZNF217,COX4I1,-0.05397334740526555
ZNF217,COX7C,-0.04737611988156485
ZNF217,EEF1A1,-0.08283287834420333
ZNF217,EEF1B2,-0.07004411230548775
ZNF217,EEF1D,-0.0516873657759589
ZNF217,EEF1G,-0.046511016623960955
ZNF217,EIF1,-0.07427846749877207
ZNF217,FAU,-0.08340399337915357
ZNF217,FTH1,-0.0668802818372027
ZNF217,FTL,-0.054690473083347034
ZNF217,H1-4,0.03982256098856965
ZNF217,H3-3B,-0.055070050154762296
ZNF217,HINT1,-0.03797282025333215
ZNF217,HLA-A,-0.0411652356414418
ZNF217,HLA-B,-0.0478148337574597
ZNF217,JUNB,-0.051509399278131564
ZNF217,LCP1,0.03504612546004725
ZNF217,MACF1,0.0410164015528527
ZNF217,NACA,-0.0864738364559077
ZNF217,NPM1,-0.04710952072542195
ZNF217,PFDN5,-0.05797828571037927
ZNF217,PTMA,-0.08173787368260926
ZNF217,RACK1,-0.073877602781542
ZNF217,RESF1,0.03604429627247025
ZNF217,RPL10,-0.10514838993842206
ZNF217,RPL10A,-0.07320937713126004
ZNF217,RPL11,-0.10035092411756642
ZNF217,RPL12,-0.08882333268202607
ZNF217,RPL13,-0.09743179911655098
ZNF217,RPL13A,-0.06483874900013187
ZNF217,RPL14,-0.10136830970958065
ZNF217,RPL15,-0.07367709988392777
ZNF217,RPL17,-0.086747952325353
ZNF217,RPL18,-0.08312569272971554
ZNF217,RPL18A,-0.0960294545933811
ZNF217,RPL21,-0.07657576859159777
ZNF217,RPL22,-0.09632480480021186
ZNF217,RPL23A,-0.07682123510163696
ZNF217,RPL24,-0.0721091609192214
ZNF217,RPL26,-0.08914427050026752
ZNF217,RPL27,-0.04906708612904054
ZNF217,RPL27A,-0.0528140559412257
ZNF217,RPL29,-0.07971888810694983
ZNF217,RPL3,-0.07760064275746127
ZNF217,RPL30,-0.09640097954461803
ZNF217,RPL31,-0.06719593935562283
ZNF217,RPL32,-0.1062513290504557
ZNF217,RPL34,-0.1066392611937373
ZNF217,RPL35,-0.07146294357575657
ZNF217,RPL35A,-0.09428830462217823
ZNF217,RPL36,-0.08564279419146349
ZNF217,RPL36A,-0.05694399015678183
ZNF217,RPL36AL,-0.04687229928126285
ZNF217,RPL37,-0.1061323973443333
ZNF217,RPL37A,-0.061771744277259434
ZNF217,RPL38,-0.06760968607194325
ZNF217,RPL39,-0.09352906872289603
ZNF217,RPL4,-0.04960601546039175
ZNF217,RPL41,-0.0926841796104324
ZNF217,RPL5,-0.0937198935436267
ZNF217,RPL6,-0.07632116034570151
ZNF217,RPL7,-0.06790770249388167
ZNF217,RPL7A,-0.094379805407624
ZNF217,RPL8,-0.07915253435975286
ZNF217,RPL9,-0.06975391338165417
ZNF217,RPLP0,-0.0758485516133075
ZNF217,RPLP1,-0.0848334554263178
ZNF217,RPLP2,-0.08468675243683739
ZNF217,RPS11,-0.04460670162016975
ZNF217,RPS12,-0.0918019103451796
ZNF217,RPS13,-0.09458930876488564
ZNF217,RPS14,-0.10219061828548126
ZNF217,RPS15,-0.09911161067472087
ZNF217,RPS15A,-0.10126369647749017
ZNF217,RPS16,-0.06578450234091084
ZNF217,RPS18,-0.0928818663396123
ZNF217,RPS19,-0.0929343229963675
ZNF217,RPS2,-0.08244588238936867
ZNF217,RPS20,-0.0457519942512748
ZNF217,RPS21,-0.0730363228732695
ZNF217,RPS23,-0.09420498513417307
ZNF217,RPS24,-0.09958004265999279
ZNF217,RPS25,-0.09000515066255081
ZNF217,RPS27,-0.1013267063367208
ZNF217,RPS27A,-0.10490264870401177
ZNF217,RPS29,-0.07399505081132324
ZNF217,RPS3,-0.08961653344526223
ZNF217,RPS3A,-0.0836223133378674
ZNF217,RPS5,-0.07421323631535637
ZNF217,RPS6,-0.08270170357044467
ZNF217,RPS7,-0.08356516483669903
ZNF217,RPS8,-0.08855383756309913
ZNF217,RPS9,-0.06759195775307704
ZNF217,RPSA,-0.0775028482573108
ZNF217,SERF2,-0.0355307930476898
ZNF217,SYNE2,0.03691301408029295
ZNF217,TMA7,-0.03783261357199123
ZNF217,TMSB10,-0.0850620048783457
ZNF217,TMSB4X,-0.07941632382763027
ZNF217,TOMM7,-0.050783185769034
ZNF217,TPT1,-0.0919820637125143
ZNF217,UBA52,-0.059975450448223465
ZNF217,UQCRB,-0.04229856909542625
ZNF217,UTRN,0.03323126338656755
ZNF224,EEF1A1,-0.0572517168208628
ZNF224,EIF1,-0.03935003070191735
ZNF224,NACA,-0.04324531166136565
ZNF224,PTMA,-0.05301584404476267
ZNF224,RACK1,-0.035556561823370164
ZNF224,RPL10A,-0.04340343672112222
ZNF224,RPL11,-0.05992077481567437
ZNF224,RPL13,-0.06118389598155825
ZNF224,RPL14,-0.0545516817261086
ZNF224,RPL17,-0.053752906672654165
ZNF224,RPL18,-0.04825017369374475
ZNF224,RPL19,-0.05204996277767743
ZNF224,RPL21,-0.06355829521123307
ZNF224,RPL22,-0.050480360239548897
ZNF224,RPL27,-0.043852372561511296
ZNF224,RPL28,-0.05938752753094428
ZNF224,RPL29,-0.050996519872585265
ZNF224,RPL3,-0.049704598174977355
ZNF224,RPL30,-0.053584449036948575
ZNF224,RPL31,-0.05148967526798354
ZNF224,RPL32,-0.0651087528927035
ZNF224,RPL34,-0.06996861387460303
ZNF224,RPL35,-0.050242789053079426
ZNF224,RPL37,-0.05799270106590713
ZNF224,RPL37A,-0.046761168157533006
ZNF224,RPL38,-0.0524981727396837
ZNF224,RPL41,-0.06842488812588207
ZNF224,RPL5,-0.044911953439482066
ZNF224,RPL6,-0.04411235544055037
ZNF224,RPL7,-0.0576336353541067
ZNF224,RPL8,-0.04377443821823985
ZNF224,RPLP2,-0.05652225919824612
ZNF224,RPS12,-0.05741525603356
ZNF224,RPS13,-0.05310241647588777
ZNF224,RPS14,-0.062316421712897196
ZNF224,RPS15,-0.06306201785606767
ZNF224,RPS15A,-0.06496665482706808
ZNF224,RPS16,-0.04889657409482167
ZNF224,RPS18,-0.06306167360134085
ZNF224,RPS2,-0.052672571286945274
ZNF224,RPS20,-0.040640682601019246
ZNF224,RPS23,-0.0541689555960755
ZNF224,RPS25,-0.057513366483833324
ZNF224,RPS27,-0.06976234831489153
ZNF224,RPS27A,-0.06546997099465067
ZNF224,RPS29,-0.06636049366914014
ZNF224,RPS3,-0.0536586227900822
ZNF224,RPS3A,-0.04893267567248905
ZNF224,RPS6,-0.05365820423201345
ZNF224,RPS7,-0.04874909305911923
ZNF224,RPS9,-0.04129010569126267
ZNF224,RPSA,-0.041499544867158296
ZNF224,UBA52,-0.04477461418193653
ZNF24,ABLIM1,0.02821117957419975
ZNF24,ACTB,-0.0350793486640082
ZNF24,ANKRD12,0.0287012222526077
ZNF24,APEX1,0.0327185069672113
ZNF24,ARID4B,0.0287992935133603
ZNF24,ATP5F1E,-0.04423758817509675
ZNF24,ATRX,0.02847610084577245
ZNF24,B2M,-0.08942771053746253
ZNF24,BCLAF1,0.0331127536860053
ZNF24,CDKN1B,0.028767667350804903
ZNF24,COX7C,-0.03524537751414043
ZNF24,DDX39B,0.03111841191105155
ZNF24,EEF1A1,-0.058098136543505104
ZNF24,EEF1D,-0.03542364416997893
ZNF24,EIF1,-0.035642118067200454
ZNF24,EIF3A,0.027898306483052353
ZNF24,EIF5,0.03181775802718065
ZNF24,ENO1,0.0329883162800304
ZNF24,FAU,-0.0642827315229289
ZNF24,FNBP4,0.031150168844786802
ZNF24,FTL,-0.03728559270039583
ZNF24,GRB2,0.03056531543565335
ZNF24,HSP90B1,0.0300208178771586
ZNF24,HSPA5,0.03653379900761335
ZNF24,IDS,0.02818816064281545
ZNF24,ILF3,0.03121134652624475
ZNF24,ITSN2,0.03118209679062805
ZNF24,LBH,0.028613384966975748
ZNF24,LCP1,0.03029202110643745
ZNF24,MBP,0.030009464880636702
ZNF24,MYCBP2,0.029410404419749202
ZNF24,NAP1L4,0.028777164998327998
ZNF24,NCL,0.03178223907654505
ZNF24,NCOR1,0.030732509323896748
ZNF24,NFKBIA,0.031391603294343054
ZNF24,NSD3,0.0284308155872304
ZNF24,PFDN5,-0.0460168674893996
ZNF24,PIK3IP1,0.03230551445067725
ZNF24,PNN,0.0322549614194182
ZNF24,PSAP,0.03100372640758195
ZNF24,PTMA,-0.061788554836329064
ZNF24,RACK1,-0.037687238425040195
ZNF24,REST,0.030282588303214897
ZNF24,RPL10,-0.09038639039540179
ZNF24,RPL10A,-0.052267644575643334
ZNF24,RPL11,-0.08369665603751693
ZNF24,RPL12,-0.07666485899466796
ZNF24,RPL13,-0.08411133788319243
ZNF24,RPL13A,-0.07374006024839473
ZNF24,RPL14,-0.057230312842378006
ZNF24,RPL15,-0.05920377654387127
ZNF24,RPL17,-0.07275617019693839
ZNF24,RPL18,-0.058800455127074526
ZNF24,RPL18A,-0.0821992665367171
ZNF24,RPL19,-0.06873971615417433
ZNF24,RPL21,-0.07882986797026244
ZNF24,RPL22,-0.051750689520216935
ZNF24,RPL23A,-0.07335155656792876
ZNF24,RPL24,-0.044986274066488564
ZNF24,RPL26,-0.0780401464253418
ZNF24,RPL27,-0.047431504197322234
ZNF24,RPL27A,-0.08198449268246925
ZNF24,RPL28,-0.07872779478775743
ZNF24,RPL29,-0.056336888580783395
ZNF24,RPL3,-0.06210942096124677
ZNF24,RPL30,-0.06927134875787415
ZNF24,RPL31,-0.06677450879881107
ZNF24,RPL32,-0.09008872785953116
ZNF24,RPL34,-0.09982475785014007
ZNF24,RPL35,-0.07100248304971317
ZNF24,RPL35A,-0.07961853362261387
ZNF24,RPL36,-0.08485464078930456
ZNF24,RPL36A,-0.064038640479437
ZNF24,RPL37,-0.06820860692698533
ZNF24,RPL37A,-0.06187727971365097
ZNF24,RPL38,-0.056395712862815105
ZNF24,RPL39,-0.09898050786452643
ZNF24,RPL41,-0.09491232176106917
ZNF24,RPL5,-0.052008024105734046
ZNF24,RPL6,-0.05754447891715417
ZNF24,RPL7,-0.07215026072149205
ZNF24,RPL7A,-0.049181243628466695
ZNF24,RPL8,-0.0559595784170896
ZNF24,RPL9,-0.0492562684907471
ZNF24,RPLP0,-0.0395749603788881
ZNF24,RPLP1,-0.07625150091861331
ZNF24,RPLP2,-0.0798224364375016
ZNF24,RPS12,-0.0769650861259301
ZNF24,RPS13,-0.06874308875475134
ZNF24,RPS14,-0.08376552713334186
ZNF24,RPS15,-0.08637508151246749
ZNF24,RPS15A,-0.09279060924674443
ZNF24,RPS16,-0.0532056513702918
ZNF24,RPS18,-0.08722821967087495
ZNF24,RPS19,-0.09202421345302907
ZNF24,RPS2,-0.0654846792437328
ZNF24,RPS20,-0.0546323695270476
ZNF24,RPS21,-0.06421751467114963
ZNF24,RPS23,-0.0715634152696694
ZNF24,RPS24,-0.05227487492693727
ZNF24,RPS25,-0.07730959806190324
ZNF24,RPS27,-0.09998049254021076
ZNF24,RPS27A,-0.08937188666342137
ZNF24,RPS28,-0.09253890114769257
ZNF24,RPS29,-0.08781613343400203
ZNF24,RPS3,-0.06825107264443382
ZNF24,RPS3A,-0.06391077202907204
ZNF24,RPS4X,-0.06812642527445394
ZNF24,RPS5,-0.049739896935481274
ZNF24,RPS6,-0.07239647457902047
ZNF24,RPS7,-0.060887193677456763
ZNF24,RPS8,-0.07405219757550187
ZNF24,RPS9,-0.049429650957813466
ZNF24,RPSA,-0.0418680786830857
ZNF24,RSRC2,0.02922364497484775
ZNF24,SERF2,-0.036185118718174536
ZNF24,SLC25A3,0.02980460518818365
ZNF24,SLC38A1,0.0288970315424249
ZNF24,SLFN5,0.0303251582900597
ZNF24,TAF1D,0.02817125235079095
ZNF24,THRAP3,0.0312575028214058
ZNF24,TKT,0.0310081700823116
ZNF24,TMSB10,-0.08911041936413495
ZNF24,TOMM7,-0.038267197485694
ZNF24,TPR,0.03186507616119165
ZNF24,UBA52,-0.0521691700677446
ZNF24,XRCC5,0.032069132087527846
ZNF24,XRN2,0.031079426052709
ZNF24,YTHDC1,0.029640832814366053
ZNF24,YWHAB,0.02904413675923965
ZNF25,RPS27,-0.0347041880184375
ZNF26,RPL36,-0.04407510498893055
ZNF263,FAU,-0.0425532623975365
ZNF263,MT-CO2,-0.0380815492455481
ZNF263,PTMA,-0.0413310068344363
ZNF263,RPL10,-0.05099933377106183
ZNF263,RPL11,-0.050961159046693696
ZNF263,RPL12,-0.0475363269210172
ZNF263,RPL13A,-0.03927513803774205
ZNF263,RPL21,-0.045185395904342854
ZNF263,RPL23A,-0.0431427608034725
ZNF263,RPL26,-0.04812344252657355
ZNF263,RPL28,-0.05464479125200204
ZNF263,RPL32,-0.05505333472441725
ZNF263,RPL35,-0.0387714073477889
ZNF263,RPL36,-0.0486432824024582
ZNF263,RPL39,-0.05704532962917925
ZNF263,RPL41,-0.05067388050967217
ZNF263,RPLP2,-0.043376449590299695
ZNF263,RPS13,-0.0447885808934215
ZNF263,RPS14,-0.05374880313667435
ZNF263,RPS15,-0.0546785569168235
ZNF263,RPS15A,-0.0524992619284686
ZNF263,RPS18,-0.0548646946259613
ZNF263,RPS19,-0.05564993486453465
ZNF263,RPS2,-0.042201935056918646
ZNF263,RPS23,-0.04472116848874845
ZNF263,RPS25,-0.0460521319047532
ZNF263,RPS27,-0.05637574999260975
ZNF263,RPS27A,-0.0551486212750667
ZNF263,RPS28,-0.05412747405711925
ZNF263,RPS29,-0.04544460691857295
ZNF263,RPS3,-0.04131733763373715
ZNF263,RPS4X,-0.04554214203728165
ZNF263,RPS6,-0.04153191963243835
ZNF263,RPS7,-0.04572047953653245
ZNF263,TMSB10,-0.049756681030731345
ZNF263,TMSB4X,-0.057495199215311536
ZNF264,B2M,-0.0618215226535746
ZNF264,EEF1A1,-0.03596648065431557
ZNF264,PTMA,-0.034302088237927505
ZNF264,RPL10,-0.042504875079657126
ZNF264,RPL12,-0.035980812671253304
ZNF264,RPL13,-0.03863335206041204
ZNF264,RPL13A,-0.03741015541093605
ZNF264,RPL19,-0.0368422886394812
ZNF264,RPL21,-0.041760354981450046
ZNF264,RPL26,-0.03638589294761347
ZNF264,RPL27A,-0.03474474139856295
ZNF264,RPL28,-0.045379042021027466
ZNF264,RPL3,-0.03081735270934715
ZNF264,RPL31,-0.0322420074979754
ZNF264,RPL32,-0.0418807202907208
ZNF264,RPL34,-0.0451651505081377
ZNF264,RPL35A,-0.035579762656512366
ZNF264,RPL36,-0.0406907943634953
ZNF264,RPL37,-0.041305271315653355
ZNF264,RPL6,-0.0345521517277487
ZNF264,RPLP2,-0.0412190642010094
ZNF264,RPS12,-0.04270586137368143
ZNF264,RPS14,-0.03948105022953607
ZNF264,RPS15,-0.040311395800229924
ZNF264,RPS15A,-0.04136155705522255
ZNF264,RPS18,-0.0405327613940219
ZNF264,RPS23,-0.036237985797064554
ZNF264,RPS25,-0.03874452156420535
ZNF264,RPS27,-0.0449225421254819
ZNF264,RPS27A,-0.0413010305001973
ZNF264,RPS28,-0.042429766870680424
ZNF264,RPS29,-0.041021514044109135
ZNF264,RPS3,-0.0360824634095534
ZNF264,RPS7,-0.038504209711366866
ZNF264,RPS8,-0.0409942740474113
ZNF266,FAU,-0.0483187507681058
ZNF266,RPL13,-0.05508992418477507
ZNF266,RPL3,-0.04244046912960447
ZNF266,RPL36,-0.051494583839359065
ZNF266,RPLP0,-0.04810527221887055
ZNF266,RPS14,-0.05899397293228196
ZNF266,RPS15,-0.0578959413245247
ZNF266,RPS2,-0.0470852898822241
ZNF266,RPS4X,-0.05118701204027207
ZNF274,ATP5F1E,-0.0330042115203259
ZNF274,B2M,-0.08487991555654005
ZNF274,CCR7,0.03096361085996565
ZNF274,FAU,-0.043005210617272534
ZNF274,MT-CO1,-0.03789649047449295
ZNF274,PFN1,-0.0410889853051107
ZNF274,PTMA,-0.04697184196827477
ZNF274,RPL10A,-0.03680068764077907
ZNF274,RPL13,-0.05871573904842307
ZNF274,RPL13A,-0.052585737019049394
ZNF274,RPL14,-0.0438738238107957
ZNF274,RPL15,-0.0533080513360477
ZNF274,RPL17,-0.0479054103007117
ZNF274,RPL18,-0.0396935413247804
ZNF274,RPL18A,-0.06128875953524923
ZNF274,RPL21,-0.0695771871702528
ZNF274,RPL22,-0.037059336286696554
ZNF274,RPL23A,-0.055436906298062805
ZNF274,RPL26,-0.05815233603460607
ZNF274,RPL29,-0.0444836106795187
ZNF274,RPL30,-0.044366759085495665
ZNF274,RPL31,-0.05564926107117685
ZNF274,RPL32,-0.06320606494085927
ZNF274,RPL34,-0.073728236032971
ZNF274,RPL35,-0.050003124691977534
ZNF274,RPL35A,-0.05477747039070974
ZNF274,RPL36,-0.06113091064500143
ZNF274,RPL37,-0.054639476221418404
ZNF274,RPL37A,-0.040799093613508836
ZNF274,RPL38,-0.04030174724172415
ZNF274,RPL6,-0.043276826145873436
ZNF274,RPL8,-0.0414735115687819
ZNF274,RPLP1,-0.05598019628778056
ZNF274,RPLP2,-0.05282148401314254
ZNF274,RPS13,-0.0478487453648371
ZNF274,RPS14,-0.060727165988875335
ZNF274,RPS15,-0.063044146729527
ZNF274,RPS15A,-0.0644401948057237
ZNF274,RPS18,-0.06749615336918936
ZNF274,RPS19,-0.06892317237350286
ZNF274,RPS2,-0.052387917946516004
ZNF274,RPS20,-0.03490643568361445
ZNF274,RPS24,-0.04414801481583315
ZNF274,RPS27,-0.07144074576245676
ZNF274,RPS27A,-0.06432798146654237
ZNF274,RPS28,-0.0646564005625856
ZNF274,RPS29,-0.06357475559722507
ZNF274,RPS3,-0.047740356761420105
ZNF274,RPS3A,-0.04072294777042087
ZNF274,RPS5,-0.0364337448047483
ZNF274,RPS6,-0.04804761950929976
ZNF274,RPS7,-0.04156022836019688
ZNF274,RPS8,-0.05145769950417217
ZNF274,SH3BGRL3,-0.04855419288360365
ZNF274,TMSB10,-0.061105804493756376
ZNF274,UBA52,-0.0396506206019853
ZNF276,COX7C,-0.0336096784709473
ZNF276,EEF1A1,-0.060891321204538426
ZNF276,EIF1,-0.05006911324798863
ZNF276,FANCA,0.1172882859572916
ZNF276,FTH1,-0.05221052249209585
ZNF276,FTL,-0.0356533987376344
ZNF276,H3-3B,-0.0486478683414938
ZNF276,JUNB,-0.04640981439535635
ZNF276,PTMA,-0.05707130862265085
ZNF276,RACK1,-0.040857757761725934
ZNF276,RPL10A,-0.0521323824062812
ZNF276,RPL11,-0.07135076230912729
ZNF276,RPL12,-0.0635069095287358
ZNF276,RPL13,-0.07213962153027217
ZNF276,RPL14,-0.05425788117919847
ZNF276,RPL18,-0.055276865581953154
ZNF276,RPL19,-0.06277937708955378
ZNF276,RPL22,-0.052054598156136604
ZNF276,RPL24,-0.05250772443728796
ZNF276,RPL26,-0.06812841858644635
ZNF276,RPL27,-0.04740080562620495
ZNF276,RPL27A,-0.07352881214826085
ZNF276,RPL28,-0.06872547017289117
ZNF276,RPL3,-0.05974431429090402
ZNF276,RPL31,-0.06303312773589277
ZNF276,RPL37,-0.0672961909715403
ZNF276,RPL37A,-0.049541784369047825
ZNF276,RPL38,-0.05944720726749755
ZNF276,RPL5,-0.0510466868341737
ZNF276,RPL6,-0.05456613479244215
ZNF276,RPL8,-0.0525804745292042
ZNF276,RPL9,-0.050222285730607774
ZNF276,RPLP0,-0.044046409960272
ZNF276,RPLP2,-0.06682575357186635
ZNF276,RPS14,-0.0738885648296835
ZNF276,RPS15A,-0.0752356766362106
ZNF276,RPS16,-0.049768411817619054
ZNF276,RPS18,-0.07559524665386905
ZNF276,RPS19,-0.071505144901999
ZNF276,RPS20,-0.05353931725789095
ZNF276,RPS21,-0.05338964869671457
ZNF276,RPS23,-0.06500085416488155
ZNF276,RPS24,-0.04801937425013918
ZNF276,RPS27,-0.07839128348127672
ZNF276,RPS27A,-0.0770467050279236
ZNF276,RPS28,-0.0717252599096637
ZNF276,RPS29,-0.06522594079871155
ZNF276,RPS3,-0.06595725464421782
ZNF276,RPS3A,-0.05830194449100122
ZNF276,RPS5,-0.046931172283376225
ZNF276,RPS6,-0.06428850137611661
ZNF276,RPS7,-0.05803909190795688
ZNF276,RPS8,-0.06474016102189697
ZNF276,RPSA,-0.04587700509159517
ZNF276,SERF2,-0.0335301099781322
ZNF276,TMA7,-0.03122380532459275
ZNF276,TOMM7,-0.0371065072456611
ZNF276,UBA52,-0.046660800667313276
ZNF280D,ACTB,-0.03654160460504475
ZNF280D,B2M,-0.08564144229922405
ZNF280D,EEF1A1,-0.0531857940745878
ZNF280D,EEF1D,-0.0357806746628447
ZNF280D,EIF1,-0.04524406964078423
ZNF280D,FTL,-0.04156983780983214
ZNF280D,NACA,-0.050210393710679396
ZNF280D,PTMA,-0.0506816047970109
ZNF280D,RACK1,-0.044466882327974355
ZNF280D,RPL10,-0.072333983194613
ZNF280D,RPL10A,-0.0455916450098457
ZNF280D,RPL12,-0.059634072477336195
ZNF280D,RPL13,-0.06530500590634519
ZNF280D,RPL13A,-0.058047609035720066
ZNF280D,RPL14,-0.05794109865221544
ZNF280D,RPL15,-0.05132594128187667
ZNF280D,RPL17,-0.051088302489704106
ZNF280D,RPL18,-0.0515527804074172
ZNF280D,RPL19,-0.05813079636344942
ZNF280D,RPL21,-0.06577072869595847
ZNF280D,RPL22,-0.0480997792823433
ZNF280D,RPL23A,-0.05806195314795345
ZNF280D,RPL27,-0.0419829001871133
ZNF280D,RPL28,-0.060114815966779325
ZNF280D,RPL3,-0.05329674365807933
ZNF280D,RPL30,-0.05995360241833792
ZNF280D,RPL31,-0.054889102747417734
ZNF280D,RPL32,-0.07037513378645918
ZNF280D,RPL34,-0.07443230941525433
ZNF280D,RPL36,-0.06347972171235508
ZNF280D,RPL37,-0.06134878644902223
ZNF280D,RPL37A,-0.0518664642448495
ZNF280D,RPL41,-0.07242771834992368
ZNF280D,RPL5,-0.04820032383934723
ZNF280D,RPL6,-0.04860282358945142
ZNF280D,RPL7,-0.05265854232414816
ZNF280D,RPLP0,-0.049122217549956396
ZNF280D,RPLP1,-0.05955819705160158
ZNF280D,RPLP2,-0.05868464274258947
ZNF280D,RPS12,-0.06113867206107605
ZNF280D,RPS13,-0.05782381716358272
ZNF280D,RPS14,-0.0689385093122585
ZNF280D,RPS15,-0.0684357971241415
ZNF280D,RPS15A,-0.06758511542937462
ZNF280D,RPS16,-0.05257203707634045
ZNF280D,RPS18,-0.06601088718986453
ZNF280D,RPS19,-0.06718682727149455
ZNF280D,RPS2,-0.05565894633556962
ZNF280D,RPS20,-0.038264578589427466
ZNF280D,RPS23,-0.057375129808670454
ZNF280D,RPS24,-0.05731779100364705
ZNF280D,RPS25,-0.061326290051144774
ZNF280D,RPS27,-0.07380866562188446
ZNF280D,RPS27A,-0.07073692652399283
ZNF280D,RPS29,-0.059742477385979875
ZNF280D,RPS3,-0.06113405764034615
ZNF280D,RPS3A,-0.0515958825301134
ZNF280D,RPS4X,-0.05639403385560793
ZNF280D,RPS5,-0.0441902953041649
ZNF280D,RPS6,-0.05487380282867212
ZNF280D,RPS7,-0.053000341692205175
ZNF280D,RPS8,-0.056416595931005425
ZNF280D,RPS9,-0.045521914343531665
ZNF280D,RPSA,-0.04210379716627283
ZNF280D,SERF2,-0.0347291732095303
ZNF280D,TMA7,-0.0341527393175623
ZNF281,B2M,-0.07425965920964213
ZNF281,CD52,-0.0311841776235396
ZNF281,EEF1A1,-0.048434568742644526
ZNF281,EIF1,-0.0340350538173449
ZNF281,FTL,-0.034139630838142296
ZNF281,PTMA,-0.04463479315901402
ZNF281,RPL10,-0.06652499906696008
ZNF281,RPL10A,-0.0443146024108253
ZNF281,RPL11,-0.060456615548118195
ZNF281,RPL12,-0.05515944630970285
ZNF281,RPL13,-0.059381828226861125
ZNF281,RPL13A,-0.05780753174564033
ZNF281,RPL14,-0.05427799200135556
ZNF281,RPL15,-0.0463726145058892
ZNF281,RPL18,-0.04704381619180882
ZNF281,RPL18A,-0.05708217581082965
ZNF281,RPL19,-0.05335688780072255
ZNF281,RPL21,-0.06052871280468387
ZNF281,RPL22,-0.04962019602617425
ZNF281,RPL24,-0.04445211056579455
ZNF281,RPL26,-0.054657463029594025
ZNF281,RPL27,-0.04204259000388775
ZNF281,RPL27A,-0.0662323183788245
ZNF281,RPL29,-0.04350849553235238
ZNF281,RPL3,-0.05108185600644243
ZNF281,RPL31,-0.052937227429596036
ZNF281,RPL32,-0.06391344743423143
ZNF281,RPL34,-0.0689327272848525
ZNF281,RPL35,-0.05355214676474054
ZNF281,RPL35A,-0.05759743438489408
ZNF281,RPL36,-0.05892590003099717
ZNF281,RPL37,-0.057882990861396
ZNF281,RPL37A,-0.04535961304783254
ZNF281,RPL38,-0.0530891873053498
ZNF281,RPL39,-0.06573161808958893
ZNF281,RPL5,-0.04441189612604925
ZNF281,RPL6,-0.045733183882037426
ZNF281,RPL7,-0.05706355383880545
ZNF281,RPL7A,-0.043405633425357366
ZNF281,RPL8,-0.04328769387059132
ZNF281,RPLP0,-0.0368217313688651
ZNF281,RPLP1,-0.055342847669364426
ZNF281,RPLP2,-0.05604408794268983
ZNF281,RPS12,-0.05890889491445522
ZNF281,RPS13,-0.05153290328158362
ZNF281,RPS14,-0.06253731787348038
ZNF281,RPS15,-0.06153888436558411
ZNF281,RPS15A,-0.06270346351543513
ZNF281,RPS18,-0.0681412488917956
ZNF281,RPS19,-0.0632229904928544
ZNF281,RPS2,-0.05341791752558544
ZNF281,RPS20,-0.0454667822890034
ZNF281,RPS21,-0.04829467852665548
ZNF281,RPS23,-0.05408741745447883
ZNF281,RPS24,-0.043620043847304335
ZNF281,RPS25,-0.0570922209426682
ZNF281,RPS27,-0.0664232474687389
ZNF281,RPS27A,-0.06400387336625735
ZNF281,RPS28,-0.06578315221374657
ZNF281,RPS3,-0.054674506435887324
ZNF281,RPS3A,-0.0528912446649224
ZNF281,RPS4X,-0.05483787187328001
ZNF281,RPS5,-0.041353024349991836
ZNF281,RPS7,-0.04656353484580375
ZNF281,RPS8,-0.052319367684905874
ZNF281,RPSA,-0.0399948329728102
ZNF281,TMSB10,-0.05467679813958282
ZNF281,TMSB4X,-0.065012377454775
ZNF281,TOMM7,-0.0328499314397843
ZNF281,TPT1,-0.0478222437197435
ZNF281,UBA52,-0.0469436655511174
ZNF3,PTMA,-0.0330782449976536
ZNF3,RPL12,-0.03883926899432255
ZNF3,RPL34,-0.05429322078087785
ZNF3,RPL35A,-0.0416334774770627
ZNF3,RPL41,-0.0464816227237593
ZNF3,RPS13,-0.0411254372929829
ZNF3,RPS14,-0.0479074875798739
ZNF3,RPS15,-0.04358390318594733
ZNF3,RPS15A,-0.04398637317836937
ZNF3,RPS27A,-0.048185666834273846
ZNF3,RPS28,-0.04421118915969777
ZNF3,RPS29,-0.04069586839814625
ZNF3,RPS6,-0.0361966631834878
ZNF3,RPS7,-0.04089606312992935
ZNF302,RPL37,-0.04747428790740345
ZNF302,RPS7,-0.038811212685952
ZNF316,EEF1A1,-0.0474449982971373
ZNF316,RPL10,-0.049773793679706704
ZNF316,RPL11,-0.0494421573624914
ZNF316,RPL18,-0.042211894166334404
ZNF316,RPL18A,-0.04423085077258215
ZNF316,RPL19,-0.046801986389350944
ZNF316,RPL26,-0.04373867486675795
ZNF316,RPL32,-0.047819154112655804
ZNF316,RPL35A,-0.04434448457463145
ZNF316,RPL37,-0.045114873471014796
ZNF316,RPL41,-0.046195849075648956
ZNF316,RPL6,-0.04278859208065545
ZNF316,RPL7A,-0.04144477543763215
ZNF316,RPLP1,-0.042937593723244294
ZNF316,RPS14,-0.042787623414675055
ZNF316,RPS15,-0.04756686168623575
ZNF316,RPS15A,-0.0490831020592605
ZNF316,RPS19,-0.044084916475545
ZNF316,RPS27A,-0.04906159197372725
ZNF316,RPS7,-0.0455999523794923
ZNF316,RPS8,-0.0457023235937295
ZNF316,TMSB4X,-0.049417804120585454
ZNF317,EEF1A1,-0.04098098089586485
ZNF317,FAU,-0.04319584246337875
ZNF317,PTMA,-0.03216171903411735
ZNF317,RPL10,-0.04647347736147183
ZNF317,RPL11,-0.04531811370698483
ZNF317,RPL12,-0.03811488767837
ZNF317,RPL13,-0.043578606915253504
ZNF317,RPL18,-0.03656887079277233
ZNF317,RPL18A,-0.04251622740783555
ZNF317,RPL19,-0.039929331142737334
ZNF317,RPL28,-0.04858500769247915
ZNF317,RPL29,-0.04095828404701935
ZNF317,RPL30,-0.042876634735960505
ZNF317,RPL32,-0.04593314883347144
ZNF317,RPL36,-0.039385845701285366
ZNF317,RPL37,-0.0436770170820686
ZNF317,RPL39,-0.04690517452729417
ZNF317,RPL41,-0.0459089591370129
ZNF317,RPL6,-0.04162779382330625
ZNF317,RPLP1,-0.03680147819360275
ZNF317,RPLP2,-0.040089506898496205
ZNF317,RPS12,-0.04229127041072527
ZNF317,RPS13,-0.04163315948999243
ZNF317,RPS14,-0.04482559091463323
ZNF317,RPS15,-0.045167202480494495
ZNF317,RPS15A,-0.04523319525043937
ZNF317,RPS18,-0.04199319369838315
ZNF317,RPS19,-0.04510874575612215
ZNF317,RPS21,-0.0448480629617756
ZNF317,RPS23,-0.04072631023027113
ZNF317,RPS24,-0.0394419154597934
ZNF317,RPS27A,-0.04720751954209906
ZNF317,RPS28,-0.048235676138140095
ZNF317,RPS3,-0.038941117001564
ZNF317,RPS3A,-0.036337335247771
ZNF317,RPS4X,-0.0399732276203633
ZNF317,RPS6,-0.03596781548018435
ZNF317,RPS7,-0.04238904121167295
ZNF317,RPS8,-0.044073525803973196
ZNF319,B2M,-0.03958334650979805
ZNF319,RPL13,-0.04286023429333145
ZNF319,RPL19,-0.043417418448288
ZNF319,RPL32,-0.0462892710687971
ZNF319,RPS13,-0.04414964590499
ZNF319,RPS15,-0.04283725940782725
ZNF319,RPS23,-0.0439650285178593
ZNF319,RPS8,-0.043751609796708
ZNF324,RPL10,-0.0395218259355295
ZNF324,RPL11,-0.034233667161549394
ZNF324,RPL13,-0.03352208561032865
ZNF324,RPL28,-0.0387154598088503
ZNF324,RPL32,-0.0382674770259887
ZNF324,RPL34,-0.0448762836123064
ZNF324,RPL35A,-0.0340423606847288
ZNF324,RPL39,-0.0405853856121235
ZNF324,RPL41,-0.04603476143864955
ZNF324,RPLP1,-0.0310964802668494
ZNF324,RPS14,-0.0384888672725247
ZNF324,RPS15,-0.037852803330419904
ZNF324,RPS15A,-0.036631028909107737
ZNF324,RPS27,-0.04162750105034787
ZNF324,RPS27A,-0.0385852245912577
ZNF324,RPS28,-0.03794833377451615
ZNF326,ATP5F1E,-0.04187503834550387
ZNF326,EEF1D,-0.03811855319433954
ZNF326,EIF1,-0.04104180788054095
ZNF326,NFKBIA,0.03531052433978925
ZNF326,PTMA,-0.05974729213514537
ZNF326,RPL18,-0.058881898412857174
ZNF326,RPL31,-0.06824317068055567
ZNF326,RPS15A,-0.07773694505007803
ZNF326,RPS29,-0.07039174091657038
ZNF326,RPS3,-0.06779395294008456
ZNF326,RPS7,-0.0590213683713846
ZNF326,UBA52,-0.050604431159623174
ZNF331,ABCG1,0.0549246299618483
ZNF331,ABLIM1,0.0990416923076987
ZNF331,ACTB,-0.13336858531930215
ZNF331,AFF4,0.037602026080994534
ZNF331,AGPAT5,0.0441298306869699
ZNF331,AMD1,0.05077973863361913
ZNF331,ANKHD1,0.0499084004296249
ZNF331,ANKRD12,0.038688477782182866
ZNF331,ANXA2,-0.07380471244984525
ZNF331,AP3M2,0.06392812622895713
ZNF331,APBA2,0.05041924079016455
ZNF331,AREG,0.16036819375671166
ZNF331,ARID4B,0.0417171864880734
ZNF331,ARID5B,0.03498385667542335
ZNF331,ARIH1,0.07668010691793455
ZNF331,ARL4A,0.08453990217079141
ZNF331,ARPC1B,-0.08661614760378085
ZNF331,ARPC3,-0.05696176415827085
ZNF331,ARRDC2,0.0711055584945634
ZNF331,ASAP1,0.046672932658351
ZNF331,ASXL1,0.04571866187666205
ZNF331,ATF4,0.039066075896028576
ZNF331,ATF7IP2,0.0346293601697442
ZNF331,ATG2A,0.03517267612584005
ZNF331,ATP5F1E,-0.08254132648666
ZNF331,ATP6V0C,0.04831115911506765
ZNF331,ATP8A1,0.0536944611822242
ZNF331,ATP9B,0.04810591831117915
ZNF331,ATXN7,0.0681643507748358
ZNF331,B2M,-0.1292461446058008
ZNF331,BBX,0.03815264550665234
ZNF331,BCAS2,0.08054343704082698
ZNF331,BCL7B,0.04691168219259155
ZNF331,BCLAF1,0.06519389149126018
ZNF331,BICDL1,0.0518202293889172
ZNF331,BIRC2,0.06419732351552675
ZNF331,BNIP2,0.033688327901825736
ZNF331,BRAF,0.0658816315511894
ZNF331,BRD2,0.0367853978215815
ZNF331,BTAF1,0.07380628681511295
ZNF331,BTBD9,0.06317888246679235
ZNF331,BTG1,0.12969744414287215
ZNF331,BTG2,0.1141998861183789
ZNF331,BTG3,0.048932208169955346
ZNF331,BUD31,0.045722223297674704
ZNF331,BZW1,0.0523640721487
ZNF331,CALR,0.03746464764094177
ZNF331,CAMK1D,0.041047138274860145
ZNF331,CAMLG,0.0323424302078725
ZNF331,CCDC59,0.05864896091359243
ZNF331,CCNH,0.0803092378830131
ZNF331,CCNL1,0.07832199418557538
ZNF331,CCR7,0.042435732302289954
ZNF331,CCSER2,0.0340767071041193
ZNF331,CD44,0.06964859931507095
ZNF331,CD6,0.033393207195099806
ZNF331,CD83,0.07557039213390565
ZNF331,CDC42SE2,0.0561486008878178
ZNF331,CDK17,0.09449372206392515
ZNF331,CDKN1B,0.04453046879420175
ZNF331,CEBPZ,0.04099170298043385
ZNF331,CEMIP2,0.0722346283859535
ZNF331,CENPC,0.07664360340591285
ZNF331,CERS6,0.0708389211576726
ZNF331,CFAP20,0.0596687976318388
ZNF331,CFL1,-0.0790364060841893
ZNF331,CHD1,0.07275821259619646
ZNF331,CHD2,0.06050647255301714
ZNF331,CHIC2,0.050277195799009244
ZNF331,CHMP1B,0.09074694568650352
ZNF331,CHRAC1,0.0337414713558893
ZNF331,CIR1,0.0366361636779647
ZNF331,CITED2,0.0450759312346768
ZNF331,CLIC1,-0.08567980506719845
ZNF331,CLK1,0.06666441753165969
ZNF331,CMSS1,0.0502415494538951
ZNF331,CNOT1,0.047053525197645246
ZNF331,CNOT6L,0.06159420277353043
ZNF331,CNST,0.0433250106261131
ZNF331,COMMD6,-0.050683415168072836
ZNF331,COPS2,0.044197909185836
ZNF331,CORO1A,-0.1139466966205014
ZNF331,CORO7,0.0732226692196533
ZNF331,COX19,0.03275709916628525
ZNF331,COX6B1,-0.05509539416478235
ZNF331,COX7C,-0.043448021185758634
ZNF331,CREBRF,0.0494977486669409
ZNF331,CREM,0.09930142037092893
ZNF331,CRYBG1,0.054271469106047396
ZNF331,CSGALNACT2,0.050358523316816395
ZNF331,CSRNP1,0.10967912797930829
ZNF331,CTNNB1,0.03673595633553315
ZNF331,CUL3,0.04905528614776485
ZNF331,CWC15,0.0349321827720793
ZNF331,CXCR4,0.14707609467869154
ZNF331,CYBA,-0.08292417406961775
ZNF331,CYCS,0.0923822886407458
ZNF331,CYLD,0.0365897834559277
ZNF331,CYTH1,0.04823567957637797
ZNF331,CYTIP,0.06433414154085607
ZNF331,DCP1A,0.03747547410755305
ZNF331,DCTN4,0.0723800830344103
ZNF331,DDIT3,0.09454368050519595
ZNF331,DDIT4,0.08776967091494588
ZNF331,DDX21,0.049029471171969735
ZNF331,DDX6,0.07713126090689279
ZNF331,DENND4A,0.08022326541599875
ZNF331,DENND6A,0.04414021910167895
ZNF331,DHX36,0.03171361387776245
ZNF331,DHX9,0.048489077142769454
ZNF331,DNAJA1,0.07121382263732165
ZNF331,DNAJB1,0.11889995383941328
ZNF331,DNAJB6,0.07180623012853055
ZNF331,DNAJB9,0.062136302528783924
ZNF331,DNTTIP2,0.05226837979012365
ZNF331,DOCK10,0.0534304648265727
ZNF331,DYNLT1,0.06525853138396047
ZNF331,DYRK1A,0.054126946452568506
ZNF331,EEF1A1,-0.08676011381113342
ZNF331,EEF1B2,-0.0460695495271421
ZNF331,EEF1D,-0.04819265537190944
ZNF331,EIF1AX,0.0448296734471618
ZNF331,EIF1B,0.032718048883275064
ZNF331,EIF3A,0.0331769425183938
ZNF331,EIF4A1,0.06403088108466944
ZNF331,EIF4A3,0.10073753210111645
ZNF331,EIF4G2,0.05178254808000047
ZNF331,EIF4H,0.0527441246122515
ZNF331,EIF5,0.07723144955811517
ZNF331,ELF1,0.05791436330227158
ZNF331,ELMO1,0.0518270089133607
ZNF331,EML4,0.039331801060067575
ZNF331,EMP3,-0.10274953958850695
ZNF331,EPB41,0.037399281997419404
ZNF331,EPC1,0.04582881325029255
ZNF331,EPC2,0.052044049353786995
ZNF331,ETV3,0.11764043565614855
ZNF331,EZR,0.06170307303143595
ZNF331,FAM117B,0.0664259298979868
ZNF331,FAM177A1,0.11515695344732928
ZNF331,FAM53C,0.076730963765515
ZNF331,FAU,-0.08449768868964391
ZNF331,FBXO33,0.0901939697231086
ZNF331,FBXW7,0.042491576865169856
ZNF331,FHIT,0.051316583827575
ZNF331,FNBP1,0.04757821082616112
ZNF331,FNBP4,0.03198431522257697
ZNF331,FNIP1,0.035256794575622
ZNF331,FOSL2,0.1067098854671264
ZNF331,FOXK1,0.047047357296368095
ZNF331,FOXO1,0.0500917337123346
ZNF331,FOXP1,0.09774973791221565
ZNF331,FTH1,0.18325505496152716
ZNF331,FTL,-0.05235800001727203
ZNF331,FUBP1,0.03695265360126185
ZNF331,FUS,0.0577490154979943
ZNF331,FXYD5,-0.0571857734044538
ZNF331,FYN,0.05103778547167
ZNF331,G3BP2,0.06983368015785887
ZNF331,GABARAPL1,0.1032596918507512
ZNF331,GADD45A,0.07051840508817775
ZNF331,GAPDH,-0.0630670120852015
ZNF331,GIMAP4,-0.1494788429169157
ZNF331,GLA,0.053231151547990095
ZNF331,GNAI2,0.02860788617625935
ZNF331,GNAS,0.051483381589837895
ZNF331,GNG2,0.0561827779653028
ZNF331,GOLGA4,0.0370865123494313
ZNF331,GOLGB1,0.0433517093465786
ZNF331,GPCPD1,0.08506036658051574
ZNF331,GPR132,0.0734517255860189
ZNF331,GPR18,0.07013795356780014
ZNF331,GRB2,0.028851135614425448
ZNF331,GRK5,0.046490583808332694
ZNF331,GSPT1,0.05512257687794243
ZNF331,GSTK1,-0.0549944538931418
ZNF331,GTF2B,0.07317828368808593
ZNF331,GTPBP1,0.0395509273110236
ZNF331,H1-2,0.039645642501622905
ZNF331,H2AX,0.0300934814747272
ZNF331,H4C3,0.0434151726791182
ZNF331,HBP1,0.0489862186709499
ZNF331,HBS1L,0.038400206120643696
ZNF331,HECTD1,0.064436661705356
ZNF331,HERPUD1,0.04937685128647758
ZNF331,HERPUD2,0.06458369312996387
ZNF331,HEXIM1,0.03265399628568963
ZNF331,HIF1A,0.0670704815052357
ZNF331,HIPK1,0.0626060520257957
ZNF331,HIPK2,0.04366996683366105
ZNF331,HIVEP1,0.05254149728267005
ZNF331,HIVEP2,0.049009992103546396
ZNF331,HLA-B,-0.06744492170246405
ZNF331,HNRNPA0,0.0898236360316516
ZNF331,HNRNPH3,0.04308126440371605
ZNF331,HNRNPU,0.04637630334088253
ZNF331,HNRNPUL1,0.05228263969057136
ZNF331,HOOK2,0.18572962403490323
ZNF331,HSP90AA1,0.05757481037976405
ZNF331,HSP90B1,0.0296134434847627
ZNF331,HSPA5,0.06985781661387518
ZNF331,HSPA9,0.068547612659661
ZNF331,HSPH1,0.10550109558202564
ZNF331,ID1,0.06470285070559285
ZNF331,ID2,0.0534808081953037
ZNF331,IDI1,0.08626968584552407
ZNF331,IER5,0.0383900030669075
ZNF331,IFRD1,0.06422397156242635
ZNF331,IGF1R,0.04352994142851735
ZNF331,IKZF5,0.050201560252525396
ZNF331,IL32,-0.157107791739901
ZNF331,IL6ST,0.0699243156454396
ZNF331,ILF2,0.0383581260517158
ZNF331,IRF1,0.07212379007066377
ZNF331,IRF2BP2,0.0773392819397249
ZNF331,ISCA1,0.08166324605187421
ZNF331,ITM2B,-0.0487797831737835
ZNF331,ITPKB,0.06216149116814709
ZNF331,JMJD1C,0.07532235779982846
ZNF331,JMJD6,0.029230767105913248
ZNF331,JOSD1,0.06520971161419888
ZNF331,JUNB,0.17716019366677885
ZNF331,JUND,0.10531709395287005
ZNF331,KANSL2,0.05643097851569939
ZNF331,KAT6A,0.04986194307133823
ZNF331,KAT6B,0.046833830090454553
ZNF331,KCNQ1,0.03833612561187475
ZNF331,KDM2A,0.053697389842298326
ZNF331,KDM3A,0.04319173511172
ZNF331,KDM6B,0.0933844004559725
ZNF331,KDM7A,0.045279643320782895
ZNF331,KIF5B,0.0335688754462231
ZNF331,KLF2,0.09506046486193158
ZNF331,KLF6,0.04499722595485373
ZNF331,KLF9,0.05125484116135796
ZNF331,KMT2E,0.04219096615863236
ZNF331,KPNA2,0.07256010763301286
ZNF331,KRR1,0.047735486851403844
ZNF331,KRTCAP2,-0.057940425113709906
ZNF331,LDHA,0.04724609596993656
ZNF331,LDHB,-0.06162941602291205
ZNF331,LGALS3,-0.05679064132123265
ZNF331,LITAF,0.033534758173795
ZNF331,LRRC8C,0.046358819721099204
ZNF331,LTB,-0.0837675242098177
ZNF331,LYPD3,0.1408157431005652
ZNF331,LYST,0.0383801478923932
ZNF331,MAML2,0.0756856933297754
ZNF331,MAP3K1,0.030919192524694102
ZNF331,MAP3K2,0.07700369720359809
ZNF331,MAP4K4,0.05064054737975635
ZNF331,MAPK1IP1L,0.0605055498097538
ZNF331,MAPK8,0.05353245429046345
ZNF331,MAPRE2,0.04805355867112665
ZNF331,MARCKSL1,0.04587887233051035
ZNF331,MCL1,0.06805489133648765
ZNF331,MED30,0.045311947040019854
ZNF331,MFSD11,0.0619457132004501
ZNF331,MFSD14A,0.0511925923070199
ZNF331,MGAT4A,0.0644706364288696
ZNF331,MGAT5,0.0372745555888111
ZNF331,MIF,-0.061821806101513846
ZNF331,MOAP1,0.0390054358402342
ZNF331,MORF4L1,0.05131695506899535
ZNF331,MPC2,0.0363394196052549
ZNF331,MRFAP1,0.0389614582122747
ZNF331,MRPL54,0.0430308988332979
ZNF331,MSL2,0.0447022328909321
ZNF331,MT2A,0.0358229285583125
ZNF331,MTFP1,0.06296911686786033
ZNF331,MTMR6,0.04467809293878245
ZNF331,MXI1,0.0512275218764833
ZNF331,MYADM,0.09467064915508493
ZNF331,MYCBP2,0.035381691095856746
ZNF331,MYH9,0.0415892108620363
ZNF331,MYL12A,-0.14043291411545825
ZNF331,MYL12B,-0.06334176931651325
ZNF331,MYL6,-0.0739103101178663
ZNF331,MYLIP,0.04940249270569937
ZNF331,N4BP1,0.039287251109110646
ZNF331,NACA,-0.0652617659799673
ZNF331,NAF1,0.08055813527598185
ZNF331,NANS,0.04552358852597005
ZNF331,NCOA2,0.04038376053989975
ZNF331,NDEL1,0.06181238004579225
ZNF331,NDFIP1,0.0758033363966204
ZNF331,NDUFV2,0.0357069326524946
ZNF331,NEK1,0.044512837449907694
ZNF331,NELL2,0.04844084312650762
ZNF331,NET1,0.04123035822966575
ZNF331,NFE2L2,0.03839582444553845
ZNF331,NFKB1,0.1050443022031789
ZNF331,NFKB2,0.0442255982243743
ZNF331,NFKBIA,0.0983183263088121
ZNF331,NFKBIZ,0.0625312749331337
ZNF331,NGRN,0.03669842440293445
ZNF331,NIN,0.04394002690996665
ZNF331,NOP58,0.04133565464884303
ZNF331,NR1D2,0.06278832055405115
ZNF331,NR1H2,0.046141252511660596
ZNF331,NR3C1,0.04197814515831666
ZNF331,NR4A1,0.1015239864545947
ZNF331,NR4A2,0.1918831552106664
ZNF331,NSD3,0.03232663181164845
ZNF331,NSMCE3,0.06972190119365552
ZNF331,NUFIP2,0.044810213976343
ZNF331,NUP153,0.035541107311705
ZNF331,NUP58,0.0828792066764515
ZNF331,NUP98,0.061443308284252304
ZNF331,NXT1,0.05654296605001735
ZNF331,OAZ1,-0.060601490676019054
ZNF331,ODC1,0.07731059254979517
ZNF331,OSBPL8,0.03888597592068045
ZNF331,OSER1,0.10103304436710685
ZNF331,OST4,-0.06172556802655135
ZNF331,P2RY8,0.037826172627741635
ZNF331,PAFAH1B1,0.04077210810125585
ZNF331,PASK,0.036595350625897846
ZNF331,PBX4,0.0399659634077879
ZNF331,PCGF5,0.0471084389940191
ZNF331,PCIF1,0.0410253816275684
ZNF331,PCNX4,0.0428343352966127
ZNF331,PDE3B,0.091099190847818
ZNF331,PDE4B,0.07923741100739755
ZNF331,PDE4D,0.06595838780111873
ZNF331,PELI1,0.1191369504435236
ZNF331,PER1,0.13737791194752283
ZNF331,PFDN5,-0.059283690557348064
ZNF331,PGAP1,0.0414952767339036
ZNF331,PGRMC2,0.047981547113007395
ZNF331,PHF20,0.04564786907586801
ZNF331,PHF3,0.042356660127142266
ZNF331,PIK3IP1,0.07475812259817664
ZNF331,PIK3R1,0.05421005850589827
ZNF331,PIM3,0.06836196617751175
ZNF331,PITHD1,0.035363809466426754
ZNF331,PITPNC1,0.058446343144981296
ZNF331,PLCL1,0.0683567379478911
ZNF331,PLK2,0.0563309019264983
ZNF331,PLK3,0.08636960904315057
ZNF331,PNN,0.04487820516010565
ZNF331,PNPLA8,0.07011989350945685
ZNF331,PNRC1,0.09187835202193784
ZNF331,POLR1F,0.047824575064954744
ZNF331,POLR2A,0.05245591914762987
ZNF331,POLR3E,0.0402957679145124
ZNF331,PPIA,-0.07143875423024784
ZNF331,PPP1CB,0.0827310135245992
ZNF331,PPP1R10,0.0310456773894672
ZNF331,PPP1R15A,0.11924163202904665
ZNF331,PPP2CA,0.051931201174944853
ZNF331,PPP2R5C,0.03832842238636943
ZNF331,PPP4R3A,0.04986177432546005
ZNF331,PRKCA,0.0639557738841416
ZNF331,PRKCB,0.04009752802047015
ZNF331,PRMT9,0.06757683922261645
ZNF331,PSME1,-0.0723659782589574
ZNF331,PSME4,0.0588197999960437
ZNF331,PTBP1,0.0394229762582761
ZNF331,PTPN1,0.03661376591669227
ZNF331,PTS,0.0480989611121906
ZNF331,PUM1,0.0341913751946312
ZNF331,RAB1A,0.03965927509403455
ZNF331,RABGEF1,0.06867424422624195
ZNF331,RACK1,-0.0650135779286619
ZNF331,RALGAPA1,0.0832705711344624
ZNF331,RANBP2,0.0942197961153452
ZNF331,RASA3,0.0531876604403438
ZNF331,RB1CC1,0.0441025938997911
ZNF331,RBBP6,0.047481957506133134
ZNF331,RBL1,0.03945114553977565
ZNF331,RBM23,0.038906568712997594
ZNF331,RBM33,0.04323645013754187
ZNF331,RBM38,0.09923826449899703
ZNF331,RBM39,0.056852479733954235
ZNF331,RBM7,0.04976798319990505
ZNF331,RBMS1,0.0354929561253313
ZNF331,RCOR1,0.058250364637120446
ZNF331,REL,0.06890390984823225
ZNF331,REST,0.028417012845868048
ZNF331,RFTN1,0.05124084244155855
ZNF331,RGCC,0.10622136517205273
ZNF331,RHBDD2,0.0521107662671283
ZNF331,RHOG,0.0304107103327951
ZNF331,RHOH,0.06558475205332023
ZNF331,RIC1,0.04194304137758325
ZNF331,RLF,0.0759182717623588
ZNF331,RNASEK,-0.053955558487413555
ZNF331,RNF114,0.042875890424184354
ZNF331,RNF125,0.09470702613599005
ZNF331,RNF138,0.07310565557412767
ZNF331,RNF139,0.10832222437453426
ZNF331,RNF145,0.038677081731385496
ZNF331,RNF19A,0.04451433238461444
ZNF331,RNMT,0.0528346898696626
ZNF331,RNPS1,0.029416530288859752
ZNF331,RORA,0.03417653828335713
ZNF331,RPL10,-0.11604486567853574
ZNF331,RPL11,-0.10977739887237133
ZNF331,RPL12,-0.0930890496603418
ZNF331,RPL13,-0.11053908339777334
ZNF331,RPL14,-0.07980254452681128
ZNF331,RPL18,-0.08433172883801021
ZNF331,RPL18A,-0.10857515443251142
ZNF331,RPL19,-0.0931447492924542
ZNF331,RPL21,-0.1025462854102671
ZNF331,RPL22,-0.0691793787509077
ZNF331,RPL22L1,0.04030864148296197
ZNF331,RPL26,-0.10945285961432062
ZNF331,RPL28,-0.10169571870925076
ZNF331,RPL29,-0.0809939892142501
ZNF331,RPL32,-0.11382361522313679
ZNF331,RPL34,-0.1213727508874368
ZNF331,RPL35,-0.09346332081326197
ZNF331,RPL36,-0.10481671332285901
ZNF331,RPL36A,-0.07783214908714382
ZNF331,RPL37,-0.08814635496038685
ZNF331,RPL37A,-0.08381693758131281
ZNF331,RPL38,-0.0716945771816127
ZNF331,RPL41,-0.11516023936181101
ZNF331,RPL5,-0.06358026249549249
ZNF331,RPL6,-0.07563465941245445
ZNF331,RPL8,-0.0778531639364102
ZNF331,RPLP0,-0.07046679545386385
ZNF331,RPLP1,-0.09252261974254598
ZNF331,RPS10,-0.0564894200465035
ZNF331,RPS12,-0.10182824176592674
ZNF331,RPS13,-0.08959713865992668
ZNF331,RPS14,-0.1064226548147666
ZNF331,RPS15,-0.11188049627018033
ZNF331,RPS15A,-0.11498137087478211
ZNF331,RPS19,-0.11833777006237022
ZNF331,RPS21,-0.08176245273517657
ZNF331,RPS23,-0.09820609076337704
ZNF331,RPS26,-0.0643412281858004
ZNF331,RPS27,-0.12677084525612484
ZNF331,RPS27A,-0.11628877103248526
ZNF331,RPS28,-0.10028657456652815
ZNF331,RPS29,-0.10499653042997253
ZNF331,RPS3,-0.09672353825262897
ZNF331,RPS3A,-0.08782072197175833
ZNF331,RPS4X,-0.08698818137850506
ZNF331,RPS5,-0.06977313147501978
ZNF331,RPS7,-0.08413750174051327
ZNF331,RPS8,-0.09257831200820493
ZNF331,RPSA,-0.0745965596461522
ZNF331,RRM1,0.04178001420301075
ZNF331,RRP12,0.09406455767974145
ZNF331,RSRC2,0.048510739252103446
ZNF331,RSRP1,0.041182281037966104
ZNF331,S100A11,-0.1307283894769644
ZNF331,S100A4,-0.11960323608306356
ZNF331,SAP18,0.0512875140570173
ZNF331,SARAF,0.1464377429969541
ZNF331,SAT1,0.04240993377482047
ZNF331,SBDS,0.0903282236510007
ZNF331,SC5D,0.0706851395876807
ZNF331,SCAF8,0.04105990161160235
ZNF331,SCAND1,0.03604621314342395
ZNF331,SDCBP,0.07158221791557744
ZNF331,SELENOK,0.0881197749926145
ZNF331,SERF2,-0.0689961165690247
ZNF331,SESN3,0.0481274630263697
ZNF331,SF1,0.0720445665418148
ZNF331,SF3B1,0.034550827192165165
ZNF331,SGK1,0.09576093817322391
ZNF331,SGTB,0.0438857178847943
ZNF331,SH3BGRL3,-0.1096899100193208
ZNF331,SIAH2,0.0606362393266157
ZNF331,SIK2,0.04870701350868875
ZNF331,SKAP1,0.03803671858200755
ZNF331,SKIL,0.11440505135361295
ZNF331,SLC25A3,0.0454724628202021
ZNF331,SLC25A36,0.0456177601941943
ZNF331,SLC38A1,0.03984262074315135
ZNF331,SLC38A2,0.04391524726870515
ZNF331,SMARCA2,0.0473885301021306
ZNF331,SMCHD1,0.06463370183995917
ZNF331,SNRPA1,0.0390524121431993
ZNF331,SNU13,0.03803759435696365
ZNF331,SNX9,0.08953292834617915
ZNF331,SOCS1,0.101593145586165
ZNF331,SOCS3,0.11070618158364458
ZNF331,SOD2,0.0510614295701576
ZNF331,SP3,0.0490455654606342
ZNF331,SPTBN1,0.05763218952123255
ZNF331,SRSF2,0.062026377084327
ZNF331,SRSF3,0.04607262572981803
ZNF331,SRSF7,0.0738775580428561
ZNF331,SSH2,0.06296925311673254
ZNF331,ST7L,0.0364542199840802
ZNF331,STAT3,0.0766257226463954
ZNF331,STK17A,0.0344115828781458
ZNF331,STRAP,0.054367415200242256
ZNF331,STX5,0.0433807587627327
ZNF331,SUB1,0.04498357655490645
ZNF331,SUCLG2,0.03779652846825605
ZNF331,SUCO,0.04522871184173155
ZNF331,SYAP1,0.0500644445612946
ZNF331,SYTL3,0.10541388951228425
ZNF331,TAGLN2,0.0300261763375835
ZNF331,TBC1D15,0.04980244319376145
ZNF331,TBCC,0.04845883711255085
ZNF331,TBL1X,0.04360380691033875
ZNF331,TFRC,0.0550633125528311
ZNF331,TGFBR2,0.05471241704521057
ZNF331,THUMPD1,0.03213831943467415
ZNF331,TIPARP,0.09966264445653145
ZNF331,TM2D3,0.04739055759868525
ZNF331,TMA7,-0.0637210473624753
ZNF331,TMF1,0.0360395427046626
ZNF331,TMSB10,-0.09031590076835075
ZNF331,TNFAIP3,0.1762411559327504
ZNF331,TNFRSF10B,0.03768028711353815
ZNF331,TNRC6B,0.0619850607363516
ZNF331,TOB1,0.0755165283931768
ZNF331,TOMM20,0.036266996063277435
ZNF331,TOMM7,-0.0542958379888304
ZNF331,TPP2,0.046457088678203695
ZNF331,TRAPPC10,0.04969170397875655
ZNF331,TRIM39,0.03776732680378565
ZNF331,TRMT10C,0.049612452279747046
ZNF331,TSC22D2,0.05863799530494765
ZNF331,TSC22D3,0.15984537664439738
ZNF331,TSPYL1,0.10030921438729216
ZNF331,TSPYL2,0.07016928588786142
ZNF331,TSPYL4,0.05530738462257235
ZNF331,TTC19,0.0560184490135851
ZNF331,TTC3,0.04491512013125313
ZNF331,TTN,0.0366080264469424
ZNF331,TUBA4A,0.04970906938604145
ZNF331,TUBB2A,0.07674686365229705
ZNF331,TUBB4B,0.07024261353811254
ZNF331,TUT4,0.04050328760858535
ZNF331,TXNIP,-0.09217453813728795
ZNF331,UBAC2,0.03685327086514435
ZNF331,UBALD2,0.07276149300451315
ZNF331,UBC,0.06941966496701925
ZNF331,UBE2B,0.050497390158601704
ZNF331,UBE2S,0.10682016036740383
ZNF331,UBL5,-0.07386810366513069
ZNF331,UQCR10,-0.06535450136408576
ZNF331,UQCR11,-0.05931254035874445
ZNF331,UQCRFS1,0.045552855316118246
ZNF331,USP10,0.030857410157753
ZNF331,USP15,0.05610441989688286
ZNF331,USP3,0.05598972008647837
ZNF331,USP34,0.03585790784463515
ZNF331,USP36,0.07106059585620553
ZNF331,USP9X,0.04564664732027115
ZNF331,UTRN,0.03790262982518945
ZNF331,VAPA,0.03598321886446855
ZNF331,VPS13C,0.03379949296626525
ZNF331,VPS37B,0.1105421653184992
ZNF331,WDR33,0.0424671478540778
ZNF331,WDR74,0.04021227177469375
ZNF331,WHAMM,0.04786298023884537
ZNF331,YBX3,0.0390835329072419
ZNF331,YES1,0.0808386253760075
ZNF331,YME1L1,0.0530686053587427
ZNF331,YPEL5,0.18190586875433043
ZNF331,YWHAZ,0.0758282709679531
ZNF331,ZBTB1,0.08156839989674333
ZNF331,ZBTB10,0.0584042676932214
ZNF331,ZBTB20,0.05799456403565115
ZNF331,ZBTB21,0.0738243583053135
ZNF331,ZC3H12A,0.0625337725328934
ZNF331,ZC3HAV1,0.05279432660734007
ZNF331,ZEB1,0.06553703632401664
ZNF331,ZFAND2A,0.04445429874492825
ZNF331,ZFAND5,0.06438132378136095
ZNF331,ZFP36,0.12675097123145473
ZNF331,ZFP36L2,0.09667509019481958
ZNF331,ZNF10,0.10011874126798134
ZNF331,ZNF14,0.0517276234813237
ZNF331,ZNF250,0.04064375562625405
ZNF331,ZNF335,0.0361827902655354
ZNF331,ZNF394,0.06054159951289
ZNF331,ZNF451,0.0428632120102736
ZNF331,ZNF609,0.04227236431678075
ZNF331,ZNF644,0.06276690557484566
ZNF333,B2M,-0.05193685677583987
ZNF333,RPL11,-0.036168205486391145
ZNF333,RPL28,-0.045778282393702546
ZNF333,RPL35A,-0.036465440211132454
ZNF333,RPL41,-0.039619103028518364
ZNF333,RPS14,-0.0401935959872749
ZNF333,RPS15,-0.03924982706076795
ZNF333,RPS15A,-0.04077198071353635
ZNF333,RPS19,-0.040337950717035054
ZNF333,RPS25,-0.03516384006872735
ZNF333,RPS29,-0.0348358490056769
ZNF335,B2M,-0.06929884109812794
ZNF335,C12orf57,-0.03697984823626725
ZNF335,COMMD6,-0.0369201763231911
ZNF335,COX4I1,-0.04212792183161655
ZNF335,COX7C,-0.0415102985197406
ZNF335,EEF1A1,-0.06040446642314367
ZNF335,EEF1B2,-0.059559769701839696
ZNF335,EEF1D,-0.0470775904364954
ZNF335,EEF1G,-0.0378558777245882
ZNF335,FAU,-0.05971967090591033
ZNF335,FTL,-0.042248498551882605
ZNF335,NACA,-0.06664292589388196
ZNF335,PFDN5,-0.0436243864680644
ZNF335,PTMA,-0.05087146345385905
ZNF335,RACK1,-0.05352600334220885
ZNF335,RPL10,-0.07416489093478364
ZNF335,RPL10A,-0.05077864363148451
ZNF335,RPL11,-0.07319810517107067
ZNF335,RPL12,-0.06379202969066017
ZNF335,RPL13,-0.06844119180869229
ZNF335,RPL13A,-0.0500201480568648
ZNF335,RPL14,-0.07692744160805325
ZNF335,RPL15,-0.05173958986142495
ZNF335,RPL17,-0.06163297581502181
ZNF335,RPL18,-0.06050523182716657
ZNF335,RPL18A,-0.06533880891770284
ZNF335,RPL19,-0.0665671626693261
ZNF335,RPL21,-0.05739038343788636
ZNF335,RPL22,-0.07198956057600514
ZNF335,RPL23A,-0.05149616112033913
ZNF335,RPL24,-0.0636783371254381
ZNF335,RPL26,-0.06406794996710827
ZNF335,RPL27A,-0.0395373333162721
ZNF335,RPL28,-0.06367857278288384
ZNF335,RPL29,-0.07609097169278045
ZNF335,RPL3,-0.05518369544995297
ZNF335,RPL30,-0.0704885299596791
ZNF335,RPL31,-0.05218573705197865
ZNF335,RPL32,-0.07679372751805809
ZNF335,RPL34,-0.0807712680710111
ZNF335,RPL35,-0.04730756693275934
ZNF335,RPL35A,-0.0719842760428494
ZNF335,RPL36,-0.06385368887330133
ZNF335,RPL36A,-0.048549040647860364
ZNF335,RPL37,-0.0804029322646071
ZNF335,RPL37A,-0.053573461231153446
ZNF335,RPL38,-0.05345762168443155
ZNF335,RPL39,-0.07227100857643937
ZNF335,RPL41,-0.06744684383945003
ZNF335,RPL5,-0.07445249606577675
ZNF335,RPL6,-0.07148520811840225
ZNF335,RPL7,-0.051579149419908404
ZNF335,RPL7A,-0.07119318529706276
ZNF335,RPL8,-0.05502448888049327
ZNF335,RPL9,-0.0610638895568172
ZNF335,RPLP0,-0.05509580395780145
ZNF335,RPLP1,-0.0582845876806268
ZNF335,RPLP2,-0.05832397174829577
ZNF335,RPS12,-0.06815754318783014
ZNF335,RPS13,-0.072626813778215
ZNF335,RPS14,-0.07550031005115153
ZNF335,RPS15,-0.07011613539776647
ZNF335,RPS15A,-0.07240205140068799
ZNF335,RPS16,-0.05218305095524575
ZNF335,RPS18,-0.061236689795661874
ZNF335,RPS19,-0.06680791926013967
ZNF335,RPS2,-0.05188569988881344
ZNF335,RPS20,-0.035367742622644555
ZNF335,RPS21,-0.08059534591855524
ZNF335,RPS23,-0.0708841296041549
ZNF335,RPS24,-0.07235049121319301
ZNF335,RPS25,-0.0648434498747328
ZNF335,RPS27,-0.07640839254028536
ZNF335,RPS27A,-0.07641393208158154
ZNF335,RPS28,-0.07764511520970506
ZNF335,RPS29,-0.05492625637579387
ZNF335,RPS3,-0.06678536336662617
ZNF335,RPS3A,-0.06371199199443923
ZNF335,RPS4X,-0.061787388177388235
ZNF335,RPS5,-0.057450548745617336
ZNF335,RPS6,-0.058607086630566234
ZNF335,RPS7,-0.07424035584509275
ZNF335,RPS8,-0.0658205061362545
ZNF335,RPS9,-0.04844300942234906
ZNF335,RPSA,-0.05647923207545655
ZNF335,TMA7,-0.03773313416046465
ZNF335,TMSB10,-0.0585500826458388
ZNF335,TMSB4X,-0.05561852307084977
ZNF335,TOMM7,-0.047282973555004756
ZNF335,TPT1,-0.066895531611875
ZNF335,ZNF331,0.0361827902655354
ZNF337,EEF1A1,-0.047506159466292455
ZNF337,EIF1,-0.0529943594769925
ZNF337,PTMA,-0.04604816612923565
ZNF337,RPL13,-0.05029184297309165
ZNF337,RPL15,-0.039076768394341405
ZNF337,RPL18A,-0.048937635456322195
ZNF337,RPL23A,-0.04315915906843965
ZNF337,RPLP2,-0.0494493646617648
ZNF337,RPS14,-0.04868759806140255
ZNF337,RPS15A,-0.05193383311350634
ZNF337,RPS18,-0.04959488551509845
ZNF337,RPS27A,-0.0510657919650815
ZNF33A,ATP5MG,-0.039251821828438005
ZNF33A,EEF1A1,-0.06720384411659386
ZNF33A,EIF1,-0.0481922421790096
ZNF33A,H3-3B,-0.04538290906781385
ZNF33A,PTMA,-0.06361634552888565
ZNF33A,RPL10A,-0.056214491924176324
ZNF33A,RPL15,-0.0599481339794327
ZNF33A,RPL18,-0.06262087483994822
ZNF33A,RPL21,-0.0806291738047136
ZNF33A,RPL24,-0.049340580713287854
ZNF33A,RPL26,-0.07420780018047479
ZNF33A,RPL29,-0.05910623319803365
ZNF33A,RPL31,-0.06879653538916868
ZNF33A,RPL37A,-0.05016412124124267
ZNF33A,RPL38,-0.04848515539488454
ZNF33A,RPLP2,-0.0693195814835048
ZNF33A,RPS10,-0.0390701754655893
ZNF33A,RPS12,-0.0718919780395682
ZNF33A,RPS15A,-0.08359056644568028
ZNF33A,RPS18,-0.07965643367480273
ZNF33A,RPS2,-0.07069309382097515
ZNF33A,RPS27,-0.0889454086667
ZNF33A,RPS27A,-0.08537716057534928
ZNF33A,RPS29,-0.07117381714216234
ZNF33A,RPS3A,-0.06333824325038528
ZNF33A,RPS6,-0.06470567369845284
ZNF33A,RPS7,-0.0633832449283229
ZNF33A,RPS8,-0.06926968456843093
ZNF33A,RPSA,-0.050199996048347933
ZNF33A,SERF2,-0.0430160899203489
ZNF33A,UQCRB,-0.03237671059992205
ZNF33A,UTRN,0.03819675545224405
ZNF33B,ATP5F1E,-0.03273362851692985
ZNF33B,EIF1,-0.042413384733828365
ZNF33B,FTL,-0.03171266751689025
ZNF33B,PTMA,-0.04658043577875215
ZNF33B,RPL13,-0.0566279821807975
ZNF33B,RPL13A,-0.04787063298771144
ZNF33B,RPL14,-0.049017079981597794
ZNF33B,RPL15,-0.03852881169468377
ZNF33B,RPL18,-0.04097661043878823
ZNF33B,RPL18A,-0.05645678129225277
ZNF33B,RPL19,-0.047907738697408365
ZNF33B,RPL21,-0.0528273659672454
ZNF33B,RPL29,-0.0465961822245738
ZNF33B,RPL3,-0.0422326072902125
ZNF33B,RPL31,-0.0435514053486171
ZNF33B,RPL34,-0.06908215780070026
ZNF33B,RPL36,-0.0586111002516474
ZNF33B,RPL37A,-0.04987939579859125
ZNF33B,RPL38,-0.045819360469200446
ZNF33B,RPL6,-0.04597823214121305
ZNF33B,RPL9,-0.03903915985377205
ZNF33B,RPLP2,-0.05538531319298473
ZNF33B,RPS13,-0.04803280539578897
ZNF33B,RPS14,-0.0590612715420653
ZNF33B,RPS15A,-0.06298197264244383
ZNF33B,RPS18,-0.05864455433108453
ZNF33B,RPS21,-0.0546165893953877
ZNF33B,RPS23,-0.049420157496598865
ZNF33B,RPS27A,-0.06189776689336037
ZNF33B,RPS28,-0.06386704513498724
ZNF33B,RPS3,-0.0476333197108719
ZNF33B,RPS6,-0.04687693643131596
ZNF33B,RPS7,-0.0506619166956542
ZNF33B,TMSB10,-0.061238983334256265
ZNF350,B2M,-0.05592200962111013
ZNF350,EEF1A1,-0.0475414071762632
ZNF350,FAU,-0.04599111053906816
ZNF350,PFDN5,-0.03453326282503343
ZNF350,PTMA,-0.044673620605197605
ZNF350,RPL10A,-0.044269748453539266
ZNF350,RPL11,-0.05737626052472003
ZNF350,RPL12,-0.05392417047600953
ZNF350,RPL13,-0.06455830046147304
ZNF350,RPL13A,-0.053877043291988835
ZNF350,RPL17,-0.0505171873752318
ZNF350,RPL18,-0.04772343065611143
ZNF350,RPL18A,-0.059351616247616534
ZNF350,RPL19,-0.051425883919951426
ZNF350,RPL21,-0.062088680969222466
ZNF350,RPL22,-0.043695079049680834
ZNF350,RPL23A,-0.05160162266763277
ZNF350,RPL24,-0.03833041477481983
ZNF350,RPL27,-0.036036161115034354
ZNF350,RPL27A,-0.0582487804661721
ZNF350,RPL28,-0.054886500919358296
ZNF350,RPL29,-0.0427391969854805
ZNF350,RPL3,-0.04969636280385597
ZNF350,RPL31,-0.0511414050975339
ZNF350,RPL32,-0.0608193649431375
ZNF350,RPL34,-0.06376061493558297
ZNF350,RPL35,-0.04803655303021714
ZNF350,RPL35A,-0.05528067821114805
ZNF350,RPL36,-0.0554827474185568
ZNF350,RPL36A,-0.039195276291831366
ZNF350,RPL37,-0.047832720849848666
ZNF350,RPL37A,-0.04326583397021683
ZNF350,RPL38,-0.040071667006320005
ZNF350,RPL39,-0.060366519738894425
ZNF350,RPL41,-0.0563611194446534
ZNF350,RPL5,-0.0457647580111121
ZNF350,RPL6,-0.04363576788821627
ZNF350,RPL7,-0.054472800454135245
ZNF350,RPL8,-0.04106357634625137
ZNF350,RPL9,-0.044188121222918035
ZNF350,RPLP1,-0.050524627017883704
ZNF350,RPLP2,-0.06091811805182094
ZNF350,RPS12,-0.05437984221376205
ZNF350,RPS13,-0.05445874426338348
ZNF350,RPS14,-0.06517522094208743
ZNF350,RPS15,-0.06189760372793334
ZNF350,RPS15A,-0.05949142667031445
ZNF350,RPS16,-0.04265898832165237
ZNF350,RPS18,-0.06085805862081974
ZNF350,RPS19,-0.06170753879697377
ZNF350,RPS2,-0.04917391792202803
ZNF350,RPS20,-0.046366441181623946
ZNF350,RPS21,-0.04514165093085078
ZNF350,RPS23,-0.05877919155525666
ZNF350,RPS24,-0.04113025397067257
ZNF350,RPS25,-0.057728326791166205
ZNF350,RPS27,-0.06147607173893855
ZNF350,RPS27A,-0.0674222867003365
ZNF350,RPS28,-0.059743312620712474
ZNF350,RPS29,-0.055468571697116394
ZNF350,RPS3,-0.0545338761220053
ZNF350,RPS3A,-0.055624662517933264
ZNF350,RPS4X,-0.052213467291809666
ZNF350,RPS5,-0.04431024632448097
ZNF350,RPS6,-0.05559267249642693
ZNF350,RPS7,-0.04455510517939537
ZNF350,RPS9,-0.042700951895002066
ZNF350,TMSB10,-0.05007057762864733
ZNF350,TNFAIP3,0.03460665286289846
ZNF350,TPT1,-0.04065650077047675
ZNF350,UBA52,-0.037231035159930065
ZNF354A,EEF1A1,-0.03813663461031715
ZNF354A,RPL11,-0.0511711963070186
ZNF354A,RPL36,-0.04686575236376615
ZNF354A,RPS3,-0.042971486403357004
ZNF354A,TMSB4X,-0.0500171941647966
ZNF354B,RPL11,-0.047667079882550645
ZNF354B,RPL32,-0.0509234288424731
ZNF354B,RPS18,-0.047781879534742056
ZNF354B,RPS19,-0.04776778241845805
ZNF354B,RPS27,-0.05391536800645525
ZNF362,PTMA,-0.0350893577087817
ZNF362,RPL11,-0.04454915060055755
ZNF362,RPL13,-0.04487096579813525
ZNF362,RPL18A,-0.0430214777818061
ZNF362,RPL23A,-0.036420402058894796
ZNF362,RPL34,-0.0540887228631135
ZNF362,RPL35,-0.03446645199254035
ZNF362,RPL41,-0.0439439912653392
ZNF362,RPS15,-0.0459977271334639
ZNF362,RPS15A,-0.046860557771085554
ZNF362,RPS18,-0.044762193213481946
ZNF362,RPS19,-0.045764859676066194
ZNF362,RPS23,-0.04191263763087845
ZNF362,RPS27A,-0.0499139349405704
ZNF362,RPS29,-0.036776321931617895
ZNF362,RPS6,-0.0383037649036161
ZNF37A,RPL26,-0.06550830674101926
ZNF37A,RPL36A,-0.0514459992722531
ZNF37A,RPS24,-0.0647760157369633
ZNF37A,RPS29,-0.055697734312806335
ZNF382,EEF1A1,-0.03851668131826205
ZNF382,RPL32,-0.0412777293817782
ZNF382,RPS14,-0.04024189305005005
ZNF383,RPL28,-0.04732571166377845
ZNF383,RPL41,-0.038524163381735296
ZNF384,B2M,-0.06337992311254241
ZNF384,EEF1A1,-0.0488952782020544
ZNF384,EIF1,-0.04757892672260815
ZNF384,FAU,-0.05065923677307345
ZNF384,MT-CO2,-0.03820946953512645
ZNF384,PTMA,-0.042935796153413364
ZNF384,RPL11,-0.0494061992508848
ZNF384,RPL12,-0.04367063723442216
ZNF384,RPL13,-0.049719430380583435
ZNF384,RPL14,-0.0486508496595124
ZNF384,RPL15,-0.035988838054733296
ZNF384,RPL18,-0.048256508778431545
ZNF384,RPL18A,-0.04638100566488024
ZNF384,RPL19,-0.04319016533922943
ZNF384,RPL21,-0.04355310702506095
ZNF384,RPL23A,-0.04033527726405057
ZNF384,RPL26,-0.044876980179229135
ZNF384,RPL29,-0.04885950518002815
ZNF384,RPL3,-0.03853653309859515
ZNF384,RPL31,-0.0368294032532527
ZNF384,RPL32,-0.052289768122495466
ZNF384,RPL34,-0.054974969692343
ZNF384,RPL35,-0.0388788269117486
ZNF384,RPL35A,-0.04910755316661365
ZNF384,RPL36,-0.04489370690639983
ZNF384,RPL37,-0.053372957328935
ZNF384,RPL41,-0.04936875964914683
ZNF384,RPL7A,-0.0439603710588334
ZNF384,RPLP1,-0.045928624904827166
ZNF384,RPLP2,-0.04625306644597347
ZNF384,RPS12,-0.05779371884907865
ZNF384,RPS13,-0.04878769830503195
ZNF384,RPS14,-0.050991154435409365
ZNF384,RPS15,-0.049693799595094325
ZNF384,RPS15A,-0.051612922703465035
ZNF384,RPS16,-0.04139516943099905
ZNF384,RPS19,-0.04822292625320403
ZNF384,RPS2,-0.041935765981378166
ZNF384,RPS23,-0.046044255561949264
ZNF384,RPS25,-0.0456657596220644
ZNF384,RPS27,-0.050817533574314004
ZNF384,RPS27A,-0.05282575638377853
ZNF384,RPS29,-0.04244437931007065
ZNF384,RPS3,-0.044947953169842965
ZNF384,RPS4X,-0.04371575500907726
ZNF384,RPS7,-0.05102837129107045
ZNF384,RPS9,-0.0335855956441094
ZNF384,TMSB10,-0.04844219562160045
ZNF384,TMSB4X,-0.05118961374457993
ZNF394,ACTB,-0.0652008272220721
ZNF394,ADAR,0.02935552139996915
ZNF394,ANKRD12,0.0297297465574621
ZNF394,AP3M2,0.03826634764506895
ZNF394,ARID5B,0.0303770076530541
ZNF394,ARL4A,0.04298396013577235
ZNF394,ARL4C,0.0353975099981976
ZNF394,ARRDC2,0.03519653534822515
ZNF394,ATF4,0.03383703776122515
ZNF394,B2M,-0.09614894230846485
ZNF394,BCAS2,0.048798262816143204
ZNF394,BCLAF1,0.04055846610726007
ZNF394,BTG2,0.05131294720331103
ZNF394,BTG3,0.0353805415382287
ZNF394,CAST,0.03068715273091715
ZNF394,CCDC59,0.041428731194679
ZNF394,CCND3,0.02952038897233055
ZNF394,CCNL1,0.043474087708949095
ZNF394,CD247,0.0312744700877008
ZNF394,CDKN1B,0.0352308826819161
ZNF394,CEMIP2,0.03362599854642545
ZNF394,CLK1,0.0405603552289936
ZNF394,COMMD6,-0.0350169863332689
ZNF394,COX7C,-0.03942241901566115
ZNF394,CREM,0.0443449951693902
ZNF394,CSRNP1,0.060759695389151144
ZNF394,CYCS,0.0475275645479198
ZNF394,DDIT4,0.0476013932701563
ZNF394,DDX21,0.03012817860823115
ZNF394,DDX3X,0.03984734611222235
ZNF394,DNAJB1,0.06473005598327845
ZNF394,DNAJB9,0.038195595573740804
ZNF394,DUSP1,0.07662014269187944
ZNF394,DYNLT1,0.04033765821481215
ZNF394,EEF1A1,-0.06337059071188005
ZNF394,EEF1D,-0.03910585514348978
ZNF394,EIF2A,0.0299476718501871
ZNF394,EIF5,0.0453825777357979
ZNF394,ELF1,0.044508354876979545
ZNF394,ENO1,0.030692149846579402
ZNF394,EZR,0.03472370898770517
ZNF394,FTL,-0.03744200679971533
ZNF394,G3BP2,0.0411453834950138
ZNF394,HNRNPA0,0.0428135877179026
ZNF394,HSP90B1,0.03200342616682055
ZNF394,HSPA5,0.0444656247352814
ZNF394,HSPA9,0.04230660024983985
ZNF394,ID2,0.0302297738244565
ZNF394,IDI1,0.04653384996722065
ZNF394,IDS,0.04873342410192625
ZNF394,ILF3,0.03012166150613685
ZNF394,IRF1,0.0449423932363497
ZNF394,IRF2BP2,0.0474111906759152
ZNF394,JMJD1C,0.0341765770895283
ZNF394,KHDRBS1,0.03020905673737915
ZNF394,KLF6,0.033039776569218096
ZNF394,LCP1,0.029655699887112197
ZNF394,LDHA,0.0336146264299554
ZNF394,MAPK1IP1L,0.0424513938347119
ZNF394,MCL1,0.03661222970427305
ZNF394,MTFP1,0.04210731836055725
ZNF394,MYADM,0.0420243478616441
ZNF394,MYH9,0.0346819123076032
ZNF394,NACA,-0.04767494929408683
ZNF394,NR4A2,0.07362961417468213
ZNF394,NSD3,0.0307275806657101
ZNF394,OSER1,0.0547102666994645
ZNF394,PASK,0.02876795873558315
ZNF394,PDIA3,0.03361374779388705
ZNF394,PER1,0.06457773174360085
ZNF394,PFDN5,-0.05045787100066099
ZNF394,PIK3R1,0.042848745946567034
ZNF394,PLK3,0.043037556221705645
ZNF394,PNRC1,0.0480657154609114
ZNF394,PPP1R15A,0.0513032271383994
ZNF394,PSAP,0.03173530491905935
ZNF394,PTMA,-0.0645696668041894
ZNF394,RACK1,-0.047235328391850157
ZNF394,RBM39,0.0349117710139395
ZNF394,REL,0.0439358115408091
ZNF394,RHBDD2,0.036387036871485354
ZNF394,RNF125,0.03974471976037785
ZNF394,RNF139,0.0505618239643541
ZNF394,RNMT,0.03469670243189145
ZNF394,RPL10,-0.08764361730790834
ZNF394,RPL10A,-0.0619974741159826
ZNF394,RPL11,-0.08428383283120637
ZNF394,RPL12,-0.07617492317506999
ZNF394,RPL13,-0.0939391067580269
ZNF394,RPL15,-0.06488058600624518
ZNF394,RPL17,-0.082066393059929
ZNF394,RPL18A,-0.07962497482917197
ZNF394,RPL21,-0.07858864726615031
ZNF394,RPL22,-0.05899203105655927
ZNF394,RPL23,-0.0411531808008909
ZNF394,RPL23A,-0.0780779080542416
ZNF394,RPL26,-0.07626840489012623
ZNF394,RPL27,-0.053731537207769166
ZNF394,RPL28,-0.07707115742351114
ZNF394,RPL29,-0.06047244857263698
ZNF394,RPL3,-0.07132798750458613
ZNF394,RPL30,-0.07493520495129305
ZNF394,RPL31,-0.07382358835274183
ZNF394,RPL32,-0.08843919474682838
ZNF394,RPL34,-0.09680746832712303
ZNF394,RPL35,-0.07643632792573546
ZNF394,RPL36,-0.08049162042165635
ZNF394,RPL36A,-0.06528833257832767
ZNF394,RPL37,-0.0703789293881542
ZNF394,RPL37A,-0.07061724111138863
ZNF394,RPL38,-0.062342949909470764
ZNF394,RPL39,-0.09821953758452888
ZNF394,RPL41,-0.089784839516379
ZNF394,RPL5,-0.058560222259634594
ZNF394,RPL6,-0.06587641562057812
ZNF394,RPL7,-0.06620837254939196
ZNF394,RPL7A,-0.05609391921563106
ZNF394,RPL9,-0.06307149662376674
ZNF394,RPLP0,-0.0457441307404339
ZNF394,RPLP1,-0.0793938619052543
ZNF394,RPS10,-0.059289765658017995
ZNF394,RPS11,-0.04763783320607485
ZNF394,RPS12,-0.0792067077780273
ZNF394,RPS14,-0.09420180329667582
ZNF394,RPS15,-0.08388004708967275
ZNF394,RPS15A,-0.08892428672902405
ZNF394,RPS16,-0.06510153074254806
ZNF394,RPS18,-0.09259868937152087
ZNF394,RPS19,-0.08335618534129585
ZNF394,RPS2,-0.07042049766416324
ZNF394,RPS23,-0.07546235177956317
ZNF394,RPS24,-0.060810920362092805
ZNF394,RPS25,-0.0863710160044403
ZNF394,RPS26,-0.044737512812089056
ZNF394,RPS27,-0.09461250042777883
ZNF394,RPS28,-0.09512507254546229
ZNF394,RPS29,-0.0790872826819413
ZNF394,RPS3,-0.07908981189888493
ZNF394,RPS3A,-0.07886715474346177
ZNF394,RPS4X,-0.07649429260093503
ZNF394,RPS5,-0.057786130059091195
ZNF394,RPS6,-0.0823586319602873
ZNF394,RPS7,-0.06495215502081665
ZNF394,RPS8,-0.077072309883224
ZNF394,RPS9,-0.0588353854724357
ZNF394,RPSA,-0.05085759812351775
ZNF394,RSRC2,0.03059377264856535
ZNF394,SBDS,0.0686470903218402
ZNF394,SELENOK,0.0520536847498133
ZNF394,SERF2,-0.03847249208836838
ZNF394,SF1,0.04262491246787705
ZNF394,SF3B1,0.03078889337969765
ZNF394,SF3B2,0.0312399866176436
ZNF394,SFPQ,0.04241858055310504
ZNF394,SLC25A3,0.02840720777372785
ZNF394,SMCHD1,0.0367032534995084
ZNF394,SOCS3,0.05310167762733965
ZNF394,SPTBN1,0.034715128657369046
ZNF394,SRRM2,0.0468616850046472
ZNF394,SRSF2,0.033853941410306
ZNF394,SRSF7,0.0307942047631048
ZNF394,STAT3,0.0403168398677123
ZNF394,TENT5C,0.051958925539938944
ZNF394,THRAP3,0.0294472841736418
ZNF394,TMSB10,-0.08296320705132634
ZNF394,TOMM20,0.02867515673917415
ZNF394,TPM3,0.029025736574097648
ZNF394,TPT1,-0.062482485967552945
ZNF394,TSC22D3,0.06895066855177251
ZNF394,TUBA1A,0.03701818412014734
ZNF394,UBA52,-0.058732776446351165
ZNF394,UQCRB,-0.033475364359309
ZNF394,ZFP36,0.05392070639204135
ZNF394,ZNF331,0.06054159951289
ZNF397,EIF1,-0.05312164710509035
ZNF397,JUNB,-0.05127857213092875
ZNF397,RPL11,-0.035810552671728134
ZNF397,RPL12,-0.03699306342332223
ZNF397,RPL32,-0.0391230046494535
ZNF397,RPS15,-0.04115435495483267
ZNF397,RPS18,-0.041277017318584776
ZNF397,RPS2,-0.0363316538698194
ZNF398,B2M,-0.0805692027942597
ZNF398,EEF1A1,-0.05871144248458145
ZNF398,NACA,-0.0456010779204349
ZNF398,PTMA,-0.050157546710869
ZNF398,RACK1,-0.03869640593421185
ZNF398,RPL10A,-0.042004314983392854
ZNF398,RPL12,-0.05932461174920885
ZNF398,RPL13,-0.05700348651917115
ZNF398,RPL24,-0.04667001247619115
ZNF398,RPL29,-0.057568109339767054
ZNF398,RPL32,-0.06270191038505266
ZNF398,RPL36,-0.05542277713214795
ZNF398,RPL37,-0.059439680172511
ZNF398,RPL39,-0.06387268263174015
ZNF398,RPL41,-0.05878265427906375
ZNF398,RPL5,-0.04822014215651795
ZNF398,RPL6,-0.056404528342164306
ZNF398,RPL7A,-0.0536403002352841
ZNF398,RPLP0,-0.04455344702019005
ZNF398,RPLP1,-0.057741442447434
ZNF398,RPS12,-0.0636146971066377
ZNF398,RPS15,-0.062025953137915896
ZNF398,RPS15A,-0.0654951907384661
ZNF398,RPS19,-0.05618832007044175
ZNF398,RPS2,-0.04442448587753175
ZNF398,RPS21,-0.05605501490296805
ZNF398,RPS25,-0.05519933975001095
ZNF398,RPS29,-0.043966493637443746
ZNF398,RPS3A,-0.0514069305566117
ZNF398,RPS5,-0.04461058560652165
ZNF398,RPS7,-0.061640249497671246
ZNF398,RPS8,-0.0605323345599922
ZNF398,TMSB10,-0.060858422749391294
ZNF398,TMSB4X,-0.06218822539542415
ZNF407,ACTB,-0.059383009185945995
ZNF407,BTBD9,0.04333834824388355
ZNF407,EEF1B2,-0.06486136585219085
ZNF407,FTL,-0.05091003881465823
ZNF407,HERC1,0.043357732194239856
ZNF407,RACK1,-0.0701539717018406
ZNF407,RPL15,-0.060688886150428535
ZNF407,RPL19,-0.08052660595843664
ZNF407,RPL23A,-0.06748880820509663
ZNF407,RPL26,-0.07979291089132466
ZNF407,RPL3,-0.06420433571592464
ZNF407,RPL32,-0.08836371616221363
ZNF407,RPL34,-0.09179368675473908
ZNF407,RPL36,-0.0771847773177713
ZNF407,RPL37,-0.0930526864788348
ZNF407,RPL38,-0.059266873541762397
ZNF407,RPL41,-0.08102141332926537
ZNF407,RPL5,-0.088081646062793
ZNF407,RPL6,-0.071506369262144
ZNF407,RPS12,-0.08097372001842594
ZNF407,RPS15,-0.08674011404340932
ZNF407,RPS18,-0.07810451848811677
ZNF407,RPS24,-0.0880505307637039
ZNF407,RPS26,-0.0499184029155576
ZNF407,RPS27A,-0.08949692238510583
ZNF407,RPS28,-0.08733876168689773
ZNF407,RPS29,-0.06514854200573467
ZNF407,RPS7,-0.07524216712739706
ZNF407,RPS8,-0.0769625866213097
ZNF407,SERF2,-0.048405967001654046
ZNF407,TOMM7,-0.05017051888005185
ZNF407,UBC,-0.03996914149662105
ZNF41,EEF1A1,-0.0499435845116408
ZNF41,RPL11,-0.05337648603093495
ZNF41,RPL18A,-0.04883786221369345
ZNF41,RPL32,-0.053788858742147505
ZNF41,RPL36,-0.04387105692697565
ZNF41,RPS12,-0.0535795550711638
ZNF41,RPS14,-0.0493962665345653
ZNF41,RPS18,-0.044180877933773996
ZNF41,RPS2,-0.041128990210309704
ZNF41,RPS7,-0.04986428499006585
ZNF41,RPS8,-0.0485477383388584
ZNF410,RPL39,-0.08060234974761298
ZNF414,PTMA,-0.0429410156660311
ZNF414,RPL10,-0.04968773771939406
ZNF414,RPL12,-0.04311641703315447
ZNF414,RPL13,-0.04529682438694477
ZNF414,RPL13A,-0.0500843269513841
ZNF414,RPL15,-0.033582898959767904
ZNF414,RPL18,-0.0364064350709473
ZNF414,RPL19,-0.04055526692981315
ZNF414,RPL21,-0.053519075318085405
ZNF414,RPL23A,-0.04608194187837515
ZNF414,RPL26,-0.043842839309126365
ZNF414,RPL27A,-0.046388952386806945
ZNF414,RPL28,-0.046310405734458694
ZNF414,RPL29,-0.034353050059561296
ZNF414,RPL30,-0.0466167293480336
ZNF414,RPL31,-0.041097867804683996
ZNF414,RPL34,-0.056907480823950564
ZNF414,RPL35A,-0.04307592696296773
ZNF414,RPL36,-0.046996769118171335
ZNF414,RPL37,-0.05175882362628705
ZNF414,RPL37A,-0.0448622727720244
ZNF414,RPL41,-0.053504917369751936
ZNF414,RPL6,-0.0376848192058162
ZNF414,RPL7,-0.0365185837729873
ZNF414,RPLP1,-0.041598243058306804
ZNF414,RPLP2,-0.0445989972987045
ZNF414,RPS12,-0.0518856014407276
ZNF414,RPS14,-0.04416393069408411
ZNF414,RPS15,-0.047191739776475505
ZNF414,RPS15A,-0.05230707465599693
ZNF414,RPS19,-0.05143961005176017
ZNF414,RPS2,-0.03864535475561705
ZNF414,RPS21,-0.0478958316744948
ZNF414,RPS27,-0.05522667899640776
ZNF414,RPS28,-0.051514818394891033
ZNF414,RPS29,-0.04974010708604376
ZNF414,RPS7,-0.04027910850556565
ZNF414,RPS8,-0.050627001943766195
ZNF417,RPL30,-0.0445600411054502
ZNF417,RPL37,-0.03974378087997585
ZNF417,RPS8,-0.0410189799581789
ZNF417,TMSB10,-0.040691387658082404
ZNF44,EEF1A1,-0.05179672035408797
ZNF44,EIF1,-0.032890526810700954
ZNF44,FAU,-0.05236747137974543
ZNF44,FTL,-0.0341167737326048
ZNF44,PTMA,-0.052478347272370496
ZNF44,RACK1,-0.038359513930636954
ZNF44,RPL10A,-0.048342910942125096
ZNF44,RPL13,-0.062456487206954625
ZNF44,RPL15,-0.05223235076450313
ZNF44,RPL18,-0.0496383265566979
ZNF44,RPL18A,-0.06135879623135855
ZNF44,RPL19,-0.058137443365816346
ZNF44,RPL21,-0.0692854502325122
ZNF44,RPL22,-0.049164774379464295
ZNF44,RPL23A,-0.059577653963025425
ZNF44,RPL27,-0.0440792849224131
ZNF44,RPL27A,-0.06596928479925834
ZNF44,RPL31,-0.05869077947794996
ZNF44,RPL32,-0.06903612060155685
ZNF44,RPL35,-0.0546600525167899
ZNF44,RPL35A,-0.06080107526004075
ZNF44,RPL37A,-0.04647610802279717
ZNF44,RPL38,-0.05154727972453695
ZNF44,RPL5,-0.051881538518968
ZNF44,RPL7,-0.05507105318048206
ZNF44,RPLP2,-0.06456426294874086
ZNF44,RPS13,-0.06057630573843983
ZNF44,RPS14,-0.0664187531039394
ZNF44,RPS15A,-0.06762846431917652
ZNF44,RPS16,-0.0451035609689866
ZNF44,RPS18,-0.06971192912520995
ZNF44,RPS19,-0.0729194801947128
ZNF44,RPS20,-0.0444083919888147
ZNF44,RPS21,-0.04811521727851725
ZNF44,RPS24,-0.05219879422576914
ZNF44,RPS25,-0.06626912845919197
ZNF44,RPS27,-0.07056187914344263
ZNF44,RPS27A,-0.0689956532808629
ZNF44,RPS28,-0.06740684266764466
ZNF44,RPS29,-0.06510779606402554
ZNF44,RPS3,-0.0565677849148527
ZNF44,RPS3A,-0.05907533553497627
ZNF44,RPS5,-0.0466668918983514
ZNF44,RPS6,-0.06203654481025977
ZNF44,RPS7,-0.0496958170382979
ZNF44,RPSA,-0.04254295080839815
ZNF44,SERF2,-0.0327937279765526
ZNF44,TMA7,-0.03197208393646165
ZNF44,TMSB10,-0.06012295074230223
ZNF441,B2M,-0.05010257705562355
ZNF444,RPL10,-0.0371677655581549
ZNF444,RPL11,-0.03324065746580545
ZNF444,RPL32,-0.03696601255417955
ZNF444,RPL34,-0.0432608756434219
ZNF444,RPL36,-0.03291117278156895
ZNF444,RPLP2,-0.03225413830691495
ZNF444,RPS14,-0.038113926306454
ZNF444,RPS15,-0.0366805395638354
ZNF444,RPS15A,-0.03618702434876385
ZNF444,RPS19,-0.03723975760994825
ZNF444,RPS25,-0.03196062612783765
ZNF444,RPS27,-0.03869695036985215
ZNF445,RPL24,-0.039454135988650704
ZNF445,RPL41,-0.05074221621655343
ZNF445,RPLP2,-0.0455387118428841
ZNF445,RPS14,-0.047543674966329635
ZNF445,RPS2,-0.040871211836149335
ZNF445,RPS8,-0.04782740318403465
ZNF451,ACTB,-0.0612203290218995
ZNF451,ATM,0.031834794954534
ZNF451,ATP5F1E,-0.058477810558167295
ZNF451,ATP5MC2,-0.0406579876325106
ZNF451,ATP5MG,-0.037240832236748435
ZNF451,BIRC6,0.0323752496022542
ZNF451,CCNL1,0.0368477426210757
ZNF451,CFL1,-0.0466043601949543
ZNF451,CHD1,0.0393572070249312
ZNF451,CHD2,0.034180924437849904
ZNF451,DDX17,0.03453390475181
ZNF451,EEF1A1,-0.07342582196724033
ZNF451,EEF1G,-0.03991341913569815
ZNF451,FAU,-0.06968297493810938
ZNF451,FTL,-0.048182014137521496
ZNF451,HLA-B,-0.056294786524192
ZNF451,IL32,-0.05300923188537375
ZNF451,JMJD1C,0.0332989665106537
ZNF451,MACF1,0.03408441200770655
ZNF451,MIF,-0.0369723089928234
ZNF451,NACA,-0.0597973842612859
ZNF451,NIPBL,0.0323694935298076
ZNF451,PFN1,-0.05860233620752995
ZNF451,PPIA,-0.04232273484677565
ZNF451,PTMA,-0.056594620720701705
ZNF451,RACK1,-0.05439784050139517
ZNF451,REL,0.034125020125691505
ZNF451,RPL10A,-0.058273418476313274
ZNF451,RPL11,-0.08504401922926072
ZNF451,RPL12,-0.0754469166384602
ZNF451,RPL13,-0.0813700434917751
ZNF451,RPL13A,-0.07136049621895828
ZNF451,RPL14,-0.06645235026008495
ZNF451,RPL15,-0.0645500195718015
ZNF451,RPL18,-0.0687139390933334
ZNF451,RPL19,-0.07838923288976353
ZNF451,RPL22,-0.05807344561905355
ZNF451,RPL24,-0.05313310696752423
ZNF451,RPL26,-0.07697771412869205
ZNF451,RPL27A,-0.057993186740674434
ZNF451,RPL29,-0.06520321227420126
ZNF451,RPL30,-0.0801011235591676
ZNF451,RPL31,-0.06743778323752107
ZNF451,RPL35,-0.06126011446751948
ZNF451,RPL35A,-0.080505613373737
ZNF451,RPL36,-0.07531871187863423
ZNF451,RPL37A,-0.04972468034352652
ZNF451,RPL38,-0.053532142989577335
ZNF451,RPL41,-0.08573364463930841
ZNF451,RPL5,-0.06767001220660317
ZNF451,RPL6,-0.07031940040249582
ZNF451,RPL7,-0.0659537299998732
ZNF451,RPL8,-0.06497332593539328
ZNF451,RPLP1,-0.0701503981826011
ZNF451,RPLP2,-0.07017280462640323
ZNF451,RPS10,-0.04538665872406625
ZNF451,RPS12,-0.07998119778734518
ZNF451,RPS13,-0.077604379219255
ZNF451,RPS14,-0.08505661525940156
ZNF451,RPS15,-0.08483590527511252
ZNF451,RPS16,-0.0568433802126603
ZNF451,RPS18,-0.07457554681357065
ZNF451,RPS2,-0.06649338386482687
ZNF451,RPS20,-0.05027643476834903
ZNF451,RPS21,-0.06652677679903242
ZNF451,RPS23,-0.0772660882718311
ZNF451,RPS24,-0.0597562604879196
ZNF451,RPS27,-0.08882530826084123
ZNF451,RPS29,-0.06784166573896808
ZNF451,RPS3,-0.07672996445444565
ZNF451,RPS3A,-0.071886460377909
ZNF451,RPS5,-0.06082554436892565
ZNF451,RPS6,-0.06562682030535624
ZNF451,RPS7,-0.07072003520825555
ZNF451,RPS8,-0.07380405999021686
ZNF451,RPS9,-0.055077280105412324
ZNF451,RPSA,-0.0592074125158532
ZNF451,SERF2,-0.0535502908630939
ZNF451,SERINC5,0.033708448553901
ZNF451,SH3BGRL3,-0.04482217681193195
ZNF451,SNRPD2,-0.03753007152081405
ZNF451,SPTBN1,0.03594267876992243
ZNF451,SRRM2,0.039930072136052194
ZNF451,STAG1,0.03185197921283755
ZNF451,TMA7,-0.04624505481903224
ZNF451,TMSB10,-0.0767837182240759
ZNF451,TNFAIP3,0.05035445347027864
ZNF451,TOMM7,-0.0447353446247611
ZNF451,UBA52,-0.0504377087358986
ZNF451,UTRN,0.037181548824771
ZNF451,ZNF331,0.0428632120102736
ZNF460,ACTB,-0.0660866988299138
ZNF460,B2M,-0.0999328114221014
ZNF460,CD52,-0.055719434343646096
ZNF460,COX7C,-0.0430580700895145
ZNF460,EEF1A1,-0.06684527575088464
ZNF460,EEF1D,-0.041025012416607554
ZNF460,FAU,-0.07399891635351119
ZNF460,HLA-A,-0.0380231080725823
ZNF460,NACA,-0.056729632170425995
ZNF460,PFDN5,-0.04448993962069485
ZNF460,PFN1,-0.0583939817804321
ZNF460,PTMA,-0.054610637934970604
ZNF460,RACK1,-0.0480482087306079
ZNF460,RPL10,-0.07947644563553405
ZNF460,RPL11,-0.07939868142138709
ZNF460,RPL12,-0.0763155694149287
ZNF460,RPL13,-0.0652129262157763
ZNF460,RPL14,-0.06797644428757149
ZNF460,RPL18,-0.06654190126224571
ZNF460,RPL18A,-0.0702508200420244
ZNF460,RPL19,-0.07490650361934881
ZNF460,RPL21,-0.0468994417894219
ZNF460,RPL22,-0.060462409176732554
ZNF460,RPL24,-0.0495095825067013
ZNF460,RPL26,-0.0687431773619534
ZNF460,RPL29,-0.0708240775084707
ZNF460,RPL30,-0.0791345076990649
ZNF460,RPL32,-0.07628486730910355
ZNF460,RPL35A,-0.0745551036434945
ZNF460,RPL36,-0.071734073605211
ZNF460,RPL36A,-0.0676796320919517
ZNF460,RPL37,-0.07462504013708926
ZNF460,RPL39,-0.09057599644051426
ZNF460,RPL41,-0.0776542182660888
ZNF460,RPL5,-0.0580247421820102
ZNF460,RPL6,-0.0752861640280241
ZNF460,RPL7A,-0.0663370418026328
ZNF460,RPLP0,-0.0561102027344559
ZNF460,RPLP1,-0.0708425809548098
ZNF460,RPLP2,-0.05487563252754405
ZNF460,RPS12,-0.07774123340152986
ZNF460,RPS13,-0.06809358586145756
ZNF460,RPS14,-0.0664539113005459
ZNF460,RPS15,-0.07565892390362766
ZNF460,RPS15A,-0.0814784836517472
ZNF460,RPS19,-0.06671721700046855
ZNF460,RPS21,-0.0791938282070555
ZNF460,RPS23,-0.0708905735069761
ZNF460,RPS24,-0.07083147376675605
ZNF460,RPS25,-0.0611668481756659
ZNF460,RPS26,-0.042939901749446105
ZNF460,RPS27,-0.0768908957370599
ZNF460,RPS27A,-0.075974130081585
ZNF460,RPS28,-0.0891526692377925
ZNF460,RPS29,-0.05608028225575265
ZNF460,RPS3,-0.06425427010119861
ZNF460,RPS3A,-0.05915265903446755
ZNF460,RPS4X,-0.06210895655194575
ZNF460,RPS5,-0.054437098653243796
ZNF460,RPS7,-0.0773197285749694
ZNF460,RPS8,-0.07716747157282025
ZNF460,RPSA,-0.0452855096293117
ZNF460,SERF2,-0.0464242583594646
ZNF460,TMA7,-0.0477933123664193
ZNF460,TMSB10,-0.08046429003826365
ZNF460,TMSB4X,-0.08164033985896904
ZNF483,B2M,-0.06607020890539761
ZNF483,RPL39,-0.04620201570938315
ZNF483,RPL41,-0.04095378804816645
ZNF483,RPL6,-0.04235255335441
ZNF483,RPS24,-0.04540388698789815
ZNF483,RPS7,-0.0440055600495281
ZNF483,TMSB10,-0.05400808752549975
ZNF484,PTMA,-0.04650786984358215
ZNF484,RPL19,-0.0591477963002185
ZNF484,RPS14,-0.055571094913751506
ZNF484,RPS15A,-0.06349237822113005
ZNF484,RPS3,-0.053575284346105104
ZNF507,ACTB,-0.05267328116062733
ZNF507,ATP5F1E,-0.043550833117228197
ZNF507,EEF1A1,-0.05258715486372017
ZNF507,EIF1,-0.03764907061892625
ZNF507,FTH1,-0.04389064735543015
ZNF507,RPL13A,-0.0501731512409629
ZNF507,RPL26,-0.06037557266958123
ZNF507,RPL32,-0.0672007891019724
ZNF507,RPL36,-0.06105128885464453
ZNF507,RPL41,-0.07124809473807833
ZNF507,RPS14,-0.06598856120223277
ZNF507,RPS3,-0.057591416369099
ZNF507,RPS5,-0.04229511567348723
ZNF507,RPS7,-0.05514952485086141
ZNF507,SERF2,-0.035638548900561236
ZNF510,B2M,-0.053517573837339044
ZNF510,RPL28,-0.042687975784230406
ZNF511,B2M,-0.07046287877041044
ZNF511,EEF1A1,-0.050184930884480505
ZNF511,EIF1,-0.0292408888664366
ZNF511,EIF4H,0.03170662526391255
ZNF511,ENO1,0.0336916633948822
ZNF511,FAU,-0.05271654196660403
ZNF511,FTL,-0.03381188024429105
ZNF511,NACA,-0.0353488833009658
ZNF511,PTMA,-0.05391211974722263
ZNF511,RPL10A,-0.046995574214201634
ZNF511,RPL11,-0.07063200818052583
ZNF511,RPL12,-0.06255437834651363
ZNF511,RPL13,-0.07121052618275667
ZNF511,RPL13A,-0.0780816290786352
ZNF511,RPL14,-0.04910190029231846
ZNF511,RPL15,-0.055958564970062755
ZNF511,RPL17,-0.06155452907664765
ZNF511,RPL18,-0.04869450899908997
ZNF511,RPL21,-0.06908596131014326
ZNF511,RPL22,-0.047912554388682166
ZNF511,RPL23A,-0.05865023142861527
ZNF511,RPL24,-0.0400032428800101
ZNF511,RPL26,-0.06581367482030216
ZNF511,RPL27,-0.04799178541644295
ZNF511,RPL27A,-0.0735762519252836
ZNF511,RPL28,-0.06348191385943537
ZNF511,RPL29,-0.047234894505350865
ZNF511,RPL3,-0.06565807747593941
ZNF511,RPL30,-0.06250415373572514
ZNF511,RPL31,-0.07182792795917925
ZNF511,RPL32,-0.07774966534262887
ZNF511,RPL34,-0.08202091503505186
ZNF511,RPL35,-0.05449851365087793
ZNF511,RPL35A,-0.06841660146507543
ZNF511,RPL36,-0.06784744748526333
ZNF511,RPL36A,-0.04657587537786557
ZNF511,RPL37,-0.058946501969908895
ZNF511,RPL37A,-0.05460863308638427
ZNF511,RPL38,-0.05010975263179457
ZNF511,RPL41,-0.07228821590369601
ZNF511,RPL5,-0.0456015119966028
ZNF511,RPL6,-0.04797425267240566
ZNF511,RPL7,-0.06614534304435174
ZNF511,RPL7A,-0.03846166489226245
ZNF511,RPL8,-0.04314728192702247
ZNF511,RPL9,-0.04867006380845723
ZNF511,RPLP1,-0.0567583857019253
ZNF511,RPLP2,-0.06972741500364464
ZNF511,RPS12,-0.06622661674428167
ZNF511,RPS13,-0.06220659554646146
ZNF511,RPS14,-0.07047893755609906
ZNF511,RPS15,-0.07009396021601423
ZNF511,RPS15A,-0.07865732143933217
ZNF511,RPS16,-0.0500321524472594
ZNF511,RPS18,-0.0701641723182274
ZNF511,RPS19,-0.0701156728505455
ZNF511,RPS20,-0.05660691257122885
ZNF511,RPS21,-0.0535352508618513
ZNF511,RPS27,-0.082520074816729
ZNF511,RPS27A,-0.07402612011488556
ZNF511,RPS28,-0.07425361051661718
ZNF511,RPS29,-0.07155494137843163
ZNF511,RPS3,-0.05752424141432686
ZNF511,RPS3A,-0.06023028643211973
ZNF511,RPS5,-0.0443657261371413
ZNF511,RPS6,-0.06382429742205707
ZNF511,RPS7,-0.048101198006318006
ZNF511,RPS8,-0.06555747804247504
ZNF511,RPS9,-0.0502792866750027
ZNF511,TPI1,0.033673114265718146
ZNF511,UBA52,-0.04241935073590939
ZNF512,EIF1,-0.06211363531416845
ZNF512,NACA,-0.044139128094115
ZNF512,RPL13,-0.056772926733432934
ZNF512,RPL15,-0.041672926263000294
ZNF512,RPL19,-0.050955983693546765
ZNF512,RPL26,-0.0529306318998087
ZNF512,RPL31,-0.040309967738225996
ZNF512,RPL35A,-0.05187735033870173
ZNF512,RPL37A,-0.04569815135764205
ZNF512,RPL41,-0.056172599555140534
ZNF512,RPL5,-0.0455043422717733
ZNF512,RPS15,-0.05716780461239657
ZNF512,RPS15A,-0.060332815236600425
ZNF512,RPS21,-0.052518714767661845
ZNF512,RPS23,-0.05210270162276124
ZNF512,RPS24,-0.05455328675614195
ZNF512,RPS27,-0.05811181671211984
ZNF512,RPS29,-0.04396061032587867
ZNF512,RPSA,-0.04352974307694485
ZNF512,TMSB10,-0.049383777599375366
ZNF518A,EEF1A1,-0.054311714138040895
ZNF518A,EIF1,-0.042701892992153635
ZNF518A,NACA,-0.0466637343349626
ZNF518A,RACK1,-0.0408825318413126
ZNF518A,RPL10A,-0.04447599674221065
ZNF518A,RPL11,-0.060965941297171033
ZNF518A,RPL12,-0.05509321916541917
ZNF518A,RPL13,-0.057629756385019236
ZNF518A,RPL14,-0.05266725126992847
ZNF518A,RPL15,-0.04227135855057685
ZNF518A,RPL17,-0.048146151648637135
ZNF518A,RPL18,-0.050178870732775833
ZNF518A,RPL18A,-0.05626187932715434
ZNF518A,RPL19,-0.0552114355685912
ZNF518A,RPL21,-0.048542933309269454
ZNF518A,RPL22,-0.0438543680009719
ZNF518A,RPL23A,-0.04980393087759467
ZNF518A,RPL26,-0.05439612853795833
ZNF518A,RPL27,-0.0388648144017955
ZNF518A,RPL28,-0.06301350757008817
ZNF518A,RPL29,-0.05038348252889207
ZNF518A,RPL3,-0.04326463883594103
ZNF518A,RPL30,-0.05993786370401557
ZNF518A,RPL31,-0.0427699637416288
ZNF518A,RPL32,-0.059380686020580165
ZNF518A,RPL34,-0.06112330882841784
ZNF518A,RPL35,-0.0498453756412432
ZNF518A,RPL35A,-0.054989854841345664
ZNF518A,RPL36,-0.05473077888973996
ZNF518A,RPL36A,-0.048037071679121995
ZNF518A,RPL37,-0.0537806658737138
ZNF518A,RPL37A,-0.04784429620153055
ZNF518A,RPL38,-0.045973186866765645
ZNF518A,RPL39,-0.05830235720011743
ZNF518A,RPL41,-0.057464110948861
ZNF518A,RPL5,-0.0445962842176057
ZNF518A,RPL6,-0.0490057998829474
ZNF518A,RPL8,-0.04817551261699757
ZNF518A,RPLP0,-0.0458663260187567
ZNF518A,RPLP1,-0.053441126598500366
ZNF518A,RPS12,-0.0600105705950845
ZNF518A,RPS13,-0.04926820865482587
ZNF518A,RPS14,-0.05628929180448653
ZNF518A,RPS15,-0.058894090466779264
ZNF518A,RPS15A,-0.06280366267323663
ZNF518A,RPS16,-0.04699115288453105
ZNF518A,RPS18,-0.0535100239690709
ZNF518A,RPS19,-0.056630766019382404
ZNF518A,RPS2,-0.04676179711098677
ZNF518A,RPS21,-0.049763889689426966
ZNF518A,RPS23,-0.05313348155135953
ZNF518A,RPS25,-0.05506530503923796
ZNF518A,RPS27,-0.060688100555912804
ZNF518A,RPS28,-0.0589954221109912
ZNF518A,RPS3,-0.054874803221068635
ZNF518A,RPS3A,-0.04881950677616797
ZNF518A,RPS4X,-0.0477679429006794
ZNF518A,RPS5,-0.04135651525018503
ZNF518A,RPS6,-0.047487334783889834
ZNF518A,RPS7,-0.054239103947997865
ZNF518A,RPS9,-0.03772711103613351
ZNF518A,RPSA,-0.0398069753303786
ZNF518A,UBA52,-0.0452415783035567
ZNF548,RPL13,-0.03724051025119165
ZNF548,RPL18A,-0.0359281128131462
ZNF548,RPL19,-0.0404436911918054
ZNF548,RPL34,-0.04167333306373027
ZNF548,RPL41,-0.0395208084114953
ZNF548,RPS12,-0.04361052277756715
ZNF548,RPS14,-0.038935784797401146
ZNF548,RPS15,-0.0374751486401383
ZNF548,RPS15A,-0.043902789427404054
ZNF548,RPS18,-0.037277023225145645
ZNF548,RPS19,-0.0383228229357149
ZNF548,RPS21,-0.04038494141500935
ZNF548,RPS27,-0.0393811246004551
ZNF548,RPS27A,-0.039088422866884236
ZNF548,RPS29,-0.03146283847976765
ZNF548,RPS7,-0.041672343340692156
ZNF549,RPL10,-0.0416137476415356
ZNF549,RPS15A,-0.0426567874850312
ZNF549,RPS7,-0.03874495470348805
ZNF550,PFN1,-0.037729839558838
ZNF557,RPL41,-0.03755806448357005
ZNF558,RPL32,-0.038651894887776955
ZNF558,RPS12,-0.0387902061316712
ZNF558,RPS7,-0.035417333118241245
ZNF561,B2M,-0.05904685308511983
ZNF561,PTMA,-0.03260602770104905
ZNF561,RPL12,-0.037239941312734545
ZNF561,RPL18A,-0.04036275759856045
ZNF561,RPL26,-0.038483137460551695
ZNF561,RPL32,-0.04500204536633515
ZNF561,RPL35,-0.03182355443333495
ZNF561,RPL35A,-0.03904437096557255
ZNF561,RPL36,-0.040151425595482
ZNF561,RPL36A,-0.0310507327883208
ZNF561,RPL41,-0.04363542481864887
ZNF561,RPL8,-0.030922096350507
ZNF561,RPLP1,-0.03672097540459005
ZNF561,RPLP2,-0.0345959469650968
ZNF561,RPS14,-0.0451123817233024
ZNF561,RPS15,-0.04441704879628025
ZNF561,RPS15A,-0.0418892018818983
ZNF561,RPS18,-0.04412000561644365
ZNF561,RPS19,-0.04708170556523095
ZNF561,RPS23,-0.03741915596055115
ZNF561,RPS25,-0.03706368305984445
ZNF561,RPS27,-0.04807816983302135
ZNF561,RPS4X,-0.03844304295925665
ZNF561,TMSB10,-0.04244662913013325
ZNF569,PTMA,-0.03611308087842695
ZNF569,RPL10,-0.045179168665244296
ZNF569,RPL13,-0.04517701183917845
ZNF569,RPL36,-0.0420858937769299
ZNF569,RPS15A,-0.0477797254780328
ZNF569,RPS3,-0.04043115545432445
ZNF569,RPS6,-0.03777335824069305
ZNF570,EEF1A1,-0.045281510343140055
ZNF570,FAU,-0.0430621930400229
ZNF570,RPL12,-0.04298515524229065
ZNF570,RPL13,-0.0439133657577124
ZNF570,RPL35A,-0.044690901047295145
ZNF570,RPL41,-0.0437867569087101
ZNF570,RPS15A,-0.0485902182862817
ZNF570,RPS21,-0.04497042321202855
ZNF570,RPS27A,-0.04742174769079125
ZNF570,RPS3,-0.0426712528454494
ZNF570,RPS7,-0.0438319602311005
ZNF570,RPS8,-0.04336066698437025
ZNF574,B2M,-0.04772080612587905
ZNF574,RPL11,-0.0435768717415099
ZNF574,RPL28,-0.045461433172220456
ZNF574,RPL30,-0.044653180138683954
ZNF574,RPL34,-0.04720393330731615
ZNF574,RPL37,-0.043964475183199805
ZNF574,RPL41,-0.0396427682508685
ZNF574,RPS15A,-0.046734132011615206
ZNF574,RPS27,-0.044270878393689955
ZNF574,RPS28,-0.0454686846516675
ZNF574,RPS8,-0.043572918514408046
ZNF574,TMSB10,-0.04830263467870235
ZNF580,B2M,-0.0675849430939019
ZNF580,EEF1A1,-0.04421639587643053
ZNF580,FAU,-0.04759278310375247
ZNF580,FTL,-0.0299240021229625
ZNF580,MT-CO2,-0.03841807133178875
ZNF580,PFDN5,-0.03485023791255945
ZNF580,PTMA,-0.0474862909841603
ZNF580,RPL10,-0.0654872459851322
ZNF580,RPL10A,-0.0397356946442328
ZNF580,RPL11,-0.0624960385121467
ZNF580,RPL12,-0.053604303428973536
ZNF580,RPL13,-0.06326850521931823
ZNF580,RPL13A,-0.054477391168911704
ZNF580,RPL14,-0.04656371520573103
ZNF580,RPL15,-0.0472476392093722
ZNF580,RPL17,-0.05589481732451805
ZNF580,RPL18,-0.044617952230094966
ZNF580,RPL18A,-0.05554003357666013
ZNF580,RPL19,-0.05173899559861687
ZNF580,RPL21,-0.05998576509010577
ZNF580,RPL22,-0.04666598886911605
ZNF580,RPL23A,-0.053590753586141404
ZNF580,RPL24,-0.043179582622625653
ZNF580,RPL26,-0.055411045830111035
ZNF580,RPL27A,-0.062051474011029645
ZNF580,RPL28,-0.05690602374695177
ZNF580,RPL29,-0.0472671476362458
ZNF580,RPL3,-0.05615636132008795
ZNF580,RPL31,-0.05915488705482745
ZNF580,RPL32,-0.06717759609715557
ZNF580,RPL34,-0.0719133207118563
ZNF580,RPL35,-0.04976370222136673
ZNF580,RPL35A,-0.05880761597625156
ZNF580,RPL36,-0.05924682971901946
ZNF580,RPL36A,-0.05070837158008125
ZNF580,RPL37,-0.06347913582258011
ZNF580,RPL37A,-0.05244726945660359
ZNF580,RPL38,-0.0534196284472519
ZNF580,RPL41,-0.0595706661701685
ZNF580,RPL5,-0.042381561213808996
ZNF580,RPL6,-0.0414196814209515
ZNF580,RPL7A,-0.038432045696487005
ZNF580,RPL8,-0.037652155929347335
ZNF580,RPL9,-0.042805849699718033
ZNF580,RPLP1,-0.052798071771353566
ZNF580,RPLP2,-0.061706501757966166
ZNF580,RPS12,-0.059772478452233734
ZNF580,RPS13,-0.05412810839731954
ZNF580,RPS14,-0.06448299457220547
ZNF580,RPS15,-0.0631956244005228
ZNF580,RPS15A,-0.0670896430897848
ZNF580,RPS16,-0.05043794346120005
ZNF580,RPS18,-0.061174970345904967
ZNF580,RPS19,-0.065348010093699
ZNF580,RPS2,-0.045570946598450936
ZNF580,RPS20,-0.047042738451649246
ZNF580,RPS21,-0.04749596751033983
ZNF580,RPS23,-0.05532638991988407
ZNF580,RPS24,-0.0437393793404344
ZNF580,RPS25,-0.0588653021861863
ZNF580,RPS27,-0.06291259506604255
ZNF580,RPS27A,-0.05951831776752285
ZNF580,RPS28,-0.0592851885789717
ZNF580,RPS29,-0.06187377262789917
ZNF580,RPS3,-0.0532978191982014
ZNF580,RPS3A,-0.049434253815875934
ZNF580,RPS4X,-0.0491891896713145
ZNF580,RPS5,-0.0378010837382759
ZNF580,RPS6,-0.054589801250012865
ZNF580,RPS7,-0.0509045122820099
ZNF580,RPS8,-0.05537306984210403
ZNF580,RPS9,-0.04111662538099805
ZNF580,TMSB10,-0.05119272875423281
ZNF580,TPT1,-0.0446512602789135
ZNF580,UBA52,-0.045424830598342306
ZNF586,RPS18,-0.044559142533392604
ZNF586,RPS19,-0.0458306852477038
ZNF586,RPS2,-0.0353309112268949
ZNF586,RPS23,-0.0414419044299042
ZNF589,B2M,-0.05166680153515825
ZNF592,ACTB,-0.040173526829349146
ZNF592,ATP5F1E,-0.0402942454324787
ZNF592,B2M,-0.08121454080601691
ZNF592,BTF3,-0.03841393337902705
ZNF592,COX4I1,-0.0415256695495128
ZNF592,COX7C,-0.04447666620274445
ZNF592,EEF1A1,-0.06117123189305987
ZNF592,EEF1D,-0.047778920515710796
ZNF592,FTH1,-0.032167253577534596
ZNF592,FTL,-0.047978197900667804
ZNF592,HLA-B,-0.04405332479656895
ZNF592,NACA,-0.06668892255599204
ZNF592,PTMA,-0.05277198025793307
ZNF592,RACK1,-0.0564848636928929
ZNF592,RPL10,-0.0768833502399921
ZNF592,RPL10A,-0.0496194084862591
ZNF592,RPL12,-0.0651190736769336
ZNF592,RPL13,-0.06868239775560926
ZNF592,RPL13A,-0.0459077027450815
ZNF592,RPL14,-0.07991879890407699
ZNF592,RPL18,-0.0618276421082348
ZNF592,RPL18A,-0.0662037432501125
ZNF592,RPL19,-0.06949405169243623
ZNF592,RPL21,-0.0558517136898661
ZNF592,RPL22,-0.07069932180809654
ZNF592,RPL26,-0.06396393671958527
ZNF592,RPL28,-0.06875854508502484
ZNF592,RPL29,-0.07783332476083915
ZNF592,RPL3,-0.052650936416090276
ZNF592,RPL31,-0.044077208269925096
ZNF592,RPL32,-0.0764908655558565
ZNF592,RPL34,-0.07893423269315693
ZNF592,RPL36,-0.0645979582470714
ZNF592,RPL36A,-0.0603969202990959
ZNF592,RPL37,-0.08231517131114599
ZNF592,RPL38,-0.0527898728206712
ZNF592,RPL41,-0.07053887364023903
ZNF592,RPL5,-0.0682881926927656
ZNF592,RPL6,-0.0755891298678034
ZNF592,RPL7,-0.04583530566465695
ZNF592,RPL8,-0.05720739856734743
ZNF592,RPLP0,-0.0556424588264465
ZNF592,RPLP1,-0.06264761863421923
ZNF592,RPLP2,-0.060171468330125565
ZNF592,RPS12,-0.0696709854862233
ZNF592,RPS13,-0.06881784481374743
ZNF592,RPS14,-0.0738827875843889
ZNF592,RPS15,-0.0726232350739648
ZNF592,RPS15A,-0.0735131134877858
ZNF592,RPS19,-0.06724107555884656
ZNF592,RPS20,-0.0323799221606143
ZNF592,RPS21,-0.08097606034485524
ZNF592,RPS23,-0.06834365406911534
ZNF592,RPS25,-0.06472679813198444
ZNF592,RPS27,-0.0738251304236967
ZNF592,RPS27A,-0.07524541828455707
ZNF592,RPS29,-0.05244786220696563
ZNF592,RPS3,-0.06541628641185816
ZNF592,RPS3A,-0.06133637138763006
ZNF592,RPS5,-0.06681526304603849
ZNF592,RPS7,-0.08134419198959135
ZNF592,RPS8,-0.06578402561794856
ZNF592,RPSA,-0.05662969835118685
ZNF592,SERF2,-0.036974873032580347
ZNF592,TMA7,-0.039856903524546045
ZNF592,TMSB10,-0.0618285817668173
ZNF592,TMSB4X,-0.06445536750999287
ZNF592,TOMM7,-0.0446248183681974
ZNF592,TPT1,-0.05709250089821095
ZNF592,UBA52,-0.0541476703617544
ZNF598,B2M,-0.037627973361393605
ZNF598,RPL13,-0.034013709475763154
ZNF598,RPL32,-0.03763132797824245
ZNF598,RPL34,-0.0398895042944004
ZNF598,RPS14,-0.038025218372086694
ZNF598,RPS15,-0.033946386521316346
ZNF598,RPS18,-0.03333335557716005
ZNF598,RPS19,-0.031794515882698
ZNF600,B2M,-0.04448172220968577
ZNF600,EEF1A1,-0.0470797944393307
ZNF600,EEF1B2,-0.041962143524918755
ZNF600,EEF1G,-0.0387978439947652
ZNF600,FAU,-0.046225431961495304
ZNF600,NACA,-0.0479687268694516
ZNF600,RACK1,-0.0430568486104288
ZNF600,RPL10,-0.0536419382847077
ZNF600,RPL10A,-0.040451876835577924
ZNF600,RPL12,-0.04417809744884815
ZNF600,RPL15,-0.0394946490508947
ZNF600,RPL17,-0.04219136449074993
ZNF600,RPL18,-0.04459871091799325
ZNF600,RPL19,-0.04924136480350527
ZNF600,RPL21,-0.04806057369627797
ZNF600,RPL22,-0.0469004571713271
ZNF600,RPL23A,-0.040799623811088204
ZNF600,RPL26,-0.04619705110170512
ZNF600,RPL27A,-0.045529707817447945
ZNF600,RPL29,-0.04873335495004936
ZNF600,RPL3,-0.042738711048268326
ZNF600,RPL30,-0.0495776689796091
ZNF600,RPL32,-0.05558953831216973
ZNF600,RPL35,-0.0353840489669435
ZNF600,RPL36,-0.04176523271649395
ZNF600,RPL37,-0.05004756171917799
ZNF600,RPL38,-0.03874205425427985
ZNF600,RPL39,-0.0475774408044846
ZNF600,RPL41,-0.046646400693541624
ZNF600,RPL5,-0.04538649254095334
ZNF600,RPL6,-0.0421234063001919
ZNF600,RPL7,-0.0454189042924312
ZNF600,RPL7A,-0.0411368515106952
ZNF600,RPL9,-0.04070613095957022
ZNF600,RPLP1,-0.04634295460538777
ZNF600,RPLP2,-0.0491182335458026
ZNF600,RPS13,-0.0528321139355358
ZNF600,RPS14,-0.05414429909539125
ZNF600,RPS15,-0.048621721394477076
ZNF600,RPS15A,-0.054402185221364474
ZNF600,RPS18,-0.0499908977036954
ZNF600,RPS19,-0.04390450726200135
ZNF600,RPS2,-0.04576933578625665
ZNF600,RPS20,-0.0351467772785621
ZNF600,RPS21,-0.0456751017003781
ZNF600,RPS24,-0.04492502731898767
ZNF600,RPS25,-0.047720804761242276
ZNF600,RPS27,-0.05057888217675875
ZNF600,RPS29,-0.042077204237939037
ZNF600,RPS3,-0.04519639993091022
ZNF600,RPS4X,-0.046383068098087475
ZNF600,RPS5,-0.04300993352047385
ZNF600,RPS6,-0.0486497398419515
ZNF600,RPS7,-0.04556625642710837
ZNF600,RPS8,-0.050452175979231975
ZNF600,RPS9,-0.03847438506360115
ZNF600,RPSA,-0.03597323466573096
ZNF600,TPT1,-0.04321277967831307
ZNF600,UBA52,-0.040175479057082
ZNF615,B2M,-0.041260651121177
ZNF621,RPL36,-0.0419062689515133
ZNF623,RPL10,-0.0384232290849573
ZNF623,RPL13,-0.03805516768776035
ZNF623,RPS18,-0.037805839349056305
ZNF623,TPT1,-0.0364536523019749
ZNF624,EEF1A1,-0.0384924671195875
ZNF624,PTMA,-0.03736525971439055
ZNF624,RPL19,-0.04027177391451815
ZNF624,RPL28,-0.044957365009302655
ZNF624,RPS12,-0.0429768940963938
ZNF624,RPS7,-0.0394074399573055
ZNF626,RPL32,-0.04516399748295615
ZNF626,RPS14,-0.0418253879385077
ZNF626,RPS19,-0.044474577457102954
ZNF626,RPS4X,-0.03397284805034155
ZNF639,ACTB,-0.047295923467957246
ZNF639,ATP5F1E,-0.03667879028264465
ZNF639,B2M,-0.06682379622855837
ZNF639,CD52,-0.037641195230111654
ZNF639,EEF1A1,-0.0522061621162237
ZNF639,FAU,-0.0456616209222461
ZNF639,MT-CO1,-0.041785514657744854
ZNF639,MT-CO2,-0.035516958423923745
ZNF639,NFKBIA,0.04822779025379735
ZNF639,NR4A2,0.0470951781374979
ZNF639,PFDN5,-0.03287844519615649
ZNF639,PFN1,-0.04047454014622505
ZNF639,PTMA,-0.0408603476940625
ZNF639,RPL10,-0.06446645500323607
ZNF639,RPL10A,-0.039002289197823094
ZNF639,RPL11,-0.0601535966297172
ZNF639,RPL12,-0.05491033229179023
ZNF639,RPL13,-0.0612794097530693
ZNF639,RPL14,-0.05275740775422205
ZNF639,RPL15,-0.04195710294909297
ZNF639,RPL17,-0.05425964779390795
ZNF639,RPL18,-0.045157238071631904
ZNF639,RPL18A,-0.0583904339652442
ZNF639,RPL19,-0.05119290373830946
ZNF639,RPL21,-0.05423318850379057
ZNF639,RPL22,-0.0489581828006106
ZNF639,RPL23A,-0.05271719642890416
ZNF639,RPL24,-0.0437111578252689
ZNF639,RPL26,-0.055763491167212235
ZNF639,RPL27,-0.0408477734857288
ZNF639,RPL28,-0.055024166493870035
ZNF639,RPL29,-0.05422310388158405
ZNF639,RPL3,-0.043684837555996635
ZNF639,RPL30,-0.0533374399411446
ZNF639,RPL31,-0.049526086434063595
ZNF639,RPL32,-0.0650065001175468
ZNF639,RPL34,-0.06947070104273484
ZNF639,RPL35,-0.0476226089064495
ZNF639,RPL35A,-0.05712524424230847
ZNF639,RPL36,-0.05746038415332133
ZNF639,RPL36A,-0.05236733911218795
ZNF639,RPL37,-0.06430668297435241
ZNF639,RPL37A,-0.05381453275610455
ZNF639,RPL38,-0.051337363851949855
ZNF639,RPL39,-0.06433257495515657
ZNF639,RPL41,-0.06272303861591794
ZNF639,RPL5,-0.04012556972669774
ZNF639,RPL6,-0.0525870355457872
ZNF639,RPL7A,-0.04128564470862265
ZNF639,RPL8,-0.040207916958596164
ZNF639,RPL9,-0.04551594723798425
ZNF639,RPLP1,-0.0518464126576009
ZNF639,RPLP2,-0.05769002503137297
ZNF639,RPS12,-0.05482575906089037
ZNF639,RPS13,-0.05290672491514029
ZNF639,RPS14,-0.06129160746530434
ZNF639,RPS15,-0.06110735152955756
ZNF639,RPS15A,-0.06441827244350733
ZNF639,RPS16,-0.04968997262190675
ZNF639,RPS18,-0.06315384703835573
ZNF639,RPS19,-0.06385504176625346
ZNF639,RPS2,-0.04652846949605044
ZNF639,RPS20,-0.04062756459381995
ZNF639,RPS21,-0.05950962343580155
ZNF639,RPS23,-0.05447076158020226
ZNF639,RPS24,-0.051267242650535
ZNF639,RPS25,-0.05595039518994497
ZNF639,RPS27,-0.06700528023255374
ZNF639,RPS27A,-0.0639050794057406
ZNF639,RPS28,-0.06225696694409183
ZNF639,RPS29,-0.05699766329049577
ZNF639,RPS3,-0.05124515380325343
ZNF639,RPS3A,-0.0490552634772973
ZNF639,RPS4X,-0.051064279786385426
ZNF639,RPS5,-0.040625567718341096
ZNF639,RPS6,-0.05088386303462827
ZNF639,RPS7,-0.04400959075134967
ZNF639,RPS8,-0.05149938201396387
ZNF639,RPS9,-0.03924161586500167
ZNF639,SBDS,0.0394992895348152
ZNF639,TMSB10,-0.060263639501992004
ZNF639,TMSB4X,-0.06500698171594163
ZNF639,TNFAIP3,0.05568910581292565
ZNF639,TPT1,-0.050510238106834554
ZNF639,UBA52,-0.045351095328705154
ZNF644,ACTB,-0.0528774642282306
ZNF644,ANKRD11,0.03270653473553505
ZNF644,ARHGDIB,-0.04076475833152245
ZNF644,ARIH1,0.04249404681688185
ZNF644,ATF7IP,0.03727117084858575
ZNF644,ATM,0.038855438518244995
ZNF644,ATP5F1E,-0.0673566689916085
ZNF644,ATP5MC2,-0.04551619710363855
ZNF644,B2M,-0.11286212144400935
ZNF644,BCLAF1,0.03671101883533615
ZNF644,BEST1,0.037249730786348405
ZNF644,BTF3,-0.0478478507725142
ZNF644,CCNH,0.04257291535490345
ZNF644,CCNL1,0.04232615782535365
ZNF644,CD55,0.0421287323471373
ZNF644,CDC14A,0.03641112290299145
ZNF644,CDK17,0.04313252302402455
ZNF644,CENPC,0.0339522515060475
ZNF644,CFL1,-0.04586881222868325
ZNF644,CHD1,0.04250389169669836
ZNF644,CHD2,0.03806447879189893
ZNF644,COX7C,-0.0438224466234234
ZNF644,DDX17,0.0379745077546424
ZNF644,DDX3X,0.038464985034277664
ZNF644,DOCK8,0.036144376236137296
ZNF644,DYRK1A,0.0353187811072277
ZNF644,EEF1A1,-0.07873241462046753
ZNF644,EEF1B2,-0.06373814347523905
ZNF644,EIF1,-0.049263023455212704
ZNF644,EIF3K,-0.03776882485557345
ZNF644,EPB41,0.0408256128095942
ZNF644,ESYT2,0.040506092366775895
ZNF644,FAU,-0.07681542640594546
ZNF644,FKBP5,0.03514096413215325
ZNF644,FRYL,0.033519039939174
ZNF644,FTH1,-0.0506120117783601
ZNF644,FTL,-0.05763836718067603
ZNF644,FXYD5,-0.047463856264596246
ZNF644,G3BP2,0.033415555964401905
ZNF644,GLG1,0.0316923852769405
ZNF644,GOLGA4,0.0341859087721944
ZNF644,GPATCH8,0.032838934252753
ZNF644,HERC1,0.04631743335992445
ZNF644,HLA-B,-0.0590466047153615
ZNF644,HOOK2,0.0487625183589285
ZNF644,IFITM1,-0.061080419327817395
ZNF644,IL32,-0.05595640826708345
ZNF644,IVNS1ABP,0.03531679332676725
ZNF644,JMJD1C,0.0437206286393242
ZNF644,JMY,0.040315663909736496
ZNF644,KAT6A,0.036073321956852096
ZNF644,KMT2C,0.0340558970867637
ZNF644,MACF1,0.03670189023916845
ZNF644,MAP3K2,0.036990729494841904
ZNF644,MBNL1,0.037279747962544664
ZNF644,MIF,-0.03955522169001535
ZNF644,MT-CO1,-0.05695223202164135
ZNF644,MT-CO2,-0.04967060767049256
ZNF644,MT-ND3,-0.03865926283071213
ZNF644,MT-ND6,0.03680650476330575
ZNF644,MYCBP2,0.0352038666647709
ZNF644,MYL12A,-0.052438434501640964
ZNF644,NACA,-0.08275046565369665
ZNF644,NCL,0.0379700722721711
ZNF644,NFKBIA,0.03624048406201325
ZNF644,NR4A2,0.060769969316263495
ZNF644,OGA,0.0349647269334415
ZNF644,OSBPL8,0.0345531286217981
ZNF644,PCM1,0.035774355160211706
ZNF644,PDE3B,0.04363980904654257
ZNF644,PDE4D,0.03803728724989
ZNF644,PELI1,0.0421955970577888
ZNF644,PFDN5,-0.055801159927931374
ZNF644,PHF3,0.03443072809515533
ZNF644,PIK3R1,0.03382934644485085
ZNF644,PNN,0.03064168230459465
ZNF644,PPP1R15A,0.035465040564116895
ZNF644,PRDM2,0.03143317381092345
ZNF644,PRRC2C,0.0455025102477708
ZNF644,PTMA,-0.06002517071857367
ZNF644,RACK1,-0.058459332387970166
ZNF644,RALGAPA1,0.0396031740104897
ZNF644,REL,0.038705283705894655
ZNF644,RNF19A,0.0341611310218146
ZNF644,RPL13,-0.08814989326973507
ZNF644,RPL13A,-0.07879402064976083
ZNF644,RPL18,-0.07430987108795245
ZNF644,RPL19,-0.08464980559501585
ZNF644,RPL23,-0.034683195608124745
ZNF644,RPL23A,-0.07565417775774273
ZNF644,RPL27,-0.05396678737060747
ZNF644,RPL27A,-0.0651983550490121
ZNF644,RPL31,-0.07594541660738827
ZNF644,RPL32,-0.09617171456129893
ZNF644,RPL34,-0.10282095130112237
ZNF644,RPL35,-0.06750549026995098
ZNF644,RPL35A,-0.08859528352650865
ZNF644,RPL36,-0.08715147202382435
ZNF644,RPL36A,-0.06660483381893592
ZNF644,RPL37,-0.07428530544023275
ZNF644,RPL38,-0.05443597025071342
ZNF644,RPL41,-0.0964204181194937
ZNF644,RPL7,-0.06995890103228483
ZNF644,RPLP0,-0.0781426729863608
ZNF644,RPLP1,-0.08014287375979835
ZNF644,RPLP2,-0.0779559514373858
ZNF644,RPS12,-0.08644109819460123
ZNF644,RPS13,-0.0835025911557037
ZNF644,RPS18,-0.08468167365772522
ZNF644,RPS20,-0.05358409094824066
ZNF644,RPS23,-0.08388510020873645
ZNF644,RPS24,-0.0650193192913878
ZNF644,RPS26,-0.053407230338367445
ZNF644,RPS27,-0.10204341163162678
ZNF644,RPS27A,-0.09680166804873995
ZNF644,RPS29,-0.08184276287991273
ZNF644,RPS3A,-0.07687108562556945
ZNF644,RPS5,-0.06582798353347993
ZNF644,RPS6,-0.07175842666860335
ZNF644,RPS7,-0.07633388962517093
ZNF644,RPSA,-0.06101785549098123
ZNF644,SCAF11,0.03440884639557665
ZNF644,SERF2,-0.05229596709956203
ZNF644,SFPQ,0.040819362020942
ZNF644,SLC38A1,0.03862836280886915
ZNF644,SPTBN1,0.034418238892108904
ZNF644,SRRM2,0.0463029475883761
ZNF644,STAT3,0.03364080937796363
ZNF644,TMSB10,-0.08879856262931628
ZNF644,TMSB4X,-0.10200330992427828
ZNF644,TPT1,-0.06305851153448183
ZNF644,TUT4,0.0364078266701157
ZNF644,UQCRB,-0.04059807081402875
ZNF644,USP15,0.0345587377870946
ZNF644,USP3,0.034558662679387
ZNF644,UTRN,0.042734860177088704
ZNF644,WNK1,0.031111250171460852
ZNF644,ZNF331,0.06276690557484566
ZNF652,BTG1,-0.041247683000465996
ZNF652,CDC42SE1,0.037219991436039754
ZNF652,COX4I1,-0.048504774884939
ZNF652,EEF1B2,-0.047640731064057
ZNF652,EIF1,-0.04785083793819915
ZNF652,FTH1,-0.04604623510918133
ZNF652,IFITM1,-0.04455810150188995
ZNF652,MT-CO1,-0.0439461496993871
ZNF652,MT-CO2,-0.04173706656263313
ZNF652,MT-CO3,-0.03711889846491815
ZNF652,MYH9,0.03740543446731415
ZNF652,PFN1,-0.04183153645535935
ZNF652,PTMA,-0.058691973173299376
ZNF652,RACK1,-0.05872581232071363
ZNF652,RPL13,-0.08021543735888664
ZNF652,RPL15,-0.05964522905807055
ZNF652,RPL19,-0.07545348187038226
ZNF652,RPL21,-0.06731574646384035
ZNF652,RPL27A,-0.052317799410453496
ZNF652,RPL3,-0.060730732807007554
ZNF652,RPL31,-0.059822269254445025
ZNF652,RPL37,-0.06823882948326862
ZNF652,RPL37A,-0.05305854736129297
ZNF652,RPL38,-0.05651897292588437
ZNF652,RPLP2,-0.0700531661065377
ZNF652,RPS12,-0.07511746604428934
ZNF652,RPS15A,-0.08588493515910073
ZNF652,RPS23,-0.07890688291285347
ZNF652,RPS27,-0.08883569497175058
ZNF652,RPS27A,-0.08301165990767329
ZNF652,RPS3A,-0.07298853501241075
ZNF652,RPS6,-0.0698931618725363
ZNF652,RPS7,-0.06903005005534225
ZNF652,RPS8,-0.0722179212494649
ZNF652,RPSA,-0.05098527633618344
ZNF652,SERF2,-0.037286577843543896
ZNF652,TMSB10,-0.07901492763426696
ZNF652,TOMM7,-0.04142706992504775
ZNF654,EIF1,-0.0561907839907016
ZNF654,HLA-B,-0.04568339544084455
ZNF654,RPL10,-0.07506114827755467
ZNF654,RPL10A,-0.051070622587734066
ZNF654,RPL18A,-0.06801093379270107
ZNF654,RPL26,-0.0649811482600615
ZNF654,RPL27,-0.0434882404972011
ZNF654,RPL29,-0.07652414740036151
ZNF654,RPL32,-0.07413661935715256
ZNF654,RPL36,-0.061205221058870295
ZNF654,RPL36A,-0.0545653675660869
ZNF654,RPL37,-0.0776206844968811
ZNF654,RPL38,-0.049380066872336204
ZNF654,RPL41,-0.06688947180378073
ZNF654,RPL5,-0.0671000756606149
ZNF654,RPL7,-0.04810280159789055
ZNF654,RPLP0,-0.0607438308349948
ZNF654,RPS12,-0.06837183421785244
ZNF654,RPS15,-0.0708683630100202
ZNF654,RPS16,-0.06009037588111265
ZNF654,RPS19,-0.0689082446403854
ZNF654,RPS29,-0.05131946738992601
ZNF654,RPS3A,-0.058603612591999
ZNF654,RPS4X,-0.062165198520315136
ZNF654,RPS7,-0.07807294544378154
ZNF654,RPSA,-0.06039874560314745
ZNF655,RPS18,-0.08680206519899177
ZNF655,RPS2,-0.06941529320776807
ZNF664,B2M,-0.07535764039455177
ZNF664,EEF1A1,-0.057076701507607464
ZNF664,EIF1,-0.04121837240825315
ZNF664,NACA,-0.0577070658036746
ZNF664,PTMA,-0.050822300196667204
ZNF664,RACK1,-0.0500384068698303
ZNF664,RPL13,-0.06148482612639844
ZNF664,RPL15,-0.039025000980906055
ZNF664,RPL18,-0.055624567312153234
ZNF664,RPL21,-0.04705510640719734
ZNF664,RPL28,-0.06424271649974134
ZNF664,RPL32,-0.0693238850053783
ZNF664,RPL35A,-0.061928427002067736
ZNF664,RPL36,-0.055748019919939135
ZNF664,RPL36A,-0.04810285226859475
ZNF664,RPL37,-0.0703326934422424
ZNF664,RPL38,-0.0414713992557615
ZNF664,RPL41,-0.0625609830323429
ZNF664,RPL5,-0.05719280083661455
ZNF664,RPL6,-0.0633718636087099
ZNF664,RPL8,-0.049505087811015834
ZNF664,RPS12,-0.06193643136267816
ZNF664,RPS14,-0.06542959152398103
ZNF664,RPS15,-0.0657426458305715
ZNF664,RPS19,-0.05889943422269873
ZNF664,RPS29,-0.0449910790722891
ZNF664,RPS7,-0.05731486198149847
ZNF664,RPS8,-0.0586033390346526
ZNF669,RPL13,-0.0445222093076811
ZNF669,RPLP2,-0.03998325259060795
ZNF669,RPS27A,-0.0474308916147861
ZNF675,RPL11,-0.05517545100846804
ZNF675,RPL18,-0.0442953568567925
ZNF675,RPL30,-0.049858955864579106
ZNF675,RPL36,-0.05777727660751305
ZNF675,RPS5,-0.0392049898630225
ZNF678,EEF1A1,-0.052335432730571646
ZNF678,PTMA,-0.0428271059236327
ZNF678,RPL10A,-0.03931650013319565
ZNF678,RPL12,-0.05053024435564275
ZNF678,RPL13,-0.0508338631883209
ZNF678,RPL19,-0.053820949518284644
ZNF678,RPL22,-0.04461177767838495
ZNF678,RPL23A,-0.038820572633484096
ZNF678,RPL28,-0.0563740597432662
ZNF678,RPL36,-0.045518726679256244
ZNF678,RPL41,-0.04673692894144585
ZNF678,RPL5,-0.0443429582685744
ZNF678,RPLP0,-0.03613923339841485
ZNF678,RPS15,-0.0526813053217232
ZNF678,RPS18,-0.044565855415398
ZNF678,RPS19,-0.0470966614090699
ZNF678,RPS24,-0.04707467140216385
ZNF678,RPS27,-0.05074033628236285
ZNF678,RPS27A,-0.05582486991254215
ZNF678,RPS3,-0.05029100378646665
ZNF678,RPS5,-0.04161944736168485
ZNF678,RPS8,-0.0515454688076807
ZNF678,TMSB10,-0.04432312482388845
ZNF680,FAU,-0.03979462142420615
ZNF680,RPL19,-0.0438200414609762
ZNF680,RPL28,-0.04491953387246247
ZNF680,RPL36,-0.046521185017272496
ZNF680,RPL41,-0.04884394431479907
ZNF680,RPL8,-0.038887165677112
ZNF680,RPS12,-0.042883496933464396
ZNF680,RPS27A,-0.05060117736210057
ZNF680,RPS3,-0.0436256727159477
ZNF680,RPS3A,-0.0389789386106819
ZNF680,RPS8,-0.041485343343291146
ZNF684,RPL34,-0.0322856224592439
ZNF687,B2M,-0.04812155587711927
ZNF687,FAU,-0.0389525847594081
ZNF687,RPL10,-0.0403394645622912
ZNF687,RPL11,-0.0392267087819866
ZNF687,RPL12,-0.0349031763462938
ZNF687,RPL13,-0.03783322692209025
ZNF687,RPL14,-0.0361341769095332
ZNF687,RPL18A,-0.03691450032304427
ZNF687,RPL19,-0.03535284012934043
ZNF687,RPL26,-0.0360952588095268
ZNF687,RPL28,-0.043697899668573556
ZNF687,RPL29,-0.03753222666835335
ZNF687,RPL30,-0.0415393282932696
ZNF687,RPL32,-0.040329621969288666
ZNF687,RPL34,-0.044444865571446536
ZNF687,RPL35A,-0.036687155523394736
ZNF687,RPL36,-0.0330698998945615
ZNF687,RPL37,-0.039992465360415855
ZNF687,RPL39,-0.041358464726659466
ZNF687,RPL41,-0.0463053073527707
ZNF687,RPLP2,-0.032331275578855595
ZNF687,RPS12,-0.04076850286206175
ZNF687,RPS13,-0.03620862545985177
ZNF687,RPS14,-0.0383325838108976
ZNF687,RPS15,-0.039315263754721566
ZNF687,RPS15A,-0.03940585477909733
ZNF687,RPS18,-0.03662679037283165
ZNF687,RPS19,-0.0386485387428697
ZNF687,RPS21,-0.0400730995471891
ZNF687,RPS23,-0.03636631285914647
ZNF687,RPS24,-0.0392076884745987
ZNF687,RPS25,-0.0335721270398009
ZNF687,RPS27,-0.03899719783397307
ZNF687,RPS27A,-0.0408583623807839
ZNF687,RPS28,-0.04085198111450653
ZNF687,RPS7,-0.03926722859180015
ZNF687,RPS8,-0.04082298109193985
ZNF687,TMSB10,-0.03885491875199913
ZNF687,TMSB4X,-0.04358152703179863
ZNF692,B2M,-0.04406459615969573
ZNF692,RPL10,-0.036569217213594046
ZNF692,RPL11,-0.034277523756918046
ZNF692,RPL32,-0.03729941809180825
ZNF692,RPL34,-0.040804292368056105
ZNF692,RPL36,-0.03313258172169395
ZNF692,RPS14,-0.03571927414473375
ZNF692,RPS15,-0.03504932343990045
ZNF692,RPS15A,-0.03568675552107225
ZNF692,RPS19,-0.0339232724180313
ZNF692,RPS27,-0.0401446768445868
ZNF692,RPS28,-0.03874157372561
ZNF692,TMSB10,-0.03610443251005355
ZNF7,EEF1A1,-0.0351211978149262
ZNF7,FAU,-0.03540590656561734
ZNF7,PTMA,-0.03685904830140807
ZNF7,RPL10,-0.0515651951653756
ZNF7,RPL10A,-0.03320769862962585
ZNF7,RPL12,-0.04359798810700483
ZNF7,RPL13,-0.0487182974943339
ZNF7,RPL13A,-0.05063971396146735
ZNF7,RPL14,-0.03701928286005675
ZNF7,RPL15,-0.04134949341104355
ZNF7,RPL18,-0.032309481773703935
ZNF7,RPL19,-0.03803228829045747
ZNF7,RPL21,-0.05803953001439115
ZNF7,RPL22,-0.03292075797246845
ZNF7,RPL23A,-0.0468548983408625
ZNF7,RPL27A,-0.04806230801172775
ZNF7,RPL28,-0.042666496956806736
ZNF7,RPL3,-0.044832318751670805
ZNF7,RPL31,-0.0462315247765193
ZNF7,RPL32,-0.051657228714978166
ZNF7,RPL34,-0.05730701333655397
ZNF7,RPL35A,-0.045118269674868004
ZNF7,RPL36A,-0.033546528850172834
ZNF7,RPL37,-0.04547358037489985
ZNF7,RPL41,-0.054301028838272564
ZNF7,RPL6,-0.0330884629086374
ZNF7,RPL8,-0.0309714229854217
ZNF7,RPLP1,-0.04389994173167744
ZNF7,RPLP2,-0.0443624489489862
ZNF7,RPS14,-0.04890014342890103
ZNF7,RPS15A,-0.050993710618750666
ZNF7,RPS18,-0.05045362169169946
ZNF7,RPS19,-0.051358686133670034
ZNF7,RPS2,-0.044429042223371046
ZNF7,RPS20,-0.03399542588903245
ZNF7,RPS21,-0.040700971713279396
ZNF7,RPS24,-0.033974228804602755
ZNF7,RPS27,-0.05616275642364749
ZNF7,RPS27A,-0.05044329028943317
ZNF7,RPS28,-0.0523735935751625
ZNF7,RPS29,-0.04957341759382256
ZNF7,RPS3,-0.03798328500337753
ZNF7,RPS4X,-0.043338080418290195
ZNF7,RPS5,-0.0298080912442109
ZNF7,RPS7,-0.0366013294657935
ZNF7,RPS8,-0.043089026682181564
ZNF701,PTMA,-0.038960413353033754
ZNF701,RPL13,-0.04552382670079075
ZNF701,RPL18A,-0.04208295718236625
ZNF701,RPL21,-0.0412510872498653
ZNF701,RPL23A,-0.037401403491276006
ZNF701,RPL32,-0.04659385458155735
ZNF701,RPL35A,-0.041297615368409
ZNF701,RPL36,-0.03984921997721215
ZNF701,RPL39,-0.0466913644110554
ZNF701,RPS13,-0.0409698518031353
ZNF701,RPS14,-0.0475913418934209
ZNF701,RPS15A,-0.04456471767087565
ZNF701,RPS18,-0.04631356916995545
ZNF701,RPS25,-0.0393984632433066
ZNF701,RPS4X,-0.040442306149797796
ZNF701,TMSB10,-0.04086648941339295
ZNF708,ACTB,-0.04432369344859707
ZNF708,EEF1A1,-0.06403197813431694
ZNF708,EEF1D,-0.042605242687830405
ZNF708,H3-3B,-0.0382737911710159
ZNF708,IL32,-0.04289448512589335
ZNF708,RPL13,-0.07199858455976203
ZNF708,RPL18,-0.0599781516127473
ZNF708,RPL22,-0.0583086955447837
ZNF708,RPL34,-0.08448887856116054
ZNF708,RPL36,-0.0691560408774322
ZNF708,RPL36AL,-0.0405829198814255
ZNF708,RPLP2,-0.0621025917885035
ZNF708,RPS24,-0.0692019868307985
ZNF708,RPS25,-0.06703695265790123
ZNF708,RPS29,-0.06300673483007826
ZNF708,RPS5,-0.04886590151719213
ZNF708,RPS7,-0.06413137770417193
ZNF708,SERF2,-0.03926240054600336
ZNF708,TPT1,-0.058003400284312195
ZNF708,UBA52,-0.04572295758725847
ZNF710,RPS27A,-0.0385140322703584
ZNF737,EEF1A1,-0.058641745681715096
ZNF737,EIF1,-0.05494025014525725
ZNF737,PFN1,-0.03697615132967635
ZNF737,PTMA,-0.05731791547657785
ZNF737,RACK1,-0.03819328675779735
ZNF737,RPL10A,-0.0429833990287248
ZNF737,RPL13,-0.05870956282216559
ZNF737,RPL15,-0.04211283496132225
ZNF737,RPL23A,-0.0532655420498866
ZNF737,RPL28,-0.0672490837041679
ZNF737,RPL30,-0.05653229107149905
ZNF737,RPL35,-0.0488734966007776
ZNF737,RPL37,-0.05487328623481355
ZNF737,RPL37A,-0.0436274166622752
ZNF737,RPL7A,-0.05139735897593295
ZNF737,RPLP2,-0.054660359158665496
ZNF737,RPS12,-0.0583819015122801
ZNF737,RPS15A,-0.06140330324926545
ZNF737,RPS18,-0.05790986925871685
ZNF737,RPS25,-0.05349784204281535
ZNF737,RPS3,-0.05043402859426775
ZNF737,RPS7,-0.05826344427257485
ZNF740,B2M,-0.07365481866054199
ZNF740,EEF1A1,-0.057356580246088654
ZNF740,EIF1,-0.04683363678539105
ZNF740,FTH1,-0.0405326687152858
ZNF740,NACA,-0.04569244875338705
ZNF740,PTMA,-0.0521909959828528
ZNF740,RPL10,-0.0629543155911669
ZNF740,RPL10A,-0.042650759794403
ZNF740,RPL12,-0.0588696425375332
ZNF740,RPL13,-0.0571747790576276
ZNF740,RPL18,-0.0544542655096473
ZNF740,RPL19,-0.05983474966768296
ZNF740,RPL22,-0.04838115738753865
ZNF740,RPL23A,-0.0466510971155113
ZNF740,RPL29,-0.056004098650497
ZNF740,RPL32,-0.062286119955407
ZNF740,RPL35,-0.040850084485156604
ZNF740,RPL36,-0.055072455704822346
ZNF740,RPL37,-0.0590045566328454
ZNF740,RPL37A,-0.03877306694010955
ZNF740,RPL41,-0.058044947120941756
ZNF740,RPL5,-0.048812496046603204
ZNF740,RPL6,-0.05342205503467705
ZNF740,RPL7A,-0.053345502567422654
ZNF740,RPL8,-0.051408308972296646
ZNF740,RPL9,-0.0428949635458329
ZNF740,RPLP1,-0.0569589868236918
ZNF740,RPLP2,-0.05172107831855775
ZNF740,RPS12,-0.06244334906297115
ZNF740,RPS15,-0.0603467287759763
ZNF740,RPS15A,-0.0649958973339903
ZNF740,RPS18,-0.0518225624930533
ZNF740,RPS2,-0.0460649615397558
ZNF740,RPS21,-0.0562476998050995
ZNF740,RPS25,-0.054938063154231345
ZNF740,RPS29,-0.04256140319106205
ZNF740,RPS7,-0.0587428574071102
ZNF740,RPS8,-0.05912626369567185
ZNF740,TMSB10,-0.05544615017017765
ZNF740,TMSB4X,-0.055760623568068005
ZNF740,TPT1,-0.05081157761420855
ZNF740,UBA52,-0.03908209575755475
ZNF75D,EIF1,-0.050266440221927194
ZNF75D,RACK1,-0.0414808369824702
ZNF75D,RPL30,-0.06442660284886251
ZNF75D,RPLP1,-0.060605216882950105
ZNF75D,RPS18,-0.0567159748514801
ZNF75D,RPS24,-0.0549478001410101
ZNF75D,RPS3A,-0.0546543541229117
ZNF75D,TMSB10,-0.0581388690274902
ZNF75D,TPT1,-0.05501892428237365
ZNF76,EEF1A1,-0.04720668129155855
ZNF76,PTMA,-0.04119748146560296
ZNF76,RPL10,-0.04927108226859353
ZNF76,RPL11,-0.046526542993246996
ZNF76,RPL12,-0.04077328647271757
ZNF76,RPL13,-0.045039610323160895
ZNF76,RPL14,-0.04329556436811855
ZNF76,RPL18,-0.04318958489614135
ZNF76,RPL18A,-0.045685143594315164
ZNF76,RPL19,-0.0457982864396561
ZNF76,RPL21,-0.042144956475232004
ZNF76,RPL23A,-0.039823602701229
ZNF76,RPL26,-0.04398827297973296
ZNF76,RPL28,-0.0469053154962266
ZNF76,RPL29,-0.044498436764603105
ZNF76,RPL30,-0.0503517274270984
ZNF76,RPL32,-0.04754061517769707
ZNF76,RPL34,-0.05108317312075927
ZNF76,RPL35,-0.0355360377787205
ZNF76,RPL35A,-0.04534631532285045
ZNF76,RPL36,-0.04304911984182825
ZNF76,RPL39,-0.049299267343242
ZNF76,RPL41,-0.048692012884310965
ZNF76,RPL6,-0.044517850463312705
ZNF76,RPL7A,-0.04111209467224475
ZNF76,RPL8,-0.039301302055082046
ZNF76,RPLP1,-0.04188132506331566
ZNF76,RPLP2,-0.0437321423262809
ZNF76,RPS12,-0.049278254855314146
ZNF76,RPS13,-0.04323397184442585
ZNF76,RPS14,-0.04845279836048965
ZNF76,RPS15,-0.045835196717949
ZNF76,RPS15A,-0.04818069885813933
ZNF76,RPS18,-0.04551147681964193
ZNF76,RPS19,-0.047884316123278266
ZNF76,RPS2,-0.038367221155232036
ZNF76,RPS23,-0.04401387218559515
ZNF76,RPS24,-0.047048000391456
ZNF76,RPS25,-0.04173780114919755
ZNF76,RPS27,-0.04981414326055556
ZNF76,RPS27A,-0.0485264833707231
ZNF76,RPS28,-0.0464837663059812
ZNF76,RPS29,-0.040671400034802005
ZNF76,RPS3,-0.038778044946255
ZNF76,RPS3A,-0.037612510643442204
ZNF76,RPS4X,-0.04123183576140055
ZNF76,RPS6,-0.03904403812407555
ZNF76,RPS7,-0.0488370499426028
ZNF76,RPS8,-0.04158027235047703
ZNF766,ATP5F1E,-0.03836101318336435
ZNF766,B2M,-0.07669224801716443
ZNF766,CD52,-0.045855226799000864
ZNF766,EEF1A1,-0.04676468637785797
ZNF766,FAU,-0.04957479993982583
ZNF766,FTH1,-0.0381688692347187
ZNF766,PTMA,-0.046679684558212635
ZNF766,RPL10,-0.0720844150224479
ZNF766,RPL10A,-0.04025259567603123
ZNF766,RPL11,-0.06508143811482449
ZNF766,RPL12,-0.06086241535245914
ZNF766,RPL13,-0.0667528174321747
ZNF766,RPL13A,-0.0570938082912949
ZNF766,RPL14,-0.05843204612752061
ZNF766,RPL15,-0.0452982887964778
ZNF766,RPL17,-0.05838545847392625
ZNF766,RPL18,-0.046647710952811804
ZNF766,RPL18A,-0.06669156537039427
ZNF766,RPL19,-0.05380704651826567
ZNF766,RPL21,-0.05748718585935523
ZNF766,RPL22,-0.05119119344619615
ZNF766,RPL24,-0.04424898577314565
ZNF766,RPL26,-0.06059399210270894
ZNF766,RPL27,-0.04689317405947045
ZNF766,RPL27A,-0.061717851797422646
ZNF766,RPL28,-0.0647402257431087
ZNF766,RPL29,-0.05851777341506305
ZNF766,RPL3,-0.047949670496271864
ZNF766,RPL31,-0.05177497926290956
ZNF766,RPL32,-0.07061995770716577
ZNF766,RPL34,-0.07599804956735344
ZNF766,RPL35,-0.05619150868488867
ZNF766,RPL36,-0.06599841825823448
ZNF766,RPL36A,-0.049619307933050305
ZNF766,RPL37,-0.0719978738396798
ZNF766,RPL38,-0.05513278064759575
ZNF766,RPL39,-0.0767420752585377
ZNF766,RPL41,-0.072898619523751
ZNF766,RPL6,-0.04658101525099673
ZNF766,RPL7,-0.0509278149198283
ZNF766,RPL9,-0.047044682037335056
ZNF766,RPLP1,-0.06303905518557618
ZNF766,RPLP2,-0.06290783185048714
ZNF766,RPS12,-0.06130123409057523
ZNF766,RPS13,-0.0524071614824462
ZNF766,RPS14,-0.06581993648629936
ZNF766,RPS15,-0.06879306935547609
ZNF766,RPS15A,-0.07216749012702538
ZNF766,RPS18,-0.07017893658893727
ZNF766,RPS19,-0.07425817921901211
ZNF766,RPS2,-0.0524982464727232
ZNF766,RPS20,-0.03883792083155395
ZNF766,RPS21,-0.0520894387245206
ZNF766,RPS24,-0.0542214846665673
ZNF766,RPS25,-0.061753213954033374
ZNF766,RPS27,-0.07562204243983504
ZNF766,RPS27A,-0.06958080095708936
ZNF766,RPS29,-0.06675048554759577
ZNF766,RPS3,-0.05373344335220153
ZNF766,RPS3A,-0.049554110374380934
ZNF766,RPS5,-0.03831016249975786
ZNF766,RPS6,-0.0543454524582055
ZNF766,RPS7,-0.048075057995256
ZNF766,RPS8,-0.05591246504574204
ZNF766,RPS9,-0.04032394655821126
ZNF766,RPSA,-0.03834568573327335
ZNF766,TMSB10,-0.0715487101474363
ZNF766,TMSB4X,-0.0757600765560856
ZNF766,TPT1,-0.04788122281264035
ZNF770,ACTB,-0.0392919523166351
ZNF770,ATP5MG,-0.0322893024034282
ZNF770,B2M,-0.10363913540944185
ZNF770,COMMD6,-0.034174174157046946
ZNF770,COX7C,-0.036317365849725544
ZNF770,EEF1A1,-0.061268796500649
ZNF770,EIF1,-0.05336896786496794
ZNF770,FAU,-0.06374247027882203
ZNF770,FTH1,-0.05540936706429544
ZNF770,FTL,-0.04406651219324495
ZNF770,H3-3B,-0.0402878729699163
ZNF770,JUNB,-0.04935351310220145
ZNF770,PFDN5,-0.050148788154957546
ZNF770,PTMA,-0.061001855243807634
ZNF770,RACK1,-0.04615567273853065
ZNF770,RPL10,-0.08199126095044897
ZNF770,RPL11,-0.0746007290891984
ZNF770,RPL12,-0.0687505495430619
ZNF770,RPL13,-0.07579858527109386
ZNF770,RPL13A,-0.0598552651445331
ZNF770,RPL15,-0.05868029271114803
ZNF770,RPL17,-0.058704946329443
ZNF770,RPL18,-0.059933511113631766
ZNF770,RPL18A,-0.0762345343723867
ZNF770,RPL19,-0.0640605627869984
ZNF770,RPL22,-0.04961806451067604
ZNF770,RPL23A,-0.06927597962521666
ZNF770,RPL24,-0.047140408906538166
ZNF770,RPL26,-0.0738662059516284
ZNF770,RPL27,-0.039678310411349234
ZNF770,RPL28,-0.07465450647280303
ZNF770,RPL29,-0.057570355657857834
ZNF770,RPL3,-0.05800986546658466
ZNF770,RPL30,-0.06782579112010646
ZNF770,RPL31,-0.06465793730592714
ZNF770,RPL32,-0.08072566550439524
ZNF770,RPL35,-0.060176028616397426
ZNF770,RPL35A,-0.07148723690939067
ZNF770,RPL36,-0.07238294990064457
ZNF770,RPL37,-0.0608650307135829
ZNF770,RPL37A,-0.0534565076049325
ZNF770,RPL38,-0.0435885259076144
ZNF770,RPL41,-0.0831252491797122
ZNF770,RPL5,-0.051296777740750046
ZNF770,RPL6,-0.05666637091559373
ZNF770,RPL7A,-0.0612807489978699
ZNF770,RPL8,-0.055104670320122
ZNF770,RPL9,-0.046841392614228504
ZNF770,RPLP0,-0.047700220316702596
ZNF770,RPLP1,-0.0678308526932444
ZNF770,RPLP2,-0.0673854218331259
ZNF770,RPS12,-0.06680025186025623
ZNF770,RPS14,-0.0779285557300254
ZNF770,RPS15,-0.0797482177007187
ZNF770,RPS15A,-0.07975050871015373
ZNF770,RPS16,-0.050225944304039205
ZNF770,RPS19,-0.08127242424326964
ZNF770,RPS23,-0.06998450286095974
ZNF770,RPS25,-0.07032479656736343
ZNF770,RPS27A,-0.08110005256825496
ZNF770,RPS29,-0.07039579475619696
ZNF770,RPS3,-0.0656870659226046
ZNF770,RPS3A,-0.05674012490188033
ZNF770,RPS4X,-0.06788540683017116
ZNF770,RPS5,-0.04670122574588457
ZNF770,RPS6,-0.061278749035728365
ZNF770,RPS7,-0.062199755162213065
ZNF770,RPS8,-0.062102666874537575
ZNF770,RPS9,-0.05058782423932263
ZNF770,RPSA,-0.047361117405120945
ZNF770,SERF2,-0.040107214858867
ZNF770,TMA7,-0.03956885425637445
ZNF770,TMSB10,-0.0795733818960529
ZNF770,TPT1,-0.0678336363307584
ZNF770,UBA52,-0.047539308319113995
ZNF782,EEF1A1,-0.049302589871845895
ZNF782,EIF1,-0.0386053309518303
ZNF782,FAU,-0.04724543756811915
ZNF782,PTMA,-0.042429101588952245
ZNF782,RPL13,-0.046911759298199504
ZNF782,RPL19,-0.04834702045002075
ZNF782,RPL26,-0.0467215324369054
ZNF782,RPL28,-0.05394792226614195
ZNF782,RPL6,-0.044702614972999655
ZNF782,RPLP1,-0.0468289755341717
ZNF782,RPS12,-0.0502418872641579
ZNF782,RPS15,-0.04835763283647645
ZNF782,RPS15A,-0.05148568478422745
ZNF782,RPS27,-0.0475615647176127
ZNF782,RPS27A,-0.05068452192109175
ZNF782,RPS3,-0.0460051013595975
ZNF782,RPS7,-0.0483966948870372
ZNF791,RPL36,-0.06112375456138815
ZNF791,RPS16,-0.04826450412943877
ZNF791,RPS21,-0.052176440848950276
ZNF792,B2M,-0.044092177002303
ZNF792,RPL28,-0.04083152770995545
ZNF792,RPS15A,-0.03865727289196985
ZNF800,ACTB,-0.05429701291455987
ZNF800,B2M,-0.10506997139735863
ZNF800,BCLAF1,0.0353300808936045
ZNF800,BPTF,0.030833951386659203
ZNF800,COX7C,-0.0398248716053892
ZNF800,EEF1A1,-0.06168862588879837
ZNF800,EEF1D,-0.04182402659316106
ZNF800,EIF1,-0.0419620855301276
ZNF800,EIF3A,0.03480516173893755
ZNF800,FTH1,-0.055568750533057897
ZNF800,FTL,-0.047101111109451636
ZNF800,GOLGA4,0.0326780936884614
ZNF800,LTB,-0.03345857945756275
ZNF800,MYL12A,-0.0385654315437873
ZNF800,NCL,0.0364709818629723
ZNF800,NCOR1,0.0305587184228245
ZNF800,NSD3,0.032510033379620495
ZNF800,PDE3B,0.032198430180061605
ZNF800,PFN1,-0.039430967976463095
ZNF800,PNN,0.033713043779387705
ZNF800,PTMA,-0.07035707199391496
ZNF800,RPL10A,-0.06096050865205784
ZNF800,RPL12,-0.0751156302389894
ZNF800,RPL13A,-0.0785136490670044
ZNF800,RPL15,-0.06863242846727247
ZNF800,RPL18,-0.06959259589653873
ZNF800,RPL22,-0.05886878607565044
ZNF800,RPL26,-0.0855553199849417
ZNF800,RPL27,-0.049539273143191766
ZNF800,RPL27A,-0.08616402346753771
ZNF800,RPL29,-0.05612830883431287
ZNF800,RPL3,-0.07386744123810969
ZNF800,RPL30,-0.07292877463402225
ZNF800,RPL31,-0.07555649820916227
ZNF800,RPL32,-0.08688307066938393
ZNF800,RPL35,-0.07612092393109776
ZNF800,RPL36,-0.08116191226128645
ZNF800,RPL37A,-0.0639613722267283
ZNF800,RPL39,-0.09200344422827694
ZNF800,RPL41,-0.09116106441604518
ZNF800,RPL5,-0.0643996038455186
ZNF800,RPL6,-0.06042818200916915
ZNF800,RPL7,-0.06925549390963213
ZNF800,RPL8,-0.05905805175483483
ZNF800,RPL9,-0.05905331788575377
ZNF800,RPLP1,-0.0815784124615941
ZNF800,RPLP2,-0.08605484558763864
ZNF800,RPS12,-0.07606690449669815
ZNF800,RPS13,-0.08355608867556243
ZNF800,RPS14,-0.09842915741498014
ZNF800,RPS15,-0.08507863964037565
ZNF800,RPS15A,-0.08625757263956838
ZNF800,RPS18,-0.0953515302295432
ZNF800,RPS2,-0.07520850445755684
ZNF800,RPS24,-0.0509909773984258
ZNF800,RPS25,-0.08763195967224736
ZNF800,RPS27,-0.09409808298404936
ZNF800,RPS29,-0.0922368383968518
ZNF800,RPS3A,-0.07560554131027904
ZNF800,RPS5,-0.06140239500611363
ZNF800,RPS6,-0.08040263850783314
ZNF800,RPS8,-0.0730762724244639
ZNF800,RPS9,-0.06000182015078406
ZNF800,RPSA,-0.053621395713579545
ZNF800,SERF2,-0.0437760771219379
ZNF800,SMCHD1,0.03789728344404815
ZNF800,SP100,0.034343437686855854
ZNF800,SYNE2,0.03951045318240895
ZNF800,TMSB10,-0.08189200829993777
ZNF800,TOMM7,-0.0449916217708893
ZNF800,UBA52,-0.05594487603928863
ZNF800,UTRN,0.03695344056430645
ZNF816,B2M,-0.03888474739387985
ZNF83,ACTB,-0.03723278342021897
ZNF83,B2M,-0.0901429217391881
ZNF83,BTF3,-0.04007590025743375
ZNF83,CD52,-0.0427123477802438
ZNF83,EEF1A1,-0.06104250789869703
ZNF83,EEF1B2,-0.0482603166869056
ZNF83,EIF1,-0.04796164810097037
ZNF83,FTH1,-0.05201401854837973
ZNF83,FTL,-0.04260691606482195
ZNF83,H3-3B,-0.041160187029311804
ZNF83,JUNB,-0.03833138443214384
ZNF83,NACA,-0.0600382663006125
ZNF83,PTMA,-0.06239276878224347
ZNF83,RACK1,-0.0528540984165454
ZNF83,RPL10A,-0.052822879191058575
ZNF83,RPL11,-0.07162626261808362
ZNF83,RPL13,-0.07222186823312207
ZNF83,RPL14,-0.05455051455058205
ZNF83,RPL15,-0.0556074413308539
ZNF83,RPL18,-0.05552373106418083
ZNF83,RPL19,-0.06397316273736414
ZNF83,RPL21,-0.0746941898142589
ZNF83,RPL22,-0.054272213936001935
ZNF83,RPL23A,-0.061269007116859626
ZNF83,RPL27,-0.044803091906255546
ZNF83,RPL28,-0.06862421004702902
ZNF83,RPL31,-0.05639484680334703
ZNF83,RPL32,-0.07590450827474615
ZNF83,RPL34,-0.0819823501736797
ZNF83,RPL35,-0.0547693453383213
ZNF83,RPL35A,-0.06857606491864628
ZNF83,RPL36,-0.06365634101521245
ZNF83,RPL37A,-0.050270430576868835
ZNF83,RPL38,-0.0508342992929468
ZNF83,RPL5,-0.05405641731200523
ZNF83,RPL6,-0.0542813808313594
ZNF83,RPL7,-0.057374583948729796
ZNF83,RPL8,-0.055229143754952095
ZNF83,RPLP0,-0.05838768570682055
ZNF83,RPLP2,-0.0624143399989269
ZNF83,RPS12,-0.06678377558120727
ZNF83,RPS13,-0.06570112264206522
ZNF83,RPS14,-0.07488725087879135
ZNF83,RPS15,-0.07425267725794593
ZNF83,RPS16,-0.05095804819325047
ZNF83,RPS18,-0.07079803002338285
ZNF83,RPS20,-0.0371938714535327
ZNF83,RPS21,-0.05109664708191495
ZNF83,RPS24,-0.05772364336586643
ZNF83,RPS27,-0.079570849849407
ZNF83,RPS27A,-0.07871265184586437
ZNF83,RPS28,-0.07325649480316905
ZNF83,RPS29,-0.06179272460350465
ZNF83,RPS3A,-0.0582630426300454
ZNF83,RPS5,-0.051006711462763796
ZNF83,RPS8,-0.06518523714561883
ZNF83,RPS9,-0.049649800494836346
ZNF83,RPSA,-0.0507063934941501
ZNF83,TMSB10,-0.06709833552507613
ZNF83,TMSB4X,-0.079094442405197
ZNF83,TPT1,-0.05754287679747535
ZNF83,UTRN,0.03259433396621055
ZNF830,ATP5F1E,-0.03490323458394525
ZNF830,B2M,-0.08019894871274277
ZNF830,EEF1A1,-0.04797136490058347
ZNF830,PFDN5,-0.0374951728417389
ZNF830,RACK1,-0.03367876137450265
ZNF830,RPL10,-0.0652320172307095
ZNF830,RPL10A,-0.04272267423156576
ZNF830,RPL11,-0.059361166404185005
ZNF830,RPL12,-0.06064515941068673
ZNF830,RPL13A,-0.057358108916939675
ZNF830,RPL14,-0.045624461754423966
ZNF830,RPL15,-0.049234407032700066
ZNF830,RPL17,-0.0577252009182998
ZNF830,RPL18,-0.04704331351140013
ZNF830,RPL18A,-0.06000012356594305
ZNF830,RPL26,-0.056980991437218825
ZNF830,RPL27A,-0.0657588986733211
ZNF830,RPL32,-0.0737795297846858
ZNF830,RPL34,-0.07086936123296846
ZNF830,RPL35,-0.05710021801106213
ZNF830,RPL35A,-0.06562556720797925
ZNF830,RPL36,-0.0695399976004438
ZNF830,RPL36A,-0.052206400516344766
ZNF830,RPL37,-0.06737732046350295
ZNF830,RPL37A,-0.04858326124804949
ZNF830,RPL38,-0.04452475819351753
ZNF830,RPL5,-0.0427843574795964
ZNF830,RPL8,-0.04565939641893977
ZNF830,RPLP0,-0.03421240680425085
ZNF830,RPS14,-0.06913398432753791
ZNF830,RPS15,-0.06290736063349038
ZNF830,RPS15A,-0.06552727275293985
ZNF830,RPS19,-0.07236270976748253
ZNF830,RPS2,-0.054769289291602796
ZNF830,RPS20,-0.0424635470984849
ZNF830,RPS23,-0.05751610235262916
ZNF830,RPS24,-0.049642316943936754
ZNF830,RPS25,-0.06219437043092413
ZNF830,RPS27,-0.07065220521759433
ZNF830,RPS29,-0.07107624908945746
ZNF830,RPS3A,-0.05303399259422917
ZNF830,RPS6,-0.058933810321441064
ZNF830,RPS7,-0.04600746333933835
ZNF830,RPS8,-0.058104258951427366
ZNF830,RPS9,-0.040639531383198736
ZNF830,RPSA,-0.036907155128856
ZNF84,EIF1,-0.0369675875294526
ZNF84,RPL41,-0.04464626539746195
ZNF84,TMSB4X,-0.056324699700886605
ZNF891,B2M,-0.07690134540322105
ZNF891,FAU,-0.043622849688889354
ZNF891,RPL12,-0.042641179805007395
ZNF891,RPL28,-0.04983685108871555
ZNF891,RPL34,-0.045621657413997554
ZNF891,RPL36,-0.0420080247226161
ZNF891,RPL39,-0.049173982453547746
ZNF891,RPL41,-0.04624554247220295
ZNF891,RPL6,-0.04176563760579205
ZNF891,RPS21,-0.0419122712169925
ZNF891,RPS27,-0.04719559697402415
ZNF891,RPS7,-0.046268737542981345
ZSCAN16,RPL26,-0.0337032925032686
ZSCAN16,RPL36,-0.03343405008827795
ZSCAN16,RPS15,-0.0361212685456195
ZSCAN16,RPS18,-0.03455307842510105
ZSCAN16,RPS19,-0.03655872685520935
ZSCAN18,PFN1,-0.04618442853534907
ZSCAN18,PTMA,-0.038809251192862104
ZSCAN18,RPL11,-0.03707293440242847
ZSCAN18,RPL35A,-0.0394856248723371
ZSCAN18,RPL36,-0.04197003149371314
ZSCAN18,RPL37,-0.03948101925581325
ZSCAN18,RPL41,-0.05224153036603337
ZSCAN18,RPLP1,-0.04085485738799236
ZSCAN18,RPS12,-0.03727731550959255
ZSCAN18,RPS14,-0.0429050077743112
ZSCAN18,RPS15A,-0.043775050548216295
ZSCAN18,RPS18,-0.0466250650890404
ZSCAN18,RPS27,-0.05054628063997254
ZSCAN18,RPS27A,-0.0407841357315278
ZSCAN18,RPS28,-0.04476998632745893
ZSCAN18,RPS8,-0.03579032753116513
ZSCAN26,RPL28,-0.04524257553758125
ZSCAN29,EEF1A1,-0.03837686003995955
ZSCAN29,RPL11,-0.04146300036212015
ZSCAN29,RPL12,-0.03677895793309845
ZSCAN29,RPL13,-0.03876873218146415
ZSCAN29,RPL28,-0.04297002414822265
ZSCAN29,RPL30,-0.042163658746892346
ZSCAN29,RPL32,-0.041597619786492096
ZSCAN29,RPL35A,-0.03810330142205365
ZSCAN29,RPL39,-0.0366704813299056
ZSCAN29,RPLP1,-0.03546987656285835
ZSCAN29,RPS12,-0.041940556560770295
ZSCAN29,RPS13,-0.037926367461556004
ZSCAN29,RPS14,-0.03990558319292495
ZSCAN29,RPS15,-0.04013318106052785
ZSCAN29,RPS15A,-0.041931404632963104
ZSCAN29,RPS27,-0.0379045347396273
ZSCAN29,RPS27A,-0.042162297841323804
ZSCAN29,RPS28,-0.038909968432777
ZSCAN29,RPS3A,-0.0362964614853922
ZSCAN29,RPS8,-0.0384080519023721
ZSCAN30,B2M,-0.0546129819551752
ZXDB,B2M,-0.06793448073078265
ZXDB,EEF1A1,-0.0464443342643624
ZXDB,FAU,-0.051252217243853246
ZXDB,NACA,-0.040290714215471
ZXDB,RPL10,-0.0545824218822297
ZXDB,RPL11,-0.05592349430794215
ZXDB,RPL12,-0.0540925181022446
ZXDB,RPL13,-0.0470469924189652
ZXDB,RPL14,-0.0484511292165822
ZXDB,RPL18,-0.04813337997834685
ZXDB,RPL18A,-0.049679134707082045
ZXDB,RPL19,-0.05330685440523325
ZXDB,RPL22,-0.0439373531390091
ZXDB,RPL26,-0.0486426953746418
ZXDB,RPL28,-0.0571839592995904
ZXDB,RPL29,-0.0516555022926973
ZXDB,RPL32,-0.05446905792805895
ZXDB,RPL34,-0.06031313325790545
ZXDB,RPL35A,-0.05233874609383965
ZXDB,RPL36,-0.0515500531875772
ZXDB,RPL36A,-0.0463228373806782
ZXDB,RPL37,-0.054713930957613094
ZXDB,RPL39,-0.0637226205589371
ZXDB,RPL41,-0.0550955129763043
ZXDB,RPL6,-0.052944733840037755
ZXDB,RPL7A,-0.04651803802998035
ZXDB,RPL8,-0.0452573476164302
ZXDB,RPLP1,-0.0474511168566567
ZXDB,RPS12,-0.05432426265501965
ZXDB,RPS13,-0.048821130397690746
ZXDB,RPS14,-0.045451497324603005
ZXDB,RPS15,-0.053372677248709754
ZXDB,RPS15A,-0.057537699237524956
ZXDB,RPS19,-0.0483587384379669
ZXDB,RPS21,-0.0565277941969303
ZXDB,RPS24,-0.05325538246352035
ZXDB,RPS25,-0.04241053981710905
ZXDB,RPS27,-0.055788541306183846
ZXDB,RPS27A,-0.0519078844257823
ZXDB,RPS28,-0.06260040086528385
ZXDB,RPS29,-0.0410375282471439
ZXDB,RPS3,-0.044176969187100054
ZXDB,RPS3A,-0.0435465829732576
ZXDB,RPS4X,-0.04268853172466125
ZXDB,RPS7,-0.053190346771813696
ZXDB,RPS8,-0.05349974282474235
ZXDB,TMSB10,-0.05904627381632945
ZXDC,ACTB,-0.05426080330320905
ZXDC,ATP5F1E,-0.04321076550318355
ZXDC,EEF1A1,-0.0698272592414059
ZXDC,FAU,-0.06992765304601226
ZXDC,FTH1,-0.0342668287453887
ZXDC,NACA,-0.052557514479717196
ZXDC,PTMA,-0.04484494947862344
ZXDC,RACK1,-0.04611381180902625
ZXDC,RPL10,-0.06571976575005774
ZXDC,RPL13A,-0.0471365284897709
ZXDC,RPL14,-0.0649930725873788
ZXDC,RPL18,-0.06484115334600175
ZXDC,RPL22,-0.0574526682030993
ZXDC,RPL23A,-0.05482385152529695
ZXDC,RPL27A,-0.036981485244967596
ZXDC,RPL28,-0.0791604983456658
ZXDC,RPL29,-0.06801456754348159
ZXDC,RPL3,-0.048054496348992795
ZXDC,RPL30,-0.059953074739540126
ZXDC,RPL31,-0.0467469660992883
ZXDC,RPL35,-0.049158319572801645
ZXDC,RPL37,-0.069867689359915
ZXDC,RPL5,-0.05715634833470415
ZXDC,RPL7,-0.04125812204463405
ZXDC,RPL7A,-0.0617692842732671
ZXDC,RPS12,-0.05928161278692697
ZXDC,RPS14,-0.05984706317099847
ZXDC,RPS15,-0.0623805022656074
ZXDC,RPS15A,-0.06509478517839097
ZXDC,RPS19,-0.06037760948603133
ZXDC,RPS21,-0.0681747093416311
ZXDC,RPS27A,-0.06456692054066578
ZXDC,RPS28,-0.0656292784273848
ZXDC,RPS29,-0.0540965689085918
ZXDC,RPS3,-0.0551188607018693
ZXDC,RPS3A,-0.04971965939190893
ZXDC,RPS5,-0.0531381668804668
ZXDC,RPS7,-0.07108770097775045
ZXDC,RPS8,-0.07171256614996
ZXDC,TMSB10,-0.06092136565501687
ZZZ3,ACTB,-0.03986140230138385
ZZZ3,EEF1A1,-0.03842474002107125
ZZZ3,PTMA,-0.043413876185495
ZZZ3,RPL10,-0.0605149299586558
ZZZ3,RPL11,-0.05023440890238915
ZZZ3,RPL12,-0.04704686207800925
ZZZ3,RPL13,-0.050108790368815645
ZZZ3,RPL18,-0.03629864376547595
ZZZ3,RPL26,-0.050277657338725704
ZZZ3,RPL28,-0.045034466737411655
ZZZ3,RPL32,-0.0541063456894061
ZZZ3,RPL34,-0.06174335597337455
ZZZ3,RPL35A,-0.04809278643421855
ZZZ3,RPL36,-0.05049425691053825
ZZZ3,RPL39,-0.05471056007291905
ZZZ3,RPL41,-0.0688972048219549
ZZZ3,RPL6,-0.0393982136624991
ZZZ3,RPL8,-0.0422597194040598
ZZZ3,RPLP1,-0.044387226396641805
ZZZ3,RPS12,-0.039098775736736854
ZZZ3,RPS14,-0.05469604028408715
ZZZ3,RPS15,-0.0570595579444493
ZZZ3,RPS15A,-0.051185377062620704
ZZZ3,RPS19,-0.05700992980821265
ZZZ3,RPS23,-0.043004124068132255
ZZZ3,RPS25,-0.046051617915663146
ZZZ3,RPS27,-0.060843556599906104
ZZZ3,RPS3,-0.0475364366749432
ZZZ3,RPS4X,-0.05004024452484525
ZZZ3,RPS7,-0.04069552994280675
ZZZ3,RPS8,-0.0384061309779575
