gene,pvalue,slope,n_samples,p_value_adj,condition,comparison,dataset,cell_type
ADNP,0.11446352219111573,0.06335370641685903,622,0.1452224422512834,healthy,aging,aida,MONO
ADNP2,0.00023806006289232303,0.14684095006631842,622,0.0006232845282999003,healthy,aging,aida,MONO
AEBP2,0.06792685559712439,0.0732445459329981,622,0.09227799250930105,healthy,aging,aida,MONO
AHCTF1,0.1796444863879323,0.05387259077232219,622,0.21692919110995598,healthy,aging,aida,MONO
AHR,0.015202297607646133,-0.09729950502090853,622,0.025018638348583352,healthy,aging,aida,MONO
AKAP8,0.0030923214646181173,0.11844182547545772,622,0.006338708767331088,healthy,aging,aida,MONO
AKAP8L,0.0002081582363203549,0.14818974399123686,622,0.0005555814183389573,healthy,aging,aida,MONO
AKNA,0.39632055232620766,0.03406881303971897,622,0.4484884835754334,healthy,aging,aida,MONO
ANKZF1,0.0009985120835405126,0.13164500077248503,622,0.0022292362795323073,healthy,aging,aida,MONO
ARHGAP35,0.06071760986174373,0.07524727182758037,622,0.08287522104351751,healthy,aging,aida,MONO
ARID2,0.15956549113826435,0.0564654716876618,622,0.19431231056160733,healthy,aging,aida,MONO
ARID3A,0.03458627027000235,0.08474836609396863,622,0.05095061809596254,healthy,aging,aida,MONO
ARID3B,0.0041258798966045,0.11486148683340396,622,0.008280511569491958,healthy,aging,aida,MONO
ARID5A,0.8426437498772807,0.00797556062306881,622,0.8682697673154091,healthy,aging,aida,MONO
ARID5B,6.148136753753687e-13,0.2832200361862024,622,6.438775841022044e-12,healthy,aging,aida,MONO
ARNT,0.9482777714808277,0.002606274822872969,622,0.963329799599571,healthy,aging,aida,MONO
ASCL2,9.673294983176398e-10,0.242010549426327,622,6.555079894414123e-09,healthy,aging,aida,MONO
ASH1L,0.7298830446282424,0.013871748279208986,622,0.7728173413710802,healthy,aging,aida,MONO
ATF1,2.0426922999595166e-07,0.20648332193355354,622,1.0231224041535859e-06,healthy,aging,aida,MONO
ATF2,0.05084238234723372,0.07833767280542989,622,0.0710806122136083,healthy,aging,aida,MONO
ATF3,0.7136652329625355,0.014741728716384768,622,0.7612429151600378,healthy,aging,aida,MONO
ATF4,0.18043003078706454,0.05377564083082843,622,0.2174219617852493,healthy,aging,aida,MONO
ATF5,0.0002691700372373404,0.14559656377070096,622,0.0006952553428193186,healthy,aging,aida,MONO
ATF6,0.36463728823140285,0.03641110067947644,622,0.41590312479462976,healthy,aging,aida,MONO
ATF6B,1.8621545820276492e-16,0.32184529693933045,622,6.462049557405849e-15,healthy,aging,aida,MONO
ATF7,0.0006282908332707949,0.13672406030069184,622,0.0014771245712815423,healthy,aging,aida,MONO
ATMIN,0.7872686099178422,0.010841856835206616,622,0.8229886012934249,healthy,aging,aida,MONO
BACH1,0.7442166804032361,0.013108220723508725,622,0.7851077067990183,healthy,aging,aida,MONO
BACH2,0.17131939681223635,-0.05491993448039124,622,0.2073108667307734,healthy,aging,aida,MONO
BATF,6.21171334961485e-05,-0.1598584813153555,622,0.0001913340582555162,healthy,aging,aida,MONO
BATF3,1.7936382030643077e-16,0.32201141132326366,622,6.462049557405849e-15,healthy,aging,aida,MONO
BAZ2A,0.005444224386718968,0.11132522088150185,622,0.01041818354402035,healthy,aging,aida,MONO
BAZ2B,1.6026200922710234e-05,-0.1720340171630686,622,5.5275998392102324e-05,healthy,aging,aida,MONO
BBX,5.953843396247646e-10,0.24496297070869327,622,4.286767245226305e-09,healthy,aging,aida,MONO
BCL11A,0.0016324952993222082,0.1260544037217427,622,0.0035350274150736534,healthy,aging,aida,MONO
BCL11B,0.03734581021928611,-0.083501261109485,622,0.054735843985518576,healthy,aging,aida,MONO
BCL6,0.4652363012545847,-0.02933313139793988,622,0.5153386721589246,healthy,aging,aida,MONO
BHLHE40,0.7466811610764865,-0.012977424352736081,622,0.7862675480439785,healthy,aging,aida,MONO
BPTF,0.6656586585207045,0.017359801152410953,622,0.7153346778132944,healthy,aging,aida,MONO
CAMTA1,9.466678436725631e-10,-0.2421427176125826,622,6.491436642257576e-09,healthy,aging,aida,MONO
CAMTA2,9.175386665193074e-05,0.15618448508896704,622,0.00026964401628322497,healthy,aging,aida,MONO
CARF,0.4605581776047255,-0.029641340923805166,622,0.5121264677612392,healthy,aging,aida,MONO
CC2D1A,0.00018329769290070197,0.1494573264395657,622,0.0004956782681258419,healthy,aging,aida,MONO
CDC5L,0.0004116124602156394,0.14121498511821617,622,0.0010131999020692663,healthy,aging,aida,MONO
CEBPA,2.462416728136655e-13,0.28788518157005905,622,2.7275999573206027e-12,healthy,aging,aida,MONO
CEBPB,2.7382916649843697e-13,0.2873482031058401,622,2.975954606473579e-12,healthy,aging,aida,MONO
CEBPD,3.8857631592481305e-09,-0.2333292520925389,622,2.4595599777155643e-08,healthy,aging,aida,MONO
CEBPG,0.0022230696467567053,0.12242692451127549,622,0.004690589937283228,healthy,aging,aida,MONO
CEBPZ,8.218839209553438e-08,0.21296407758012056,622,4.3036830770020043e-07,healthy,aging,aida,MONO
CENPB,0.3685459040419947,0.03611553679815382,622,0.4195305152731007,healthy,aging,aida,MONO
CENPT,0.0006647862131500406,0.13611425090537904,622,0.0015378187099374433,healthy,aging,aida,MONO
CENPX,8.08289701927046e-10,0.24310772744957607,622,5.639515252765377e-09,healthy,aging,aida,MONO
CGGBP1,0.010969793412013843,0.10193072914918726,622,0.018974777793753676,healthy,aging,aida,MONO
CHAMP1,0.025738311414875207,0.0894210439919316,622,0.03974602513396279,healthy,aging,aida,MONO
CHCHD3,1.5093638565941703e-12,0.27855434207615254,622,1.4022477026423258e-11,healthy,aging,aida,MONO
CIC,0.01460827202944782,0.09787486937654989,622,0.024179208876327428,healthy,aging,aida,MONO
CLOCK,0.004330094600425909,0.11425215133798525,622,0.008492158122254213,healthy,aging,aida,MONO
CREB1,0.1326100559857798,0.06036686503692103,622,0.1649749292609269,healthy,aging,aida,MONO
CREB3,3.825329661010021e-06,0.1840564584028865,622,1.4787851575448093e-05,healthy,aging,aida,MONO
CREB3L2,0.01628870329987871,-0.09629648342398803,622,0.02632327681040368,healthy,aging,aida,MONO
CREB5,6.708697091185829e-14,-0.2943695787631808,622,8.050435309422995e-13,healthy,aging,aida,MONO
CREBL2,0.0032816455333317196,0.117711770217541,622,0.006679250272788235,healthy,aging,aida,MONO
CREBZF,0.007635289060340428,0.10687692211234719,622,0.013961671424622497,healthy,aging,aida,MONO
CREM,0.5649071717145064,0.023121600775423173,622,0.6139368507689731,healthy,aging,aida,MONO
CSRNP1,0.34335982967023015,0.03805598226981097,622,0.3931913755269435,healthy,aging,aida,MONO
CTCF,1.1220847566841324e-05,0.17510109727770828,622,4.0798045632765434e-05,healthy,aging,aida,MONO
CUX1,1.9295179533841266e-16,0.3216877376955908,622,6.462049557405849e-15,healthy,aging,aida,MONO
CXXC1,0.006129121313348903,0.1097842480784745,622,0.011462252845743403,healthy,aging,aida,MONO
CXXC5,0.11315926032893366,-0.06358230076051488,622,0.14388462240500172,healthy,aging,aida,MONO
DBP,3.219986346887615e-11,0.26195188283871884,622,2.7682270675093527e-10,healthy,aging,aida,MONO
DDIT3,0.04195643716468725,0.08158216607516221,622,0.06012741402176897,healthy,aging,aida,MONO
DEAF1,0.08755078339009571,0.06856034478497851,622,0.11487300964167456,healthy,aging,aida,MONO
DMTF1,0.0042964513155908405,0.11435072251595883,622,0.008492158122254213,healthy,aging,aida,MONO
DNMT1,3.5260194598158893e-07,0.20249532961417177,622,1.7067119402133568e-06,healthy,aging,aida,MONO
DNTTIP1,0.2773373995268393,0.04362448062022823,622,0.3246876872509338,healthy,aging,aida,MONO
DOT1L,0.004280369431142029,0.11439808756326952,622,0.008492158122254213,healthy,aging,aida,MONO
DR1,1.8072990790217216e-08,0.2233150738934344,622,1.0754663688774726e-07,healthy,aging,aida,MONO
DRAP1,7.085515950972312e-16,0.3158555015830549,622,1.5115554028740934e-14,healthy,aging,aida,MONO
E2F3,0.5346567613116329,0.024942648415865864,622,0.5832619214308722,healthy,aging,aida,MONO
E2F4,3.77353293129356e-06,0.18416715144130927,622,1.4686182219088412e-05,healthy,aging,aida,MONO
E4F1,0.0513885683884979,0.07815422366221235,622,0.07167025518589538,healthy,aging,aida,MONO
EEA1,8.518478561278924e-05,0.15689044627858353,622,0.000252919775840034,healthy,aging,aida,MONO
EGR1,0.021685324162397972,-0.09204425450049386,622,0.0339422465150577,healthy,aging,aida,MONO
ELF1,0.6136395169658105,0.020282765815043697,622,0.6619032991990765,healthy,aging,aida,MONO
ELF2,1.4448120694461815e-05,0.17293143390990304,622,5.137109580253086e-05,healthy,aging,aida,MONO
ELF4,1.3700750143303542e-09,0.23986897086277234,622,9.176316374982838e-09,healthy,aging,aida,MONO
ELK1,0.0005042886189729987,0.1390752522700385,622,0.0012308061208832512,healthy,aging,aida,MONO
ELK3,2.4532947774853222e-06,-0.1876298631412265,622,1.0021970154833616e-05,healthy,aging,aida,MONO
ELK4,0.07546197221693762,0.07132979082402131,622,0.10061596295591684,healthy,aging,aida,MONO
ERF,0.07399001493285254,0.0716911519643253,622,0.0988822473348563,healthy,aging,aida,MONO
ESRRA,1.811115239256466e-08,0.22330100654920945,622,1.0754663688774726e-07,healthy,aging,aida,MONO
ETS1,0.8177931827689522,0.009255988252737846,622,0.8456891800267801,healthy,aging,aida,MONO
ETS2,0.7276233645896647,-0.01399256781010576,622,0.7728173413710802,healthy,aging,aida,MONO
ETV3,0.8996482207094331,-0.005066538594162594,622,0.9237029859690435,healthy,aging,aida,MONO
ETV6,0.0251511490796158,-0.08977789061219175,622,0.03915422126988838,healthy,aging,aida,MONO
FAM200B,1.6265166510271844e-13,-0.2899713138460036,622,1.873747066783316e-12,healthy,aging,aida,MONO
FLI1,1.3526950917463742e-06,0.19231508691533342,622,5.993479791122352e-06,healthy,aging,aida,MONO
FOS,3.1542051050147527e-07,-0.20331587480976263,622,1.539679780074949e-06,healthy,aging,aida,MONO
FOSB,0.0005844365732475088,-0.13750190462161396,622,0.0013968276605417639,healthy,aging,aida,MONO
FOSL1,0.6992700014885367,0.01551974763200473,622,0.7486608194375411,healthy,aging,aida,MONO
FOSL2,0.44999415937557496,-0.0303438351615648,622,0.503294438447245,healthy,aging,aida,MONO
FOXJ2,0.20858334249002072,-0.05048936954411591,622,0.24926142173081314,healthy,aging,aida,MONO
FOXJ3,0.011505780872806539,0.10126460049277516,622,0.019607484564309368,healthy,aging,aida,MONO
FOXK1,0.006471359461804323,0.10907145275354305,622,0.011981918490046322,healthy,aging,aida,MONO
FOXK2,0.9722958579677361,-0.0013953109408396697,622,0.9790951297017761,healthy,aging,aida,MONO
FOXN2,0.11745930333891624,0.06283628255879677,622,0.14836964632284158,healthy,aging,aida,MONO
FOXN3,0.5877789026433755,-0.021775750018268123,622,0.6363921953432036,healthy,aging,aida,MONO
FOXO1,0.00016074566023496694,0.15075531330741626,622,0.00044185600621802346,healthy,aging,aida,MONO
FOXO3,0.4953607736326231,-0.027387946927341682,622,0.5439496871816973,healthy,aging,aida,MONO
FOXP1,0.00012904983752583135,0.1529035015273887,622,0.00036259856787745784,healthy,aging,aida,MONO
GABPA,0.06970363658549524,0.07277795407410341,622,0.09380676325524592,healthy,aging,aida,MONO
GATAD2A,0.01817109774756671,0.09468968841987961,622,0.029073756396106737,healthy,aging,aida,MONO
GATAD2B,0.11096306628123632,0.06397194624186693,622,0.1417177964035302,healthy,aging,aida,MONO
GLI4,0.0006964441550050885,0.13560992164965383,622,0.0016046073331317237,healthy,aging,aida,MONO
GLMP,0.03857906329958021,-0.08296909647050614,622,0.056257064457109374,healthy,aging,aida,MONO
GLYR1,0.11177197356845131,0.06382773102146123,622,0.14243508136156627,healthy,aging,aida,MONO
GMEB1,2.212747647038254e-06,0.18845035845261798,622,9.235816265898756e-06,healthy,aging,aida,MONO
GMEB2,0.03330018013251355,-0.08535877409967399,622,0.04953842126355394,healthy,aging,aida,MONO
GPBP1,0.00011943033122496991,0.1536544582648454,622,0.000338876210766417,healthy,aging,aida,MONO
GPBP1L1,3.071354598822861e-09,0.23482173745376955,622,1.965666943240231e-08,healthy,aging,aida,MONO
GTF2B,6.166632093464154e-07,0.19832710568243242,622,2.911459086750242e-06,healthy,aging,aida,MONO
GTF2I,1.8058839689924746e-18,-0.34167239553514356,622,2.0688583322793307e-16,healthy,aging,aida,MONO
GTF2IRD2B,0.018748830779229564,0.09422574042355202,622,0.02983239372606693,healthy,aging,aida,MONO
GTF3A,4.560132961159854e-10,0.24656906733401038,622,3.324856437430982e-09,healthy,aging,aida,MONO
GZF1,6.075350851486202e-05,-0.16006512661128444,622,0.00018813989733634687,healthy,aging,aida,MONO
HBP1,0.00022271051453758855,0.14751214196896753,622,0.0005870733953849553,healthy,aging,aida,MONO
HES1,6.307446711582415e-07,0.1981568758520504,622,2.9537311429848896e-06,healthy,aging,aida,MONO
HES4,1.565410737134201e-18,0.34226412190818134,622,2.0688583322793307e-16,healthy,aging,aida,MONO
HHEX,3.3212326361238984e-10,0.2484636692264379,622,2.452602561986879e-09,healthy,aging,aida,MONO
HIC2,0.00011359762106143255,0.15413801075152908,622,0.0003239219293632928,healthy,aging,aida,MONO
HIF1A,0.000208343031877109,-0.14818086460374733,622,0.0005555814183389573,healthy,aging,aida,MONO
HIVEP1,0.0019755668832916406,0.12382467977788474,622,0.0042145426843555,healthy,aging,aida,MONO
HIVEP2,0.0009916440961599564,0.13172197209212735,622,0.002222517507346828,healthy,aging,aida,MONO
HIVEP3,1.4916579043352442e-05,0.172655674055734,622,5.2711346803503074e-05,healthy,aging,aida,MONO
HLX,2.019490486689328e-16,-0.32148553209340663,622,6.462049557405849e-15,healthy,aging,aida,MONO
HMBOX1,0.06815760755469258,0.07318338790455903,622,0.09237360459177159,healthy,aging,aida,MONO
HMG20A,0.012583651635136632,0.10000425125335631,622,0.021255669624160412,healthy,aging,aida,MONO
HMG20B,1.546003931536543e-14,0.3014959107760157,622,2.2262442214126216e-13,healthy,aging,aida,MONO
HMGA1,0.16453928039384103,0.05580136334132458,622,0.1995255273828472,healthy,aging,aida,MONO
HMGN3,0.028752624363794468,-0.08769258142553699,622,0.04404657349347237,healthy,aging,aida,MONO
HOXB2,7.664824496265229e-06,0.17832344196291616,622,2.8483476837733976e-05,healthy,aging,aida,MONO
HSF1,1.8574348193446825e-14,0.3006155793674687,622,2.513942544662686e-13,healthy,aging,aida,MONO
IKZF1,1.9627888974406945e-15,0.3111959432295287,622,3.646969822341419e-14,healthy,aging,aida,MONO
IKZF3,0.050726202372056856,-0.07837690672824174,622,0.0710806122136083,healthy,aging,aida,MONO
IKZF5,0.006733255676888685,0.10854849174934965,622,0.012390911405392597,healthy,aging,aida,MONO
IRF1,2.821849200042001e-18,0.3398187485704064,622,2.6993752320403213e-16,healthy,aging,aida,MONO
IRF2,6.240841555446805e-14,0.29472525310475556,622,7.648349276462467e-13,healthy,aging,aida,MONO
IRF3,1.6405291478546235e-05,0.17183098847159467,622,5.624671364072991e-05,healthy,aging,aida,MONO
IRF4,0.010931187230293984,0.10197981520137653,622,0.018964951339305227,healthy,aging,aida,MONO
IRF5,2.6229614713755723e-10,0.24986416812401302,622,2.0144344099396394e-09,healthy,aging,aida,MONO
IRF7,2.700889570298861e-08,0.22061878303278143,622,1.5433894869898357e-07,healthy,aging,aida,MONO
IRF8,0.0032945518460297217,0.11766340748624272,622,0.006681907969412393,healthy,aging,aida,MONO
IRF9,8.019008553591651e-13,0.28184904379256015,622,8.103419068892615e-12,healthy,aging,aida,MONO
JAZF1,0.044314864899723944,0.08066858684772887,622,0.06271587759764372,healthy,aging,aida,MONO
JDP2,0.7288340816112806,-0.01392781811931137,622,0.7728173413710802,healthy,aging,aida,MONO
JUN,1.3512029076503177e-06,-0.19232366699762668,622,5.993479791122352e-06,healthy,aging,aida,MONO
JUNB,1.4123066851293592e-13,0.2906777738776139,622,1.6601808021112464e-12,healthy,aging,aida,MONO
JUND,8.711544513692694e-06,-0.17724758943490182,622,3.216570281978837e-05,healthy,aging,aida,MONO
KAT7,0.011067768841688398,0.10180684174002864,622,0.019086930697043463,healthy,aging,aida,MONO
KCMF1,0.0005595086808258656,0.13796857130680773,622,0.0013598185660578,healthy,aging,aida,MONO
KDM2A,0.7957508634843631,-0.010399583523509339,622,0.827351078279771,healthy,aging,aida,MONO
KDM2B,0.2445319794150005,0.046729971568390004,622,0.2910132647583477,healthy,aging,aida,MONO
KDM5B,0.0006320319089974404,0.13666005887288815,622,0.0014798795917988848,healthy,aging,aida,MONO
KIN,1.5529446973759912e-07,0.2084563916716048,622,7.915895094588613e-07,healthy,aging,aida,MONO
KLF10,0.41588511527353145,-0.03267864017141537,622,0.4678707546827229,healthy,aging,aida,MONO
KLF11,5.238891372508496e-13,0.28404230238667183,622,5.588150690675729e-12,healthy,aging,aida,MONO
KLF12,7.366402550244933e-13,0.28228792497869964,622,7.576871091680503e-12,healthy,aging,aida,MONO
KLF13,0.9412204320274882,-0.0029624978906408746,622,0.9595450776067844,healthy,aging,aida,MONO
KLF16,0.0006551108969994735,0.13627283277520597,622,0.0015215478898052287,healthy,aging,aida,MONO
KLF2,1.1994423682524046e-20,0.3683844863871942,622,1.1487880411338512e-18,healthy,aging,aida,MONO
KLF3,3.9816995793827784e-19,0.34791338277739375,622,7.452863192414935e-17,healthy,aging,aida,MONO
KLF4,0.07573921446510024,0.07126237232856013,622,0.10075239614756983,healthy,aging,aida,MONO
KLF6,0.01804367447010181,-0.09479374685978495,622,0.028950296642837447,healthy,aging,aida,MONO
KLF7,0.009130888881002469,0.1044597582893213,622,0.016232691344004388,healthy,aging,aida,MONO
KLF9,0.0004020444427122545,0.14146088927905662,622,0.0009938952746878051,healthy,aging,aida,MONO
KMT2A,0.01606134095533774,0.09650143265713806,622,0.026060091240209967,healthy,aging,aida,MONO
KMT2B,0.6034854567461785,0.020865537974292896,622,0.6521719007238251,healthy,aging,aida,MONO
L3MBTL3,1.2674493360055797e-12,0.27946871945077595,622,1.196804609474121e-11,healthy,aging,aida,MONO
LCOR,0.0910478637561847,0.06781704527212658,622,0.118313753258912,healthy,aging,aida,MONO
LCORL,0.0895203283279508,0.06813884824232273,622,0.11692451046916023,healthy,aging,aida,MONO
LEF1,0.04068825194669908,-0.08209148375082533,622,0.05859108280324668,healthy,aging,aida,MONO
LIN54,0.0002398005051059112,0.1467674207564333,622,0.0006250004114977595,healthy,aging,aida,MONO
LYL1,6.867668870915738e-16,0.31599702305669414,622,1.5115554028740934e-14,healthy,aging,aida,MONO
MAF,7.108123676822666e-08,0.21397889679019427,622,3.8240922028280966e-07,healthy,aging,aida,MONO
MAFB,3.3006301576462574e-14,0.2978381518565252,622,4.132961727835314e-13,healthy,aging,aida,MONO
MAFF,0.46934417333020906,0.029063906373889555,622,0.5188910630291755,healthy,aging,aida,MONO
MAFG,0.00012838593049612819,-0.15295361020566528,622,0.0003625014508125972,healthy,aging,aida,MONO
MAX,0.013700719472789842,0.09879495849200223,622,0.022874244685005648,healthy,aging,aida,MONO
MAZ,0.7918731057838941,-0.010601614530995687,622,0.8248081535832243,healthy,aging,aida,MONO
MBD1,0.015371666667858068,0.09713907743570453,622,0.025225299147254267,healthy,aging,aida,MONO
MBD2,6.93466785782732e-12,0.27042424020340655,622,6.145182585151595e-11,healthy,aging,aida,MONO
MBD4,0.14386432643797287,0.05867037824232856,622,0.17782371679886774,healthy,aging,aida,MONO
MBD6,0.4804289166218142,0.028343827955848704,622,0.5301284597206226,healthy,aging,aida,MONO
MBNL2,0.1034987032044273,0.06534346241960266,622,0.1330697612628351,healthy,aging,aida,MONO
MECP2,0.0001420600015190071,0.15196752429443405,622,0.00039529739553115017,healthy,aging,aida,MONO
MEF2A,0.27184603851849826,0.04412601636078817,622,0.3195577922176633,healthy,aging,aida,MONO
MEF2C,0.9041851053926961,0.004836347956126604,622,0.926709289512799,healthy,aging,aida,MONO
MEF2D,0.2626658827004156,0.04498015856466101,622,0.31003186154803153,healthy,aging,aida,MONO
MGA,0.05994525111962904,0.0754732971349682,622,0.08201535545108392,healthy,aging,aida,MONO
MLX,1.9349368015746936e-17,0.3317004193687139,622,1.0126796342791123e-15,healthy,aging,aida,MONO
MLXIP,1.66618875984371e-06,-0.1906877895052801,622,7.215975380977227e-06,healthy,aging,aida,MONO
MNT,0.028274260205672638,0.08795614459295775,622,0.043429263675913175,healthy,aging,aida,MONO
MTERF1,0.0002992114549746037,0.14451657085413813,622,0.0007592325905963512,healthy,aging,aida,MONO
MTERF3,2.575801353580043e-10,0.249971469036878,622,2.0049480805466286e-09,healthy,aging,aida,MONO
MTERF4,0.0164410551249068,0.0961605489806793,622,0.026452647351805355,healthy,aging,aida,MONO
MTF1,1.828281365514896e-06,0.18995850745245377,622,7.800667159530181e-06,healthy,aging,aida,MONO
MTF2,0.008032015476775093,0.10619715012740484,622,0.014548556335290733,healthy,aging,aida,MONO
MXD1,0.2634041243041959,-0.044910719759124966,622,0.3102674347632246,healthy,aging,aida,MONO
MXD3,1.7442940172018132e-15,0.31173988053956114,622,3.3490253130274815e-14,healthy,aging,aida,MONO
MXD4,4.154750698563791e-05,0.16356392952945267,622,0.00013221748079407422,healthy,aging,aida,MONO
MXI1,0.0057622321824575,0.11058925434595868,622,0.010882117170804983,healthy,aging,aida,MONO
MYBL1,0.8023987352809544,-0.010053836137611096,622,0.8312619991399816,healthy,aging,aida,MONO
MYC,4.070087514979435e-11,-0.2606322212862379,622,3.3976382725393544e-10,healthy,aging,aida,MONO
MYCL,3.8574955679435033e-11,-0.2609350433185702,622,3.267525656705085e-10,healthy,aging,aida,MONO
MYNN,8.67600115426656e-05,0.15671659984374647,622,0.00025627572640295063,healthy,aging,aida,MONO
MYSM1,0.033587319048579534,0.08522076946209103,622,0.049733408154194886,healthy,aging,aida,MONO
MZF1,0.0021917239909969,0.12259583241037393,622,0.004658424423668688,healthy,aging,aida,MONO
NACC2,0.515045952098623,0.026150893609032992,622,0.5640046927924085,healthy,aging,aida,MONO
NCOA1,0.4390561275522845,0.031081098686291834,622,0.49297530111133697,healthy,aging,aida,MONO
NCOA2,0.004830173463327142,0.11286317569046675,622,0.009367609140998094,healthy,aging,aida,MONO
NCOA3,8.722019184442907e-07,0.19569663702286044,622,4.051518588902465e-06,healthy,aging,aida,MONO
NFAT5,0.006008921506569051,0.11004309718905392,622,0.011310911071188801,healthy,aging,aida,MONO
NFATC1,5.169140033143292e-17,0.3274670965567846,622,2.2898835839157973e-15,healthy,aging,aida,MONO
NFATC2,0.21699009146159928,-0.04957107625984124,622,0.2587707923020314,healthy,aging,aida,MONO
NFATC3,0.0027217563373174614,0.11999689056480974,622,0.005659681047995876,healthy,aging,aida,MONO
NFE2,2.5108761096266884e-16,-0.3205171550729551,622,7.611615995499854e-15,healthy,aging,aida,MONO
NFE2L1,1.7120062430594757e-09,0.2384873531346623,622,1.120585904541475e-08,healthy,aging,aida,MONO
NFE2L2,0.450884864797913,0.030284248485406166,622,0.5033133374488331,healthy,aging,aida,MONO
NFE2L3,0.0202661338580277,0.09306413695680459,622,0.03189424344869933,healthy,aging,aida,MONO
NFIA,0.11878293926903022,0.06261095563020026,622,0.14938640397153147,healthy,aging,aida,MONO
NFIC,0.9476386705675113,-0.0026385249577717154,622,0.963329799599571,healthy,aging,aida,MONO
NFIL3,0.1938229800106582,-0.052168746058321266,622,0.23210402595870921,healthy,aging,aida,MONO
NFKB1,0.2752137050158839,-0.04381763224022506,622,0.3228576254361489,healthy,aging,aida,MONO
NFKB2,0.6650878864789211,0.017391352908518388,622,0.7153346778132944,healthy,aging,aida,MONO
NFX1,0.025481850270635785,0.08957603419940324,622,0.039562117940394104,healthy,aging,aida,MONO
NFXL1,0.03428162802663371,0.08489118455679169,622,0.050631327547028246,healthy,aging,aida,MONO
NFYA,0.0053345714593510405,0.11158798590173256,622,0.010242377201953997,healthy,aging,aida,MONO
NFYB,6.175965524538738e-06,0.1801243114447099,622,2.3250693739439917e-05,healthy,aging,aida,MONO
NFYC,3.0887784693114934e-10,0.2488951176668699,622,2.3105667509945718e-09,healthy,aging,aida,MONO
NME2,0.038727095100797304,-0.08290619249508879,622,0.05633032014661426,healthy,aging,aida,MONO
NR1D1,2.9551142126019846e-17,0.3298840109588135,622,1.4179748220489528e-15,healthy,aging,aida,MONO
NR1D2,0.0009553036748713696,0.13213763218345576,622,0.002149433268460582,healthy,aging,aida,MONO
NR1H2,2.6682171715015173e-10,0.24976295308347235,622,2.0222277509569393e-09,healthy,aging,aida,MONO
NR2C1,0.14636957028132577,0.05830667254465375,622,0.18053291752043607,healthy,aging,aida,MONO
NR2C2,0.01603537232388774,0.09652500294134479,622,0.026060091240209967,healthy,aging,aida,MONO
NR3C1,0.0002742542555463789,0.1454061058974706,622,0.00070209089419873,healthy,aging,aida,MONO
NR4A1,0.05001750771092808,0.07861787235334368,622,0.07044030425793295,healthy,aging,aida,MONO
NR4A2,0.9981965084647433,-9.081418497009828e-05,622,0.9981965084647433,healthy,aging,aida,MONO
NR4A3,0.9655471781910328,0.001735396470108357,622,0.9740020571594306,healthy,aging,aida,MONO
NRF1,0.00017342130763097375,0.15000620228533668,622,0.00047341551277460135,healthy,aging,aida,MONO
OLIG1,3.086324044211952e-16,0.3195963925208111,622,8.888325247330421e-15,healthy,aging,aida,MONO
PA2G4,1.2843825529049742e-05,0.1739449311886932,622,4.595058077473693e-05,healthy,aging,aida,MONO
PBX2,1.866132641798126e-06,0.18979715700956126,622,7.903620600556727e-06,healthy,aging,aida,MONO
PBX3,0.000220578119742513,0.147608792605265,622,0.0005854976818971773,healthy,aging,aida,MONO
PHF1,7.659700787542566e-08,0.2134571579488857,622,4.0476950950678363e-07,healthy,aging,aida,MONO
PHF19,1.537080210819864e-16,0.32269432601276693,622,6.323575724516012e-15,healthy,aging,aida,MONO
PHF20,2.1077456419288913e-11,0.2643202848568514,622,1.8394871048106688e-10,healthy,aging,aida,MONO
PHF21A,0.9936306312455738,-0.00032073045990950114,622,0.9953586845173054,healthy,aging,aida,MONO
PIN1,2.0766276042506692e-14,0.30007902491894445,622,2.7184930092008757e-13,healthy,aging,aida,MONO
PKNOX1,6.509530037128182e-05,0.15942167032349025,622,0.0001983856773220017,healthy,aging,aida,MONO
PLAGL1,0.49007128138782685,0.02772476504155103,622,0.5397343366718704,healthy,aging,aida,MONO
PLAGL2,1.709789263726803e-14,0.3010132562049208,622,2.402043999772289e-13,healthy,aging,aida,MONO
PLSCR1,0.0027764542962450856,-0.11975565057661122,622,0.005752653505889098,healthy,aging,aida,MONO
POGK,0.039127622125259186,0.08273701023289375,622,0.05676954746637101,healthy,aging,aida,MONO
POU2F1,0.00047580565215400776,0.13969094800087808,622,0.0011662300240030147,healthy,aging,aida,MONO
POU2F2,4.712139631246136e-18,0.33767744436994834,622,3.009369363997527e-16,healthy,aging,aida,MONO
PPARA,0.9277307913727593,0.0036440657067608705,622,0.9474697443806903,healthy,aging,aida,MONO
PRDM1,0.9517778345254466,-0.002429684757070086,622,0.965183156138481,healthy,aging,aida,MONO
PRDM10,0.02957381849701468,0.08724878664575862,622,0.04518440173549193,healthy,aging,aida,MONO
PRDM2,0.0330165250922646,0.08549610530056534,622,0.049268182521099504,healthy,aging,aida,MONO
PRDM4,2.9430816983690955e-07,0.20382431951193658,622,1.461392291603915e-06,healthy,aging,aida,MONO
PREB,0.004747572460840737,0.1130833645465272,622,0.009269836398116151,healthy,aging,aida,MONO
PRMT3,0.0010076056525705338,0.13154383561614372,622,0.002240852725407828,healthy,aging,aida,MONO
PRR12,0.9583725810091459,0.002097081857708301,622,0.9684607134408211,healthy,aging,aida,MONO
PURA,5.723176454266715e-07,0.19888872694114476,622,2.7244211881467526e-06,healthy,aging,aida,MONO
PURB,0.7026391196055307,-0.015337146520176636,622,0.7508722317120329,healthy,aging,aida,MONO
RARA,4.176519196406923e-16,0.3182408392868768,622,1.0934624805138123e-14,healthy,aging,aida,MONO
RBAK,0.10070509840099331,0.06587694898986507,622,0.13005860241922007,healthy,aging,aida,MONO
RBCK1,6.252911701639609e-15,0.3057948063680292,622,1.0290489657555472e-13,healthy,aging,aida,MONO
RBPJ,0.12361893513170341,0.06180402882103996,622,0.15479240573013295,healthy,aging,aida,MONO
RBSN,9.963598712262148e-05,0.15539773643845567,622,0.000289850144356717,healthy,aging,aida,MONO
REL,1.8180940345323703e-06,0.19000248037420667,622,7.800667159530181e-06,healthy,aging,aida,MONO
RELA,0.00014796345944281125,0.15156912413609092,622,0.0004097449646108619,healthy,aging,aida,MONO
RELB,0.7215660543615026,-0.014317064527068402,622,0.7682477769172374,healthy,aging,aida,MONO
REPIN1,0.007982055885545994,-0.1062810802928606,622,0.014503672523894298,healthy,aging,aida,MONO
REST,5.631154288570318e-16,0.31689488876132305,622,1.410211856615871e-14,healthy,aging,aida,MONO
REXO4,1.1261960513211302e-05,0.17506989471099652,622,4.0798045632765434e-05,healthy,aging,aida,MONO
RFX1,0.06129012872243865,0.07508125721204592,622,0.0834588986858739,healthy,aging,aida,MONO
RFX2,0.16029203083637167,0.056367499120080766,622,0.19478525266192,healthy,aging,aida,MONO
RFX3,0.018807062689990262,0.0941796723654252,622,0.029842611871720083,healthy,aging,aida,MONO
RFX5,0.04505311777757936,0.08039103116238219,622,0.06360440156834733,healthy,aging,aida,MONO
RFX7,0.004164089702095646,0.1147454312435479,622,0.008328179404191291,healthy,aging,aida,MONO
RLF,0.087926367902238,0.06847938272938583,622,0.11510360889020248,healthy,aging,aida,MONO
RORA,0.1849901229737716,-0.053218933165754934,622,0.222451588377646,healthy,aging,aida,MONO
RREB1,0.345866138441666,0.03785893968226255,622,0.3952755867904755,healthy,aging,aida,MONO
RUNX1,0.05403914790658883,-0.07728641318770957,622,0.07482343556296915,healthy,aging,aida,MONO
RUNX2,3.356200418427142e-05,-0.1654981145340877,622,0.00010921872548101883,healthy,aging,aida,MONO
RUNX3,2.903509847674647e-14,0.29846005817018745,622,3.716491325023548e-13,healthy,aging,aida,MONO
RXRA,0.0056457274553674535,0.11085453851825805,622,0.010724652986988444,healthy,aging,aida,MONO
RXRB,0.0018974571217264783,0.12429920322448075,622,0.004062956513436623,healthy,aging,aida,MONO
SAFB,0.0006010191481918052,0.1372016017413503,622,0.0014232721052191985,healthy,aging,aida,MONO
SAFB2,2.354736988588363e-10,0.2505014138289845,622,1.8766777973091073e-09,healthy,aging,aida,MONO
SATB1,0.12052997254682565,-0.06231653908546336,622,0.15125329888229103,healthy,aging,aida,MONO
SCML4,0.05543645345840057,-0.076843117249925,622,0.07657409398570439,healthy,aging,aida,MONO
SETBP1,1.0672684486434562e-15,0.3139920523731398,622,2.119796091098727e-14,healthy,aging,aida,MONO
SETDB1,0.032768938179305054,0.08561680012096366,622,0.049065121497124865,healthy,aging,aida,MONO
SETDB2,0.0005697915785989357,0.1377737735082314,622,0.0013733911575290118,healthy,aging,aida,MONO
SKI,0.8485973659513455,0.0076700448439700085,622,0.8728430049785268,healthy,aging,aida,MONO
SKIL,0.0015818184658467514,0.1264196558295983,622,0.0034382167408593543,healthy,aging,aida,MONO
SLC2A4RG,0.001310605098925691,-0.12857891834183294,622,0.0028813302938213666,healthy,aging,aida,MONO
SMAD3,0.4400477670337012,-0.031013829843428785,622,0.4931274587770659,healthy,aging,aida,MONO
SMAD4,0.0856720937678667,0.06896956981458696,622,0.11293699816037207,healthy,aging,aida,MONO
SMAD5,0.1385040926144633,0.05946515824893998,622,0.1715663598837223,healthy,aging,aida,MONO
SMYD3,6.573450111200246e-05,0.15933038223862606,622,0.00019927932968691269,healthy,aging,aida,MONO
SNAI1,0.4957874752958179,0.027360859807078704,622,0.5439496871816973,healthy,aging,aida,MONO
SNAPC2,2.2889543612674453e-15,0.31048571694086535,622,4.1200998502814016e-14,healthy,aging,aida,MONO
SNAPC5,1.1211835221441157e-14,0.30302989979112993,622,1.6559003403974633e-13,healthy,aging,aida,MONO
SON,4.031461505953635e-07,0.20150440493560076,622,1.935101522857697e-06,healthy,aging,aida,MONO
SOX4,7.170172880303682e-08,-0.2139182874879484,622,3.8240922028280966e-07,healthy,aging,aida,MONO
SP1,0.8235765927685935,-0.008957206840555258,622,0.8501435796320965,healthy,aging,aida,MONO
SP100,5.266943142120376e-08,0.21605866883071795,622,2.889294523676915e-07,healthy,aging,aida,MONO
SP110,1.0194540317444835e-14,0.3034822995953012,622,1.5946467561681058e-13,healthy,aging,aida,MONO
SP140,5.696991068014055e-12,0.27148779627627384,622,5.12729195221265e-11,healthy,aging,aida,MONO
SP140L,3.2042428796812386e-12,0.27457448088126957,622,2.929593480851418e-11,healthy,aging,aida,MONO
SP2,0.03006936377508162,0.0869860715097273,622,0.0456990858428681,healthy,aging,aida,MONO
SP3,0.08730387766959347,0.0686137208783144,622,0.11481057885316402,healthy,aging,aida,MONO
SP4,1.5189025051338402e-05,0.17249906261178258,622,5.302350563376312e-05,healthy,aging,aida,MONO
SPEN,0.02970157917062772,0.08718069471360582,622,0.0452595492123851,healthy,aging,aida,MONO
SPI1,1.876728941328047e-14,0.30056591964698653,622,2.513942544662686e-13,healthy,aging,aida,MONO
SRCAP,0.1557695685179579,0.05698289554572406,622,0.19009167683547404,healthy,aging,aida,MONO
SREBF1,0.042323561635028074,0.08143715270756645,622,0.060397373095043026,healthy,aging,aida,MONO
SREBF2,0.13600630254169024,0.059843604727531384,622,0.1688354100517534,healthy,aging,aida,MONO
SRF,0.09120018480374467,0.06778519421082285,622,0.118313753258912,healthy,aging,aida,MONO
STAT1,0.1538066318350715,0.057254215706148325,622,0.18894581225154017,healthy,aging,aida,MONO
STAT2,0.3027590036884662,0.04138622647827638,622,0.3508836742948824,healthy,aging,aida,MONO
STAT3,0.015569937892546497,0.0969532338509168,622,0.025478080187803356,healthy,aging,aida,MONO
STAT4,0.2941681266610096,-0.04212800452304724,622,0.3429976537585861,healthy,aging,aida,MONO
STAT5A,0.0003694153320209077,0.14234259250308656,622,0.0009291844159128508,healthy,aging,aida,MONO
STAT5B,0.03279526350068242,0.0856039299975238,622,0.049065121497124865,healthy,aging,aida,MONO
STAT6,5.291701350640904e-09,0.23135406227601407,622,3.2774408365197855e-08,healthy,aging,aida,MONO
TBP,5.671053098783852e-05,0.16070461710522796,622,0.00017752861874453799,healthy,aging,aida,MONO
TBPL1,2.971414301436439e-07,0.20375408255921046,622,1.4628501176301976e-06,healthy,aging,aida,MONO
TBX21,0.0688733968749842,-0.07299475080460603,622,0.09312459295772511,healthy,aging,aida,MONO
TCF12,0.005651840910302007,0.11084049611613277,622,0.010724652986988444,healthy,aging,aida,MONO
TCF20,0.006441837687232305,0.10913158815589484,622,0.011969350025309057,healthy,aging,aida,MONO
TCF3,9.66669771111711e-05,0.15568696502645712,622,0.00028264050160423625,healthy,aging,aida,MONO
TCF4,0.1239934484405692,0.06174257148740461,622,0.15492456898431206,healthy,aging,aida,MONO
TCF7,0.1551784171631372,0.05706433150121084,622,0.18977233181733977,healthy,aging,aida,MONO
TCF7L2,6.583547309858963e-18,0.33627312933112075,622,3.7863632504787626e-16,healthy,aging,aida,MONO
TERF1,3.4581566826433365e-05,0.16522824101544545,622,0.0001119043960226158,healthy,aging,aida,MONO
TERF2,0.02285775990385594,0.09124453595814389,622,0.035680405703580005,healthy,aging,aida,MONO
TET2,0.3772410141364876,-0.03546492212774871,622,0.4285815071846486,healthy,aging,aida,MONO
TET3,0.18563303149483829,-0.0531412634673213,622,0.22275963779380592,healthy,aging,aida,MONO
TFAP4,0.08011835720792877,0.07022320962918929,622,0.10608775575118844,healthy,aging,aida,MONO
TFCP2,0.25200372840021035,0.0459984197844919,622,0.2980577978614397,healthy,aging,aida,MONO
TFDP1,0.05695404652341679,-0.07637206075518585,622,0.07829482290569945,healthy,aging,aida,MONO
TFDP2,7.865577454561219e-10,0.24327374206511052,622,5.593299523172422e-09,healthy,aging,aida,MONO
TFE3,0.007754673759340074,0.10666910453773285,622,0.014135101536012286,healthy,aging,aida,MONO
TFEB,0.07162816022105824,-0.07228342706355627,622,0.09617207526184043,healthy,aging,aida,MONO
TFEC,4.396215754315904e-18,-0.3379680697155324,622,3.009369363997527e-16,healthy,aging,aida,MONO
TGIF1,0.5851147694298571,-0.021931239067733543,622,0.634700766839167,healthy,aging,aida,MONO
TGIF2,0.4568811033611144,-0.029884825700975753,622,0.5090203395280501,healthy,aging,aida,MONO
THAP1,1.1359154045510423e-06,0.1936680960550994,622,5.151868291507045e-06,healthy,aging,aida,MONO
THAP11,9.398264867173624e-13,0.2810263785184957,622,9.333449148089666e-12,healthy,aging,aida,MONO
THAP12,0.15472277523954187,0.057127260418727885,622,0.18961769901697045,healthy,aging,aida,MONO
THAP4,4.019887404322941e-09,0.23311307891452854,622,2.5167990705263634e-08,healthy,aging,aida,MONO
THAP5,0.00233127604776473,0.12186011529582766,622,0.004900784684352133,healthy,aging,aida,MONO
THAP6,1.7866944270648067e-05,0.1710878136692412,622,6.0537411175842824e-05,healthy,aging,aida,MONO
THAP7,2.632240381580476e-06,0.18706804234571664,622,1.0602590627904535e-05,healthy,aging,aida,MONO
THRA,0.000177454462959835,0.1497786056256684,622,0.00048214042766445733,healthy,aging,aida,MONO
THYN1,2.41274721829139e-13,0.28798809267337866,622,2.7249849806585116e-12,healthy,aging,aida,MONO
TMF1,0.042559816277632556,0.08134439303882054,622,0.06052951648374408,healthy,aging,aida,MONO
TOPORS,0.0005722929268039816,0.13772688236081482,622,0.0013735030243295558,healthy,aging,aida,MONO
TP53,0.00027936254095093646,0.1452180424658105,622,0.0007120036441935372,healthy,aging,aida,MONO
TRAFD1,3.1960982795170746e-06,0.18551038327799688,622,1.2523487136066865e-05,healthy,aging,aida,MONO
TRERF1,0.033369630990032866,-0.08532530180189046,622,0.04953842126355394,healthy,aging,aida,MONO
TRPS1,0.00013907728641364775,-0.15217476820075554,622,0.00038887629599155876,healthy,aging,aida,MONO
TSC22D1,2.2818882246916043e-06,-0.18820610047035705,622,9.455882139729195e-06,healthy,aging,aida,MONO
TSHZ1,0.011481250150663667,0.10129448112820338,622,0.019607484564309368,healthy,aging,aida,MONO
TSHZ2,0.1538465033784242,-0.05724867856001722,622,0.18894581225154017,healthy,aging,aida,MONO
TTF1,4.0680215456234494e-08,0.21783404748662885,622,2.2749324371636223e-07,healthy,aging,aida,MONO
UBP1,0.10319169600156199,0.06540152762768021,622,0.1329718498812074,healthy,aging,aida,MONO
USF1,0.0075063177321539895,0.10710471830881295,622,0.013769550999110505,healthy,aging,aida,MONO
USF2,0.3105895946654928,0.04072216801613854,622,0.3585162455457392,healthy,aging,aida,MONO
USF3,0.016314947606448114,0.09627298796608036,622,0.02632327681040368,healthy,aging,aida,MONO
VEZF1,3.0915381971935627e-08,0.21970438071605833,622,1.7458098054734472e-07,healthy,aging,aida,MONO
XBP1,0.9911709394559747,0.00044459292696841576,622,0.994624496736309,healthy,aging,aida,MONO
XPA,2.2721264819293442e-08,0.2217831550725944,622,1.335453932235435e-07,healthy,aging,aida,MONO
YBX1,6.108756047359205e-16,0.3165270426750997,622,1.4660774513662093e-14,healthy,aging,aida,MONO
YBX3,0.9257987468782193,0.003741763911245318,622,0.947175982596544,healthy,aging,aida,MONO
YY1,0.7868024521355079,-0.010866200324503738,622,0.8229886012934249,healthy,aging,aida,MONO
ZBED1,0.3075686724427668,0.04097702639076761,622,0.35574207896994714,healthy,aging,aida,MONO
ZBED4,0.006490205848775091,0.10903319157261908,622,0.011981918490046322,healthy,aging,aida,MONO
ZBED5,0.006298560512456145,0.10942700238461932,622,0.011741006003801745,healthy,aging,aida,MONO
ZBED6,0.00855562287924244,0.10534447950741369,622,0.015352145727238772,healthy,aging,aida,MONO
ZBTB1,0.019480553073186344,0.09365571367724423,622,0.03082636969822894,healthy,aging,aida,MONO
ZBTB10,0.03221412943630488,0.0858901156493631,622,0.04844735915224964,healthy,aging,aida,MONO
ZBTB11,1.3733339977594227e-06,0.19219733526269847,622,6.0384762038887155e-06,healthy,aging,aida,MONO
ZBTB14,0.011168914369983856,0.10167996127890729,622,0.019157082382771726,healthy,aging,aida,MONO
ZBTB16,0.010299655099770726,0.10280542364320439,622,0.018032222910236893,healthy,aging,aida,MONO
ZBTB17,0.0022231441890248633,0.12242652543768044,622,0.004690589937283228,healthy,aging,aida,MONO
ZBTB18,0.0002648201051492578,0.1457622042547401,622,0.0006871008133602364,healthy,aging,aida,MONO
ZBTB2,1.7083817838115317e-05,0.17147848177668054,622,5.822650340091371e-05,healthy,aging,aida,MONO
ZBTB20,0.00010574115259716231,0.1548276598079485,622,0.00030453451947982745,healthy,aging,aida,MONO
ZBTB21,0.09182795528262745,0.06765437289795054,622,0.11886045447818745,healthy,aging,aida,MONO
ZBTB24,8.126384826133441e-10,0.24307502835688288,622,5.639515252765377e-09,healthy,aging,aida,MONO
ZBTB25,0.00509575425126382,0.11217754231209735,622,0.009849511572912617,healthy,aging,aida,MONO
ZBTB33,0.008691327577246773,0.10513109984456855,622,0.015530477533750474,healthy,aging,aida,MONO
ZBTB37,0.31341600674752784,0.04048519312698695,622,0.36105523977315207,healthy,aging,aida,MONO
ZBTB38,0.001151618518413496,0.13004489025109345,622,0.002541502937188405,healthy,aging,aida,MONO
ZBTB4,1.1397075231023053e-12,0.2800231573847776,622,1.0941192125782129e-11,healthy,aging,aida,MONO
ZBTB40,0.004261208736417586,0.11445473107166478,622,0.008492158122254213,healthy,aging,aida,MONO
ZBTB43,0.7677208887516076,0.011866203927361782,622,0.8054776537721785,healthy,aging,aida,MONO
ZBTB44,0.39307988402856964,0.03430301935580499,622,0.44569687637885064,healthy,aging,aida,MONO
ZBTB7A,2.8505011488034687e-15,0.3094687527102183,622,4.829067357972935e-14,healthy,aging,aida,MONO
ZBTB7B,0.10596072814165837,0.06488268206993565,622,0.135931802693976,healthy,aging,aida,MONO
ZC3H8,0.018743825216608587,0.09422970621740268,622,0.02983239372606693,healthy,aging,aida,MONO
ZEB2,0.04037820709711156,0.08221803996465071,622,0.058290344080040746,healthy,aging,aida,MONO
ZFAT,0.0009448168146068762,0.13226029742972956,622,0.002134174451817885,healthy,aging,aida,MONO
ZFHX3,0.9893551984413596,-0.0005360306644307559,622,0.9945350685902672,healthy,aging,aida,MONO
ZFP14,3.9374576331116335e-05,0.16405276974127056,622,0.00012599864425957225,healthy,aging,aida,MONO
ZFP90,0.027182798638961652,0.08857216457109329,622,0.04186441715519228,healthy,aging,aida,MONO
ZFP91,0.06957894481470153,0.07281037880369998,622,0.09380676325524592,healthy,aging,aida,MONO
ZFX,0.014390470234268279,0.09809099267036091,622,0.02388735116696982,healthy,aging,aida,MONO
ZFY,0.05188134665521801,0.0779901046462543,622,0.07218274317247722,healthy,aging,aida,MONO
ZGPAT,6.325535116140225e-05,0.15968924916896104,622,0.00019380362909025365,healthy,aging,aida,MONO
ZHX1,7.569438339976728e-06,0.1784283484342109,622,2.831166547939344e-05,healthy,aging,aida,MONO
ZHX2,4.95586854645004e-05,0.16194942741654014,622,0.0001568450704810562,healthy,aging,aida,MONO
ZKSCAN1,0.34207944897683273,0.03815699777355415,622,0.3925055032084774,healthy,aging,aida,MONO
ZKSCAN8,1.5060917746109947e-05,0.17257236744277052,622,5.289688183999588e-05,healthy,aging,aida,MONO
ZMAT1,5.7084827631409137e-05,0.16064363367148668,622,0.00017773438224698193,healthy,aging,aida,MONO
ZNF100,0.005239024908067448,0.1118209451128341,622,0.010092569722564716,healthy,aging,aida,MONO
ZNF101,0.2510360740539903,0.046092301847723824,622,0.2975242359158404,healthy,aging,aida,MONO
ZNF107,2.807810941645484e-06,0.186551291924346,622,1.1231243766581895e-05,healthy,aging,aida,MONO
ZNF12,0.013164964876155975,0.09936363836492676,622,0.02210792935471091,healthy,aging,aida,MONO
ZNF121,0.00150574743087204,0.12698863500771912,622,0.0032977586318718444,healthy,aging,aida,MONO
ZNF124,0.8015154838777844,0.010099729601040094,622,0.8312619991399816,healthy,aging,aida,MONO
ZNF131,0.00019650011207228508,0.1487654076520745,622,0.0005288974979141878,healthy,aging,aida,MONO
ZNF136,3.7195918610798253e-05,0.1645692457995446,622,0.0001196918945241329,healthy,aging,aida,MONO
ZNF141,0.0002740709489625637,0.1454129150906859,622,0.00070209089419873,healthy,aging,aida,MONO
ZNF143,2.1997061124391426e-06,0.1884972496000346,622,9.235816265898756e-06,healthy,aging,aida,MONO
ZNF146,0.05074103562707798,0.07837189336620412,622,0.0710806122136083,healthy,aging,aida,MONO
ZNF148,0.013297164892908445,0.09922144345459595,622,0.02226502028580019,healthy,aging,aida,MONO
ZNF160,5.47896106735705e-05,0.16102370138655794,622,0.0001724525450709104,healthy,aging,aida,MONO
ZNF169,2.3003729495855934e-05,0.1688687649440504,622,7.6590451963081e-05,healthy,aging,aida,MONO
ZNF195,0.057843036071452275,0.07610094013155912,622,0.07932759232656313,healthy,aging,aida,MONO
ZNF207,0.0423620464069399,0.08142201285305481,622,0.060397373095043026,healthy,aging,aida,MONO
ZNF217,1.0029592833049899e-12,0.28068858766239846,622,9.791602397011426e-12,healthy,aging,aida,MONO
ZNF22,0.0010740468441908274,-0.13082926940213427,622,0.002379426854822756,healthy,aging,aida,MONO
ZNF224,1.9475152488062137e-05,0.17033413824291835,622,6.560051364399875e-05,healthy,aging,aida,MONO
ZNF236,0.009290559308159781,0.10422300787906694,622,0.01646572972769241,healthy,aging,aida,MONO
ZNF24,2.378428458495223e-10,0.25044235093691936,622,1.8766777973091073e-09,healthy,aging,aida,MONO
ZNF25,8.232057676446118e-11,0.25661966099866185,622,6.67840171979854e-10,healthy,aging,aida,MONO
ZNF254,0.7892730925878723,0.01073722472700844,622,0.8235893140047362,healthy,aging,aida,MONO
ZNF26,0.4009471329348534,-0.033736434619254387,622,0.45194823595005,healthy,aging,aida,MONO
ZNF263,0.002584092075571937,0.120624184372005,622,0.005392887809889259,healthy,aging,aida,MONO
ZNF264,2.3104091280867594e-08,0.2216708906818912,622,1.3442380381589873e-07,healthy,aging,aida,MONO
ZNF266,0.012981021173900757,0.09956359917813887,622,0.0218627725034118,healthy,aging,aida,MONO
ZNF267,0.33771233517243127,0.03850336871194463,622,0.38826807397069946,healthy,aging,aida,MONO
ZNF274,6.8899303816369975e-09,0.22965176397219392,622,4.1774735787548954e-08,healthy,aging,aida,MONO
ZNF276,0.008708930978127435,0.10510363859281022,622,0.015530477533750474,healthy,aging,aida,MONO
ZNF277,0.12903796492743957,0.060928511237733074,622,0.16087850172771687,healthy,aging,aida,MONO
ZNF280D,0.11772225489797143,0.06279136183725566,622,0.14837640879919375,healthy,aging,aida,MONO
ZNF281,0.29350973840572514,-0.04218544617863256,622,0.34292415683914335,healthy,aging,aida,MONO
ZNF292,0.08568310450708784,0.06896715043091707,622,0.11293699816037207,healthy,aging,aida,MONO
ZNF296,3.6578083081118074e-16,0.31883595778547236,622,1.0032571359392385e-14,healthy,aging,aida,MONO
ZNF3,1.253760963900426e-05,0.17415200050031684,622,4.5135394700415297e-05,healthy,aging,aida,MONO
ZNF302,6.643383084983696e-05,0.1592314618712568,622,0.0002003449558612884,healthy,aging,aida,MONO
ZNF316,0.010560587586011066,-0.10245900282061451,622,0.018433025604673862,healthy,aging,aida,MONO
ZNF317,0.7626150953363982,0.012135004935717387,622,0.8015808301346083,healthy,aging,aida,MONO
ZNF318,0.40087606429420064,0.03374152280759108,622,0.45194823595005,healthy,aging,aida,MONO
ZNF32,0.00037870984492695877,0.14208426717660064,622,0.0009484211768605575,healthy,aging,aida,MONO
ZNF326,0.0035503334487475046,0.11673880385074656,622,0.007150321910764205,healthy,aging,aida,MONO
ZNF331,0.9537903008873321,-0.0023281704113331182,622,0.9655241007225014,healthy,aging,aida,MONO
ZNF333,0.006074257712318772,0.10990182513641161,622,0.011396652906500366,healthy,aging,aida,MONO
ZNF335,0.012250624912498419,0.10038312174764245,622,0.020753999851762028,healthy,aging,aida,MONO
ZNF33A,0.00953587131109314,0.10386623608510585,622,0.016848656058863955,healthy,aging,aida,MONO
ZNF33B,0.7333377204141263,0.013687276509904166,622,0.7750505081808013,healthy,aging,aida,MONO
ZNF34,1.4228184840943907e-20,0.3655552790772949,622,1.2177172341918452e-18,healthy,aging,aida,MONO
ZNF350,2.177587848122099e-05,0.16935284121482752,622,7.292387212315862e-05,healthy,aging,aida,MONO
ZNF354A,0.010901276088081219,0.10201795167180204,622,0.018964951339305227,healthy,aging,aida,MONO
ZNF362,0.014252794108724872,0.09822909707634261,622,0.023727194816836782,healthy,aging,aida,MONO
ZNF37A,0.011174964723283509,0.10167240382270133,622,0.019157082382771726,healthy,aging,aida,MONO
ZNF384,0.0043174675873330895,0.11428906564552598,622,0.008492158122254213,healthy,aging,aida,MONO
ZNF385A,0.25011351620937394,0.04618204352240726,622,0.29704203162185444,healthy,aging,aida,MONO
ZNF394,1.5864345815297974e-06,0.19107197266680012,622,6.922623628493619e-06,healthy,aging,aida,MONO
ZNF395,2.4743561013546443e-15,-0.3101251539477514,622,4.3188586496371974e-14,healthy,aging,aida,MONO
ZNF397,3.0774847153193576e-06,0.1858149013731081,622,1.2141309561807838e-05,healthy,aging,aida,MONO
ZNF398,0.0006439356321764784,0.13645872624419308,622,0.001501647466128144,healthy,aging,aida,MONO
ZNF407,0.031574072122851446,0.08621047197777724,622,0.04773403029596439,healthy,aging,aida,MONO
ZNF41,0.00022321019720365485,0.14748961925294773,622,0.0005870733953849553,healthy,aging,aida,MONO
ZNF410,0.0003865900470856391,0.1418698399455685,622,0.0009598097720746903,healthy,aging,aida,MONO
ZNF414,2.6291664088314663e-05,0.16768413991928938,622,8.653713437068137e-05,healthy,aging,aida,MONO
ZNF428,0.00016109333560032104,-0.150734037696381,622,0.00044185600621802346,healthy,aging,aida,MONO
ZNF43,0.05287087059862269,0.07766443565060625,622,0.0733822203971245,healthy,aging,aida,MONO
ZNF430,4.9301705191527664e-08,0.2165142861657492,622,2.730555979837902e-07,healthy,aging,aida,MONO
ZNF431,0.002864822816948017,0.11937490942484837,622,0.00591447291240881,healthy,aging,aida,MONO
ZNF438,0.004334539041567254,0.11423918144614661,622,0.008492158122254213,healthy,aging,aida,MONO
ZNF44,2.3551993402441103e-06,0.18795473398968449,622,9.689962999861442e-06,healthy,aging,aida,MONO
ZNF445,0.07337921137234837,0.07184282487253818,622,0.09829401337319224,healthy,aging,aida,MONO
ZNF451,0.0379379042478811,0.08324393346698665,622,0.055462519915684044,healthy,aging,aida,MONO
ZNF460,0.0031036963797244264,0.11839682992761755,622,0.006339464945820105,healthy,aging,aida,MONO
ZNF467,9.01790413119383e-16,-0.3147600445646845,622,1.8550911355598734e-14,healthy,aging,aida,MONO
ZNF480,0.00034682000598928775,0.14299679883584698,622,0.0008761768572360954,healthy,aging,aida,MONO
ZNF484,1.542435679730704e-05,0.17236592168363907,622,5.352065973041475e-05,healthy,aging,aida,MONO
ZNF487,0.11628670151301836,0.06303756530329242,622,0.1472112968604364,healthy,aging,aida,MONO
ZNF490,9.285365631022584e-07,0.19521794824561625,622,4.2786964827751605e-06,healthy,aging,aida,MONO
ZNF493,7.608140808295615e-05,0.1579587413503919,622,0.00022706161168799344,healthy,aging,aida,MONO
ZNF506,2.7062905935074824e-08,0.2206052893568493,622,1.5433894869898357e-07,healthy,aging,aida,MONO
ZNF511,5.83073320361176e-11,0.25859295521561027,622,4.797860463863391e-10,healthy,aging,aida,MONO
ZNF512,3.139669270144442e-05,0.1660980219158237,622,0.00010275281247745442,healthy,aging,aida,MONO
ZNF516,0.4651178606659313,0.029340913333043058,622,0.5153386721589246,healthy,aging,aida,MONO
ZNF518A,0.003473985666538553,0.11700827829579379,622,0.007021107873425286,healthy,aging,aida,MONO
ZNF518B,0.03213214128361327,0.08593084609815632,622,0.04844735915224964,healthy,aging,aida,MONO
ZNF524,0.016006314728810644,0.09655141662491618,622,0.026060091240209967,healthy,aging,aida,MONO
ZNF561,0.5226664099879831,-0.025678639893508725,622,0.5712634765713059,healthy,aging,aida,MONO
ZNF562,0.0007817533005566683,0.1343498218312319,622,0.0017798019807139958,healthy,aging,aida,MONO
ZNF564,0.0003816290287288953,0.14200435268919492,622,0.0009515944612460766,healthy,aging,aida,MONO
ZNF580,1.0243400621218734e-14,0.30345957734248385,622,1.5946467561681058e-13,healthy,aging,aida,MONO
ZNF581,4.556017523614028e-06,0.1826312418845189,622,1.737924565299122e-05,healthy,aging,aida,MONO
ZNF585A,1.778322314088168e-07,0.20748335047851127,622,8.985207481708132e-07,healthy,aging,aida,MONO
ZNF586,0.07689506061615513,0.07098344482773052,622,0.10205427399747778,healthy,aging,aida,MONO
ZNF587,0.01975690561734302,-0.09344527718216247,622,0.031178020919423503,healthy,aging,aida,MONO
ZNF592,0.0007813705924643148,0.13435518438266517,622,0.0017798019807139958,healthy,aging,aida,MONO
ZNF598,0.020884256877937178,0.09261253529982337,622,0.0327774712852638,healthy,aging,aida,MONO
ZNF600,0.014670606745321972,0.09781353675341298,622,0.02421280654815317,healthy,aging,aida,MONO
ZNF609,0.6737974950787811,-0.01691104289479436,622,0.7227325086878545,healthy,aging,aida,MONO
ZNF611,0.0018856782271776324,0.12437230851867119,622,0.004052800965874314,healthy,aging,aida,MONO
ZNF621,0.05662209597265439,0.07647419865341508,622,0.07802470641207879,healthy,aging,aida,MONO
ZNF639,0.004769453873792785,0.11302470072805708,622,0.009281099430083258,healthy,aging,aida,MONO
ZNF641,0.010189855906074463,0.10295352983116166,622,0.017894381103350277,healthy,aging,aida,MONO
ZNF644,0.011678487487023225,0.10105581017627292,622,0.019843093783260702,healthy,aging,aida,MONO
ZNF652,0.3005351806352277,0.041576883888304245,622,0.3492624344242559,healthy,aging,aida,MONO
ZNF654,0.0005895278749496646,0.1374088705897715,622,0.0014031737850041604,healthy,aging,aida,MONO
ZNF655,6.017087527633921e-09,0.23052713190290267,622,3.687066399905722e-08,healthy,aging,aida,MONO
ZNF664,0.0001020577164049592,-0.15516777027931689,622,0.0002954032394435,healthy,aging,aida,MONO
ZNF672,0.008481500564737081,0.1054623059863477,622,0.015266701016526746,healthy,aging,aida,MONO
ZNF675,1.1884124527433289e-07,0.2103637639190734,622,6.166897052072971e-07,healthy,aging,aida,MONO
ZNF687,0.009981101869785205,0.10323906698840904,622,0.0175813904495299,healthy,aging,aida,MONO
ZNF688,1.4950592324739384e-07,0.2087283104424216,622,7.688876052722597e-07,healthy,aging,aida,MONO
ZNF689,0.0008087651454278257,0.13397733651446633,622,0.0018340500935686128,healthy,aging,aida,MONO
ZNF699,1.1117365038521836e-06,0.19383411067063386,622,5.082224017609937e-06,healthy,aging,aida,MONO
ZNF7,6.202827021299033e-08,0.2149265968100031,622,3.3705927964789307e-07,healthy,aging,aida,MONO
ZNF700,0.002529349148966787,0.1208821355669956,622,0.0052978367629267975,healthy,aging,aida,MONO
ZNF703,3.651748712004098e-18,0.33874379395798093,622,2.996638940163372e-16,healthy,aging,aida,MONO
ZNF706,1.0753333734102276e-14,0.30322858855725787,622,1.629977492327082e-13,healthy,aging,aida,MONO
ZNF708,0.0005698619559886004,0.13777245157694784,622,0.0013733911575290118,healthy,aging,aida,MONO
ZNF710,0.025706991638274643,0.089439900219297,622,0.03974602513396279,healthy,aging,aida,MONO
ZNF714,0.005660233520910568,0.11082124081517233,622,0.010724652986988444,healthy,aging,aida,MONO
ZNF721,0.30075376297644263,0.041558102487237916,622,0.3492624344242559,healthy,aging,aida,MONO
ZNF736,0.0006029138779053549,0.1371677802541711,622,0.0014232721052191985,healthy,aging,aida,MONO
ZNF746,0.08990622742714295,0.06805713792373935,622,0.11716286651138991,healthy,aging,aida,MONO
ZNF75A,1.2199095646407374e-06,0.19311662623096074,622,5.489593040883273e-06,healthy,aging,aida,MONO
ZNF75D,0.03593860761466922,0.0841270334485992,622,0.05280774996441192,healthy,aging,aida,MONO
ZNF76,2.1493414297083025e-09,0.23706772364662523,622,1.3910344533777776e-08,healthy,aging,aida,MONO
ZNF766,7.557246055279702e-05,0.1580219695731052,622,0.000226717381658391,healthy,aging,aida,MONO
ZNF770,0.04196392436935959,0.08157919796529912,622,0.06012741402176897,healthy,aging,aida,MONO
ZNF780B,0.10994838269171522,0.06415402356960154,622,0.14073392984539548,healthy,aging,aida,MONO
ZNF787,0.030686049331465386,0.08666426853953114,622,0.04651359056558964,healthy,aging,aida,MONO
ZNF789,2.832901820834956e-06,0.18647998246133327,622,1.1253458267592612e-05,healthy,aging,aida,MONO
ZNF791,5.096886093932698e-06,0.18171077863757124,622,1.9314515724376502e-05,healthy,aging,aida,MONO
ZNF800,2.6294815425554653e-06,0.1870764228912124,622,1.0602590627904535e-05,healthy,aging,aida,MONO
ZNF808,0.0029144519631168755,0.11916574497685077,622,0.005995444038411858,healthy,aging,aida,MONO
ZNF814,0.008321993357520771,0.10571901007635381,622,0.015026545999786723,healthy,aging,aida,MONO
ZNF821,9.827892795492164e-06,0.17622830558898367,622,3.6056472931232365e-05,healthy,aging,aida,MONO
ZNF83,0.0007258480187640882,0.13516019065014936,622,0.0016656910709486647,healthy,aging,aida,MONO
ZNF830,4.080657467604511e-06,0.18353092836242507,622,1.566972467560128e-05,healthy,aging,aida,MONO
ZNF841,1.56166631499788e-09,0.239058352622858,622,1.0339308016471482e-08,healthy,aging,aida,MONO
ZNF846,2.6030960196642056e-05,0.16777278414158647,622,8.617145444405643e-05,healthy,aging,aida,MONO
ZNF880,0.03929659770977657,0.08266607490137631,622,0.05687145799203846,healthy,aging,aida,MONO
ZNF91,0.5585844368043507,-0.023498201538637544,622,0.6082129217378185,healthy,aging,aida,MONO
ZNF92,0.00011146618070458459,0.15432056197915778,622,0.00031942547306388415,healthy,aging,aida,MONO
ZSCAN16,6.782968089088503e-16,0.31605324254939465,622,1.5115554028740934e-14,healthy,aging,aida,MONO
ZSCAN18,0.0016727469106986362,-0.1257716351375609,622,0.0036086225489229003,healthy,aging,aida,MONO
ZXDC,0.04372877902166672,0.08089171887155268,622,0.06203885890758628,healthy,aging,aida,MONO
ZZZ3,0.001521811256252929,0.12686631895084094,622,0.0033203154681882086,healthy,aging,aida,MONO
ADNP,0.0024291619374690334,0.3014373399495981,99,0.00521726565813121,healthy,aging,perez_sle,MONO
ADNP2,0.0014838216935227004,0.31520406222402964,99,0.0041489383275197834,healthy,aging,perez_sle,MONO
AEBP2,0.00221467190947806,0.30406930439702645,99,0.0050222481096825295,healthy,aging,perez_sle,MONO
AHCTF1,0.012213351407463439,0.2509965154218225,99,0.01749972738979836,healthy,aging,perez_sle,MONO
AHR,0.0001969700912922011,-0.3657563581872257,99,0.0025717391320280113,healthy,aging,perez_sle,MONO
AKAP8,0.0026788011707836214,0.2986257826339922,99,0.005413998155689003,healthy,aging,perez_sle,MONO
AKAP8L,0.0012716223015349158,0.31938424105229835,99,0.003993348898520427,healthy,aging,perez_sle,MONO
AKNA,0.023464930474859667,0.22761228541361125,99,0.03156269102644033,healthy,aging,perez_sle,MONO
ANKZF1,0.0011373990121229173,0.3223691983785584,99,0.003970556551410912,healthy,aging,perez_sle,MONO
ARHGAP35,0.0029669892389326677,0.2956594038803022,99,0.005734851683306096,healthy,aging,perez_sle,MONO
ARID2,0.005060068903625812,0.27963848146736725,99,0.008448115039097008,healthy,aging,perez_sle,MONO
ARID3A,0.0012813183095941852,0.31917987675402737,99,0.003993348898520427,healthy,aging,perez_sle,MONO
ARID3B,0.0009246736939570034,0.3278312987141628,99,0.003608974989438996,healthy,aging,perez_sle,MONO
ARID5A,0.2697550412188956,-0.11199163545246085,99,0.30229358704685577,healthy,aging,perez_sle,MONO
ARID5B,0.00477809254369855,0.28140344586152516,99,0.008137225757976728,healthy,aging,perez_sle,MONO
ARNT,0.0020147500080412916,0.3067384259895951,99,0.0048354000192991,healthy,aging,perez_sle,MONO
ASCL2,5.904450645023558e-05,0.3923546812500614,99,0.0018894242064075384,healthy,aging,perez_sle,MONO
ASH1L,0.24096586543777415,0.11894002159367191,99,0.2732211387640904,healthy,aging,perez_sle,MONO
ATF1,0.00022530826126777133,0.36264135085297516,99,0.0025717391320280113,healthy,aging,perez_sle,MONO
ATF2,0.00260058271200218,0.299480396972216,99,0.0053629184286179315,healthy,aging,perez_sle,MONO
ATF3,0.0003167391332026885,-0.35460302178765246,99,0.0026829667753639494,healthy,aging,perez_sle,MONO
ATF4,0.9849535490953496,0.001919785832241919,99,0.9850020803966371,healthy,aging,perez_sle,MONO
ATF5,0.00806571626841442,0.2648561305591045,99,0.012367743213495661,healthy,aging,perez_sle,MONO
ATF6,0.004638196728506737,0.2823137959174592,99,0.008071303068338007,healthy,aging,perez_sle,MONO
ATF6B,0.0002131616615202624,0.3639294652178342,99,0.0025717391320280113,healthy,aging,perez_sle,MONO
ATF7,0.0007875029798912744,0.3319990918273848,99,0.003462608522270031,healthy,aging,perez_sle,MONO
ATMIN,0.036682563541160416,0.21029705577829383,99,0.046953681332685335,healthy,aging,perez_sle,MONO
BACH1,0.6303786110480265,-0.04895453872216893,99,0.6625877371599695,healthy,aging,perez_sle,MONO
BACH2,0.009549284436596498,-0.25930113736064964,99,0.014212888463771533,healthy,aging,perez_sle,MONO
BATF,0.8068156389733445,0.024889094386387978,99,0.8225235540684007,healthy,aging,perez_sle,MONO
BATF3,0.0011226710748832608,0.3227159983998666,99,0.003943039872760721,healthy,aging,perez_sle,MONO
BAZ2A,0.007841525479197885,0.2657726734725619,99,0.012141716871016079,healthy,aging,perez_sle,MONO
BAZ2B,0.6057703699939341,-0.052503046083054804,99,0.6402270332412955,healthy,aging,perez_sle,MONO
BBX,0.0039617379528637834,0.287094681925494,99,0.007064894925230773,healthy,aging,perez_sle,MONO
BCL11A,0.00690594218913334,0.2698661522955036,99,0.010838753953517176,healthy,aging,perez_sle,MONO
BCL11B,0.0029344097439778856,-0.29598143247151704,99,0.0056909764731692325,healthy,aging,perez_sle,MONO
BCL6,0.3042040665811119,-0.1043062992659698,99,0.33567345277915794,healthy,aging,perez_sle,MONO
BHLHE40,0.0008425425808461023,-0.3302527060057969,99,0.0034923613321656047,healthy,aging,perez_sle,MONO
BPTF,0.012035744956595328,0.25149813688121475,99,0.017288252107229198,healthy,aging,perez_sle,MONO
CAMTA1,0.19742602718919441,0.13064452231282428,99,0.22562974535907934,healthy,aging,perez_sle,MONO
CAMTA2,0.000466341952270835,0.3452084569247138,99,0.0030224859169850782,healthy,aging,perez_sle,MONO
CARF,0.8998316734410632,0.012813022215833969,99,0.9109016588788267,healthy,aging,perez_sle,MONO
CC2D1A,0.0007366567122512437,0.3337145133613557,99,0.00334471577254985,healthy,aging,perez_sle,MONO
CDC5L,0.0011638666877367982,0.3217561054837456,99,0.003993348898520427,healthy,aging,perez_sle,MONO
CEBPA,0.0002608491517586588,0.35921050778503305,99,0.0025717391320280113,healthy,aging,perez_sle,MONO
CEBPB,0.00024094395283041423,0.3610745578995647,99,0.0025717391320280113,healthy,aging,perez_sle,MONO
CEBPD,0.04100980891199031,-0.20578246264376363,99,0.05191571413913498,healthy,aging,perez_sle,MONO
CEBPG,0.0006675397261550867,0.3362288135158404,99,0.0032311166576918485,healthy,aging,perez_sle,MONO
CEBPZ,0.0015459389432852424,0.31408315501230133,99,0.004260470328598842,healthy,aging,perez_sle,MONO
CENPB,0.11122955210448185,0.16107003132509698,99,0.13182761730901552,healthy,aging,perez_sle,MONO
CENPT,0.000837124738275411,0.33041991315892766,99,0.0034923613321656047,healthy,aging,perez_sle,MONO
CENPX,3.073192088748122e-05,0.4058736892235585,99,0.0018894242064075384,healthy,aging,perez_sle,MONO
CGGBP1,0.0013588478890798677,0.317594505228047,99,0.003993348898520427,healthy,aging,perez_sle,MONO
CHAMP1,0.004613836819620692,0.2824748102130666,99,0.008053242448792481,healthy,aging,perez_sle,MONO
CHCHD3,5.212598319646429e-05,0.3949804528399664,99,0.0018894242064075384,healthy,aging,perez_sle,MONO
CIC,0.0039617379528637834,0.287094681925494,99,0.007064894925230773,healthy,aging,perez_sle,MONO
CLOCK,0.0018803598283696251,0.30867059753688375,99,0.004709075048438713,healthy,aging,perez_sle,MONO
CREB1,0.002144559115387602,0.30497965445296055,99,0.004921223674980319,healthy,aging,perez_sle,MONO
CREB3,0.00018684956509684738,0.3669701582618045,99,0.0025717391320280113,healthy,aging,perez_sle,MONO
CREB3L2,0.4394398798794499,0.07858116911392808,99,0.47047838440625117,healthy,aging,perez_sle,MONO
CREB5,0.05102815304251302,-0.1966851549419463,99,0.06348210832070734,healthy,aging,perez_sle,MONO
CREBL2,0.0020737180822678956,0.30592716165403483,99,0.004915479898709086,healthy,aging,perez_sle,MONO
CREBZF,0.0013030061467132305,0.31872779815482205,99,0.003993348898520427,healthy,aging,perez_sle,MONO
CREM,0.07840386989442599,0.17773501092046154,99,0.09467637119326912,healthy,aging,perez_sle,MONO
CSRNP1,0.043500997687446204,-0.20336105535212945,99,0.05458948729405014,healthy,aging,perez_sle,MONO
CTCF,0.000629835323241905,0.33770271360640025,99,0.003139060109321869,healthy,aging,perez_sle,MONO
CUX1,0.027565469266721505,0.22150612789557728,99,0.036565334382675396,healthy,aging,perez_sle,MONO
CXXC1,0.0013066030172531767,0.31865348386454173,99,0.003993348898520427,healthy,aging,perez_sle,MONO
CXXC5,0.2763652891972592,-0.11046819250171404,99,0.30814559021925464,healthy,aging,perez_sle,MONO
DBP,0.0002423498784797649,0.3609383150340508,99,0.0025717391320280113,healthy,aging,perez_sle,MONO
DDIT3,0.10868992118601445,0.16220951710939543,99,0.12934998884947174,healthy,aging,perez_sle,MONO
DEAF1,0.018455849264153043,0.2364556859569708,99,0.02543198367500515,healthy,aging,perez_sle,MONO
DMTF1,0.0021393940275688662,0.3050477758857175,99,0.004921223674980319,healthy,aging,perez_sle,MONO
DNMT1,0.000606041559289409,0.3386749922375679,99,0.0030892029924840672,healthy,aging,perez_sle,MONO
DNTTIP1,0.00021590974191142883,0.36363220805671287,99,0.0025717391320280113,healthy,aging,perez_sle,MONO
DOT1L,0.0019655403089044094,0.30743202603221154,99,0.0048176647571444246,healthy,aging,perez_sle,MONO
DR1,0.00012268842029604122,0.37648238741768697,99,0.0021061476624156046,healthy,aging,perez_sle,MONO
DRAP1,0.0003268087578125764,0.35385368602732586,99,0.002689169207143486,healthy,aging,perez_sle,MONO
E2F3,0.0302601958733218,0.21790188481698117,99,0.03970358274039489,healthy,aging,perez_sle,MONO
E2F4,0.00020693009320222008,0.3646168724029273,99,0.0025717391320280113,healthy,aging,perez_sle,MONO
E4F1,0.3163684694648552,0.10173007053625163,99,0.34710140649858395,healthy,aging,perez_sle,MONO
EEA1,0.00042353422883934676,0.3475741284986377,99,0.002904234712041235,healthy,aging,perez_sle,MONO
EGR1,0.00015008300709379495,-0.37196160142563345,99,0.0023364273536763754,healthy,aging,perez_sle,MONO
ELF1,0.3633487889417685,-0.09233550567331295,99,0.3963804970273838,healthy,aging,perez_sle,MONO
ELF2,0.007455232113830723,0.26740758785872926,99,0.011605982966395935,healthy,aging,perez_sle,MONO
ELF4,0.0005933598806046536,0.339207577984577,99,0.0030892029924840672,healthy,aging,perez_sle,MONO
ELK1,0.03154415341195638,0.21627935614586058,99,0.04101452001193425,healthy,aging,perez_sle,MONO
ELK3,0.10291794093923778,0.16487863870196404,99,0.1229890746493796,healthy,aging,perez_sle,MONO
ELK4,0.0056285241867617825,0.27633149554989245,99,0.009158276642866628,healthy,aging,perez_sle,MONO
ERF,0.27821153065489396,0.11004707819012548,99,0.3093626286818898,healthy,aging,perez_sle,MONO
ESRRA,0.0002857487924475568,0.35705539336690345,99,0.0025717391320280113,healthy,aging,perez_sle,MONO
ETS1,0.03891756363857769,-0.2079128056317998,99,0.04948458422918488,healthy,aging,perez_sle,MONO
ETS2,0.03612557339950331,-0.2109101486731066,99,0.04644420924086184,healthy,aging,perez_sle,MONO
ETV3,0.11666350982735128,-0.15869816689364974,99,0.13770119192736546,healthy,aging,perez_sle,MONO
ETV6,0.1390112322511761,-0.1497556806299164,99,0.16239451600326218,healthy,aging,perez_sle,MONO
FAM200B,0.9613287196138488,-0.004935707446118741,99,0.966361854271513,healthy,aging,perez_sle,MONO
FLI1,0.00041179054382529446,0.3482615356837308,99,0.00288831684324432,healthy,aging,perez_sle,MONO
FOS,0.0006397777897602815,-0.3373063707249051,99,0.003139060109321869,healthy,aging,perez_sle,MONO
FOSB,1.830804509347553e-05,-0.41619718271500133,99,0.0018894242064075384,healthy,aging,perez_sle,MONO
FOSL1,0.00010819480502735402,-0.3792691733031995,99,0.0020576635609749067,healthy,aging,perez_sle,MONO
FOSL2,0.008555305643954833,-0.2629301518693392,99,0.012900146730151791,healthy,aging,perez_sle,MONO
FOXJ2,0.9519257582901426,0.00613712180565078,99,0.958582581774689,healthy,aging,perez_sle,MONO
FOXJ3,0.0053184478883426325,0.27809645994405036,99,0.008777724881619932,healthy,aging,perez_sle,MONO
FOXK1,0.0036282647168701366,0.2897266463729224,99,0.006634541196562535,healthy,aging,perez_sle,MONO
FOXK2,0.0791356574660888,0.17730770375134963,99,0.09536012280432458,healthy,aging,perez_sle,MONO
FOXN2,0.002046068481146565,0.30630492596295983,99,0.004890188569047392,healthy,aging,perez_sle,MONO
FOXN3,0.39467753981288156,-0.08648325531373678,99,0.4266284902206764,healthy,aging,perez_sle,MONO
FOXO1,0.023690818013497646,0.22725309967725632,99,0.03173467715296429,healthy,aging,perez_sle,MONO
FOXO3,0.08617545835319264,-0.17335046779392194,99,0.10341055002383116,healthy,aging,perez_sle,MONO
FOXP1,0.5860755592279538,0.055388917688941046,99,0.6205505921237159,healthy,aging,perez_sle,MONO
GABPA,0.0011125168722118737,0.3229575198432777,99,0.003943039872760721,healthy,aging,perez_sle,MONO
GATAD2A,0.001924654135819278,0.30802034749693086,99,0.004752321877013333,healthy,aging,perez_sle,MONO
GATAD2B,0.0025738619682636717,0.2997776541333373,99,0.0053629184286179315,healthy,aging,perez_sle,MONO
GLI4,0.009096403613761685,0.2609112803167235,99,0.013609164887082416,healthy,aging,perez_sle,MONO
GLMP,0.001424625890777797,0.3163125837207113,99,0.004066930335276114,healthy,aging,perez_sle,MONO
GLYR1,0.00239778802547911,0.3018089114009997,99,0.005211795859154594,healthy,aging,perez_sle,MONO
GMEB1,0.00046098454609278054,0.3454933283707884,99,0.0030224859169850782,healthy,aging,perez_sle,MONO
GMEB2,0.8984351089084318,-0.01299261508401144,99,0.9109016588788267,healthy,aging,perez_sle,MONO
GPBP1,0.008206350743105542,0.2642925805244786,99,0.012504915418065587,healthy,aging,perez_sle,MONO
GPBP1L1,0.0008494105830799646,0.33004214885000266,99,0.0034923613321656047,healthy,aging,perez_sle,MONO
GTF2B,0.00036793587105380716,0.3509987787090564,99,0.002717064893935807,healthy,aging,perez_sle,MONO
GTF2I,0.5402205375834296,-0.06228776096996523,99,0.5751701102551856,healthy,aging,perez_sle,MONO
GTF2IRD2B,0.0033572442378597576,0.2920303893716127,99,0.006323492230565324,healthy,aging,perez_sle,MONO
GTF3A,3.290459509766364e-05,0.4044864891383256,99,0.0018894242064075384,healthy,aging,perez_sle,MONO
GZF1,0.8522609014594463,0.01895633687900811,99,0.8673185145594365,healthy,aging,perez_sle,MONO
HBP1,0.0013120152370656331,0.3185420124291212,99,0.003993348898520427,healthy,aging,perez_sle,MONO
HES1,0.07473432658343884,0.17992728248373133,99,0.09081639686088772,healthy,aging,perez_sle,MONO
HES4,0.0031740594335203575,0.29368388233035003,99,0.006053835210952735,healthy,aging,perez_sle,MONO
HHEX,2.1699878220992582e-05,0.41284684679486294,99,0.0018894242064075384,healthy,aging,perez_sle,MONO
HIC2,0.0005830738635474976,0.33964727086873564,99,0.0030892029924840672,healthy,aging,perez_sle,MONO
HIF1A,0.00013600881323005913,-0.37417864441899673,99,0.002176141011680946,healthy,aging,perez_sle,MONO
HIVEP1,0.004701499499270119,0.281898874463394,99,0.008114118725794995,healthy,aging,perez_sle,MONO
HIVEP2,0.0018394430149483703,0.3092836904316965,99,0.004699622787517766,healthy,aging,perez_sle,MONO
HIVEP3,0.0028331493495017722,0.2970032539628716,99,0.005580392206099944,healthy,aging,perez_sle,MONO
HLX,0.1567640664421603,-0.143401808810948,99,0.18095411276690246,healthy,aging,perez_sle,MONO
HMBOX1,0.002330553705751859,0.30262017573656,99,0.0051630728250502715,healthy,aging,perez_sle,MONO
HMG20A,0.0006883267347287452,0.33544851346789684,99,0.003276662803336837,healthy,aging,perez_sle,MONO
HMG20B,7.528285697529981e-05,0.3871712595030081,99,0.0019325638035421688,healthy,aging,perez_sle,MONO
HMGA1,0.3967876606984275,0.0860992981472884,99,0.4279956789556072,healthy,aging,perez_sle,MONO
HMGN3,0.04245398341422555,0.20436429827091393,99,0.05339190927203912,healthy,aging,perez_sle,MONO
HOXB2,0.15586147033104802,0.14371145168711602,99,0.18027350785277843,healthy,aging,perez_sle,MONO
HSF1,9.699186131991305e-05,0.38167200202226353,99,0.0020576635609749067,healthy,aging,perez_sle,MONO
IKZF1,0.001426249874523915,0.31628161943309446,99,0.004066930335276114,healthy,aging,perez_sle,MONO
IKZF3,0.006434083632331335,-0.27212035243400695,99,0.010237657934317263,healthy,aging,perez_sle,MONO
IKZF5,0.0013551206151613362,0.3176688195183273,99,0.003993348898520427,healthy,aging,perez_sle,MONO
IRF1,0.01257090690567527,0.25000565821808474,99,0.017891500751542482,healthy,aging,perez_sle,MONO
IRF2,7.973518131660357e-05,0.3859326879983359,99,0.0019325638035421688,healthy,aging,perez_sle,MONO
IRF3,0.0005942366957128234,0.33917042083943677,99,0.0030892029924840672,healthy,aging,perez_sle,MONO
IRF4,0.7644638747833415,0.030493630445029705,99,0.7835074588526775,healthy,aging,perez_sle,MONO
IRF5,5.467489894903333e-05,0.39397720992118196,99,0.0018894242064075384,healthy,aging,perez_sle,MONO
IRF7,0.0005396478588066915,0.34158563527354757,99,0.003067897484647193,healthy,aging,perez_sle,MONO
IRF8,0.0020098680987802493,0.3068065474223521,99,0.0048354000192991,healthy,aging,perez_sle,MONO
IRF9,0.0036418619129465735,0.28961517493750183,99,0.006638330575497551,healthy,aging,perez_sle,MONO
JAZF1,0.0013219905603552924,0.31833764813085036,99,0.003993348898520427,healthy,aging,perez_sle,MONO
JDP2,0.02840360057560249,0.22035425639623216,99,0.03743815544976438,healthy,aging,perez_sle,MONO
JUN,0.000321529670503024,-0.35424383605129756,99,0.0026840737711556787,healthy,aging,perez_sle,MONO
JUNB,0.0005668996170389665,0.34035325662639876,99,0.0030892029924840672,healthy,aging,perez_sle,MONO
JUND,7.865288397286185e-06,-0.4323419622784035,99,0.0018894242064075384,healthy,aging,perez_sle,MONO
KAT7,0.001321080874449208,0.31835622670342045,99,0.003993348898520427,healthy,aging,perez_sle,MONO
KCMF1,0.0005718210972985045,0.3401365066130812,99,0.0030892029924840672,healthy,aging,perez_sle,MONO
KDM2A,0.13591418524968615,0.1509261307018316,99,0.15911904614597405,healthy,aging,perez_sle,MONO
KDM2B,0.011203601338529401,0.253938122745419,99,0.01621425721355009,healthy,aging,perez_sle,MONO
KDM5B,0.0006394649249967359,0.33731875643995185,99,0.003139060109321869,healthy,aging,perez_sle,MONO
KIN,0.0001696880105438761,0.36917481554012105,99,0.0025061613864941702,healthy,aging,perez_sle,MONO
KLF10,0.00010314603167654705,-0.3803219590821708,99,0.0020576635609749067,healthy,aging,perez_sle,MONO
KLF11,0.0019913262214888952,0.3070666474383333,99,0.0048354000192991,healthy,aging,perez_sle,MONO
KLF12,0.01321624889145296,0.248277850969067,99,0.01865823372911006,healthy,aging,perez_sle,MONO
KLF13,0.016340097140198143,0.24082784336846372,99,0.022789094316595957,healthy,aging,perez_sle,MONO
KLF16,0.10344330654793871,0.1646309244010296,99,0.12336096184598902,healthy,aging,perez_sle,MONO
KLF2,0.0542376646664611,0.19408415478213467,99,0.0673295147583655,healthy,aging,perez_sle,MONO
KLF3,0.00531314627112226,0.27812742423166714,99,0.008777724881619932,healthy,aging,perez_sle,MONO
KLF4,4.7034685715590094e-05,-0.39712937440057267,99,0.0018894242064075384,healthy,aging,perez_sle,MONO
KLF6,2.505380299461061e-05,-0.4099857466190702,99,0.0018894242064075384,healthy,aging,perez_sle,MONO
KLF7,0.0031262216054195684,0.29412976807203206,99,0.005982404135287945,healthy,aging,perez_sle,MONO
KLF9,0.007423812546220613,0.26754383072424315,99,0.011588390316051689,healthy,aging,perez_sle,MONO
KMT2A,0.010404923209574743,0.2564338443273335,99,0.015096311759987536,healthy,aging,perez_sle,MONO
KMT2B,0.7151889778994093,0.037132373710072726,99,0.7395850112568398,healthy,aging,perez_sle,MONO
L3MBTL3,0.0012654868794096433,0.31951429106028895,99,0.003993348898520427,healthy,aging,perez_sle,MONO
LCOR,0.004747322935057141,0.28160161730227273,99,0.008114118725794995,healthy,aging,perez_sle,MONO
LCORL,0.0025594916534344403,0.2999386684289447,99,0.0053629184286179315,healthy,aging,perez_sle,MONO
LEF1,0.0022918319923812165,-0.30309702576585884,99,0.005116648169037135,healthy,aging,perez_sle,MONO
LIN54,0.0005045924922164363,0.3432577068048551,99,0.0030224859169850782,healthy,aging,perez_sle,MONO
LYL1,4.9806098952855496e-05,0.395934152898564,99,0.0018894242064075384,healthy,aging,perez_sle,MONO
MAF,0.001920395361190875,0.3080822760721645,99,0.004752321877013333,healthy,aging,perez_sle,MONO
MAFB,0.1304279704011592,0.15305028083234445,99,0.1530071506131725,healthy,aging,perez_sle,MONO
MAFF,0.0006038119149897643,-0.33876788510041833,99,0.0030892029924840672,healthy,aging,perez_sle,MONO
MAFG,0.3099551964175037,-0.10308011347634431,99,0.3407462335021867,healthy,aging,perez_sle,MONO
MAX,0.001307203371834367,0.31864109814949504,99,0.003993348898520427,healthy,aging,perez_sle,MONO
MAZ,0.05809023991812713,0.19112396888596805,99,0.07195694235019619,healthy,aging,perez_sle,MONO
MBD1,0.0015945130258515374,0.31323473353160086,99,0.004311922548781622,healthy,aging,perez_sle,MONO
MBD2,0.001419116889744373,0.3164178622986084,99,0.004066930335276114,healthy,aging,perez_sle,MONO
MBD4,0.002363698842162891,0.3022176399975416,99,0.005196528752235975,healthy,aging,perez_sle,MONO
MBD6,0.05930220054968158,0.1902260045450807,99,0.07330057406999267,healthy,aging,perez_sle,MONO
MBNL2,0.0038889169500302906,0.28765203910259646,99,0.0069782434991197744,healthy,aging,perez_sle,MONO
MECP2,0.0016440963602115581,0.31239250490842374,99,0.004384256960564155,healthy,aging,perez_sle,MONO
MEF2A,0.7529724078616635,0.032029459110823236,99,0.7744859052291396,healthy,aging,perez_sle,MONO
MEF2C,0.0026112284602710593,0.29936273267927216,99,0.0053629184286179315,healthy,aging,perez_sle,MONO
MEF2D,0.004831393106807559,0.2810628386977403,99,0.008160945541117754,healthy,aging,perez_sle,MONO
MGA,0.0017861401132456141,0.31010114762478014,99,0.004613527826141137,healthy,aging,perez_sle,MONO
MLX,0.0002665989626497135,0.3586965006105942,99,0.0025717391320280113,healthy,aging,perez_sle,MONO
MLXIP,0.7313890497879589,-0.034933909289279565,99,0.7549822449424092,healthy,aging,perez_sle,MONO
MNT,0.006539089321263046,0.27160634525956795,99,0.0103475699149657,healthy,aging,perez_sle,MONO
MTERF1,0.002858013369443548,0.2967493468044137,99,0.005580392206099944,healthy,aging,perez_sle,MONO
MTERF3,0.004744447355337064,0.28162019587484277,99,0.008114118725794995,healthy,aging,perez_sle,MONO
MTERF4,0.004380006896759737,0.28406018173904707,99,0.0076683403420474425,healthy,aging,perez_sle,MONO
MTF1,0.0003540585997960753,0.3519277073375605,99,0.002717064893935807,healthy,aging,perez_sle,MONO
MTF2,0.0016426183169961075,0.3124172763385172,99,0.004384256960564155,healthy,aging,perez_sle,MONO
MXD1,0.008374471770502585,-0.263629944769479,99,0.01266061873965745,healthy,aging,perez_sle,MONO
MXD3,0.000511176918762838,0.34293567821364035,99,0.0030224859169850782,healthy,aging,perez_sle,MONO
MXD4,0.007566127067390799,0.26693073782943044,99,0.011746871134277899,healthy,aging,perez_sle,MONO
MXI1,0.0023432519274861085,0.30246535429847604,99,0.005171314598590032,healthy,aging,perez_sle,MONO
MYBL1,0.07164530948284689,-0.18184087545844987,99,0.08761719376246244,healthy,aging,perez_sle,MONO
MYC,0.6093939911552482,-0.05197665319356912,99,0.6428771774824596,healthy,aging,perez_sle,MONO
MYCL,0.21891335200193943,-0.12466222194525751,99,0.24870629339865308,healthy,aging,perez_sle,MONO
MYNN,0.0009669358448807558,0.32666084864224754,99,0.0036799428337923575,healthy,aging,perez_sle,MONO
MYSM1,0.002574416120177542,0.29977146127581394,99,0.0053629184286179315,healthy,aging,perez_sle,MONO
MZF1,0.0014014258450224296,0.3167584694623932,99,0.004056388375542309,healthy,aging,perez_sle,MONO
NACC2,0.008932343092690608,0.2615119874964895,99,0.013398514639035911,healthy,aging,perez_sle,MONO
NCOA1,0.008297108997574909,0.26393339478812367,99,0.01259097809481987,healthy,aging,perez_sle,MONO
NCOA2,0.029375754811631904,0.2190537563163263,99,0.03863112961529675,healthy,aging,perez_sle,MONO
NCOA3,0.019576220751872594,0.23431295725388787,99,0.02672014965184506,healthy,aging,perez_sle,MONO
NFAT5,0.15456855980916223,0.14415733742879805,99,0.1791378077466347,healthy,aging,perez_sle,MONO
NFATC1,0.0003894939481277812,0.34961777148134693,99,0.0028398546091342016,healthy,aging,perez_sle,MONO
NFATC2,0.009907328442937088,-0.25807495157102417,99,0.01459493908729351,healthy,aging,perez_sle,MONO
NFATC3,0.0021681789190596745,0.30467001157679247,99,0.004936249238649694,healthy,aging,perez_sle,MONO
NFE2,0.9850020803966371,0.001913592974718558,99,0.9850020803966371,healthy,aging,perez_sle,MONO
NFE2L1,0.00047234848384610347,0.3448926211910224,99,0.0030224859169850782,healthy,aging,perez_sle,MONO
NFE2L2,0.03773111593981317,0.20916376285151875,99,0.04808213004719554,healthy,aging,perez_sle,MONO
NFE2L3,0.012858869593615676,0.24922535817014124,99,0.0182431253347848,healthy,aging,perez_sle,MONO
NFIA,0.0018778567889707201,0.3087077546820239,99,0.004709075048438713,healthy,aging,perez_sle,MONO
NFIC,0.03248844226952819,0.21512129178899206,99,0.04205245561179379,healthy,aging,perez_sle,MONO
NFIL3,7.20134694489415e-05,-0.38812495956160575,99,0.0019325638035421688,healthy,aging,perez_sle,MONO
NFKB1,0.0678380209757707,-0.18429324703770086,99,0.08331492554806806,healthy,aging,perez_sle,MONO
NFKB2,0.08570930250796263,-0.17360437495237974,99,0.1030658836003893,healthy,aging,perez_sle,MONO
NFX1,0.001870365736693396,0.30881922611744445,99,0.004709075048438713,healthy,aging,perez_sle,MONO
NFXL1,0.1477043483561334,0.14657255186290882,99,0.1718741508144098,healthy,aging,perez_sle,MONO
NFYA,0.0010031373053633439,0.3256947628686032,99,0.0036802999228616948,healthy,aging,perez_sle,MONO
NFYB,0.0002921548964392918,0.3565290004774178,99,0.0025744109395550462,healthy,aging,perez_sle,MONO
NFYC,8.149039414359415e-05,0.38546203082656055,99,0.0019325638035421688,healthy,aging,perez_sle,MONO
NME2,0.00674056207094685,-0.2706402594859237,99,0.010637160966754482,healthy,aging,perez_sle,MONO
NR1D1,0.010169425067692224,0.25720175866023026,99,0.014942828670894696,healthy,aging,perez_sle,MONO
NR1D2,0.0047234071469713,0.2817564387403567,99,0.008114118725794995,healthy,aging,perez_sle,MONO
NR1H2,0.00026891735027390957,0.35849213631232324,99,0.0025717391320280113,healthy,aging,perez_sle,MONO
NR2C1,0.028126379412242615,0.22073202070515713,99,0.03715778564553153,healthy,aging,perez_sle,MONO
NR2C2,0.0024365355243703046,0.30135063994427097,99,0.00521726565813121,healthy,aging,perez_sle,MONO
NR3C1,0.005553117701150479,0.276752609861481,99,0.009082784352943352,healthy,aging,perez_sle,MONO
NR4A1,0.6339777345450566,-0.04844053154772997,99,0.6651569673915347,healthy,aging,perez_sle,MONO
NR4A2,0.00026976500222389776,-0.3584178220220429,99,0.0025717391320280113,healthy,aging,perez_sle,MONO
NR4A3,0.03405841598799254,-0.2132572416744604,99,0.04398575697103969,healthy,aging,perez_sle,MONO
NRF1,0.0007416565155743993,0.33354111335070163,99,0.00334471577254985,healthy,aging,perez_sle,MONO
OLIG1,0.00011074230970524674,0.37875516612876053,99,0.0020576635609749067,healthy,aging,perez_sle,MONO
PA2G4,0.00012193989121734248,0.376618630283201,99,0.0021061476624156046,healthy,aging,perez_sle,MONO
PBX2,0.0012406405384250033,0.320046876807298,99,0.003993348898520427,healthy,aging,perez_sle,MONO
PBX3,0.0030790318083276317,0.2945756538137141,99,0.0059315127812599195,healthy,aging,perez_sle,MONO
PHF1,0.0012303720524299783,0.32026981967813895,99,0.003993348898520427,healthy,aging,perez_sle,MONO
PHF19,0.002138925031336856,0.305053968743241,99,0.004921223674980319,healthy,aging,perez_sle,MONO
PHF20,0.0010176257598187091,0.32531699855967827,99,0.003709825554782129,healthy,aging,perez_sle,MONO
PHF21A,0.014353440120628067,0.2454043650782275,99,0.020164832949955528,healthy,aging,perez_sle,MONO
PIN1,5.185419556300752e-06,0.4400087198923245,99,0.0018894242064075384,healthy,aging,perez_sle,MONO
PKNOX1,0.0009960810139447748,0.3258805485943041,99,0.0036802999228616948,healthy,aging,perez_sle,MONO
PLAGL1,0.015949224612116196,0.24168865056421088,99,0.022297945088783806,healthy,aging,perez_sle,MONO
PLAGL2,0.002638864509712718,0.2990592826606274,99,0.005383675747658601,healthy,aging,perez_sle,MONO
PLSCR1,0.627047366076938,-0.049431388751467735,99,0.6602911935289146,healthy,aging,perez_sle,MONO
POGK,0.0019812379563531324,0.3072090831613706,99,0.0048354000192991,healthy,aging,perez_sle,MONO
POU2F1,0.0027869783615289364,0.2974801039921704,99,0.005573956723057873,healthy,aging,perez_sle,MONO
POU2F2,0.010404923209574743,0.2564338443273335,99,0.015096311759987536,healthy,aging,perez_sle,MONO
PPARA,0.7572292382001987,0.03145971621867402,99,0.7774760092750703,healthy,aging,perez_sle,MONO
PRDM1,0.007907595671003046,-0.265500187741534,99,0.012211193315007385,healthy,aging,perez_sle,MONO
PRDM10,0.0009000038814220845,0.3285372844718259,99,0.003575187832407729,healthy,aging,perez_sle,MONO
PRDM2,0.006889911463308486,0.2699404665857839,99,0.010838753953517176,healthy,aging,perez_sle,MONO
PRDM4,0.0002767079012901325,0.3578171148422769,99,0.0025717391320280113,healthy,aging,perez_sle,MONO
PREB,0.00020593558551086977,0.3647283438383478,99,0.0025717391320280113,healthy,aging,perez_sle,MONO
PRMT3,0.0009273060736752976,0.32775698442388246,99,0.003608974989438996,healthy,aging,perez_sle,MONO
PRR12,0.023391334106652964,0.2277299497065551,99,0.031553649755110325,healthy,aging,perez_sle,MONO
PURA,0.0002637442352505402,0.3589504077690519,99,0.0025717391320280113,healthy,aging,perez_sle,MONO
PURB,0.5326199041809986,-0.06345821104188046,99,0.5681278977930652,healthy,aging,perez_sle,MONO
RARA,0.00012797772254261486,0.37554107307413614,99,0.0021061476624156046,healthy,aging,perez_sle,MONO
RBAK,0.24531007490852536,0.11785627152708374,99,0.27760039911062984,healthy,aging,perez_sle,MONO
RBCK1,7.407832720591539e-05,0.3875180595243164,99,0.0019325638035421688,healthy,aging,perez_sle,MONO
RBPJ,0.013635586416910412,0.24719410090247884,99,0.019203173046798038,healthy,aging,perez_sle,MONO
RBSN,0.0005235403127674613,0.3423411638913977,99,0.003046052728828866,healthy,aging,perez_sle,MONO
REL,0.27342306414543016,-0.11114321397176039,99,0.3058090969859568,healthy,aging,perez_sle,MONO
RELA,0.0009610193934062834,0.3268218629378549,99,0.0036799428337923575,healthy,aging,perez_sle,MONO
RELB,0.050398044692913105,-0.19721154783143194,99,0.06283392585090465,healthy,aging,perez_sle,MONO
REPIN1,0.3364266596776777,0.0976180131407399,99,0.3684063801793581,healthy,aging,perez_sle,MONO
REST,0.002097093429184598,0.3056113259203434,99,0.004921223674980319,healthy,aging,perez_sle,MONO
REXO4,0.0008052802360071596,0.33142315607771217,99,0.003487529443158826,healthy,aging,perez_sle,MONO
RFX1,0.008306548048665886,0.26389623764298353,99,0.01259097809481987,healthy,aging,perez_sle,MONO
RFX2,0.0012919723491486065,-0.31895693388318647,99,0.003993348898520427,healthy,aging,perez_sle,MONO
RFX3,0.006121958717242463,0.27369333824494063,99,0.009837856801349493,healthy,aging,perez_sle,MONO
RFX5,0.02103200814309506,0.23168099280645946,99,0.02857178464722348,healthy,aging,perez_sle,MONO
RFX7,0.04138417519386611,0.20541089119236197,99,0.05227474761330456,healthy,aging,perez_sle,MONO
RLF,0.00807338793103189,0.26482516627148767,99,0.012367743213495661,healthy,aging,perez_sle,MONO
RORA,0.03620390616171348,-0.21082344866777952,99,0.04644420924086184,healthy,aging,perez_sle,MONO
RREB1,0.005853294730872792,0.275105309760267,99,0.009497176802768249,healthy,aging,perez_sle,MONO
RUNX1,0.2571407806694328,-0.11497039992119751,99,0.2898494905393215,healthy,aging,perez_sle,MONO
RUNX2,0.6523636043228833,-0.04583333853039497,99,0.6807272392934435,healthy,aging,perez_sle,MONO
RUNX3,0.024124329290454532,0.2265718853496866,99,0.03216577238727271,healthy,aging,perez_sle,MONO
RXRA,0.0017210931017802391,0.3111291619736581,99,0.0045267106238603555,healthy,aging,perez_sle,MONO
RXRB,0.0009988980845535764,0.32580623430402367,99,0.0036802999228616948,healthy,aging,perez_sle,MONO
SAFB,0.0008263843681822355,0.3307543274651892,99,0.0034923613321656047,healthy,aging,perez_sle,MONO
SAFB2,0.0022507435073209816,0.3036110329402978,99,0.0050674882108147105,healthy,aging,perez_sle,MONO
SATB1,0.9252596061499725,0.009549386301022705,99,0.9333617042773803,healthy,aging,perez_sle,MONO
SCML4,0.0009085907305367936,-0.32828957017089144,99,0.0035845771286931037,healthy,aging,perez_sle,MONO
SETBP1,0.030876942279711488,0.21711539191151427,99,0.0403272659349146,healthy,aging,perez_sle,MONO
SETDB1,0.000643071341840244,0.3371763207169146,99,0.003139060109321869,healthy,aging,perez_sle,MONO
SETDB2,0.005021635900741713,0.279873810053255,99,0.008408320577986125,healthy,aging,perez_sle,MONO
SKI,0.29260277043055566,0.10682679227797774,99,0.32411383801538474,healthy,aging,perez_sle,MONO
SKIL,0.045557641062847716,0.2014474623774109,99,0.05704608967869627,healthy,aging,perez_sle,MONO
SLC2A4RG,0.7810020140489111,0.02829516602423654,99,0.7990358083342323,healthy,aging,perez_sle,MONO
SMAD3,0.6993397286967216,-0.03929987384324909,99,0.7258012319447057,healthy,aging,perez_sle,MONO
SMAD4,0.001876606399387625,0.30872633325459403,99,0.004709075048438713,healthy,aging,perez_sle,MONO
SMAD5,0.003882502259246747,0.28770158196278334,99,0.0069782434991197744,healthy,aging,perez_sle,MONO
SMYD3,0.018883018204864786,0.2356258430488404,99,0.025896710680957422,healthy,aging,perez_sle,MONO
SNAI1,0.027614445236916314,-0.2214380064628203,99,0.036565334382675396,healthy,aging,perez_sle,MONO
SNAPC2,5.845962870999752e-05,0.3925652384058556,99,0.0018894242064075384,healthy,aging,perez_sle,MONO
SNAPC5,4.5751253984958705e-05,0.3977053101502453,99,0.0018894242064075384,healthy,aging,perez_sle,MONO
SON,0.12149326847773217,0.15666071676846396,99,0.14310863526211395,healthy,aging,perez_sle,MONO
SOX4,0.2765820662211018,-0.11041864964152714,99,0.30814559021925464,healthy,aging,perez_sle,MONO
SP1,0.001999253733163042,0.3069551760029128,99,0.0048354000192991,healthy,aging,perez_sle,MONO
SP100,0.0003656823881409023,0.3511474072896171,99,0.002717064893935807,healthy,aging,perez_sle,MONO
SP110,0.0022522169825843156,0.3035924543677277,99,0.0050674882108147105,healthy,aging,perez_sle,MONO
SP140,0.0008538817786209522,0.3299059059844887,99,0.0034923613321656047,healthy,aging,perez_sle,MONO
SP140L,0.00044468892889114114,0.34637890699662904,99,0.0029783816632708987,healthy,aging,perez_sle,MONO
SP2,0.0021351764008543093,0.3051035116034278,99,0.004921223674980319,healthy,aging,perez_sle,MONO
SP3,0.002806682448764724,0.2972757396938995,99,0.00557449425039896,healthy,aging,perez_sle,MONO
SP4,0.00041220848618821475,0.34823676425363737,99,0.00288831684324432,healthy,aging,perez_sle,MONO
SPEN,0.0038601252829709096,0.2878749819734374,99,0.006970006780536815,healthy,aging,perez_sle,MONO
SPI1,0.0005432735129062738,0.3414184281204169,99,0.003067897484647193,healthy,aging,perez_sle,MONO
SRCAP,0.0021054001772244113,0.3054998544849229,99,0.004921223674980319,healthy,aging,perez_sle,MONO
SREBF1,0.3680862906398168,0.09143134847490224,99,0.4007896094679291,healthy,aging,perez_sle,MONO
SREBF2,0.0028507158743847805,0.2968236610946941,99,0.005580392206099944,healthy,aging,perez_sle,MONO
SRF,0.5254310816367788,0.06457292539608545,99,0.5614996345506208,healthy,aging,perez_sle,MONO
STAT1,0.017310358259543763,0.23876562181318445,99,0.02391071068944174,healthy,aging,perez_sle,MONO
STAT2,0.015027073935139874,0.2437942221221536,99,0.021059840843407708,healthy,aging,perez_sle,MONO
STAT3,0.0322234969957752,0.2154433203802068,99,0.04180345556208675,healthy,aging,perez_sle,MONO
STAT4,0.017304385554618423,-0.23877800752823117,99,0.02391071068944174,healthy,aging,perez_sle,MONO
STAT5A,0.0013027068139133252,0.3187339910123454,99,0.003993348898520427,healthy,aging,perez_sle,MONO
STAT5B,0.001463402817990549,0.3155818265329547,99,0.0041489383275197834,healthy,aging,perez_sle,MONO
STAT6,0.0013418406586375754,0.31793511239183186,99,0.003993348898520427,healthy,aging,perez_sle,MONO
TBP,0.0012872273232536133,0.3190560196035602,99,0.003993348898520427,healthy,aging,perez_sle,MONO
TBPL1,0.00010490241403522029,0.3799503876307692,99,0.0020576635609749067,healthy,aging,perez_sle,MONO
TBX21,0.00971240462427491,-0.2587375873260238,99,0.014344474522006021,healthy,aging,perez_sle,MONO
TCF12,0.004795478412712366,0.28129197442610465,99,0.008137225757976728,healthy,aging,perez_sle,MONO
TCF20,0.0033720463103787063,0.29190033936362214,99,0.006326004164979008,healthy,aging,perez_sle,MONO
TCF3,0.01695806470472081,0.2395025718584644,99,0.02359382915439417,healthy,aging,perez_sle,MONO
TCF4,0.007038099185064481,0.2692592522582142,99,0.011016155246187884,healthy,aging,perez_sle,MONO
TCF7,0.07788749455625155,-0.17803846093910622,99,0.09444883550400188,healthy,aging,perez_sle,MONO
TCF7L2,0.006159319355691888,0.27350135966171646,99,0.009854910969107022,healthy,aging,perez_sle,MONO
TERF1,0.00040856467623855857,0.348453514266955,99,0.00288831684324432,healthy,aging,perez_sle,MONO
TERF2,0.011407816366592508,0.25332502985060623,99,0.016468426634479408,healthy,aging,perez_sle,MONO
TET2,0.20362288383045435,-0.128873365061143,99,0.23225105165612217,healthy,aging,perez_sle,MONO
TET3,0.11313612506281705,0.16022780270191989,99,0.1338119261523257,healthy,aging,perez_sle,MONO
TFAP4,0.3922354805472089,0.08692914105541874,99,0.4254757755088368,healthy,aging,perez_sle,MONO
TFCP2,0.002393632541763079,0.3018584542611866,99,0.005211795859154594,healthy,aging,perez_sle,MONO
TFDP1,0.0781611490853218,0.17787744664349883,99,0.09458155855702807,healthy,aging,perez_sle,MONO
TFDP2,0.002591648185727699,0.29957948269258977,99,0.0053629184286179315,healthy,aging,perez_sle,MONO
TFE3,0.0006015897878082748,0.33886077796326874,99,0.0030892029924840672,healthy,aging,perez_sle,MONO
TFEB,0.0050844770368457925,0.2794898528868066,99,0.008458566753143867,healthy,aging,perez_sle,MONO
TFEC,0.2830558662808647,-0.10895094240849058,99,0.3141429267394568,healthy,aging,perez_sle,MONO
TGIF1,0.012388770219567415,-0.250507279677477,99,0.017707026418041765,healthy,aging,perez_sle,MONO
TGIF2,0.40298607470907555,0.08497839093556005,99,0.43386911968678044,healthy,aging,perez_sle,MONO
THAP1,0.00025622399015146383,0.35963162209662164,99,0.0025717391320280113,healthy,aging,perez_sle,MONO
THAP11,4.193083318412515e-05,0.3995136245470667,99,0.0018894242064075384,healthy,aging,perez_sle,MONO
THAP12,0.03092595293496532,0.2170534633362807,99,0.0403272659349146,healthy,aging,perez_sle,MONO
THAP4,0.0002759123575112476,0.3578852362750339,99,0.0025717391320280113,healthy,aging,perez_sle,MONO
THAP5,0.0026451045774086527,0.29899116122787045,99,0.005383675747658601,healthy,aging,perez_sle,MONO
THAP6,0.005005531462338935,0.2799728957736287,99,0.008405790444044391,healthy,aging,perez_sle,MONO
THAP7,0.0007396886189010896,0.3336092347834586,99,0.00334471577254985,healthy,aging,perez_sle,MONO
THRA,0.018764226315878853,0.2358549787772048,99,0.025795213264788112,healthy,aging,perez_sle,MONO
THYN1,1.0107173910599117e-05,0.42763539056064914,99,0.0018894242064075384,healthy,aging,perez_sle,MONO
TMF1,0.0014794485878800855,0.31528456937183336,99,0.0041489383275197834,healthy,aging,perez_sle,MONO
TOPORS,0.0015741378087562863,0.3135877264104324,99,0.004284633546635518,healthy,aging,perez_sle,MONO
TP53,0.0018259841002054248,0.30948805472996743,99,0.004695387686242521,healthy,aging,perez_sle,MONO
TRAFD1,0.00018609520394898438,0.3670630511246549,99,0.0025717391320280113,healthy,aging,perez_sle,MONO
TRERF1,0.877094382227986,-0.015742243824383734,99,0.8910165152792239,healthy,aging,perez_sle,MONO
TRPS1,0.3099844207554615,0.10307392061882097,99,0.3407462335021867,healthy,aging,perez_sle,MONO
TSC22D1,5.6537743683797464e-05,0.39327122416351884,99,0.0018894242064075384,healthy,aging,perez_sle,MONO
TSHZ1,0.006265251944670173,0.272962581057184,99,0.009996634681800608,healthy,aging,perez_sle,MONO
TSHZ2,0.0004855463367674356,-0.3442114068634527,99,0.0030224859169850782,healthy,aging,perez_sle,MONO
TTF1,0.0004161984340091641,0.34800143566774966,99,0.00288831684324432,healthy,aging,perez_sle,MONO
UBP1,0.0013880513767619502,0.3170185694783744,99,0.0040379676414893095,healthy,aging,perez_sle,MONO
USF1,0.0007060998140337101,0.33479826342794394,99,0.0032903036182301854,healthy,aging,perez_sle,MONO
USF2,0.03094557559588933,0.21702869190618726,99,0.0403272659349146,healthy,aging,perez_sle,MONO
USF3,0.0016652897770459065,0.3120395120295922,99,0.0044203083482877515,healthy,aging,perez_sle,MONO
VEZF1,0.0002558869103001485,0.3596625863842385,99,0.0025717391320280113,healthy,aging,perez_sle,MONO
XBP1,0.12706091792930377,-0.15438793805739043,99,0.14936140556587546,healthy,aging,perez_sle,MONO
XPA,7.284970967080085e-05,0.3878772452606713,99,0.0019325638035421688,healthy,aging,perez_sle,MONO
YBX1,0.003506457037378088,0.2907422750067536,99,0.006494274127105398,healthy,aging,perez_sle,MONO
YBX3,0.0007623347793006804,-0.33283512759303846,99,0.0034039134331565264,healthy,aging,perez_sle,MONO
YY1,0.06959577545352233,0.1831475683958791,99,0.08529184396006141,healthy,aging,perez_sle,MONO
ZBED1,0.4315596344085504,0.07993740491154415,99,0.46290195422593117,healthy,aging,perez_sle,MONO
ZBED4,0.003545414996046204,0.2904140535580154,99,0.006545381531162223,healthy,aging,perez_sle,MONO
ZBED5,0.002912662558930864,0.2961981824848347,99,0.00566788389846006,healthy,aging,perez_sle,MONO
ZBED6,0.017173435445258345,0.2390504932592591,99,0.023835900762575437,healthy,aging,perez_sle,MONO
ZBTB1,0.0055564254402111785,0.27673403128891094,99,0.009082784352943352,healthy,aging,perez_sle,MONO
ZBTB10,0.010381926159990734,-0.25650815861761384,99,0.015096311759987536,healthy,aging,perez_sle,MONO
ZBTB11,0.0009544592241162435,0.32700145580603235,99,0.0036799428337923575,healthy,aging,perez_sle,MONO
ZBTB14,0.036955201022712054,0.2099997986171725,99,0.047197773368253086,healthy,aging,perez_sle,MONO
ZBTB16,0.001684839613187992,0.3117174834383774,99,0.004451686317414144,healthy,aging,perez_sle,MONO
ZBTB17,0.0013183552271339605,0.3184119624211306,99,0.003993348898520427,healthy,aging,perez_sle,MONO
ZBTB18,0.001338769284746707,0.31799704096706555,99,0.003993348898520427,healthy,aging,perez_sle,MONO
ZBTB2,0.0006001125346217209,0.33892270653850237,99,0.0030892029924840672,healthy,aging,perez_sle,MONO
ZBTB20,0.002111881505037162,0.3054131544795959,99,0.004921223674980319,healthy,aging,perez_sle,MONO
ZBTB21,0.023749538565907283,0.22716020681440593,99,0.03173952253819628,healthy,aging,perez_sle,MONO
ZBTB24,0.00023702222002251093,0.3614585150660132,99,0.0025717391320280113,healthy,aging,perez_sle,MONO
ZBTB25,0.01039341911336248,0.25647100147247365,99,0.015096311759987536,healthy,aging,perez_sle,MONO
ZBTB33,0.019155113608613775,0.23510564301687809,99,0.026207471350502456,healthy,aging,perez_sle,MONO
ZBTB37,0.06356932201929032,0.18717911864358708,99,0.07840670124863218,healthy,aging,perez_sle,MONO
ZBTB38,0.0025195295009703875,0.30039074702815005,99,0.005335474237349056,healthy,aging,perez_sle,MONO
ZBTB4,0.0005860990574893994,0.339517220860745,99,0.0030892029924840672,healthy,aging,perez_sle,MONO
ZBTB40,0.001201974354644699,0.32089529828799845,99,0.003993348898520427,healthy,aging,perez_sle,MONO
ZBTB43,0.08641500068268128,-0.17322041778593134,99,0.10348241245992602,healthy,aging,perez_sle,MONO
ZBTB44,0.0028162809494203084,0.29717665397352566,99,0.00557449425039896,healthy,aging,perez_sle,MONO
ZBTB7A,0.04569349036726881,0.20132360522694367,99,0.057092083408995305,healthy,aging,perez_sle,MONO
ZBTB7B,0.001742792967596741,0.3107823619523499,99,0.004562948860616922,healthy,aging,perez_sle,MONO
ZC3H8,0.18232854076158403,0.13513434401726102,99,0.2096232324923601,healthy,aging,perez_sle,MONO
ZEB2,0.041761386282764885,-0.20503931974096032,99,0.05263579540234699,healthy,aging,perez_sle,MONO
ZFAT,0.00034972068396502403,0.35222496449868185,99,0.002717064893935807,healthy,aging,perez_sle,MONO
ZFHX3,0.3398876575198968,0.09692441309812345,99,0.3714901152399631,healthy,aging,perez_sle,MONO
ZFP14,0.005095699068300212,0.27942173145404964,99,0.008458566753143867,healthy,aging,perez_sle,MONO
ZFP90,0.07234581049526187,0.18140118257429125,99,0.0882864128077772,healthy,aging,perez_sle,MONO
ZFP91,0.003851365931021909,0.2879431034061944,99,0.006970006780536815,healthy,aging,perez_sle,MONO
ZFX,0.002471569030147313,0.30094191134772924,99,0.005272680597647601,healthy,aging,perez_sle,MONO
ZFY,0.0024197111531083556,0.3015488113850186,99,0.00521726565813121,healthy,aging,perez_sle,MONO
ZGPAT,0.0003083135489331029,0.35524707897008206,99,0.002650576181872646,healthy,aging,perez_sle,MONO
ZHX1,0.0004341575747833321,0.34696722846134836,99,0.0029420560361788153,healthy,aging,perez_sle,MONO
ZHX2,0.0005142423955981557,0.34278704963307965,99,0.0030224859169850782,healthy,aging,perez_sle,MONO
ZKSCAN1,0.003459202172881172,0.29114481074577203,99,0.006427420811546952,healthy,aging,perez_sle,MONO
ZKSCAN8,0.0005105403920398913,0.34296664250125714,99,0.0030224859169850782,healthy,aging,perez_sle,MONO
ZMAT1,0.000977484815226095,0.32637597719617295,99,0.0036799428337923575,healthy,aging,perez_sle,MONO
ZNF100,0.0011057939189687103,0.323118534138885,99,0.003943039872760721,healthy,aging,perez_sle,MONO
ZNF101,0.24991040864256064,0.11672297860030867,99,0.28225175564336263,healthy,aging,perez_sle,MONO
ZNF107,0.006461769993680806,0.271984109568493,99,0.010253387097410865,healthy,aging,perez_sle,MONO
ZNF12,0.007981751052187585,0.2651967377228893,99,0.012292750283583018,healthy,aging,perez_sle,MONO
ZNF121,0.005566359160744797,0.2766782955712007,99,0.009082784352943352,healthy,aging,perez_sle,MONO
ZNF124,0.036092045782823795,0.21094730581824675,99,0.04644420924086184,healthy,aging,perez_sle,MONO
ZNF131,0.003224587909912972,0.293219418016098,99,0.006129909690131591,healthy,aging,perez_sle,MONO
ZNF136,0.009669148274350612,0.25888621590658445,99,0.014344474522006021,healthy,aging,perez_sle,MONO
ZNF141,0.00604665074446553,0.27408348826891243,99,0.009755940696952788,healthy,aging,perez_sle,MONO
ZNF143,0.0002842604214397761,0.35717925051737076,99,0.0025717391320280113,healthy,aging,perez_sle,MONO
ZNF146,0.000818901925264083,0.3309896560510769,99,0.0034923613321656047,healthy,aging,perez_sle,MONO
ZNF148,0.0013108107646961425,0.31856678385921466,99,0.003993348898520427,healthy,aging,perez_sle,MONO
ZNF160,0.00046892434967586895,0.3450722140591999,99,0.0030224859169850782,healthy,aging,perez_sle,MONO
ZNF169,0.004883255843584775,0.28073461724900217,99,0.00822443089445857,healthy,aging,perez_sle,MONO
ZNF195,0.165383495095166,0.14050974434753838,99,0.19052178634963124,healthy,aging,perez_sle,MONO
ZNF207,0.004194432998977681,0.28537306753399955,99,0.0074110227221200736,healthy,aging,perez_sle,MONO
ZNF217,0.00034641032941209104,0.3524541002270462,99,0.002717064893935807,healthy,aging,perez_sle,MONO
ZNF22,0.010313201938361587,0.2567311014884548,99,0.015096311759987536,healthy,aging,perez_sle,MONO
ZNF224,0.001843949218713568,0.30921556899893954,99,0.004699622787517766,healthy,aging,perez_sle,MONO
ZNF236,0.0012335014179619638,0.32020169824538197,99,0.003993348898520427,healthy,aging,perez_sle,MONO
ZNF24,0.00016776256441528346,0.3694349155561022,99,0.0025061613864941702,healthy,aging,perez_sle,MONO
ZNF25,0.0005018302766549972,0.34339394967036907,99,0.0030224859169850782,healthy,aging,perez_sle,MONO
ZNF254,0.7462322014084872,0.03293361630923395,99,0.7689262039557936,healthy,aging,perez_sle,MONO
ZNF26,0.18959146837197988,0.1329420724539912,99,0.2171067311774561,healthy,aging,perez_sle,MONO
ZNF263,0.0021398631166148706,0.3050415830281942,99,0.004921223674980319,healthy,aging,perez_sle,MONO
ZNF264,0.00023821773077868319,0.36134085077306927,99,0.0025717391320280113,healthy,aging,perez_sle,MONO
ZNF266,0.003382655004884609,0.29180744650077167,99,0.006326004164979008,healthy,aging,perez_sle,MONO
ZNF267,0.3947794883465634,0.08646467674116669,99,0.4266284902206764,healthy,aging,perez_sle,MONO
ZNF274,0.0016165825541702141,0.3128569692226758,99,0.004351175472906745,healthy,aging,perez_sle,MONO
ZNF276,0.0023270093370961367,0.3026635257392235,99,0.0051630728250502715,healthy,aging,perez_sle,MONO
ZNF277,0.0026162848584056226,0.2993069969615619,99,0.0053629184286179315,healthy,aging,perez_sle,MONO
ZNF280D,0.002482274455829296,0.300818054197262,99,0.005275978179179611,healthy,aging,perez_sle,MONO
ZNF281,0.9838373446521294,-0.0020622215552792227,99,0.9850020803966371,healthy,aging,perez_sle,MONO
ZNF292,0.012579961465928309,0.24998088678799127,99,0.017891500751542482,healthy,aging,perez_sle,MONO
ZNF296,0.0002949845868240157,0.35629986474905345,99,0.0025744109395550462,healthy,aging,perez_sle,MONO
ZNF3,0.003607203842763586,0.2899000463835765,99,0.006617036348508999,healthy,aging,perez_sle,MONO
ZNF302,0.005509181354317438,0.27700032416241543,99,0.009066538457390985,healthy,aging,perez_sle,MONO
ZNF316,0.7925671270658932,-0.026765530215966366,99,0.8094302574289973,healthy,aging,perez_sle,MONO
ZNF317,0.658877510936811,0.044916795616937545,99,0.6862810963826459,healthy,aging,perez_sle,MONO
ZNF318,0.01192940159275615,0.25180158689985943,99,0.017178338293568858,healthy,aging,perez_sle,MONO
ZNF32,0.009166541186998847,0.2606573731582657,99,0.013678569232412788,healthy,aging,perez_sle,MONO
ZNF326,0.0021530353578038896,0.3048681830175401,99,0.004921223674980319,healthy,aging,perez_sle,MONO
ZNF331,0.006033586307413855,-0.27415160970166935,99,0.009755940696952788,healthy,aging,perez_sle,MONO
ZNF333,0.0007702703720016748,0.332568834719534,99,0.00341289026363819,healthy,aging,perez_sle,MONO
ZNF335,0.004803223537694596,0.2812424315659177,99,0.008137225757976728,healthy,aging,perez_sle,MONO
ZNF33A,0.001347693904206024,0.31781744809888796,99,0.003993348898520427,healthy,aging,perez_sle,MONO
ZNF33B,0.4208615008996356,0.08180145502607583,99,0.4522690755936382,healthy,aging,perez_sle,MONO
ZNF34,0.002778063141235478,0.2975729968550208,99,0.005573956723057873,healthy,aging,perez_sle,MONO
ZNF350,0.0012907846051603098,0.31898170531327985,99,0.003993348898520427,healthy,aging,perez_sle,MONO
ZNF354A,0.0023900018181117356,0.30190180426385016,99,0.005211795859154594,healthy,aging,perez_sle,MONO
ZNF362,0.004039094478804788,0.286512553318298,99,0.007158518214743255,healthy,aging,perez_sle,MONO
ZNF37A,0.001072981401606887,0.3239174127593986,99,0.0038870269643117416,healthy,aging,perez_sle,MONO
ZNF384,0.0033593552474878285,0.2920118107990426,99,0.006323492230565324,healthy,aging,perez_sle,MONO
ZNF385A,0.9023366200558728,0.012490993624619195,99,0.9118349002669872,healthy,aging,perez_sle,MONO
ZNF394,0.0019306307625366666,0.3079336474916038,99,0.004752321877013333,healthy,aging,perez_sle,MONO
ZNF395,0.04066912530910774,-0.20612306980754846,99,0.05159783299129088,healthy,aging,perez_sle,MONO
ZNF397,0.0003481066202258094,0.3523364359341024,99,0.002717064893935807,healthy,aging,perez_sle,MONO
ZNF398,0.0026610483387834094,0.29881776121721637,99,0.005397055785701562,healthy,aging,perez_sle,MONO
ZNF407,0.001351712105209986,0.3177369409510843,99,0.003993348898520427,healthy,aging,perez_sle,MONO
ZNF41,0.0006136788856947327,0.33835915650387655,99,0.003100693317194439,healthy,aging,perez_sle,MONO
ZNF410,0.00123663801732557,0.32013357681262505,99,0.003993348898520427,healthy,aging,perez_sle,MONO
ZNF414,0.0006798426254264052,0.33576434920158826,99,0.0032632446020467447,healthy,aging,perez_sle,MONO
ZNF428,0.18305772796720585,0.13491140114642003,99,0.21004233328508082,healthy,aging,perez_sle,MONO
ZNF43,0.11067357305306351,0.16131774562603143,99,0.13143913005889604,healthy,aging,perez_sle,MONO
ZNF430,0.001258507918445146,0.3196629196408496,99,0.003993348898520427,healthy,aging,perez_sle,MONO
ZNF431,0.0032993091707466293,0.29254439654605163,99,0.006251322639309402,healthy,aging,perez_sle,MONO
ZNF438,0.0001258301299215599,0.37591883738306114,99,0.0021061476624156046,healthy,aging,perez_sle,MONO
ZNF44,0.0007432701716777444,0.3334853776329914,99,0.00334471577254985,healthy,aging,perez_sle,MONO
ZNF445,0.0031038572492208733,0.2943403252278263,99,0.005959405918504077,healthy,aging,perez_sle,MONO
ZNF451,0.0028132782530725393,0.29720761826114245,99,0.00557449425039896,healthy,aging,perez_sle,MONO
ZNF460,0.0012754339535463604,0.3193037339044947,99,0.003993348898520427,healthy,aging,perez_sle,MONO
ZNF467,0.30075270693956313,-0.10504944216877313,99,0.3325020330080391,healthy,aging,perez_sle,MONO
ZNF480,0.13927585226668665,0.1496565949095426,99,0.16239451600326218,healthy,aging,perez_sle,MONO
ZNF484,0.0008820021505858344,0.3290636773613116,99,0.0035280086023433375,healthy,aging,perez_sle,MONO
ZNF487,0.0025600430195385194,0.29993247557142133,99,0.0053629184286179315,healthy,aging,perez_sle,MONO
ZNF490,0.000696400156975888,0.3351512563067755,99,0.0032879220526074713,healthy,aging,perez_sle,MONO
ZNF493,0.001298522708912041,0.31882069101767246,99,0.003993348898520427,healthy,aging,perez_sle,MONO
ZNF506,0.0007083292511467761,0.3347177562801403,99,0.0032903036182301854,healthy,aging,perez_sle,MONO
ZNF511,8.915555319278206e-05,0.38351128070670176,99,0.001975138409193941,healthy,aging,perez_sle,MONO
ZNF512,0.00048822619167026855,0.34407516399793875,99,0.0030224859169850782,healthy,aging,perez_sle,MONO
ZNF516,0.008721478180710682,0.26229848040195636,99,0.013116374496316847,healthy,aging,perez_sle,MONO
ZNF518A,0.0013773094050471201,0.3172291266341687,99,0.0040270569406453864,healthy,aging,perez_sle,MONO
ZNF518B,0.0736125811760856,0.1806146896688244,99,0.08964238215100487,healthy,aging,perez_sle,MONO
ZNF524,0.0008674245843150395,0.32949717738794687,99,0.003518567327925794,healthy,aging,perez_sle,MONO
ZNF561,0.7042169883430678,0.038631045230726094,99,0.7295485346863436,healthy,aging,perez_sle,MONO
ZNF562,0.002265023590788012,0.3034314400721203,99,0.0050764731062019255,healthy,aging,perez_sle,MONO
ZNF564,0.0003627904390203275,0.3513393858728412,99,0.002717064893935807,healthy,aging,perez_sle,MONO
ZNF580,8.387863730651775e-05,0.38483655221670104,99,0.0019325638035421688,healthy,aging,perez_sle,MONO
ZNF581,0.000335784981187995,0.35320343598737297,99,0.002717064893935807,healthy,aging,perez_sle,MONO
ZNF585A,0.00019712886372062839,0.36573777961465564,99,0.0025717391320280113,healthy,aging,perez_sle,MONO
ZNF586,0.3749994889249937,0.09012465553747306,99,0.4075466143788611,healthy,aging,perez_sle,MONO
ZNF587,0.6422050929788247,0.04727008147581473,99,0.672563879192369,healthy,aging,perez_sle,MONO
ZNF592,0.0011203203397499237,0.3227717341175768,99,0.003943039872760721,healthy,aging,perez_sle,MONO
ZNF598,0.5523936697037584,0.060429903712956916,99,0.5870456711242893,healthy,aging,perez_sle,MONO
ZNF600,0.5623089186566953,0.058931232192303555,99,0.5964823888513011,healthy,aging,perez_sle,MONO
ZNF609,0.009703378908820184,0.2587685516136406,99,0.014344474522006021,healthy,aging,perez_sle,MONO
ZNF611,0.0014794485878800855,0.31528456937183336,99,0.0041489383275197834,healthy,aging,perez_sle,MONO
ZNF621,0.026515118327773667,0.22299241370118394,99,0.035271843318239335,healthy,aging,perez_sle,MONO
ZNF639,0.004024177878026681,0.28662402475371845,99,0.007154094005380767,healthy,aging,perez_sle,MONO
ZNF641,0.0008403314589234317,0.3303208274385539,99,0.0034923613321656047,healthy,aging,perez_sle,MONO
ZNF644,0.013209159211886912,0.24829642954163708,99,0.01865823372911006,healthy,aging,perez_sle,MONO
ZNF652,0.003811774319175499,0.28825274628236247,99,0.00692612620771321,healthy,aging,perez_sle,MONO
ZNF654,0.000996315492999902,0.3258743557367807,99,0.0036802999228616948,healthy,aging,perez_sle,MONO
ZNF655,0.0012928638086907493,0.3189383553106164,99,0.003993348898520427,healthy,aging,perez_sle,MONO
ZNF664,0.6911482972601772,-0.04042697391250079,99,0.718594619534047,healthy,aging,perez_sle,MONO
ZNF672,0.004656070630406121,0.2821961316245154,99,0.008078002057572066,healthy,aging,perez_sle,MONO
ZNF675,0.003435430291864835,0.291349175044043,99,0.006403908893573284,healthy,aging,perez_sle,MONO
ZNF687,0.02290064884040226,0.22852263546954535,99,0.030964257587022773,healthy,aging,perez_sle,MONO
ZNF688,0.0002799844823566126,0.35753843625372567,99,0.0025717391320280113,healthy,aging,perez_sle,MONO
ZNF689,0.020828020817191234,0.2320401785428144,99,0.028361560261707212,healthy,aging,perez_sle,MONO
ZNF699,0.0017809669260995537,0.31018165477258386,99,0.004613527826141137,healthy,aging,perez_sle,MONO
ZNF7,0.0005348481703153557,0.3418085781443886,99,0.003067897484647193,healthy,aging,perez_sle,MONO
ZNF700,0.0007973982527146969,0.33167706323616997,99,0.00347955601184595,healthy,aging,perez_sle,MONO
ZNF703,0.008159750884852119,0.26447836625017945,99,0.012466887293567165,healthy,aging,perez_sle,MONO
ZNF706,3.104334559417426e-05,0.4056693249252875,99,0.0018894242064075384,healthy,aging,perez_sle,MONO
ZNF708,0.0008549009511030386,0.3298749416968719,99,0.0034923613321656047,healthy,aging,perez_sle,MONO
ZNF710,0.0015532964739683277,0.3139531050043107,99,0.004260470328598842,healthy,aging,perez_sle,MONO
ZNF714,0.21353995671797865,0.12611754346324736,99,0.24308105744971484,healthy,aging,perez_sle,MONO
ZNF721,0.00613158088834109,0.27364379538475375,99,0.009837856801349493,healthy,aging,perez_sle,MONO
ZNF736,0.00420732860381071,0.28528017467114913,99,0.007411074237905104,healthy,aging,perez_sle,MONO
ZNF746,0.002408205189266961,0.30168505425053255,99,0.005214760109089359,healthy,aging,perez_sle,MONO
ZNF75A,0.0018992289894252952,0.3083919189483325,99,0.004735739817787749,healthy,aging,perez_sle,MONO
ZNF75D,0.000976793654342622,0.326394555768743,99,0.0036799428337923575,healthy,aging,perez_sle,MONO
ZNF76,0.0015372211790543604,0.3142379764503853,99,0.004260470328598842,healthy,aging,perez_sle,MONO
ZNF766,0.0017686855321838682,0.31037363335580803,99,0.004609786726415874,healthy,aging,perez_sle,MONO
ZNF770,0.0015532964739683277,0.3139531050043107,99,0.004260470328598842,healthy,aging,perez_sle,MONO
ZNF780B,0.0004830008968510317,0.34434145687144324,99,0.0030224859169850782,healthy,aging,perez_sle,MONO
ZNF787,0.003557251824041427,0.29031496783764166,99,0.00654625255798039,healthy,aging,perez_sle,MONO
ZNF789,0.022370342989460657,0.22939582838033923,99,0.03031839426336315,healthy,aging,perez_sle,MONO
ZNF791,0.004314415056377889,0.2845184531957758,99,0.007576533757541659,healthy,aging,perez_sle,MONO
ZNF800,0.0015769831803589059,0.31353818355024554,99,0.004284633546635518,healthy,aging,perez_sle,MONO
ZNF808,0.0008801154503562594,0.32911941307902187,99,0.0035280086023433375,healthy,aging,perez_sle,MONO
ZNF814,0.14806801696713384,0.14644250185491828,99,0.17194995518763928,healthy,aging,perez_sle,MONO
ZNF821,0.2667018135039554,0.11270381406764736,99,0.29945466779391483,healthy,aging,perez_sle,MONO
ZNF83,0.00471959059961284,0.2817812101704502,99,0.008114118725794995,healthy,aging,perez_sle,MONO
ZNF830,0.0010835658978365368,0.3236573127434174,99,0.003900837232211532,healthy,aging,perez_sle,MONO
ZNF841,0.0028476801970479396,0.2968546253823109,99,0.005580392206099944,healthy,aging,perez_sle,MONO
ZNF846,0.0005593825991384646,0.3406876709326603,99,0.0030892029924840672,healthy,aging,perez_sle,MONO
ZNF880,0.06581304221195573,0.18564328997779356,99,0.08100066733779167,healthy,aging,perez_sle,MONO
ZNF91,0.2638820806328752,0.11336644982264699,99,0.2968673407119846,healthy,aging,perez_sle,MONO
ZNF92,0.002056001846632285,0.3061686830974459,99,0.004893624230000811,healthy,aging,perez_sle,MONO
ZSCAN16,0.002594437252907329,0.299548518404973,99,0.0053629184286179315,healthy,aging,perez_sle,MONO
ZSCAN18,0.6500810849369267,-0.04615536712160974,99,0.6795765969576585,healthy,aging,perez_sle,MONO
ZXDC,0.002770357366608119,0.2976535040028245,99,0.005573956723057873,healthy,aging,perez_sle,MONO
ZZZ3,0.02350762925406754,0.22754416398085425,99,0.03156269102644033,healthy,aging,perez_sle,MONO
ADNP,0.0014823688704392437,-0.11260551562821347,794,0.0038988331934840382,healthy,aging,onek1k,MONO
ADNP2,0.003374497975705953,-0.10391306782073265,794,0.005617661369961355,healthy,aging,onek1k,MONO
AEBP2,0.0016812990561701682,-0.1113136069333356,794,0.004051859216367519,healthy,aging,onek1k,MONO
AHCTF1,0.0018169435218081255,-0.11051095985876995,794,0.004251192432590284,healthy,aging,onek1k,MONO
AHR,9.450726404140405e-08,-0.1880070894293658,794,7.77659772683471e-06,healthy,aging,onek1k,MONO
AKAP8,0.0019762555126193095,-0.10963565550924922,794,0.004400756090293449,healthy,aging,onek1k,MONO
AKAP8L,0.004092580063787607,-0.10178136811765696,794,0.006476170650389181,healthy,aging,onek1k,MONO
AKNA,0.0006060989829645182,-0.1214268161970709,794,0.0031379300466354803,healthy,aging,onek1k,MONO
ANKZF1,0.002169009144456144,-0.10865920647795932,794,0.0045116031715370175,healthy,aging,onek1k,MONO
ARHGAP35,0.0015263455078751566,-0.11230675754614569,794,0.003924888448821831,healthy,aging,onek1k,MONO
ARID2,0.0009674810424971261,-0.11688860203856882,794,0.0035984313571236766,healthy,aging,onek1k,MONO
ARID3A,0.0019220787621171903,-0.10992581701274556,794,0.004362917413890309,healthy,aging,onek1k,MONO
ARID3B,0.002118551821198583,-0.10890688865387055,794,0.004503639196346716,healthy,aging,onek1k,MONO
ARID5A,6.450771207125805e-05,-0.14131199731488858,794,0.0008846771941201101,healthy,aging,onek1k,MONO
ARID5B,0.837076315345935,-0.007309118036442476,794,0.8473742665013331,healthy,aging,onek1k,MONO
ARNT,0.000948955082503152,-0.11707935735944924,794,0.0035984313571236766,healthy,aging,onek1k,MONO
ASCL2,0.042041062075377424,-0.07217208981554164,794,0.04892050859680282,healthy,aging,onek1k,MONO
ASH1L,0.0002577616511108902,-0.12934918081757318,794,0.002033845356710586,healthy,aging,onek1k,MONO
ATF1,0.010181791422847404,-0.09114518233968642,794,0.01332889058990933,healthy,aging,onek1k,MONO
ATF2,0.000950452969732456,-0.11706380678426495,794,0.0035984313571236766,healthy,aging,onek1k,MONO
ATF3,0.4637082087990555,0.02604109871251024,794,0.48474760121280575,healthy,aging,onek1k,MONO
ATF4,0.0005615845336321664,-0.1221526096194151,794,0.0029951175127048875,healthy,aging,onek1k,MONO
ATF5,0.03140606692434326,-0.07637645218837966,794,0.037375815182689495,healthy,aging,onek1k,MONO
ATF6,0.0008021285918062266,-0.11872618365386842,794,0.003553306119946496,healthy,aging,onek1k,MONO
ATF6B,0.3429587315693503,-0.03369869590680246,794,0.3644727479408594,healthy,aging,onek1k,MONO
ATF7,0.0026572813379784803,-0.10650183693566273,794,0.004738681271441501,healthy,aging,onek1k,MONO
ATMIN,0.001969159430190579,-0.10967324305990667,794,0.004400756090293449,healthy,aging,onek1k,MONO
BACH1,0.0002186406028811931,-0.13082381176827867,794,0.0018128946305211622,healthy,aging,onek1k,MONO
BACH2,0.0019314998967743554,-0.10987482503413436,794,0.004362917413890309,healthy,aging,onek1k,MONO
BATF,2.429297945835495e-06,-0.16638738972191086,794,9.328504112008261e-05,healthy,aging,onek1k,MONO
BATF3,0.03770013764269353,0.07376473488462715,794,0.044316896494268315,healthy,aging,onek1k,MONO
BAZ2A,0.0024109679336302143,-0.10754017653680709,794,0.004623945306581209,healthy,aging,onek1k,MONO
BAZ2B,5.893645328713964e-06,-0.15998510881273365,794,0.00015112281794497936,healthy,aging,onek1k,MONO
BBX,0.1724367732341068,-0.04846920052621043,794,0.18918777406256287,healthy,aging,onek1k,MONO
BCL11A,0.002402973718982546,-0.10757547406444204,794,0.004623945306581209,healthy,aging,onek1k,MONO
BCL11B,0.028893955562123905,-0.07754565881198851,794,0.034745132366979896,healthy,aging,onek1k,MONO
BCL6,0.0010978222272662052,-0.11563471252172437,794,0.003655176895406556,healthy,aging,onek1k,MONO
BHLHE40,0.03541381682988165,-0.07466718380023672,794,0.04197193105763751,healthy,aging,onek1k,MONO
BPTF,0.0005767994184854813,-0.12189870481550028,794,0.003020331500433066,healthy,aging,onek1k,MONO
CAMTA1,2.689935422638328e-07,-0.18132300380227703,794,1.7215586704884657e-05,healthy,aging,onek1k,MONO
CAMTA2,0.00642877844371603,-0.09663495501746408,794,0.009031649716049837,healthy,aging,onek1k,MONO
CARF,7.675142811323107e-05,-0.13986371961341595,794,0.0009824182798493575,healthy,aging,onek1k,MONO
CC2D1A,0.0022795566636920356,-0.10813447947492151,794,0.004574998739674608,healthy,aging,onek1k,MONO
CDC5L,0.0036526415926944928,-0.10304253535164626,794,0.005902604785291873,healthy,aging,onek1k,MONO
CEBPA,0.38627747022652004,-0.03078817256238485,794,0.40824921623940463,healthy,aging,onek1k,MONO
CEBPB,2.698469879760326e-06,0.16564093813376674,794,9.714491567137139e-05,healthy,aging,onek1k,MONO
CEBPD,0.5340044360930114,0.022102702730815556,794,0.5572220202709685,healthy,aging,onek1k,MONO
CEBPG,0.002006559310695542,-0.10947651689365864,794,0.0044453006267716625,healthy,aging,onek1k,MONO
CEBPZ,0.015253313655931846,-0.08608219321954921,794,0.019225183076185433,healthy,aging,onek1k,MONO
CENPB,0.0005521360820366053,-0.12231352270310686,794,0.0029951175127048875,healthy,aging,onek1k,MONO
CENPT,0.0023489127593735184,-0.10781702952954435,794,0.004623945306581209,healthy,aging,onek1k,MONO
CENPX,0.035957604544325034,-0.07444814489658089,794,0.04252891215098813,healthy,aging,onek1k,MONO
CGGBP1,0.0013277938136209216,-0.11372462949691103,794,0.003895873276189034,healthy,aging,onek1k,MONO
CHAMP1,0.002459207451862661,-0.10732942248084001,794,0.004624126655966833,healthy,aging,onek1k,MONO
CHCHD3,0.09558254277878375,-0.05918884625318467,794,0.10729334850173615,healthy,aging,onek1k,MONO
CIC,0.0030146219832973085,-0.10514176708432946,794,0.00512218956454056,healthy,aging,onek1k,MONO
CLOCK,0.002618761362509504,-0.10665826589050413,794,0.004713770452517107,healthy,aging,onek1k,MONO
CREB1,0.0009106089308550906,-0.11748538683409508,794,0.0035984313571236766,healthy,aging,onek1k,MONO
CREB3,0.01324430428944597,-0.08787843452395026,794,0.016953821516271606,healthy,aging,onek1k,MONO
CREB3L2,9.545070803217001e-06,-0.15639513204064207,794,0.0002290816992772078,healthy,aging,onek1k,MONO
CREB5,1.759910647234259e-08,-0.1982702772166016,794,2.5342713320158935e-06,healthy,aging,onek1k,MONO
CREBL2,0.004171153063056799,-0.10156916331412069,794,0.006564437607433651,healthy,aging,onek1k,MONO
CREBZF,0.0014954828731284105,-0.11251558126857023,794,0.0039154460678271115,healthy,aging,onek1k,MONO
CREM,0.003975652442677705,-0.10210409350874047,794,0.0063434232880397725,healthy,aging,onek1k,MONO
CSRNP1,0.24163647741723215,-0.04160145745064607,794,0.26064159361858746,healthy,aging,onek1k,MONO
CTCF,0.00824997291728633,-0.0936904889757861,794,0.01107688671411871,healthy,aging,onek1k,MONO
CUX1,0.5779956463556232,0.019772094745313346,794,0.6020352482836148,healthy,aging,onek1k,MONO
CXXC1,0.0022677845801379187,-0.10818923620342313,794,0.004567286427130913,healthy,aging,onek1k,MONO
CXXC5,2.9120195154279153e-05,-0.14776881913887943,794,0.0005110968873273318,healthy,aging,onek1k,MONO
DBP,0.01748248744509644,-0.08431790433061932,794,0.02168630035780913,healthy,aging,onek1k,MONO
DDIT3,0.004644120185350114,-0.10036338826004765,794,0.007039508491478067,healthy,aging,onek1k,MONO
DEAF1,0.0005107833735010321,-0.12304935146194237,794,0.0029060383095421156,healthy,aging,onek1k,MONO
DMTF1,0.0015531498434223352,-0.11212851941916842,794,0.003952680061877845,healthy,aging,onek1k,MONO
DNMT1,0.008273738379984286,-0.09365607868220176,794,0.011082961178769649,healthy,aging,onek1k,MONO
DNTTIP1,0.002210863955603972,-0.10845772042092629,794,0.0045212121213396754,healthy,aging,onek1k,MONO
DOT1L,0.002071243386134443,-0.1091440678969665,794,0.004503639196346716,healthy,aging,onek1k,MONO
DR1,0.016866857224198666,-0.08478446954474507,794,0.021074424644551913,healthy,aging,onek1k,MONO
DRAP1,0.0065548678334577115,0.09640838661402741,794,0.009164087068135053,healthy,aging,onek1k,MONO
E2F3,0.0003591665706933892,-0.12632915600580166,794,0.002450872382400257,healthy,aging,onek1k,MONO
E2F4,0.011843200486356937,-0.0892794969863514,794,0.015329625798071003,healthy,aging,onek1k,MONO
E4F1,0.00014616248808854956,-0.1343683357797507,794,0.0014770104059474481,healthy,aging,onek1k,MONO
EEA1,0.00492149952615566,-0.09970696694874141,794,0.007363074615754962,healthy,aging,onek1k,MONO
EGR1,0.013124620431160217,-0.08799286373717985,794,0.016874511982920278,healthy,aging,onek1k,MONO
ELF1,0.011495090060953235,-0.08965027689195963,794,0.014912549268263655,healthy,aging,onek1k,MONO
ELF2,0.017507169559689662,-0.0842995002188939,794,0.02168630035780913,healthy,aging,onek1k,MONO
ELF4,0.027717526293046284,-0.07812349996156938,794,0.033540536018476175,healthy,aging,onek1k,MONO
ELK1,0.0034518567425622505,-0.10366459432796547,794,0.005680769953473876,healthy,aging,onek1k,MONO
ELK3,9.375349318779955e-05,-0.13817853843078207,794,0.0011080282619559643,healthy,aging,onek1k,MONO
ELK4,0.0014816290180966227,-0.1126106112291798,794,0.0038988331934840382,healthy,aging,onek1k,MONO
ERF,0.00047807087739530505,-0.1236718180863389,794,0.0028986192145231127,healthy,aging,onek1k,MONO
ESRRA,0.007974085811378954,-0.09409656640902926,794,0.010744064607869171,healthy,aging,onek1k,MONO
ETS1,0.019825788213984386,-0.0826641240395873,794,0.024348942454701504,healthy,aging,onek1k,MONO
ETS2,0.020493984154837653,-0.0822238641160971,794,0.0250627067371263,healthy,aging,onek1k,MONO
ETV3,0.0025900446289103592,-0.10677625602958546,794,0.004691401591988575,healthy,aging,onek1k,MONO
ETV6,3.420825762364174e-05,-0.14648331291674513,794,0.0005629701826062182,healthy,aging,onek1k,MONO
FAM200B,0.008955205959633401,-0.09270508367644482,794,0.011885250305872902,healthy,aging,onek1k,MONO
FLI1,0.011930039854605194,-0.0891885075375669,794,0.015407405731508053,healthy,aging,onek1k,MONO
FOS,0.6381694036815988,0.016714062745157722,794,0.66112513762698,healthy,aging,onek1k,MONO
FOSB,0.4455026129892148,-0.027113261114421652,794,0.46656273651234126,healthy,aging,onek1k,MONO
FOSL1,0.2037583572978551,0.045151268897473736,794,0.22144304491238592,healthy,aging,onek1k,MONO
FOSL2,0.007083671934248618,-0.09549886380531167,794,0.009678621347326905,healthy,aging,onek1k,MONO
FOXJ2,2.9832119992758332e-05,-0.1475766850083258,794,0.0005110968873273318,healthy,aging,onek1k,MONO
FOXJ3,0.0015147615469074584,-0.11238467827715774,794,0.0039182192947910845,healthy,aging,onek1k,MONO
FOXK1,0.0021120394457505433,-0.10893924871741903,794,0.004503639196346716,healthy,aging,onek1k,MONO
FOXK2,0.00020012520529465164,-0.13161021286799876,794,0.001766416914792629,healthy,aging,onek1k,MONO
FOXN2,0.001047880644173921,-0.11609802854088101,794,0.0036142470122405893,healthy,aging,onek1k,MONO
FOXN3,0.0001774145227214912,-0.1326737906809881,794,0.0016752584440586711,healthy,aging,onek1k,MONO
FOXO1,0.01648346003145241,-0.08508262814434622,794,0.020685126313979493,healthy,aging,onek1k,MONO
FOXO3,0.00251328561854537,-0.10709760261099571,794,0.00463636482118955,healthy,aging,onek1k,MONO
FOXP1,0.020389268358294643,-0.0822920252725525,794,0.024987699094420668,healthy,aging,onek1k,MONO
GABPA,0.0022292087542716455,-0.10837050771168154,794,0.0045212121213396754,healthy,aging,onek1k,MONO
GATAD2A,0.0015961353135196456,-0.1118485011590074,794,0.003975945580566968,healthy,aging,onek1k,MONO
GATAD2B,0.0007994193674329545,-0.11875911922058485,794,0.003553306119946496,healthy,aging,onek1k,MONO
GLI4,0.00264774463638587,-0.10654037166861743,794,0.004736338231547395,healthy,aging,onek1k,MONO
GLMP,0.0023865081973257173,-0.10764851500817574,794,0.004623945306581209,healthy,aging,onek1k,MONO
GLYR1,0.0010031646747260228,-0.1165305071819544,794,0.0035984313571236766,healthy,aging,onek1k,MONO
GMEB1,0.010399072052002892,-0.09088645769673995,794,0.013582461455677246,healthy,aging,onek1k,MONO
GMEB2,3.878496392987305e-05,-0.14547346072241482,794,0.0006037875465839695,healthy,aging,onek1k,MONO
GPBP1,0.009050282814454831,-0.09257757375579345,794,0.011956336929188035,healthy,aging,onek1k,MONO
GPBP1L1,0.03937359814743766,-0.07313321607498457,794,0.046095919782366046,healthy,aging,onek1k,MONO
GTF2B,0.023433800510163867,-0.0804239180100523,794,0.028536721128656208,healthy,aging,onek1k,MONO
GTF2I,4.1341312357094856e-08,-0.19312509905028996,794,4.762519183536176e-06,healthy,aging,onek1k,MONO
GTF2IRD2B,0.0008829193506774056,-0.11778853312781856,794,0.0035984313571236766,healthy,aging,onek1k,MONO
GTF3A,0.8668745474783323,0.0059582922047445985,794,0.8729366072509079,healthy,aging,onek1k,MONO
GZF1,1.4972497658694832e-05,-0.15296968922634063,794,0.00033169840966954683,healthy,aging,onek1k,MONO
HBP1,0.004556186271027133,-0.10057889021715039,794,0.006942760032041346,healthy,aging,onek1k,MONO
HES1,0.14936717569714944,0.051213619268775296,794,0.16545287154145785,healthy,aging,onek1k,MONO
HES4,0.011057738560350135,0.09013047433737646,794,0.01437755623196767,healthy,aging,onek1k,MONO
HHEX,0.07405688001105777,-0.06342814646417765,794,0.08463643429835174,healthy,aging,onek1k,MONO
HIC2,0.0036239418047020987,-0.1031295202575537,794,0.005896583275447482,healthy,aging,onek1k,MONO
HIF1A,2.3070399785328412e-05,-0.14960923031142148,794,0.00042866291214029543,healthy,aging,onek1k,MONO
HIVEP1,0.0033714365076224096,-0.10392300724002931,794,0.005617661369961355,healthy,aging,onek1k,MONO
HIVEP2,0.002302144685062093,-0.10803013355678057,794,0.004588357572995728,healthy,aging,onek1k,MONO
HIVEP3,0.004405138289335918,-0.10095800292904472,794,0.00678269911719803,healthy,aging,onek1k,MONO
HLX,5.178114066916699e-08,-0.19174507842246738,794,4.970989504239071e-06,healthy,aging,onek1k,MONO
HMBOX1,0.0008472516127567551,-0.11819226058979257,794,0.0035984313571236766,healthy,aging,onek1k,MONO
HMG20A,0.0025540060900430617,-0.10692603072904731,794,0.00467018256465017,healthy,aging,onek1k,MONO
HMG20B,0.09924444214086564,-0.05854610513176685,794,0.11099960907405555,healthy,aging,onek1k,MONO
HMGA1,0.002180437972968516,-0.10860383827734174,794,0.0045116031715370175,healthy,aging,onek1k,MONO
HMGN3,6.034418077664117e-06,-0.15981117496986677,794,0.00015112281794497936,healthy,aging,onek1k,MONO
HOXB2,0.0008704196208701566,-0.11792827249078909,794,0.0035984313571236766,healthy,aging,onek1k,MONO
HSF1,0.41948267419286034,-0.028689983929193568,794,0.44091609550198463,healthy,aging,onek1k,MONO
IKZF1,0.8876308663227152,-0.005022524053639955,794,0.8922781483453472,healthy,aging,onek1k,MONO
IKZF3,0.0494267552997366,-0.06975634333012921,794,0.05716829528644233,healthy,aging,onek1k,MONO
IKZF5,0.0022994815934006237,-0.10804238697839842,794,0.004588357572995728,healthy,aging,onek1k,MONO
IRF1,0.7009362873295462,-0.013650539485607802,794,0.7209630383961046,healthy,aging,onek1k,MONO
IRF2,0.6774807600107158,-0.014782338403299173,794,0.6980839316031704,healthy,aging,onek1k,MONO
IRF3,0.009022198683567158,-0.09261511334785356,794,0.01194663549824065,healthy,aging,onek1k,MONO
IRF4,0.0001533763830783179,-0.13394888988750175,794,0.0014973694347984933,healthy,aging,onek1k,MONO
IRF5,0.03396419343393535,-0.07526541934333222,794,0.04033685653184899,healthy,aging,onek1k,MONO
IRF7,0.8971665634907431,0.004593822152106313,794,0.9002925793914077,healthy,aging,onek1k,MONO
IRF8,0.001977979299563039,-0.10962654337575649,794,0.004400756090293449,healthy,aging,onek1k,MONO
IRF9,0.6224589360215262,-0.01749973247626853,794,0.6471775219285183,healthy,aging,onek1k,MONO
JAZF1,0.0016017223304723557,-0.11181261613855514,794,0.003975945580566968,healthy,aging,onek1k,MONO
JDP2,0.0004972278512184615,-0.12330265678339057,794,0.0029060383095421156,healthy,aging,onek1k,MONO
JUN,0.21013842051710394,-0.04452195618330835,794,0.2279467612388924,healthy,aging,onek1k,MONO
JUNB,7.24075430574546e-11,0.22852294408119872,794,4.170674479533385e-08,healthy,aging,onek1k,MONO
JUND,0.978796715477199,-0.0009446884502080407,794,0.9798831235346627,healthy,aging,onek1k,MONO
KAT7,0.0012004958914494871,-0.1147403326401156,794,0.0037655907920292773,healthy,aging,onek1k,MONO
KCMF1,0.005195722176654606,-0.09909006352163519,794,0.007584521713521526,healthy,aging,onek1k,MONO
KDM2A,0.0004958635072203884,-0.12332850646735148,794,0.0029060383095421156,healthy,aging,onek1k,MONO
KDM2B,0.001024225150109462,-0.11632464490291501,794,0.0035984313571236766,healthy,aging,onek1k,MONO
KDM5B,0.002362667819324976,-0.10775509100109254,794,0.004623945306581209,healthy,aging,onek1k,MONO
KIN,0.009967086137932008,-0.09140570543003279,794,0.013077543543163636,healthy,aging,onek1k,MONO
KLF10,0.002206200332332547,-0.10847999718938611,794,0.0045212121213396754,healthy,aging,onek1k,MONO
KLF11,0.0954795697610679,-0.05920720240631276,794,0.10729334850173615,healthy,aging,onek1k,MONO
KLF12,0.39355332992170367,-0.03031942523208058,794,0.41517713925806105,healthy,aging,onek1k,MONO
KLF13,0.0003036966398016709,-0.12786447856142838,794,0.0022288392990542916,healthy,aging,onek1k,MONO
KLF16,0.005182249596645847,-0.09911967795548651,794,0.007584521713521526,healthy,aging,onek1k,MONO
KLF2,5.425006783013725e-07,0.17669824835489278,794,2.9644434082107708e-05,healthy,aging,onek1k,MONO
KLF3,0.09114456507001148,0.05999474252271944,794,0.10293974407907179,healthy,aging,onek1k,MONO
KLF4,0.08051557915753114,0.06206161419185417,794,0.09165409801331609,healthy,aging,onek1k,MONO
KLF6,0.799269975196738,-0.009038541025113388,794,0.8119568001998608,healthy,aging,onek1k,MONO
KLF7,0.0012737294303394487,-0.11414454298548392,794,0.003801389387956075,healthy,aging,onek1k,MONO
KLF9,0.009591310294076897,-0.09187392521576643,794,0.012613229975772359,healthy,aging,onek1k,MONO
KMT2A,0.0012927084411388807,-0.11399529583059272,794,0.0038381446499793567,healthy,aging,onek1k,MONO
KMT2B,9.425934867333727e-05,-0.13813295378401982,794,0.0011080282619559643,healthy,aging,onek1k,MONO
L3MBTL3,0.09574441168384094,-0.05916002313618928,794,0.10729334850173615,healthy,aging,onek1k,MONO
LCOR,0.0010470790527655014,-0.11610562997855783,794,0.0036142470122405893,healthy,aging,onek1k,MONO
LCORL,0.001203039174702881,-0.11471908698149837,794,0.0037655907920292773,healthy,aging,onek1k,MONO
LEF1,0.028844792267785295,-0.07756939831766689,794,0.034745132366979896,healthy,aging,onek1k,MONO
LIN54,0.003415625664836088,-0.10378033041297231,794,0.005653009574427387,healthy,aging,onek1k,MONO
LYL1,0.6699197361245846,0.015150336710262259,794,0.692182776920954,healthy,aging,onek1k,MONO
MAF,0.009111283216341373,-0.09249639184016295,794,0.012009380166161626,healthy,aging,onek1k,MONO
MAFB,0.0004129087848841809,0.12503987304412761,794,0.002642616223258758,healthy,aging,onek1k,MONO
MAFF,0.3141716082465817,0.03576452447644526,794,0.33573811938781273,healthy,aging,onek1k,MONO
MAFG,2.981419318104333e-06,-0.16492955626992026,794,0.00010101750160165234,healthy,aging,onek1k,MONO
MAX,0.0011902186117238932,-0.11482661015671242,794,0.0037655907920292773,healthy,aging,onek1k,MONO
MAZ,0.0004001226512199754,-0.12533177304677717,794,0.0026189846261671116,healthy,aging,onek1k,MONO
MBD1,0.0023273585769692604,-0.10791475716125372,794,0.0046067303791556494,healthy,aging,onek1k,MONO
MBD2,0.4304493657568328,-0.02801873142166302,794,0.45161900669569344,healthy,aging,onek1k,MONO
MBD4,0.000898870031277822,-0.11761284879614912,794,0.0035984313571236766,healthy,aging,onek1k,MONO
MBD6,0.0005740377407586147,-0.12194432543121053,794,0.003020331500433066,healthy,aging,onek1k,MONO
MBNL2,0.0010757347438464667,-0.11583716974035335,794,0.003623527558219677,healthy,aging,onek1k,MONO
MECP2,0.006580644991200163,-0.09636255018462918,794,0.00916613548846776,healthy,aging,onek1k,MONO
MEF2A,0.00021669503857569365,-0.13090344701914527,794,0.0018128946305211622,healthy,aging,onek1k,MONO
MEF2C,0.0010024687901422965,-0.11653737725102194,794,0.0035984313571236766,healthy,aging,onek1k,MONO
MEF2D,0.000648145720045716,-0.12078538194743033,794,0.0032748415328625654,healthy,aging,onek1k,MONO
MGA,0.0014807329462376408,-0.11261678589858604,794,0.0038988331934840382,healthy,aging,onek1k,MONO
MLX,0.7712214292952132,0.010335317517620256,794,0.7862363597770669,healthy,aging,onek1k,MONO
MLXIP,6.175923767105872e-07,-0.17583029366041286,794,2.9644434082107708e-05,healthy,aging,onek1k,MONO
MNT,0.00240800800730983,-0.10755323326493019,794,0.004623945306581209,healthy,aging,onek1k,MONO
MTERF1,0.0022618385977240226,-0.10821699224162792,794,0.004567286427130913,healthy,aging,onek1k,MONO
MTERF3,0.00869663093885076,-0.09305807094244359,794,0.01159550791846768,healthy,aging,onek1k,MONO
MTERF4,0.0014324324094915943,-0.11295481008221782,794,0.0038988331934840382,healthy,aging,onek1k,MONO
MTF1,0.00650725542685827,-0.0964934771553403,794,0.009119657240560495,healthy,aging,onek1k,MONO
MTF2,0.0025216397988768293,-0.10706219717651679,794,0.00463636482118955,healthy,aging,onek1k,MONO
MXD1,0.0003048978347857878,-0.1278285455823788,794,0.0022288392990542916,healthy,aging,onek1k,MONO
MXD3,0.780704300843303,0.009895441262908705,794,0.7944976630490151,healthy,aging,onek1k,MONO
MXD4,0.004692683104498566,-0.1002459496448356,794,0.007094450047745862,healthy,aging,onek1k,MONO
MXI1,0.0017011596085670594,-0.11119245152683047,794,0.004051859216367519,healthy,aging,onek1k,MONO
MYBL1,0.015000527777266192,-0.08629632835662805,794,0.018989679120231487,healthy,aging,onek1k,MONO
MYC,0.00012275714715887946,-0.1358776288066765,794,0.0013341154106323503,healthy,aging,onek1k,MONO
MYCL,6.065444215080414e-07,-0.17595140110832072,794,2.9644434082107708e-05,healthy,aging,onek1k,MONO
MYNN,0.0036386833770782378,-0.10308476289659539,794,0.005902604785291873,healthy,aging,onek1k,MONO
MYSM1,0.0013459701075722531,-0.11358698832257369,794,0.003895873276189034,healthy,aging,onek1k,MONO
MZF1,0.001928804151474616,-0.10988939245807336,794,0.004362917413890309,healthy,aging,onek1k,MONO
NACC2,0.0009712756417449857,-0.11684994740912077,794,0.0035984313571236766,healthy,aging,onek1k,MONO
NCOA1,0.0006101530646235656,-0.12136319911771254,794,0.0031379300466354803,healthy,aging,onek1k,MONO
NCOA2,0.005147238260966678,-0.09919696323508395,794,0.00756328887325716,healthy,aging,onek1k,MONO
NCOA3,0.01745639135706133,-0.08433738751078468,794,0.02168630035780913,healthy,aging,onek1k,MONO
NFAT5,0.03644555439359355,-0.07425398451529003,794,0.043017703546536654,healthy,aging,onek1k,MONO
NFATC1,0.7521620788610952,0.011224290067380068,794,0.7681655273475015,healthy,aging,onek1k,MONO
NFATC2,0.02966158318103479,-0.07717942298347728,794,0.035593899817241745,healthy,aging,onek1k,MONO
NFATC3,0.0028730356481473343,-0.1056621178653609,794,0.004987192870878199,healthy,aging,onek1k,MONO
NFE2,0.000983182064662212,-0.11672955934017291,794,0.0035984313571236766,healthy,aging,onek1k,MONO
NFE2L1,0.00798343689612501,-0.09408259846755689,794,0.010744064607869171,healthy,aging,onek1k,MONO
NFE2L2,0.005519263474426576,-0.09839889620656331,794,0.007986452820195803,healthy,aging,onek1k,MONO
NFE2L3,0.0006366540830668451,-0.1209567619949894,794,0.0032452455915619716,healthy,aging,onek1k,MONO
NFIA,0.0007013300200748492,-0.12002722846153767,794,0.003423441453924688,healthy,aging,onek1k,MONO
NFIC,0.00016464837563208594,-0.13332921685139973,794,0.001580624406068025,healthy,aging,onek1k,MONO
NFIL3,0.18890600039834576,-0.04667393038340532,794,0.20607927316183175,healthy,aging,onek1k,MONO
NFKB1,0.0076720255382969164,-0.09455582992671151,794,0.010374658623675731,healthy,aging,onek1k,MONO
NFKB2,0.004015614050242035,-0.10199284155258398,794,0.006389485339611636,healthy,aging,onek1k,MONO
NFX1,0.001589160481717127,-0.11189346234400434,794,0.003975945580566968,healthy,aging,onek1k,MONO
NFXL1,0.0002478627222187109,-0.1297014007460147,794,0.001982901777749687,healthy,aging,onek1k,MONO
NFYA,0.0024672695884746976,-0.10729456857023036,794,0.004624126655966833,healthy,aging,onek1k,MONO
NFYB,0.014071720458098244,-0.0871113967079022,794,0.017853107893974866,healthy,aging,onek1k,MONO
NFYC,0.04171510446275172,-0.07228672285280989,794,0.048639474029443304,healthy,aging,onek1k,MONO
NME2,0.000495028652935723,0.12334435678376907,794,0.0029060383095421156,healthy,aging,onek1k,MONO
NR1D1,0.2186603049509419,0.04370254757897582,794,0.23630081735786593,healthy,aging,onek1k,MONO
NR1D2,0.003668585005851206,-0.10299448083712151,794,0.005902604785291873,healthy,aging,onek1k,MONO
NR1H2,0.12832866749847052,-0.05401423349776168,794,0.14242256739714648,healthy,aging,onek1k,MONO
NR2C1,0.00046915660437617983,-0.12384831771416295,794,0.002874831958730634,healthy,aging,onek1k,MONO
NR2C2,0.0015029657050738524,-0.11246458928995902,794,0.003917231882907416,healthy,aging,onek1k,MONO
NR3C1,0.004520331402707379,-0.10066784142554837,794,0.006906394928274405,healthy,aging,onek1k,MONO
NR4A1,0.04580270805654634,0.07090070740032105,794,0.053190241614053814,healthy,aging,onek1k,MONO
NR4A2,0.24674238414985677,-0.04115388384106305,794,0.2656516135893785,healthy,aging,onek1k,MONO
NR4A3,0.04931445916272528,-0.06979072964441488,794,0.0571531760115287,healthy,aging,onek1k,MONO
NRF1,0.0035873931058252764,-0.10324120384108613,794,0.005853649940383454,healthy,aging,onek1k,MONO
OLIG1,0.25341525024099215,-0.04057860847643933,794,0.2723268360798722,healthy,aging,onek1k,MONO
PA2G4,0.018265304846354618,-0.08374496694761545,794,0.02257685749248983,healthy,aging,onek1k,MONO
PBX2,0.005103567311837109,-0.09929403143608004,794,0.007537576337482499,healthy,aging,onek1k,MONO
PBX3,0.001915881657286071,-0.10995948394807128,794,0.004362917413890309,healthy,aging,onek1k,MONO
PHF1,0.016591567766812775,-0.08499794525111061,794,0.020775528334095995,healthy,aging,onek1k,MONO
PHF19,0.0855474150884265,0.06105733718446349,794,0.09699864387979068,healthy,aging,onek1k,MONO
PHF20,0.11486138596227453,-0.055999791365123244,794,0.12821736107416692,healthy,aging,onek1k,MONO
PHF21A,0.00031343052642950975,-0.1275770387083305,794,0.0022288392990542916,healthy,aging,onek1k,MONO
PIN1,0.802476383800242,0.008891092317622036,794,0.8137788680791186,healthy,aging,onek1k,MONO
PKNOX1,0.003140978910152085,-0.10469584804635432,794,0.00526495538370097,healthy,aging,onek1k,MONO
PLAGL1,0.00044053080681402316,-0.12443700949638975,794,0.0027284488680094335,healthy,aging,onek1k,MONO
PLAGL2,0.7277160127778318,-0.012374948703471497,794,0.7458441696797707,healthy,aging,onek1k,MONO
PLSCR1,0.0009973780409730088,-0.11658776974716652,794,0.0035984313571236766,healthy,aging,onek1k,MONO
POGK,0.0017598214943457338,-0.11084203004578887,794,0.004171428727338036,healthy,aging,onek1k,MONO
POU2F1,0.0025685050981847347,-0.10686554294816476,794,0.004681832077703819,healthy,aging,onek1k,MONO
POU2F2,0.3374285089751531,0.03408662101095619,794,0.35992374290682994,healthy,aging,onek1k,MONO
PPARA,8.415204193162885e-05,-0.13909084283814296,794,0.0010537299163612655,healthy,aging,onek1k,MONO
PRDM1,0.0690943574941097,-0.06454579759565665,794,0.07927958150718564,healthy,aging,onek1k,MONO
PRDM10,0.0016912271337022877,-0.11125287935946639,794,0.004051859216367519,healthy,aging,onek1k,MONO
PRDM2,0.001001517377494955,-0.11654677713609862,794,0.0035984313571236766,healthy,aging,onek1k,MONO
PRDM4,0.006205318748434794,-0.09704647575150421,794,0.008781974444959316,healthy,aging,onek1k,MONO
PREB,0.0023120111425522435,-0.10798484865125166,794,0.004592132476241698,healthy,aging,onek1k,MONO
PRMT3,0.0018455340291326997,-0.11034882383084627,794,0.004269187151728655,healthy,aging,onek1k,MONO
PRR12,0.0002844494637817586,-0.12845912919937344,794,0.0022140931234904456,healthy,aging,onek1k,MONO
PURA,0.005686853231052162,-0.09805511699125193,794,0.008148327017626978,healthy,aging,onek1k,MONO
PURB,0.00029387050579272086,-0.1281635124054308,794,0.0022272290965343056,healthy,aging,onek1k,MONO
RARA,0.25494353543016196,-0.04044834093644148,794,0.2734589877239726,healthy,aging,onek1k,MONO
RBAK,0.00053801615747428,-0.12255883092845024,794,0.002951402921001765,healthy,aging,onek1k,MONO
RBCK1,0.7066557599590547,0.013376683905203676,794,0.725550298995393,healthy,aging,onek1k,MONO
RBPJ,0.0008081303849183871,-0.11865358632716,794,0.003553306119946496,healthy,aging,onek1k,MONO
RBSN,0.0030951065211621944,-0.10485581394774883,794,0.005220696587752503,healthy,aging,onek1k,MONO
REL,0.6705520651421741,-0.015119499332179015,794,0.692182776920954,healthy,aging,onek1k,MONO
RELA,0.005019476087783688,-0.09948307223710591,794,0.007470848130654791,healthy,aging,onek1k,MONO
RELB,0.0017825516943183637,-0.11070912478293787,794,0.004207990884948268,healthy,aging,onek1k,MONO
REPIN1,3.0168913488071678e-05,-0.14748730217255182,794,0.0005110968873273318,healthy,aging,onek1k,MONO
REST,0.6237849495657872,-0.017433094005278375,794,0.6473876233331414,healthy,aging,onek1k,MONO
REXO4,0.006588159882336203,-0.09634921769457142,794,0.00916613548846776,healthy,aging,onek1k,MONO
RFX1,0.00095826400615922,-0.1169830804753091,794,0.0035984313571236766,healthy,aging,onek1k,MONO
RFX2,6.802033694853445e-05,-0.14087161749490507,794,0.0008904480473262689,healthy,aging,onek1k,MONO
RFX3,0.0015169494839208538,-0.11236991901882942,794,0.0039182192947910845,healthy,aging,onek1k,MONO
RFX5,0.0020544752277983644,-0.10922932629337005,794,0.004503639196346716,healthy,aging,onek1k,MONO
RFX7,0.0007199480320377337,-0.11977439073641345,794,0.0034557505537811213,healthy,aging,onek1k,MONO
RLF,0.0014556371857897962,-0.11279112738953025,794,0.0038988331934840382,healthy,aging,onek1k,MONO
RORA,0.05808908119269779,-0.06728170368719541,794,0.06691862153398785,healthy,aging,onek1k,MONO
RREB1,0.0007735341207176023,-0.11907912296126985,794,0.00354628612825797,healthy,aging,onek1k,MONO
RUNX1,2.1339258925490457e-05,-0.1502208463031721,794,0.00042122884335575974,healthy,aging,onek1k,MONO
RUNX2,2.1842357525419993e-06,-0.16713941649699465,794,8.986569953315613e-05,healthy,aging,onek1k,MONO
RUNX3,0.3405293291630619,0.033868613217142955,794,0.36255987726048733,healthy,aging,onek1k,MONO
RXRA,0.005133279526000905,-0.09922790852001119,794,0.007562069071551206,healthy,aging,onek1k,MONO
RXRB,0.0024390954234547605,-0.10741682702447411,794,0.004624126655966833,healthy,aging,onek1k,MONO
SAFB,0.003582685745509665,-0.10325566335818116,794,0.005853649940383454,healthy,aging,onek1k,MONO
SAFB2,0.06542594108018143,-0.06541509513086179,794,0.07522024363709483,healthy,aging,onek1k,MONO
SATB1,6.39611836755641e-05,-0.14138254441156117,794,0.0008846771941201101,healthy,aging,onek1k,MONO
SCML4,0.02863655077650533,-0.0776703391753974,794,0.034579985843327186,healthy,aging,onek1k,MONO
SETBP1,0.2728390489275868,0.03896163640885813,794,0.29211020851726766,healthy,aging,onek1k,MONO
SETDB1,0.0024015533771245975,-0.10758175664069226,794,0.004623945306581209,healthy,aging,onek1k,MONO
SETDB2,0.0014123204988558604,-0.11309866189490943,794,0.0038988331934840382,healthy,aging,onek1k,MONO
SKI,0.00013609045498748327,-0.13498774504356742,794,0.0014386191625194499,healthy,aging,onek1k,MONO
SKIL,0.0917935664649953,-0.059874953936238214,794,0.10346985182747023,healthy,aging,onek1k,MONO
SLC2A4RG,0.0002349341492871088,-0.13018180201547014,794,0.0019059446477376714,healthy,aging,onek1k,MONO
SMAD3,0.0010245533725143801,-0.11632146764584189,794,0.0035984313571236766,healthy,aging,onek1k,MONO
SMAD4,0.0013941480199571752,-0.1132302722756325,794,0.0038988331934840382,healthy,aging,onek1k,MONO
SMAD5,0.001340575846321547,-0.1136276572131096,794,0.003895873276189034,healthy,aging,onek1k,MONO
SMYD3,0.002086701739012789,-0.1090660272694611,794,0.004503639196346716,healthy,aging,onek1k,MONO
SNAI1,0.15787620272003633,0.050166371358176864,794,0.1738751295731184,healthy,aging,onek1k,MONO
SNAPC2,0.12514396927267366,-0.054468545290269586,794,0.13942538936375248,healthy,aging,onek1k,MONO
SNAPC5,0.21547488805383214,-0.0440061015207766,794,0.23329611939663028,healthy,aging,onek1k,MONO
SON,0.013245173059587192,-0.08787760723814632,794,0.016953821516271606,healthy,aging,onek1k,MONO
SOX4,6.978982942982652e-07,-0.17500792361269524,794,3.0922262885830387e-05,healthy,aging,onek1k,MONO
SP1,0.0010631241120831545,-0.11595448845907207,794,0.003623428926389923,healthy,aging,onek1k,MONO
SP100,0.17667379656070564,-0.04799557340862783,794,0.193467883686248,healthy,aging,onek1k,MONO
SP110,0.3803174472807628,0.031176169604434575,794,0.40268906182669,healthy,aging,onek1k,MONO
SP140,0.35544902656370436,-0.03283696384032613,794,0.3770509011062499,healthy,aging,onek1k,MONO
SP140L,0.16843476603087632,-0.04892460337680761,794,0.18514966647668848,healthy,aging,onek1k,MONO
SP2,0.0024432544160221063,-0.10739869867468332,794,0.004624126655966833,healthy,aging,onek1k,MONO
SP3,0.0011676436381717731,-0.11501856444252609,794,0.0037655907920292773,healthy,aging,onek1k,MONO
SP4,0.00423525915091036,-0.10139869447991089,794,0.00661113623556739,healthy,aging,onek1k,MONO
SPEN,0.0008836785883140542,-0.11778010440433778,794,0.0035984313571236766,healthy,aging,onek1k,MONO
SPI1,1.1826549458721807e-07,0.1865944089967614,794,8.515115610278982e-06,healthy,aging,onek1k,MONO
SRCAP,0.0011704363964530895,-0.11499463310245839,794,0.0037655907920292773,healthy,aging,onek1k,MONO
SREBF1,0.00020209980018891612,-0.13152316801384467,794,0.001766416914792629,healthy,aging,onek1k,MONO
SREBF2,0.0012556917791521024,-0.11428829888098087,794,0.0037979667068895823,healthy,aging,onek1k,MONO
SRF,0.0008721834720011366,-0.11790844161079309,794,0.0035984313571236766,healthy,aging,onek1k,MONO
STAT1,0.03971738668801054,-0.07300630563679984,794,0.046404086678081276,healthy,aging,onek1k,MONO
STAT2,0.01201177029998914,-0.08910340500660466,794,0.015478254346294731,healthy,aging,onek1k,MONO
STAT3,0.002160892990740509,-0.10869868839321131,794,0.0045116031715370175,healthy,aging,onek1k,MONO
STAT4,0.05703122373120135,-0.06756673362077745,794,0.06583163300435266,healthy,aging,onek1k,MONO
STAT5A,0.004792761570288277,-0.10000735562311841,794,0.007226781844204313,healthy,aging,onek1k,MONO
STAT5B,0.0011731159963718177,-0.11497172088258392,794,0.0037655907920292773,healthy,aging,onek1k,MONO
STAT6,0.031027039320156928,-0.07654760443260142,794,0.03700118974826168,healthy,aging,onek1k,MONO
TBP,0.001432041028736333,-0.11295759168086296,794,0.0038988331934840382,healthy,aging,onek1k,MONO
TBPL1,0.00872194981415261,-0.09302309713534061,794,0.011602408990651045,healthy,aging,onek1k,MONO
TBX21,0.8394505419154603,0.007201127264904453,794,0.8482868634093073,healthy,aging,onek1k,MONO
TCF12,0.002421677425059341,-0.10749305721493027,794,0.004623945306581209,healthy,aging,onek1k,MONO
TCF20,0.0015529644660912507,-0.11212974236340036,794,0.003952680061877845,healthy,aging,onek1k,MONO
TCF3,0.005977107389509232,-0.09748072886067882,794,0.008521816476131976,healthy,aging,onek1k,MONO
TCF4,0.0013358310680683832,-0.11366355422321117,794,0.003895873276189034,healthy,aging,onek1k,MONO
TCF7,0.02176118411854048,-0.08142217621347805,794,0.026556021297201943,healthy,aging,onek1k,MONO
TCF7L2,0.17954772864976695,0.04767910661449592,794,0.19624191973864472,healthy,aging,onek1k,MONO
TERF1,0.006800678118641204,-0.09597771841000323,794,0.00937126936922807,healthy,aging,onek1k,MONO
TERF2,0.0009475492662656068,-0.11709397274198559,794,0.0035984313571236766,healthy,aging,onek1k,MONO
TET2,6.053408239428665e-05,-0.1418383549102356,794,0.0008716907864777276,healthy,aging,onek1k,MONO
TET3,0.00011781068324444614,-0.13623107167934992,794,0.0013049798759384801,healthy,aging,onek1k,MONO
TFAP4,0.00036167387587503794,-0.12626511928871667,794,0.002450872382400257,healthy,aging,onek1k,MONO
TFCP2,0.001023513303423728,-0.1163315389512812,794,0.0035984313571236766,healthy,aging,onek1k,MONO
TFDP1,0.00020610447361264867,-0.13134905432623778,794,0.0017718832358341139,healthy,aging,onek1k,MONO
TFDP2,0.030292526946467467,-0.07688444164094926,794,0.03627545846396104,healthy,aging,onek1k,MONO
TFE3,0.0034950218864654614,-0.10352814012891204,794,0.005735420531635629,healthy,aging,onek1k,MONO
TFEB,0.0012114534178710933,-0.1146490914086951,794,0.0037655907920292773,healthy,aging,onek1k,MONO
TFEC,1.7034923321796173e-08,-0.19846387408437385,794,2.5342713320158935e-06,healthy,aging,onek1k,MONO
TGIF1,3.6200052876220986e-06,-0.16353629906923461,794,0.00010974331819317489,healthy,aging,onek1k,MONO
TGIF2,4.633828225304199e-05,-0.1440309260629725,794,0.0007023908046776891,healthy,aging,onek1k,MONO
THAP1,0.005534153206762825,-0.09836797490093474,794,0.007986452820195803,healthy,aging,onek1k,MONO
THAP11,0.1503540337076795,-0.05108987409801433,794,0.16622634052902763,healthy,aging,onek1k,MONO
THAP12,0.0008054529570945115,-0.11868591042176047,794,0.003553306119946496,healthy,aging,onek1k,MONO
THAP4,0.03879917922266969,-0.07334737519136207,794,0.04551594140989357,healthy,aging,onek1k,MONO
THAP5,0.003668632835302935,-0.10299433696132951,794,0.005902604785291873,healthy,aging,onek1k,MONO
THAP6,0.0026038227112678133,-0.1067194970296453,794,0.004701573296834673,healthy,aging,onek1k,MONO
THAP7,0.008588317532588671,-0.0932087208863067,794,0.011477658697844721,healthy,aging,onek1k,MONO
THRA,0.002912847947560837,-0.10551348218258563,794,0.004993453624390006,healthy,aging,onek1k,MONO
THYN1,0.15361876607415498,-0.05068485175391242,794,0.1695103625645848,healthy,aging,onek1k,MONO
TMF1,0.0011791534557928764,-0.11492027329729808,794,0.0037655907920292773,healthy,aging,onek1k,MONO
TOPORS,0.002185307786213243,-0.10858032657500066,794,0.0045116031715370175,healthy,aging,onek1k,MONO
TP53,0.006867400671471054,-0.095863229248527,794,0.00941814949230316,healthy,aging,onek1k,MONO
TRAFD1,0.00767292460709351,-0.09455443912738894,794,0.010374658623675731,healthy,aging,onek1k,MONO
TRERF1,3.811344919175224e-06,-0.1631645839709784,794,0.00010976673367224614,healthy,aging,onek1k,MONO
TRPS1,1.4824421740056419e-05,-0.15304611125118614,794,0.00033169840966954683,healthy,aging,onek1k,MONO
TSC22D1,0.000669054855778169,-0.1204806650096443,794,0.003322203421795046,healthy,aging,onek1k,MONO
TSHZ1,0.0010626128004504142,-0.11595927232915575,794,0.003623428926389923,healthy,aging,onek1k,MONO
TSHZ2,0.0693605946979486,-0.06448419477738615,794,0.07942684402786958,healthy,aging,onek1k,MONO
TTF1,0.010770913464062249,-0.0904546264967305,794,0.014036303518777953,healthy,aging,onek1k,MONO
UBP1,0.0016799604802369367,-0.11132181984312839,794,0.004051859216367519,healthy,aging,onek1k,MONO
USF1,0.0027976222456380286,-0.10594888629809614,794,0.004897964782636792,healthy,aging,onek1k,MONO
USF2,0.0006825289519359239,-0.12028895051681728,794,0.0033601425326076255,healthy,aging,onek1k,MONO
USF3,0.0021108277924156843,-0.10894527951103329,794,0.004503639196346716,healthy,aging,onek1k,MONO
VEZF1,0.00677196612374638,-0.09602729560999322,794,0.009354082703304352,healthy,aging,onek1k,MONO
XBP1,0.00039615519118380927,-0.12542411732593625,794,0.0026189846261671116,healthy,aging,onek1k,MONO
XPA,0.019582762417549904,-0.08282745903244423,794,0.0241018614369845,healthy,aging,onek1k,MONO
YBX1,2.0600181195226283e-05,0.15049645237237874,794,0.00042122884335575974,healthy,aging,onek1k,MONO
YBX3,3.343335654118523e-06,-0.1641084691146812,794,0.00010698674093179241,healthy,aging,onek1k,MONO
YY1,0.00018557125980526862,-0.13227782052213222,794,0.0017240168652876567,healthy,aging,onek1k,MONO
ZBED1,0.0001997716510722232,-0.13162588333967637,794,0.001766416914792629,healthy,aging,onek1k,MONO
ZBED4,0.001130968252310837,-0.11533783681460182,794,0.0037013506439263753,healthy,aging,onek1k,MONO
ZBED5,0.0017013750084384788,-0.11119114465505324,794,0.004051859216367519,healthy,aging,onek1k,MONO
ZBED6,0.0015791419246951022,-0.11195836231584129,794,0.0039719901686654105,healthy,aging,onek1k,MONO
ZBTB1,0.0024639081294276686,-0.10730908803557207,794,0.004624126655966833,healthy,aging,onek1k,MONO
ZBTB10,0.0001520539079786392,-0.13402437671969933,794,0.0014973694347984933,healthy,aging,onek1k,MONO
ZBTB11,0.004375683645621214,-0.10103329792685295,794,0.00677525209644575,healthy,aging,onek1k,MONO
ZBTB14,0.0014368405375983673,-0.11292352908710929,794,0.0038988331934840382,healthy,aging,onek1k,MONO
ZBTB16,0.0016290332587045213,-0.11163883816112959,794,0.003975945580566968,healthy,aging,onek1k,MONO
ZBTB17,0.002635771791090709,-0.10658892974841415,794,0.004729609195228188,healthy,aging,onek1k,MONO
ZBTB18,0.0026982186573014507,-0.1063378425120925,794,0.004782073681863494,healthy,aging,onek1k,MONO
ZBTB2,0.0029865568993910118,-0.10524311559013726,794,0.005089517082985866,healthy,aging,onek1k,MONO
ZBTB20,0.005052674874999295,-0.09940810095982965,794,0.007481595701798443,healthy,aging,onek1k,MONO
ZBTB21,0.0009095785991029969,-0.11749651322867567,794,0.0035984313571236766,healthy,aging,onek1k,MONO
ZBTB24,0.013413115203002967,-0.08771857652939975,794,0.017130719194966094,healthy,aging,onek1k,MONO
ZBTB25,0.001229046994620667,-0.11450417251721291,794,0.0037655907920292773,healthy,aging,onek1k,MONO
ZBTB33,0.0007503787931522235,-0.11937390047975922,794,0.0035342664896143012,healthy,aging,onek1k,MONO
ZBTB37,0.0005126850266508299,-0.12301431770659274,794,0.0029060383095421156,healthy,aging,onek1k,MONO
ZBTB38,0.0021315709954189874,-0.1088424682680069,794,0.004503639196346716,healthy,aging,onek1k,MONO
ZBTB4,0.037284941948209756,-0.07392509644444963,794,0.0439184592273391,healthy,aging,onek1k,MONO
ZBTB40,0.0018411055343754222,-0.11037378628075657,794,0.004269187151728655,healthy,aging,onek1k,MONO
ZBTB43,0.0003453108263684369,-0.12669073985037185,794,0.0024255979998563373,healthy,aging,onek1k,MONO
ZBTB44,0.0008881859233312367,-0.11773020348381585,794,0.0035984313571236766,healthy,aging,onek1k,MONO
ZBTB7A,0.9798831235346627,-0.0008962742462033185,794,0.9798831235346627,healthy,aging,onek1k,MONO
ZBTB7B,0.0028918791994328448,-0.10559153479974036,794,0.004987192870878199,healthy,aging,onek1k,MONO
ZC3H8,0.0005573448959163601,-0.12222449955681289,794,0.0029951175127048875,healthy,aging,onek1k,MONO
ZEB2,0.0011225143905290121,-0.11541278411257941,794,0.0036946759368269204,healthy,aging,onek1k,MONO
ZFAT,0.0034251742039499273,-0.1037497208382264,794,0.005653009574427387,healthy,aging,onek1k,MONO
ZFHX3,0.0001373681491989058,-0.13490682690022227,794,0.0014386191625194499,healthy,aging,onek1k,MONO
ZFP14,0.001907825140562301,-0.11000340203357631,794,0.004362917413890309,healthy,aging,onek1k,MONO
ZFP90,0.0003812400958915015,-0.1257791668116202,794,0.0025534220375988937,healthy,aging,onek1k,MONO
ZFP91,0.0009062894431151039,-0.11753211049754392,794,0.0035984313571236766,healthy,aging,onek1k,MONO
ZFX,0.0012244043257049703,-0.11454222766419433,794,0.0037655907920292773,healthy,aging,onek1k,MONO
ZFY,0.002178781375941482,-0.10861184736309586,794,0.0045116031715370175,healthy,aging,onek1k,MONO
ZGPAT,0.005201191105626741,-0.09907806188265333,794,0.007584521713521526,healthy,aging,onek1k,MONO
ZHX1,0.006850183807727646,-0.09589267582728767,794,0.009416959124704354,healthy,aging,onek1k,MONO
ZHX2,0.0037125339704765226,-0.10286299035289174,794,0.005940054352762436,healthy,aging,onek1k,MONO
ZKSCAN1,0.0009373663328360041,-0.11720044082805839,794,0.0035984313571236766,healthy,aging,onek1k,MONO
ZKSCAN8,0.0030257504904412117,-0.1051018175727535,794,0.005125977301453347,healthy,aging,onek1k,MONO
ZMAT1,0.002134537327435162,-0.10882784089582123,794,0.004503639196346716,healthy,aging,onek1k,MONO
ZNF100,0.0025274627671068033,-0.1070375824264371,794,0.00463636482118955,healthy,aging,onek1k,MONO
ZNF101,0.0014653914235702075,-0.11272303817097085,794,0.0038988331934840382,healthy,aging,onek1k,MONO
ZNF107,0.00408762695144743,-0.10179486846280539,794,0.006476170650389181,healthy,aging,onek1k,MONO
ZNF12,0.0007757500905564309,-0.11905134294376639,794,0.00354628612825797,healthy,aging,onek1k,MONO
ZNF121,0.0016285320042564875,-0.11164200342855338,794,0.003975945580566968,healthy,aging,onek1k,MONO
ZNF124,0.0004328172070227845,-0.12460173528856928,794,0.0027284488680094335,healthy,aging,onek1k,MONO
ZNF131,0.002846228057396094,-0.10576326254713005,794,0.004967961700182274,healthy,aging,onek1k,MONO
ZNF136,0.0018229939771697917,-0.11047645364799094,794,0.004251192432590284,healthy,aging,onek1k,MONO
ZNF141,0.0014445053153603511,-0.1128693478617756,794,0.0038988331934840382,healthy,aging,onek1k,MONO
ZNF143,0.004295337783787018,-0.10124104258083755,794,0.006668772408251543,healthy,aging,onek1k,MONO
ZNF146,0.002424360212825565,-0.10748128337928574,794,0.004623945306581209,healthy,aging,onek1k,MONO
ZNF148,0.00212588475696235,-0.108870560016393,794,0.004503639196346716,healthy,aging,onek1k,MONO
ZNF160,0.0046204981686122065,-0.1004209145975451,794,0.007022181913247047,healthy,aging,onek1k,MONO
ZNF169,0.017007714164947473,-0.0846764188249604,794,0.021204422854999447,healthy,aging,onek1k,MONO
ZNF195,0.0003108872753742417,-0.1276513265755948,794,0.0022288392990542916,healthy,aging,onek1k,MONO
ZNF207,0.0009785593984439202,-0.11677613912782978,794,0.0035984313571236766,healthy,aging,onek1k,MONO
ZNF217,0.0879473598153442,-0.0605950642647988,794,0.09952392780675492,healthy,aging,onek1k,MONO
ZNF22,0.00020240193815332207,-0.13150991945133222,794,0.001766416914792629,healthy,aging,onek1k,MONO
ZNF224,0.005730168405504594,-0.09796774841656584,794,0.008190017373624433,healthy,aging,onek1k,MONO
ZNF236,0.0025245880408512394,-0.10704972794121095,794,0.00463636482118955,healthy,aging,onek1k,MONO
ZNF24,0.015197199889672086,-0.08612945641721802,794,0.01919646301853316,healthy,aging,onek1k,MONO
ZNF25,0.030796285839125213,-0.07665268171935162,794,0.03680220050484673,healthy,aging,onek1k,MONO
ZNF254,8.701572082947949e-05,-0.13880888225479007,794,0.0010664054297400037,healthy,aging,onek1k,MONO
ZNF26,0.00011739665721634204,-0.13626128559566789,794,0.0013049798759384801,healthy,aging,onek1k,MONO
ZNF263,0.0022176671715498364,-0.10842530040913115,794,0.0045212121213396754,healthy,aging,onek1k,MONO
ZNF264,0.013853523279132222,-0.08730972948716076,794,0.017615075957572095,healthy,aging,onek1k,MONO
ZNF266,0.0012265013209772906,-0.11452502251740217,794,0.0037655907920292773,healthy,aging,onek1k,MONO
ZNF267,0.004474429325597869,-0.1007826543075566,794,0.00685444492432014,healthy,aging,onek1k,MONO
ZNF274,0.006634778755843312,-0.096266812834709,794,0.00920875316473674,healthy,aging,onek1k,MONO
ZNF276,0.0019788122003229227,-0.10962214317445144,794,0.004400756090293449,healthy,aging,onek1k,MONO
ZNF277,0.0010876675252111947,-0.11572732057316877,794,0.003642421479777024,healthy,aging,onek1k,MONO
ZNF280D,0.0011060565119299353,-0.11556019685112277,794,0.0036614284532853034,healthy,aging,onek1k,MONO
ZNF281,0.0010150411042851022,-0.1164139318214943,794,0.0035984313571236766,healthy,aging,onek1k,MONO
ZNF292,0.0009548123467086574,-0.11701867774417736,794,0.0035984313571236766,healthy,aging,onek1k,MONO
ZNF296,0.8631064964834099,0.006128593183863735,794,0.8706643467153137,healthy,aging,onek1k,MONO
ZNF3,0.004850824165637742,-0.09987098535161032,794,0.0072952342543272574,healthy,aging,onek1k,MONO
ZNF302,0.0018112400744932538,-0.11054358369460374,794,0.004251192432590284,healthy,aging,onek1k,MONO
ZNF316,2.1939002258112498e-05,-0.15000378569165612,794,0.00042122884335575974,healthy,aging,onek1k,MONO
ZNF317,0.00022031705579250236,-0.1307557225497193,794,0.0018128946305211622,healthy,aging,onek1k,MONO
ZNF318,0.0008552713110771428,-0.11810013212432147,794,0.0035984313571236766,healthy,aging,onek1k,MONO
ZNF32,0.002927981753446874,-0.10545746654090409,794,0.005004502937642135,healthy,aging,onek1k,MONO
ZNF326,0.0016259975249023762,-0.11165802160006162,794,0.003975945580566968,healthy,aging,onek1k,MONO
ZNF331,0.08405993684155072,-0.061349129280269074,794,0.09550004658921739,healthy,aging,onek1k,MONO
ZNF333,0.0028893664388145008,-0.1056009226951677,794,0.004987192870878199,healthy,aging,onek1k,MONO
ZNF335,0.0014608958972162705,-0.11275436712467672,794,0.0038988331934840382,healthy,aging,onek1k,MONO
ZNF33A,0.0013674533627629733,-0.11342649487660855,794,0.0038988331934840382,healthy,aging,onek1k,MONO
ZNF33B,9.632821379726551e-05,-0.13794888868746696,794,0.0011097010229444986,healthy,aging,onek1k,MONO
ZNF34,0.409947862746987,-0.029282008833934822,794,0.4316818445013977,healthy,aging,onek1k,MONO
ZNF350,0.005546147791802641,-0.09834312035786844,794,0.007986452820195803,healthy,aging,onek1k,MONO
ZNF354A,0.0010465837149338305,-0.11611032992109617,794,0.0036142470122405893,healthy,aging,onek1k,MONO
ZNF362,0.0007117849829715387,-0.11988449168623398,794,0.0034452785730387085,healthy,aging,onek1k,MONO
ZNF37A,0.002044959684457636,-0.10927799228001076,794,0.004503639196346716,healthy,aging,onek1k,MONO
ZNF384,0.0019072808056288981,-0.11000637546661077,794,0.004362917413890309,healthy,aging,onek1k,MONO
ZNF385A,0.0012606026483786283,-0.1142489728311702,794,0.0037979667068895823,healthy,aging,onek1k,MONO
ZNF394,0.027271607512354416,-0.07834805410391818,794,0.03307041247813925,healthy,aging,onek1k,MONO
ZNF395,2.1117245778244603e-09,-0.2104866987765985,794,6.081766784105645e-07,healthy,aging,onek1k,MONO
ZNF397,0.004415819737759134,-0.10093081040435856,794,0.00678269911719803,healthy,aging,onek1k,MONO
ZNF398,0.0010751038605256481,-0.11584300869957828,794,0.003623527558219677,healthy,aging,onek1k,MONO
ZNF407,0.0017023436290988536,-0.1111852697268803,794,0.004051859216367519,healthy,aging,onek1k,MONO
ZNF41,0.002757508148351076,-0.10610430812239363,794,0.004842453333689695,healthy,aging,onek1k,MONO
ZNF410,0.006763356447942293,-0.09604219874411354,794,0.009354082703304352,healthy,aging,onek1k,MONO
ZNF414,0.0033898766350710053,-0.10386326281740535,794,0.005626999832279248,healthy,aging,onek1k,MONO
ZNF428,6.690698343831059e-05,-0.14100882704186643,794,0.0008904480473262689,healthy,aging,onek1k,MONO
ZNF43,0.0005351228618629056,-0.12260983489671082,794,0.002951402921001765,healthy,aging,onek1k,MONO
ZNF430,0.006192023160815519,-0.09707137825316786,794,0.008781974444959316,healthy,aging,onek1k,MONO
ZNF431,0.0020919790602868505,-0.10903950616513758,794,0.004503639196346716,healthy,aging,onek1k,MONO
ZNF438,0.0037000709349400513,-0.10290013428652389,794,0.005936604062745041,healthy,aging,onek1k,MONO
ZNF44,0.004961284529993578,-0.09961556985187961,794,0.007403367588798708,healthy,aging,onek1k,MONO
ZNF445,0.0006563190355888747,-0.12066519770252114,794,0.003287302299992972,healthy,aging,onek1k,MONO
ZNF451,0.0012659889022965274,-0.11420600192796244,794,0.0037979667068895823,healthy,aging,onek1k,MONO
ZNF460,0.0020913629030407,-0.10904259949466537,794,0.004503639196346716,healthy,aging,onek1k,MONO
ZNF467,0.0005196561560465936,-0.12288691569278538,794,0.0029060383095421156,healthy,aging,onek1k,MONO
ZNF480,0.00030866374990196706,-0.12771674210235304,794,0.0022288392990542916,healthy,aging,onek1k,MONO
ZNF484,0.004152313593155962,-0.10161971167570659,794,0.00655269213604886,healthy,aging,onek1k,MONO
ZNF487,0.0010082607329698196,-0.1164803304994978,794,0.0035984313571236766,healthy,aging,onek1k,MONO
ZNF490,0.005686089095420869,-0.09805666365601581,794,0.008148327017626978,healthy,aging,onek1k,MONO
ZNF493,0.002390266793089591,-0.10763180143700621,794,0.004623945306581209,healthy,aging,onek1k,MONO
ZNF506,0.004412374439781292,-0.10093957483802066,794,0.00678269911719803,healthy,aging,onek1k,MONO
ZNF511,0.024375745442282656,-0.07988862812595254,794,0.029621159018470063,healthy,aging,onek1k,MONO
ZNF512,0.0026750520386848195,-0.10643036663599155,794,0.004755648068773013,healthy,aging,onek1k,MONO
ZNF516,0.0005158428655459691,-0.12295640770031668,794,0.0029060383095421156,healthy,aging,onek1k,MONO
ZNF518A,0.0015646025244933136,-0.11205322442136019,794,0.003952680061877845,healthy,aging,onek1k,MONO
ZNF518B,0.0012051297544506195,-0.1147016540313689,794,0.0037655907920292773,healthy,aging,onek1k,MONO
ZNF524,0.0025870991954701932,-0.10678842552365798,794,0.004691401591988575,healthy,aging,onek1k,MONO
ZNF561,5.2271195403266696e-05,-0.14304639600803248,794,0.0007720053474944004,healthy,aging,onek1k,MONO
ZNF562,0.0028886126779056045,-0.10560374026276087,794,0.004987192870878199,healthy,aging,onek1k,MONO
ZNF564,0.004261843389967686,-0.10132868691745829,794,0.0066346534935713165,healthy,aging,onek1k,MONO
ZNF580,0.19362973552979187,-0.04618043641687872,794,0.2108331335825333,healthy,aging,onek1k,MONO
ZNF581,0.007090934389881864,-0.09548680221808314,794,0.009678621347326905,healthy,aging,onek1k,MONO
ZNF585A,0.01600717721190307,-0.0854616089700979,794,0.020131297104926133,healthy,aging,onek1k,MONO
ZNF586,0.00043834687282053226,-0.12448337347035864,794,0.0027284488680094335,healthy,aging,onek1k,MONO
ZNF587,3.7265480728976256e-05,-0.14579559862068103,794,0.00059624769166362,healthy,aging,onek1k,MONO
ZNF592,0.002724616407324757,-0.10623329276991289,794,0.004799324313819755,healthy,aging,onek1k,MONO
ZNF598,0.0008163517520918507,-0.11855494748210134,794,0.0035622621909462576,healthy,aging,onek1k,MONO
ZNF600,0.00014359812305435657,-0.1345221390013883,794,0.0014770092657019533,healthy,aging,onek1k,MONO
ZNF609,0.00029326976230349667,-0.1281820963618962,794,0.0022272290965343056,healthy,aging,onek1k,MONO
ZNF611,0.0014401026826673692,-0.11290043702249483,794,0.0038988331934840382,healthy,aging,onek1k,MONO
ZNF621,0.0007986250771997335,-0.1187687948675962,794,0.003553306119946496,healthy,aging,onek1k,MONO
ZNF639,0.0015580314811604466,-0.11209636317965861,794,0.003952680061877845,healthy,aging,onek1k,MONO
ZNF641,0.0021117190063322704,-0.10894084334078026,794,0.004503639196346716,healthy,aging,onek1k,MONO
ZNF644,0.0024779813621097382,-0.1072484204099495,794,0.004624126655966833,healthy,aging,onek1k,MONO
ZNF652,0.0007558723885534652,-0.11930320950729467,794,0.0035342664896143012,healthy,aging,onek1k,MONO
ZNF654,0.0021439206405068577,-0.10878169273554035,794,0.004506928061795438,healthy,aging,onek1k,MONO
ZNF655,0.018758959146142576,-0.08339460541482051,794,0.023137388582822535,healthy,aging,onek1k,MONO
ZNF664,5.187062216493191e-06,-0.16092296316282215,794,0.00014227370650952723,healthy,aging,onek1k,MONO
ZNF672,0.0023757289421122273,-0.10769658151234983,794,0.004623945306581209,healthy,aging,onek1k,MONO
ZNF675,0.00540063569406758,-0.09864796918179712,794,0.007835683022123239,healthy,aging,onek1k,MONO
ZNF687,0.001623237631372429,-0.1116754905191391,794,0.003975945580566968,healthy,aging,onek1k,MONO
ZNF688,0.007351598963889025,-0.0950610497702853,794,0.010010687950827608,healthy,aging,onek1k,MONO
ZNF689,0.006270616842933327,-0.09692486473832444,794,0.008830990957285076,healthy,aging,onek1k,MONO
ZNF699,0.006138112893399414,-0.09717284665546899,794,0.00872976055950139,healthy,aging,onek1k,MONO
ZNF7,0.0074604364752914485,-0.09488727179285973,794,0.01013493257020725,healthy,aging,onek1k,MONO
ZNF700,0.002492231680091369,-0.10718730916730164,794,0.0046307272507504155,healthy,aging,onek1k,MONO
ZNF703,0.07506588760213671,0.06320842415050987,794,0.08561970546303117,healthy,aging,onek1k,MONO
ZNF706,0.12672350313115668,0.05424210877297558,794,0.14091262124236728,healthy,aging,onek1k,MONO
ZNF708,0.002228821463995085,-0.10837234212802942,794,0.0045212121213396754,healthy,aging,onek1k,MONO
ZNF710,0.0014422608557535129,-0.11288518618854387,794,0.0038988331934840382,healthy,aging,onek1k,MONO
ZNF714,0.0007608490359586344,-0.11923958043828699,794,0.0035342664896143012,healthy,aging,onek1k,MONO
ZNF721,0.0009447767391021348,-0.11712285580722763,794,0.0035984313571236766,healthy,aging,onek1k,MONO
ZNF736,0.0014280434571248845,-0.11298604311872903,794,0.0038988331934840382,healthy,aging,onek1k,MONO
ZNF746,0.0014011863375182165,-0.11317911244193063,794,0.0038988331934840382,healthy,aging,onek1k,MONO
ZNF75A,0.004205278207523373,-0.10147812590673883,794,0.006600109666303713,healthy,aging,onek1k,MONO
ZNF75D,0.0012533757416878352,-0.11430689482709562,794,0.0037979667068895823,healthy,aging,onek1k,MONO
ZNF76,0.013524864852243093,-0.08761372704598686,794,0.017235226006398277,healthy,aging,onek1k,MONO
ZNF766,0.003144348354154746,-0.10468418211755377,794,0.00526495538370097,healthy,aging,onek1k,MONO
ZNF770,0.00136758108198934,-0.11342554769431128,794,0.0038988331934840382,healthy,aging,onek1k,MONO
ZNF780B,0.0007315601187031716,-0.11961974823932259,794,0.0034824680030828663,healthy,aging,onek1k,MONO
ZNF787,0.0008993695673895235,-0.11760739350570282,794,0.0035984313571236766,healthy,aging,onek1k,MONO
ZNF789,0.0042352228311172664,-0.10139879039710553,794,0.00661113623556739,healthy,aging,onek1k,MONO
ZNF791,0.004903215410607083,-0.09974919449369056,794,0.007354823115910625,healthy,aging,onek1k,MONO
ZNF800,0.006238956546306693,-0.09698368595794979,794,0.008807938653609449,healthy,aging,onek1k,MONO
ZNF808,0.0013295775871828347,-0.1137110452242173,794,0.003895873276189034,healthy,aging,onek1k,MONO
ZNF814,0.0005020318942697864,-0.12321215891022869,794,0.0029060383095421156,healthy,aging,onek1k,MONO
ZNF821,0.00041055688173739796,-0.12509292724242402,794,0.002642616223258758,healthy,aging,onek1k,MONO
ZNF83,0.0024806512789822075,-0.10723694631553828,794,0.004624126655966833,healthy,aging,onek1k,MONO
ZNF830,0.005051412977328154,-0.09941094250672146,794,0.007481595701798443,healthy,aging,onek1k,MONO
ZNF841,0.005229536434884058,-0.0990160394266562,794,0.0076065984507404484,healthy,aging,onek1k,MONO
ZNF846,0.0030997885989780486,-0.10483938812816326,794,0.005220696587752503,healthy,aging,onek1k,MONO
ZNF880,0.0027204353023678103,-0.10624979052739443,794,0.004799324313819755,healthy,aging,onek1k,MONO
ZNF91,0.0003565416308744474,-0.1263966457418944,794,0.002450872382400257,healthy,aging,onek1k,MONO
ZNF92,0.002908197804944787,-0.10553074727762446,794,0.004993453624390006,healthy,aging,onek1k,MONO
ZSCAN16,0.7454724302642028,-0.011537951283568167,794,0.7626858256344242,healthy,aging,onek1k,MONO
ZSCAN18,1.87117797268692e-05,-0.15124576948671334,794,0.00039918463417320935,healthy,aging,onek1k,MONO
ZXDC,0.0013959988682813525,-0.11321679590978274,794,0.0038988331934840382,healthy,aging,onek1k,MONO
ZZZ3,0.0014762444469167508,-0.11264776715246128,794,0.0038988331934840382,healthy,aging,onek1k,MONO
ADNP,0.36160604770393157,-0.05173921725818977,313,0.7200358540222256,healthy,aging,abf300,MONO
ADNP2,0.4834764448024059,-0.03975053979563611,313,0.7608809623119831,healthy,aging,abf300,MONO
AEBP2,0.39072951687556834,-0.04867970676974607,313,0.7311479938160826,healthy,aging,abf300,MONO
AHCTF1,0.03588943964434703,-0.11865150044649705,313,0.13971016857927046,healthy,aging,abf300,MONO
AHR,8.997993050072436e-05,-0.21952530915072638,313,0.0014808125705262065,healthy,aging,abf300,MONO
AKAP8,0.5961331934015515,-0.030069168944161336,313,0.7990783630599103,healthy,aging,abf300,MONO
AKAP8L,0.9609052463915893,-0.0027817646383316366,313,0.9813500388680061,healthy,aging,abf300,MONO
AKNA,0.2627118835848714,-0.06349653771240485,313,0.6387407540010072,healthy,aging,abf300,MONO
ANKZF1,0.7220577641292427,-0.020184626709729335,313,0.8619106521127252,healthy,aging,abf300,MONO
ARHGAP35,0.35205399142399807,-0.052775821924992784,313,0.7200358540222256,healthy,aging,abf300,MONO
ARID2,0.3500616001243203,-0.05299426052169825,313,0.7200358540222256,healthy,aging,abf300,MONO
ARID3A,0.616235380178126,-0.028437142941177294,313,0.8000472241335141,healthy,aging,abf300,MONO
ARID3B,0.7625457184803816,-0.01714527677277369,313,0.870396082220285,healthy,aging,abf300,MONO
ARID5A,1.298754292162524e-06,-0.2695675168807473,313,0.00043474894377934574,healthy,aging,abf300,MONO
ARID5B,0.03276788392227217,0.12071394443707549,313,0.13368569504438224,healthy,aging,abf300,MONO
ARNT,0.3895270639133207,-0.04880321461429908,313,0.7311479938160826,healthy,aging,abf300,MONO
ASCL2,0.0810199263215733,0.09877574121490501,313,0.2777826045311084,healthy,aging,abf300,MONO
ASH1L,0.13167399546574146,-0.08539676863371432,313,0.3983237999835388,healthy,aging,abf300,MONO
ATF1,0.4531118631475404,0.04255696685617642,313,0.7568847911584522,healthy,aging,abf300,MONO
ATF2,0.2618077863786233,-0.06361671808729479,313,0.6387407540010072,healthy,aging,abf300,MONO
ATF3,1.6350410739649535e-05,-0.24096184738781068,313,0.0004708918293019063,healthy,aging,abf300,MONO
ATF4,0.0020461882542438035,-0.1736553569111837,313,0.015507953084795143,healthy,aging,abf300,MONO
ATF5,0.7340888719818768,-0.01927583602469037,313,0.8619106521127252,healthy,aging,abf300,MONO
ATF6,0.5055482119062196,-0.03777010814557704,313,0.7634878957040615,healthy,aging,abf300,MONO
ATF6B,0.020792715222738047,0.13062882536549433,313,0.09356721850232122,healthy,aging,abf300,MONO
ATF7,0.7316814901653619,-0.019457280988082814,313,0.8619106521127252,healthy,aging,abf300,MONO
ATMIN,0.7798778417893399,-0.015859503348259158,313,0.8743224876455933,healthy,aging,abf300,MONO
BACH1,0.07930980898718439,-0.09933377745075385,313,0.2751954817868567,healthy,aging,abf300,MONO
BACH2,0.004362770828876677,-0.16072343966590275,313,0.026929384508531204,healthy,aging,abf300,MONO
BATF,0.17267479809559047,-0.07727245785104958,313,0.4804863947007735,healthy,aging,abf300,MONO
BATF3,0.0013066582358390374,0.18091726585058293,313,0.011403562785504327,healthy,aging,abf300,MONO
BAZ2A,0.4144997919404311,-0.04628353714531208,313,0.7346211697159639,healthy,aging,abf300,MONO
BAZ2B,0.010591183857489233,-0.1442888712664602,313,0.05304801653838085,healthy,aging,abf300,MONO
BBX,0.1320830656195415,0.08530673121930167,313,0.3983237999835388,healthy,aging,abf300,MONO
BCL11A,0.35521239942241534,-0.05243113521460001,313,0.7200358540222256,healthy,aging,abf300,MONO
BCL11B,0.0022297130362239573,-0.17223257002995424,313,0.016257148213481003,healthy,aging,abf300,MONO
BCL6,0.00045590277792985405,-0.19698091924934727,313,0.00486296296458511,healthy,aging,abf300,MONO
BHLHE40,8.610655559707304e-06,-0.24853281953885684,313,0.00043474894377934574,healthy,aging,abf300,MONO
BPTF,0.35467128944130577,-0.052490051000987414,313,0.7200358540222256,healthy,aging,abf300,MONO
CAMTA1,0.008148607473422545,-0.14931041445506124,313,0.04283770542383042,healthy,aging,abf300,MONO
CAMTA2,0.9192202726383413,0.005755348116064131,313,0.9512357930289432,healthy,aging,abf300,MONO
CARF,0.1164361294783032,-0.08891644860321048,313,0.3657407607939637,healthy,aging,abf300,MONO
CC2D1A,0.7362153486796195,-0.01911572601384353,313,0.8619106521127252,healthy,aging,abf300,MONO
CDC5L,0.7322551807343534,0.019414023882462824,313,0.8619106521127252,healthy,aging,abf300,MONO
CEBPA,0.003724363720983923,0.1635016811010617,313,0.02331775547050804,healthy,aging,abf300,MONO
CEBPB,0.0015688958598564242,0.17798889681356636,313,0.013154014908559485,healthy,aging,abf300,MONO
CEBPD,0.014112120504780352,-0.13861494829038662,313,0.06662771648158593,healthy,aging,abf300,MONO
CEBPG,0.7201903541835044,0.020326142037164867,313,0.8619106521127252,healthy,aging,abf300,MONO
CEBPZ,0.5246794774033818,0.036089931699233184,313,0.7644798184284823,healthy,aging,abf300,MONO
CENPB,0.05358874268931227,-0.1092087287432158,313,0.19536149233572067,healthy,aging,abf300,MONO
CENPT,0.7011129912438129,-0.021779267612381168,313,0.8499225231789403,healthy,aging,abf300,MONO
CENPX,0.2226008825790234,0.06913229265410784,313,0.5826396382631934,healthy,aging,abf300,MONO
CGGBP1,0.6286432156730689,-0.027441446577879166,313,0.8046633160615282,healthy,aging,abf300,MONO
CHAMP1,0.7348763165822287,-0.019216528771283777,313,0.8619106521127252,healthy,aging,abf300,MONO
CHCHD3,0.10564899697024159,0.09163244678231895,313,0.3438069053946845,healthy,aging,abf300,MONO
CIC,0.4019626167135292,-0.04753681880723423,313,0.7311479938160826,healthy,aging,abf300,MONO
CLOCK,0.520955730024516,-0.036414457858137905,313,0.7644798184284823,healthy,aging,abf300,MONO
CREB1,0.6003707942217422,-0.029723112099201424,313,0.7990783630599103,healthy,aging,abf300,MONO
CREB3,0.47587891227220236,0.04044343641959431,313,0.7608809623119831,healthy,aging,abf300,MONO
CREB3L2,0.019831357072878853,-0.13162569612985003,313,0.08994379270848991,healthy,aging,abf300,MONO
CREB5,0.008190784060097272,-0.14921293916728406,313,0.04283770542383042,healthy,aging,abf300,MONO
CREBL2,0.8211560280808192,0.012828374218706405,313,0.8975063988131914,healthy,aging,abf300,MONO
CREBZF,0.8169706855286112,-0.013133914227180628,313,0.8963335521228191,healthy,aging,abf300,MONO
CREM,0.0005063992081447961,-0.19543462452356486,313,0.0053033807980255015,healthy,aging,abf300,MONO
CSRNP1,2.8478633054594593e-05,-0.2342059095707086,313,0.0006624268951653255,healthy,aging,abf300,MONO
CTCF,0.3975902042884112,0.047979372272423354,313,0.7311479938160826,healthy,aging,abf300,MONO
CUX1,0.0027192447526013298,0.16890314303178222,313,0.01821261601742286,healthy,aging,abf300,MONO
CXXC1,0.5843179417034476,-0.031040007151741194,313,0.7990783630599103,healthy,aging,abf300,MONO
CXXC5,1.1203058505944958e-05,-0.24545491010051143,313,0.00043474894377934574,healthy,aging,abf300,MONO
DBP,0.7551146474652286,0.01769920260492107,313,0.8651001951963688,healthy,aging,abf300,MONO
DDIT3,0.00040178534907371063,-0.1988257075772586,313,0.0043665728503105156,healthy,aging,abf300,MONO
DEAF1,0.2945182783857161,-0.0594366332564328,313,0.6730655312735198,healthy,aging,abf300,MONO
DMTF1,0.4490066174160482,-0.042944323471660405,313,0.7562216714375548,healthy,aging,abf300,MONO
DNMT1,0.4953525522091351,0.0386790945641256,313,0.7634878957040615,healthy,aging,abf300,MONO
DNTTIP1,0.4110427476201416,0.0466268537211377,313,0.7334854487593591,healthy,aging,abf300,MONO
DOT1L,0.5842918594468116,-0.031042160220346716,313,0.7990783630599103,healthy,aging,abf300,MONO
DR1,0.19447927602459794,0.0735306203481657,313,0.523458238271815,healthy,aging,abf300,MONO
DRAP1,0.0007115936949743022,0.19034496607362553,313,0.0065059994969079065,healthy,aging,abf300,MONO
E2F3,0.15921262896699387,-0.07976160089254011,313,0.4601191637706638,healthy,aging,abf300,MONO
E2F4,0.2993211059743335,0.058849628461164254,313,0.676618636931145,healthy,aging,abf300,MONO
E4F1,0.4800988570904352,-0.04005784140569667,313,0.7608809623119831,healthy,aging,abf300,MONO
EEA1,0.4877153311321385,0.0393665106498152,313,0.7613117364013869,healthy,aging,abf300,MONO
EGR1,2.9901214017879286e-05,-0.23360285462765348,313,0.0006624268951653255,healthy,aging,abf300,MONO
ELF1,0.017726964234331795,-0.1339635371684254,313,0.08103755078551678,healthy,aging,abf300,MONO
ELF2,0.819535979418368,-0.012946597258500404,313,0.8974386390588973,healthy,aging,abf300,MONO
ELF4,0.3888420415869873,0.048873678677752455,313,0.7311479938160826,healthy,aging,abf300,MONO
ELK1,0.09460059423876033,-0.09465163616778655,313,0.314970764633098,healthy,aging,abf300,MONO
ELK3,0.16820761277796722,-0.07808181591321545,313,0.4703280823306268,healthy,aging,abf300,MONO
ELK4,0.3100664604314032,-0.057558570231890725,313,0.6816728290400315,healthy,aging,abf300,MONO
ERF,0.33645381487810044,-0.0545076720178691,313,0.7151195474899847,healthy,aging,abf300,MONO
ESRRA,0.5870952184863696,0.030810998945517722,313,0.7990783630599103,healthy,aging,abf300,MONO
ETS1,0.04051391178815575,-0.11585975339917619,313,0.15454313370846165,healthy,aging,abf300,MONO
ETS2,5.696980872721337e-05,-0.22547345477373934,313,0.0010254565570898405,healthy,aging,abf300,MONO
ETV3,9.512293981663508e-06,-0.2473729027610104,313,0.00043474894377934574,healthy,aging,abf300,MONO
ETV6,0.00035365737846592397,-0.20067186603973708,313,0.004074132999927444,healthy,aging,abf300,MONO
FAM200B,0.5057093527597127,-0.03775581959937677,313,0.7634878957040615,healthy,aging,abf300,MONO
FLI1,0.12937056707306355,0.08590782882726089,313,0.39427220441314603,healthy,aging,abf300,MONO
FOS,4.408249496308155e-05,-0.22874279158446645,313,0.0008813153019097892,healthy,aging,abf300,MONO
FOSB,1.3585904493104564e-05,-0.24317383177971794,313,0.00043474894377934574,healthy,aging,abf300,MONO
FOSL1,2.4870644718288536e-05,-0.23587355907243854,313,0.0006228474503362692,healthy,aging,abf300,MONO
FOSL2,2.8783799079909906e-05,-0.23407418091875273,313,0.0006624268951653255,healthy,aging,abf300,MONO
FOXJ2,0.021512475286991833,-0.12990833031668358,313,0.09531681357928688,healthy,aging,abf300,MONO
FOXJ3,0.4320581167541965,-0.04456519266459766,313,0.7473437695207723,healthy,aging,abf300,MONO
FOXK1,0.45442523211761743,-0.04243345901162342,313,0.7568847911584522,healthy,aging,abf300,MONO
FOXK2,0.12283955982662773,-0.08739618643420388,313,0.3804063788179439,healthy,aging,abf300,MONO
FOXN2,0.6353037987243806,-0.026910421566354138,313,0.8095906815602726,healthy,aging,abf300,MONO
FOXN3,0.010471700548041628,-0.14450926719826157,313,0.0529096448743156,healthy,aging,abf300,MONO
FOXO1,0.6453436462858444,-0.026114373382840575,313,0.809886518681655,healthy,aging,abf300,MONO
FOXO3,0.0001528016707148432,-0.21242625049130825,313,0.002171570410061643,healthy,aging,abf300,MONO
FOXP1,0.9198582234672246,-0.005709742208329029,313,0.9512357930289432,healthy,aging,abf300,MONO
GABPA,0.698707957826479,-0.02196345284490791,313,0.8499225231789403,healthy,aging,abf300,MONO
GATAD2A,0.4404091045178363,-0.043762098074738756,313,0.7535878111583064,healthy,aging,abf300,MONO
GATAD2B,0.2632813544366805,-0.06342098457770207,313,0.6387407540010072,healthy,aging,abf300,MONO
GLI4,0.3935203276138779,0.04839393584574071,313,0.7311479938160826,healthy,aging,abf300,MONO
GLMP,0.5109577133414692,0.03729173544813245,313,0.7644798184284823,healthy,aging,abf300,MONO
GLYR1,0.5157412450038843,-0.03687090840250811,313,0.7644798184284823,healthy,aging,abf300,MONO
GMEB1,0.9650644420201824,0.0024856198383178614,313,0.9838533072630532,healthy,aging,abf300,MONO
GMEB2,0.0013394778736463796,-0.180522667095244,313,0.011515511271944993,healthy,aging,abf300,MONO
GPBP1,0.9065218564941083,-0.006663943067593504,313,0.9424425224910387,healthy,aging,abf300,MONO
GPBP1L1,0.25662682890737476,0.06431098484582014,313,0.6387407540010072,healthy,aging,abf300,MONO
GTF2B,0.6742038360952747,-0.02385365134704474,313,0.8315661875607671,healthy,aging,abf300,MONO
GTF2I,0.011101599947131734,-0.14337146830699915,313,0.05512518594437826,healthy,aging,abf300,MONO
GTF2IRD2B,0.6510377877364669,-0.025665164978325297,313,0.8139190157809503,healthy,aging,abf300,MONO
GTF3A,0.0015985782006929928,0.177686292807736,313,0.013154014908559485,healthy,aging,abf300,MONO
GZF1,0.0005885720452339782,-0.19320052224507364,313,0.005746059289063923,healthy,aging,abf300,MONO
HBP1,0.5983054273003825,-0.02989163865096075,313,0.7990783630599103,healthy,aging,abf300,MONO
HES1,0.050242862531136176,-0.11076892054817933,313,0.18433050202506013,healthy,aging,abf300,MONO
HES4,0.0025692376662042058,0.16986106282772895,313,0.017569490687071056,healthy,aging,abf300,MONO
HHEX,0.002002569121401212,0.17401061323109446,313,0.015379730852361308,healthy,aging,abf300,MONO
HIC2,0.5530517812895188,-0.03365441963937106,313,0.7869338052690414,healthy,aging,abf300,MONO
HIF1A,9.592946594204299e-05,-0.21867915318875705,313,0.0015099869847450484,healthy,aging,abf300,MONO
HIVEP1,0.14111983736610165,-0.08337033960890096,313,0.41899498104574506,healthy,aging,abf300,MONO
HIVEP2,0.2911511698784024,-0.05985197976378854,313,0.668139736454023,healthy,aging,abf300,MONO
HIVEP3,0.5533128318297947,-0.033632301752787086,313,0.7869338052690414,healthy,aging,abf300,MONO
HLX,0.02639411526318611,-0.12550784955402022,313,0.11024779466479934,healthy,aging,abf300,MONO
HMBOX1,0.37934726925877127,-0.049858218231003795,313,0.7274157058300984,healthy,aging,abf300,MONO
HMG20A,0.9840344013231632,0.0011356458226569205,313,0.9928690900207588,healthy,aging,abf300,MONO
HMG20B,0.08921458764374925,0.09622650798596952,313,0.30228001460470333,healthy,aging,abf300,MONO
HMGA1,1.1556220215262501e-05,-0.24508927990459226,313,0.00043474894377934574,healthy,aging,abf300,MONO
HMGN3,0.3307712031164627,-0.05515124379740994,313,0.7096458113360792,healthy,aging,abf300,MONO
HOXB2,0.35637366553714844,-0.05230488710091272,313,0.7200358540222256,healthy,aging,abf300,MONO
HSF1,0.042989085909618564,0.11447454735178858,313,0.15872893258936085,healthy,aging,abf300,MONO
IKZF1,0.0056773454144518525,0.15600136874697854,313,0.032377732264596705,healthy,aging,abf300,MONO
IKZF3,0.0025927199798629163,-0.16970780348971784,313,0.017569490687071056,healthy,aging,abf300,MONO
IKZF5,0.46181396189259205,-0.04174232398925155,313,0.7608123861349833,healthy,aging,abf300,MONO
IRF1,0.028312959527470195,0.12396879696809271,313,0.11732564523613548,healthy,aging,abf300,MONO
IRF2,0.00026927803157616146,0.20456206954289224,313,0.0033000882167631704,healthy,aging,abf300,MONO
IRF3,0.366520991841918,0.05121249838387578,313,0.7200358540222256,healthy,aging,abf300,MONO
IRF4,0.002898397761385173,-0.16782014952320573,313,0.01897133080179386,healthy,aging,abf300,MONO
IRF5,0.02147044382758791,0.1299498258207172,313,0.09531681357928688,healthy,aging,abf300,MONO
IRF7,0.0032279296566803304,0.1659779057309191,313,0.020890870587054723,healthy,aging,abf300,MONO
IRF8,0.8930643928492928,-0.007628713536375987,313,0.9371801720171462,healthy,aging,abf300,MONO
IRF9,0.01653349129375614,0.13539924246128796,313,0.07618632788162828,healthy,aging,abf300,MONO
JAZF1,0.6097611858033589,-0.028960142878809027,313,0.7996099152510194,healthy,aging,abf300,MONO
JDP2,0.12590060411742138,-0.08669115433265093,313,0.3878007912921642,healthy,aging,abf300,MONO
JUN,4.152113240513125e-05,-0.22949910586553265,313,0.0008813153019097892,healthy,aging,abf300,MONO
JUNB,0.49992527471384507,-0.03827020726258642,313,0.7634878957040615,healthy,aging,abf300,MONO
JUND,6.387270406738413e-06,-0.25197831650821734,313,0.00043474894377934574,healthy,aging,abf300,MONO
KAT7,0.3270275697325149,-0.05557911724937962,313,0.7054976785240771,healthy,aging,abf300,MONO
KCMF1,0.8678108274486787,-0.009445316238905955,313,0.9291060160045332,healthy,aging,abf300,MONO
KDM2A,0.10119344896944334,-0.0928183961169412,313,0.33117856026363274,healthy,aging,abf300,MONO
KDM2B,0.1292365623299934,-0.08593777605422857,313,0.39427220441314603,healthy,aging,abf300,MONO
KDM5B,0.7736908282126408,-0.016317519760706105,313,0.8738155236283943,healthy,aging,abf300,MONO
KIN,0.34366556037668605,0.05370085849132794,313,0.7200358540222256,healthy,aging,abf300,MONO
KLF10,1.2289837819758447e-05,-0.2443625213834745,313,0.00043474894377934574,healthy,aging,abf300,MONO
KLF11,0.2862021089212328,0.06046834458549599,313,0.6647274787847988,healthy,aging,abf300,MONO
KLF12,0.0798309279362391,0.09916270636336981,313,0.2753449969537348,healthy,aging,abf300,MONO
KLF13,0.16175211648114324,-0.07928029219245163,313,0.4602009878581397,healthy,aging,abf300,MONO
KLF16,0.43663441682882354,-0.04412400933397568,313,0.7514299815015264,healthy,aging,abf300,MONO
KLF2,0.8620818377834797,0.009858705411165765,313,0.9252116549364893,healthy,aging,abf300,MONO
KLF3,0.0023094675246451975,0.17164732683627204,313,0.016463013279329107,healthy,aging,abf300,MONO
KLF4,5.4761285876598625e-05,-0.22598060029709405,313,0.0010175000214490582,healthy,aging,abf300,MONO
KLF6,1.0233598560164805e-05,-0.24651793879110945,313,0.00043474894377934574,healthy,aging,abf300,MONO
KLF7,0.1619589535626335,-0.07924134122404268,313,0.4602009878581397,healthy,aging,abf300,MONO
KLF9,0.1523374750307721,-0.08109435035935689,313,0.44541312496306973,healthy,aging,abf300,MONO
KMT2A,0.5169083538625987,-0.03676853977699112,313,0.7644798184284823,healthy,aging,abf300,MONO
KMT2B,0.06251777682622713,-0.10540895412149248,313,0.22506399657441764,healthy,aging,abf300,MONO
L3MBTL3,0.042279140936817165,0.11486483996991642,313,0.1571147430942367,healthy,aging,abf300,MONO
LCOR,0.29563468647951474,-0.0592996197997179,313,0.6730655312735198,healthy,aging,abf300,MONO
LCORL,0.40872664408218096,-0.04685781926245711,313,0.7334854487593591,healthy,aging,abf300,MONO
LEF1,0.0015980747908730041,-0.17769138187898545,313,0.013154014908559485,healthy,aging,abf300,MONO
LIN54,0.702120874793246,-0.021702148609601637,313,0.8499225231789403,healthy,aging,abf300,MONO
LYL1,0.00026372232608761826,0.20485664847482926,313,0.0033000882167631704,healthy,aging,abf300,MONO
MAF,0.8001170615390509,-0.014368209738672276,313,0.8887900162660991,healthy,aging,abf300,MONO
MAFB,0.06769150216776827,0.10340797045292617,313,0.2406808965965094,healthy,aging,abf300,MONO
MAFF,1.3198173469433067e-05,-0.24351773555607237,313,0.00043474894377934574,healthy,aging,abf300,MONO
MAFG,0.000306923956902779,-0.20270357986930942,313,0.0036830874828333478,healthy,aging,abf300,MONO
MAX,0.8057731334270806,-0.013953254698335728,313,0.8908355563416477,healthy,aging,abf300,MONO
MAZ,0.26188574285955724,-0.06360634421128636,313,0.6387407540010072,healthy,aging,abf300,MONO
MBD1,0.5610721418813682,-0.032977181696180274,313,0.7901651680285284,healthy,aging,abf300,MONO
MBD2,0.0076117659158214225,0.15059207747587433,313,0.04059608488438092,healthy,aging,abf300,MONO
MBD4,0.83506685360821,-0.011815453306564116,313,0.9075443541100546,healthy,aging,abf300,MONO
MBD6,0.17674746765034804,-0.07654804813204695,313,0.4871126381177056,healthy,aging,abf300,MONO
MBNL2,0.30251226604817755,-0.058463054779718644,313,0.676618636931145,healthy,aging,abf300,MONO
MECP2,0.7699247912764822,-0.01659683147889491,313,0.8712704907175908,healthy,aging,abf300,MONO
MEF2A,0.18412683067678365,-0.07526638511123387,313,0.5042284298267931,healthy,aging,abf300,MONO
MEF2C,0.9995596922909713,-3.1317361534834065e-05,313,0.9995596922909713,healthy,aging,abf300,MONO
MEF2D,0.14842527668336675,-0.0818731739940263,313,0.43812297150317325,healthy,aging,abf300,MONO
MGA,0.3682494074086956,-0.05102831315134904,313,0.7200358540222256,healthy,aging,abf300,MONO
MLX,0.0006983791095994916,0.190628779662535,313,0.006488167211763019,healthy,aging,abf300,MONO
MLXIP,0.0007617501148795355,-0.18931031874191845,313,0.00685575103391582,healthy,aging,abf300,MONO
MNT,0.14063896642893972,-0.08347094663283161,313,0.41899498104574506,healthy,aging,abf300,MONO
MTERF1,0.618092039478149,-0.028287602539848467,313,0.8000472241335141,healthy,aging,abf300,MONO
MTERF3,0.20311966773084647,-0.07213288735616413,313,0.5416524472822573,healthy,aging,abf300,MONO
MTERF4,0.7023665295714854,-0.021683358192680736,313,0.8499225231789403,healthy,aging,abf300,MONO
MTF1,0.5882886984491165,0.030712740723702177,313,0.7990783630599103,healthy,aging,abf300,MONO
MTF2,0.9859741657845036,-0.000997653698394058,313,0.9928690900207588,healthy,aging,abf300,MONO
MXD1,8.660664605181769e-05,-0.22002873573739878,313,0.001467218474289617,healthy,aging,abf300,MONO
MXD3,0.002890442846749983,0.16786692983199838,313,0.01897133080179386,healthy,aging,abf300,MONO
MXD4,0.7646187805615697,0.016991038767214632,313,0.870396082220285,healthy,aging,abf300,MONO
MXI1,0.7241285631650736,-0.020027844168545573,313,0.8619106521127252,healthy,aging,abf300,MONO
MYBL1,0.12124421453888648,-0.08776905876997801,313,0.3774955004021546,healthy,aging,abf300,MONO
MYC,0.26234350724290106,-0.06354547108980302,313,0.6387407540010072,healthy,aging,abf300,MONO
MYCL,0.0018146309949384502,-0.17562698055331108,313,0.014318184288829416,healthy,aging,abf300,MONO
MYNN,0.642807154736047,-0.026315000230173104,313,0.809886518681655,healthy,aging,abf300,MONO
MYSM1,0.35648181122153244,-0.052293143090337155,313,0.7200358540222256,healthy,aging,abf300,MONO
MZF1,0.4411851170186417,-0.043687915074603116,313,0.7535878111583064,healthy,aging,abf300,MONO
NACC2,0.3314144500857731,-0.05507803946482227,313,0.7096458113360792,healthy,aging,abf300,MONO
NCOA1,0.3092151872610403,-0.05765976445635015,313,0.6816728290400315,healthy,aging,abf300,MONO
NCOA2,0.7208333002039872,-0.02027740439327628,313,0.8619106521127252,healthy,aging,abf300,MONO
NCOA3,0.5945858394924636,0.030195808524867824,313,0.7990783630599103,healthy,aging,abf300,MONO
NFAT5,0.23749467694391224,-0.06696239096676301,313,0.5999865522793573,healthy,aging,abf300,MONO
NFATC1,0.010220900996464216,0.1449792233547937,313,0.05209945994657866,healthy,aging,abf300,MONO
NFATC2,0.011821173329311395,-0.1421395215976226,313,0.05721845241750726,healthy,aging,abf300,MONO
NFATC3,0.6985751422564603,-0.02197363098740673,313,0.8499225231789403,healthy,aging,abf300,MONO
NFE2,0.9921158673724524,-0.0005607765049831225,313,0.9955727170845515,healthy,aging,abf300,MONO
NFE2L1,0.4301437005156882,0.04475055229818196,313,0.7473437695207723,healthy,aging,abf300,MONO
NFE2L2,0.0019833310200413645,-0.17416954884088373,313,0.015379730852361308,healthy,aging,abf300,MONO
NFE2L3,0.29013756463297347,-0.05997764067694706,313,0.668139736454023,healthy,aging,abf300,MONO
NFIA,0.21674532517925843,-0.07001368064780382,313,0.5740637118314462,healthy,aging,abf300,MONO
NFIC,0.17540046498023404,-0.07678625581322128,313,0.4857243645606481,healthy,aging,abf300,MONO
NFIL3,9.699569172841457e-05,-0.21853274452358173,313,0.0015099869847450484,healthy,aging,abf300,MONO
NFKB1,4.437177735309703e-05,-0.2286599963099087,313,0.0008813153019097892,healthy,aging,abf300,MONO
NFKB2,2.2512552774765245e-05,-0.23709219590316277,313,0.0005894195635574897,healthy,aging,abf300,MONO
NFX1,0.40254686003572415,-0.04747790302084682,313,0.7311479938160826,healthy,aging,abf300,MONO
NFXL1,0.4647344619186793,-0.04147084161144646,313,0.7608123861349833,healthy,aging,abf300,MONO
NFYA,0.6528308772409706,-0.02552404111790895,313,0.8139190157809503,healthy,aging,abf300,MONO
NFYB,0.5225239802558916,0.03627764013493261,313,0.7644798184284823,healthy,aging,abf300,MONO
NFYC,0.22354750009751,0.06899136452720109,313,0.5826396382631934,healthy,aging,abf300,MONO
NME2,0.14908351113649645,0.08174105387505122,313,0.43812297150317325,healthy,aging,abf300,MONO
NR1D1,0.03911190190168355,0.11667635360119699,313,0.15088647964893334,healthy,aging,abf300,MONO
NR1D2,0.22865523096680387,-0.06823818198228832,313,0.585357391275018,healthy,aging,abf300,MONO
NR1H2,0.3682733209297089,0.051025768615724325,313,0.7200358540222256,healthy,aging,abf300,MONO
NR2C1,0.2349467143047258,-0.06732665102811505,313,0.5961643499538417,healthy,aging,abf300,MONO
NR2C2,0.2841491449946105,-0.06072612561762959,313,0.6626312045218449,healthy,aging,abf300,MONO
NR3C1,0.633611906573959,-0.027045086220953925,313,0.8092249627197348,healthy,aging,abf300,MONO
NR4A1,0.00013934845543530912,-0.21367855348568243,313,0.00205806949565995,healthy,aging,abf300,MONO
NR4A2,1.1463904515098634e-05,-0.24518381918972554,313,0.00043474894377934574,healthy,aging,abf300,MONO
NR4A3,2.1680922920157137e-05,-0.23755099524964807,313,0.0005894195635574897,healthy,aging,abf300,MONO
NRF1,0.5254740376707643,-0.03602083777034696,313,0.7644798184284823,healthy,aging,abf300,MONO
OLIG1,0.01173659046711502,0.14228084119154855,313,0.05721845241750726,healthy,aging,abf300,MONO
PA2G4,0.022606764612868823,0.1288519565654117,313,0.09872817340550984,healthy,aging,abf300,MONO
PBX2,0.8008368375730996,-0.014315361691082246,313,0.8887900162660991,healthy,aging,abf300,MONO
PBX3,0.4834613570635907,-0.03975190993020326,313,0.7608809623119831,healthy,aging,abf300,MONO
PHF1,0.8731771737524826,-0.009058546823950754,313,0.9305632566775426,healthy,aging,abf300,MONO
PHF19,0.0024005590221197752,0.1710010147875969,313,0.01686246337489013,healthy,aging,abf300,MONO
PHF20,0.30237608389979553,0.05847949639452443,313,0.676618636931145,healthy,aging,abf300,MONO
PHF21A,0.16218888981805965,-0.07919808411842269,313,0.4602009878581397,healthy,aging,abf300,MONO
PIN1,0.0005612757734499176,0.19390868608278009,313,0.005719527688830108,healthy,aging,abf300,MONO
PKNOX1,0.49806635898292373,-0.03843618927872104,313,0.7634878957040615,healthy,aging,abf300,MONO
PLAGL1,0.10651640857510658,-0.09140617884522978,313,0.3446823108947269,healthy,aging,abf300,MONO
PLAGL2,0.011681700799678578,0.14237303167456672,313,0.05721845241750726,healthy,aging,abf300,MONO
PLSCR1,0.00015457358821619334,-0.2122690764831053,313,0.002171570410061643,healthy,aging,abf300,MONO
POGK,0.4471466240269588,-0.04312048363029384,313,0.7552975232830742,healthy,aging,abf300,MONO
POU2F1,0.7411206356353338,-0.01874696408177086,313,0.8633326501282594,healthy,aging,abf300,MONO
POU2F2,0.0006437834789619219,0.19185661596821005,313,0.00618032139803445,healthy,aging,abf300,MONO
PPARA,0.034950410309938916,-0.11925533832359059,313,0.13931881990862396,healthy,aging,abf300,MONO
PRDM1,5.844604321651167e-06,-0.252992999021946,313,0.00043474894377934574,healthy,aging,abf300,MONO
PRDM10,0.8402520943364826,-0.011438862034107735,313,0.9097466284545376,healthy,aging,abf300,MONO
PRDM2,0.43702958993578356,-0.0440860370331147,313,0.7514299815015264,healthy,aging,abf300,MONO
PRDM4,0.5745116144029875,0.03185269268357014,313,0.7973944334846284,healthy,aging,abf300,MONO
PREB,0.6919130604395962,0.02248508264797249,313,0.8461611949324997,healthy,aging,abf300,MONO
PRMT3,0.45826718964275526,-0.042073309353972826,313,0.7594329916374501,healthy,aging,abf300,MONO
PRR12,0.07735705873645662,-0.09998302550207289,313,0.27168411679117777,healthy,aging,abf300,MONO
PURA,0.5594519831369589,0.0331136079523664,313,0.7898145644286478,healthy,aging,abf300,MONO
PURB,0.00017378113433178172,-0.21066582330603137,313,0.0023741829642231855,healthy,aging,abf300,MONO
RARA,0.07782617928913946,0.09982585149386994,313,0.27168411679117777,healthy,aging,abf300,MONO
RBAK,0.27431567225028036,-0.06197862434551337,313,0.6475648656400061,healthy,aging,abf300,MONO
RBCK1,0.0005659949275404794,0.1937840038371695,313,0.005719527688830108,healthy,aging,abf300,MONO
RBPJ,0.38012522127579795,-0.049776988824522826,313,0.7274157058300984,healthy,aging,abf300,MONO
RBSN,0.607425601723534,-0.02914941718258518,313,0.7996099152510194,healthy,aging,abf300,MONO
REL,0.11207506534040443,-0.08998965543630733,313,0.3566587714700163,healthy,aging,abf300,MONO
RELA,0.8261442881047804,-0.012464701357883147,313,0.8995446312823318,healthy,aging,abf300,MONO
RELB,1.5513932558984118e-05,-0.24159113062115126,313,0.00047031711336709717,healthy,aging,abf300,MONO
REPIN1,0.04124070930865207,-0.1154457770263876,313,0.1562805826433131,healthy,aging,abf300,MONO
REST,0.00511007860514201,0.15790370272671012,313,0.02973136642991715,healthy,aging,abf300,MONO
REXO4,0.46931986513746726,0.041046491362649457,313,0.7608809623119831,healthy,aging,abf300,MONO
RFX1,0.36876836273707736,-0.05097311630164389,313,0.7200358540222256,healthy,aging,abf300,MONO
RFX2,0.00025527848197277615,-0.2053156435548242,313,0.0032675645692515345,healthy,aging,abf300,MONO
RFX3,0.3759768614072244,-0.05021132148230906,313,0.7274157058300984,healthy,aging,abf300,MONO
RFX5,0.5143594391135278,-0.03699226317845559,313,0.7644798184284823,healthy,aging,abf300,MONO
RFX7,0.3677345804543709,-0.051083118534034994,313,0.7200358540222256,healthy,aging,abf300,MONO
RLF,0.11079586022390821,-0.09031065839203938,313,0.35454675271650626,healthy,aging,abf300,MONO
RORA,0.0048003034150665945,-0.1590242770691284,313,0.028504894505962455,healthy,aging,abf300,MONO
RREB1,0.18470867828724535,-0.07516695248836078,313,0.5042284298267931,healthy,aging,abf300,MONO
RUNX1,4.770451560064598e-05,-0.2277412232158805,313,0.0009159266995324027,healthy,aging,abf300,MONO
RUNX2,0.0012870781562332495,-0.181157039399834,313,0.011403562785504327,healthy,aging,abf300,MONO
RUNX3,0.0418265287505575,0.11511655326325265,313,0.1571147430942367,healthy,aging,abf300,MONO
RXRA,0.5897618741833481,-0.030591581681264288,313,0.7990783630599103,healthy,aging,abf300,MONO
RXRB,0.6521417557915183,-0.02557825930006613,313,0.8139190157809503,healthy,aging,abf300,MONO
SAFB,0.7950275085705159,0.014742256475503951,313,0.8857559863377508,healthy,aging,abf300,MONO
SAFB2,0.3658922283577407,0.051279634977666085,313,0.7200358540222256,healthy,aging,abf300,MONO
SATB1,0.012776237582873044,-0.14060281781381023,313,0.06132594039779061,healthy,aging,abf300,MONO
SCML4,0.002196810993458756,-0.17247958571906025,313,0.016222604259387735,healthy,aging,abf300,MONO
SETBP1,0.006835832793762502,0.15259501847953655,313,0.03714565744535095,healthy,aging,abf300,MONO
SETDB1,0.7894791238880587,-0.015150752310023944,313,0.8820173580249315,healthy,aging,abf300,MONO
SETDB2,0.27348443731344363,-0.06208588630877016,313,0.6475648656400061,healthy,aging,abf300,MONO
SKI,0.10922376902684343,-0.09070917181757014,313,0.35146866457799897,healthy,aging,abf300,MONO
SKIL,0.005019606323218752,-0.15822450994893256,313,0.029502992267081644,healthy,aging,abf300,MONO
SLC2A4RG,0.5242093324693982,-0.036130840002738064,313,0.7644798184284823,healthy,aging,abf300,MONO
SMAD3,8.499657701205871e-05,-0.22027555569299523,313,0.001467218474289617,healthy,aging,abf300,MONO
SMAD4,0.46758261231212517,-0.04120699284051548,313,0.7608123861349833,healthy,aging,abf300,MONO
SMAD5,0.48622448189255796,-0.03950137103792458,313,0.7610470151361778,healthy,aging,abf300,MONO
SMYD3,0.6817657123566885,-0.023267625219324156,313,0.8385582566929621,healthy,aging,abf300,MONO
SNAI1,1.1813106676938628e-05,-0.24482993300438188,313,0.00043474894377934574,healthy,aging,abf300,MONO
SNAPC2,0.08712150354009097,0.09685911868897318,313,0.2969348286336828,healthy,aging,abf300,MONO
SNAPC5,0.008255182816050654,0.149064964634032,313,0.04283770542383042,healthy,aging,abf300,MONO
SON,0.4314895468232468,0.04462019378079321,313,0.7473437695207723,healthy,aging,abf300,MONO
SOX4,0.01425948951757508,-0.13840590490214158,313,0.06677614603352233,healthy,aging,abf300,MONO
SP1,0.5784512699983133,-0.031525426255531126,313,0.7990783630599103,healthy,aging,abf300,MONO
SP100,0.016398425792200598,0.1355673775460281,313,0.07617333271215761,healthy,aging,abf300,MONO
SP110,0.0003623471323679455,0.2003218945245853,313,0.0040923911420379724,healthy,aging,abf300,MONO
SP140,0.022625206405429338,0.12883453628305794,313,0.09872817340550984,healthy,aging,abf300,MONO
SP140L,0.03295723731996923,0.12058417312021551,313,0.13368569504438224,healthy,aging,abf300,MONO
SP2,0.6139082902097192,-0.02862485137687671,313,0.8000472241335141,healthy,aging,abf300,MONO
SP3,0.41322260080168205,-0.04641017672601856,313,0.734617956980768,healthy,aging,abf300,MONO
SP4,0.5828368510548545,-0.031162340595236638,313,0.7990783630599103,healthy,aging,abf300,MONO
SPEN,0.36499698695922544,-0.051375348663856915,313,0.7200358540222256,healthy,aging,abf300,MONO
SPI1,0.0003388876884313559,0.2012854905923102,313,0.003983659357886958,healthy,aging,abf300,MONO
SRCAP,0.3074746412068458,-0.05786724197651843,313,0.6816728290400315,healthy,aging,abf300,MONO
SREBF1,0.21826380710258111,-0.06978349804052279,313,0.5740637118314462,healthy,aging,abf300,MONO
SREBF2,0.3094422624511283,-0.057632753232026365,313,0.6816728290400315,healthy,aging,abf300,MONO
SRF,0.06929965804913106,-0.10281157044919717,313,0.24488713519202143,healthy,aging,abf300,MONO
STAT1,0.2700609485377929,0.06253000564203604,313,0.6449591274330095,healthy,aging,abf300,MONO
STAT2,0.4036546215859623,0.04736633492037897,313,0.7311479938160826,healthy,aging,abf300,MONO
STAT3,0.5284957812095272,-0.03575855486749273,313,0.7648582160218284,healthy,aging,abf300,MONO
STAT4,0.0035805330842510184,-0.1641867483846362,313,0.022878623677898658,healthy,aging,abf300,MONO
STAT5A,0.8149214597084514,0.013283650362019056,313,0.8963335521228191,healthy,aging,abf300,MONO
STAT5B,0.4830196146590874,-0.03979203529966976,313,0.7608809623119831,healthy,aging,abf300,MONO
STAT6,0.4651395457238393,0.04143326077760466,313,0.7608123861349833,healthy,aging,abf300,MONO
TBP,0.7673916217143617,-0.016784931381613504,313,0.8712704907175908,healthy,aging,abf300,MONO
TBPL1,0.4897185178527348,0.039185652886951534,313,0.7614064882438134,healthy,aging,abf300,MONO
TBX21,0.0264066650838922,-0.12549747567801178,313,0.11024779466479934,healthy,aging,abf300,MONO
TCF12,0.3915043880346265,-0.04860023896485144,313,0.7311479938160826,healthy,aging,abf300,MONO
TCF20,0.3623503995136341,-0.05165916225276635,313,0.7200358540222256,healthy,aging,abf300,MONO
TCF3,0.4435178263587949,-0.0434653660741962,313,0.7535878111583064,healthy,aging,abf300,MONO
TCF4,0.22712815334840084,-0.06846210111726239,313,0.585357391275018,healthy,aging,abf300,MONO
TCF7,0.10068484087600678,-0.09295638824120407,313,0.33117856026363274,healthy,aging,abf300,MONO
TCF7L2,0.001653989219205697,0.17713491151121333,313,0.013418278736091287,healthy,aging,abf300,MONO
TERF1,0.506340930831513,0.03769983981563325,313,0.7634878957040615,healthy,aging,abf300,MONO
TERF2,0.32654663262996664,-0.05563431409908476,313,0.7054976785240771,healthy,aging,abf300,MONO
TET2,0.002522647116741381,-0.1701689516383183,313,0.01750656312341007,healthy,aging,abf300,MONO
TET3,0.060851795636298486,-0.1060822773944914,313,0.22044424079564734,healthy,aging,abf300,MONO
TFAP4,0.03556776495318175,-0.11885682489805979,313,0.13971016857927046,healthy,aging,abf300,MONO
TFCP2,0.40111142249514853,-0.04762274581794543,313,0.7311479938160826,healthy,aging,abf300,MONO
TFDP1,0.025813978454026144,-0.1259920942567526,313,0.11013964140384488,healthy,aging,abf300,MONO
TFDP2,0.8746718875850965,0.008950893393674763,313,0.9305632566775426,healthy,aging,abf300,MONO
TFE3,0.8926880388732953,-0.007655724760699781,313,0.9371801720171462,healthy,aging,abf300,MONO
TFEB,0.8756341755542154,-0.008881603731278942,313,0.9305632566775426,healthy,aging,abf300,MONO
TFEC,0.03589775164884032,-0.11864621564173805,313,0.13971016857927046,healthy,aging,abf300,MONO
TGIF1,2.3310475322379822e-06,-0.2632547197293631,313,0.00043474894377934574,healthy,aging,abf300,MONO
TGIF2,0.03344499370972852,-0.12025279628847504,313,0.1347154991384869,healthy,aging,abf300,MONO
THAP1,0.7316840857143925,0.019457085254573223,313,0.8619106521127252,healthy,aging,abf300,MONO
THAP11,0.022926452103868972,0.1285517013616965,313,0.0992904993370566,healthy,aging,abf300,MONO
THAP12,0.16741415826012693,-0.07822724591084285,313,0.4703280823306268,healthy,aging,abf300,MONO
THAP4,0.8602604756373826,0.009990238329612069,313,0.9252116549364893,healthy,aging,abf300,MONO
THAP5,0.9219093209924667,-0.005563137809644086,313,0.9516483313470624,healthy,aging,abf300,MONO
THAP6,0.4853644134480528,-0.03957927297474249,313,0.7610470151361778,healthy,aging,abf300,MONO
THAP7,0.8089551342600438,0.013720136088410804,313,0.8926401481490139,healthy,aging,abf300,MONO
THRA,0.47446112899990023,-0.04057340346996387,313,0.7608809623119831,healthy,aging,abf300,MONO
THYN1,0.0045385011618582684,0.1600233009020896,313,0.02751764914979329,healthy,aging,abf300,MONO
TMF1,0.662762144948237,-0.024745217483239546,313,0.8209698827745905,healthy,aging,abf300,MONO
TOPORS,0.7554607607357179,-0.017673365781654828,313,0.8651001951963688,healthy,aging,abf300,MONO
TP53,0.7641529840459902,0.017025683598412538,313,0.870396082220285,healthy,aging,abf300,MONO
TRAFD1,0.2657875834467387,0.0630898034794712,313,0.6388500802644204,healthy,aging,abf300,MONO
TRERF1,0.002080030378737288,-0.17338446173390737,313,0.015559707768216597,healthy,aging,abf300,MONO
TRPS1,0.006227161409168847,-0.15431395016077976,313,0.03448889395847362,healthy,aging,abf300,MONO
TSC22D1,0.6009638895068934,-0.029674765922332022,313,0.7990783630599103,healthy,aging,abf300,MONO
TSHZ1,0.39928085154995996,-0.04780790971802013,313,0.7311479938160826,healthy,aging,abf300,MONO
TSHZ2,0.006499416217442259,-0.15352729718572666,313,0.03565394039282611,healthy,aging,abf300,MONO
TTF1,0.5093055623258979,0.037437556912779016,313,0.7644798184284823,healthy,aging,abf300,MONO
UBP1,0.39502197965755814,-0.04824067650772962,313,0.7311479938160826,healthy,aging,abf300,MONO
USF1,0.620007134115933,-0.028133560267798997,313,0.8007267023560032,healthy,aging,abf300,MONO
USF2,0.3623686107776838,-0.051657204917670424,313,0.7200358540222256,healthy,aging,abf300,MONO
USF3,0.36391865303120097,-0.05149083143451662,313,0.7200358540222256,healthy,aging,abf300,MONO
VEZF1,0.21804253598162018,0.06981696847066315,313,0.5740637118314462,healthy,aging,abf300,MONO
XBP1,9.578849791508324e-06,-0.24729147762101983,313,0.00043474894377934574,healthy,aging,abf300,MONO
XPA,0.22851878076183996,0.06825814680026678,313,0.585357391275018,healthy,aging,abf300,MONO
YBX1,0.003614504782445795,0.1640227237035975,313,0.022878623677898658,healthy,aging,abf300,MONO
YBX3,4.574764211181008e-06,-0.2557704575230666,313,0.00043474894377934574,healthy,aging,abf300,MONO
YY1,0.24045965762510235,-0.06654195538815788,313,0.6048242916683797,healthy,aging,abf300,MONO
ZBED1,0.1146522747260418,-0.08935156419503508,313,0.3628555507813191,healthy,aging,abf300,MONO
ZBED4,0.4307173080937846,-0.04469496398145763,313,0.7473437695207723,healthy,aging,abf300,MONO
ZBED5,0.4252197020831534,-0.04522951219615533,313,0.7464042876896323,healthy,aging,abf300,MONO
ZBED6,0.5348222671576779,-0.03521187117520028,313,0.7701440647070562,healthy,aging,abf300,MONO
ZBTB1,0.09237512285020301,-0.09529344634574106,313,0.31115830854805226,healthy,aging,abf300,MONO
ZBTB10,1.0910556765176412e-05,-0.24576612638076384,313,0.00043474894377934574,healthy,aging,abf300,MONO
ZBTB11,0.7308199369613478,-0.019522264513267593,313,0.8619106521127252,healthy,aging,abf300,MONO
ZBTB14,0.779245276448315,-0.015906283657051816,313,0.8743224876455933,healthy,aging,abf300,MONO
ZBTB16,0.6035073288548318,-0.029467679869182934,313,0.7990783630599103,healthy,aging,abf300,MONO
ZBTB17,0.9405719649628056,0.004230779809846489,313,0.9657209479832014,healthy,aging,abf300,MONO
ZBTB18,0.5322195785763302,-0.03543637751070312,313,0.7683169856139503,healthy,aging,abf300,MONO
ZBTB2,0.6016437513670652,-0.029619373339117287,313,0.7990783630599103,healthy,aging,abf300,MONO
ZBTB20,0.6090893288824859,-0.029014556794475798,313,0.7996099152510194,healthy,aging,abf300,MONO
ZBTB21,0.2573804540430815,-0.06420939915434151,313,0.6387407540010072,healthy,aging,abf300,MONO
ZBTB24,0.8625671158001644,0.009823669112948668,313,0.9252116549364893,healthy,aging,abf300,MONO
ZBTB25,0.2639241309934717,-0.06333584050102924,313,0.6387407540010072,healthy,aging,abf300,MONO
ZBTB33,0.5172455734014496,-0.03673898401704263,313,0.7644798184284823,healthy,aging,abf300,MONO
ZBTB37,0.35980826835206337,-0.05193299343268656,313,0.7200358540222256,healthy,aging,abf300,MONO
ZBTB38,0.5724431998494284,-0.03202493817201173,313,0.7964427128339873,healthy,aging,abf300,MONO
ZBTB4,0.18620266932523546,0.07491269465939983,313,0.5059091392987529,healthy,aging,abf300,MONO
ZBTB40,0.40873252266027793,-0.04685723206192832,313,0.7334854487593591,healthy,aging,abf300,MONO
ZBTB43,0.0001813611986559378,-0.21007842704374366,313,0.0023741829642231855,healthy,aging,abf300,MONO
ZBTB44,0.34783844955217946,-0.053238927408689136,313,0.7200358540222256,healthy,aging,abf300,MONO
ZBTB7A,0.005841210220094046,0.15548365361410582,313,0.03266540860945796,healthy,aging,abf300,MONO
ZBTB7B,0.7443027045333893,-0.01850816920006775,313,0.8633326501282594,healthy,aging,abf300,MONO
ZC3H8,0.5438889102794158,-0.03443402620807883,313,0.7793035132361779,healthy,aging,abf300,MONO
ZEB2,0.04220848063821404,-0.11490398667183498,313,0.1571147430942367,healthy,aging,abf300,MONO
ZFAT,0.9845516631331264,-0.0010988479228534905,313,0.9928690900207588,healthy,aging,abf300,MONO
ZFHX3,0.005806603711120354,-0.1555918942449106,313,0.03266540860945796,healthy,aging,abf300,MONO
ZFP14,0.7548288786829537,-0.01772053755746667,313,0.8651001951963688,healthy,aging,abf300,MONO
ZFP90,0.23099180801434088,-0.067897605675597,313,0.5887224841427449,healthy,aging,abf300,MONO
ZFP91,0.20177454337872164,-0.07234760701618734,313,0.5405680790053193,healthy,aging,abf300,MONO
ZFX,0.39918037346581836,-0.04781808786051895,313,0.7311479938160826,healthy,aging,abf300,MONO
ZFY,0.0244683734382849,-0.1271524025016182,313,0.10517748582426942,healthy,aging,abf300,MONO
ZGPAT,0.9807026343656454,-0.0013726791027736957,313,0.9928690900207588,healthy,aging,abf300,MONO
ZHX1,0.7450675724402062,0.018450819281757083,313,0.8633326501282594,healthy,aging,abf300,MONO
ZHX2,0.6018023553613555,-0.029606454927484163,313,0.7990783630599103,healthy,aging,abf300,MONO
ZKSCAN1,0.7332081994070991,-0.019342189684442297,313,0.8619106521127252,healthy,aging,abf300,MONO
ZKSCAN8,0.6279011827357845,-0.027500753831285762,313,0.8046633160615282,healthy,aging,abf300,MONO
ZMAT1,0.4588240991142928,-0.04202124424042117,313,0.7594329916374501,healthy,aging,abf300,MONO
ZNF100,0.5892142930924302,-0.030636600388470617,313,0.7990783630599103,healthy,aging,abf300,MONO
ZNF101,0.3786021014077334,-0.0499361201678217,313,0.7274157058300984,healthy,aging,abf300,MONO
ZNF107,0.3027052602466722,-0.05843976249207711,313,0.676618636931145,healthy,aging,abf300,MONO
ZNF12,0.8735603213043059,-0.009030948399098182,313,0.9305632566775426,healthy,aging,abf300,MONO
ZNF121,0.2469457296093354,-0.06563473057119565,313,0.6184380011085964,healthy,aging,abf300,MONO
ZNF124,0.15976359853148048,-0.07965668773139842,313,0.4601191637706638,healthy,aging,abf300,MONO
ZNF131,0.6424981090493267,-0.026339466918872196,313,0.809886518681655,healthy,aging,abf300,MONO
ZNF136,0.5273920507258749,-0.03585426855368356,313,0.7648582160218284,healthy,aging,abf300,MONO
ZNF141,0.37457921088019686,-0.05035831734801319,313,0.7274157058300984,healthy,aging,abf300,MONO
ZNF143,0.7183065481621693,0.02046902749916755,313,0.8619106521127252,healthy,aging,abf300,MONO
ZNF146,0.8589464097681209,-0.010085169081764534,313,0.9252116549364893,healthy,aging,abf300,MONO
ZNF148,0.9014456803372946,0.007027615928416764,313,0.9389379961560247,healthy,aging,abf300,MONO
ZNF160,0.8980574077014496,-0.007270521213821322,313,0.9378211718315574,healthy,aging,abf300,MONO
ZNF169,0.8235553067755517,-0.012653388461130519,313,0.8984239710278746,healthy,aging,abf300,MONO
ZNF195,0.4739257918327132,-0.04062253258087164,313,0.7608809623119831,healthy,aging,abf300,MONO
ZNF207,0.4424111218486353,-0.043570866435866676,313,0.7535878111583064,healthy,aging,abf300,MONO
ZNF217,0.004612753556768515,0.15973478970894994,313,0.02767652134061109,healthy,aging,abf300,MONO
ZNF22,0.8961961426261676,0.007404011467363553,313,0.9378211718315574,healthy,aging,abf300,MONO
ZNF224,0.8852478262562918,0.008190077241887887,313,0.9371801720171462,healthy,aging,abf300,MONO
ZNF236,0.5501196863512062,-0.033903196930063405,313,0.786275283717853,healthy,aging,abf300,MONO
ZNF24,0.5657102422593745,0.03258767201209078,313,0.7908958726733003,healthy,aging,abf300,MONO
ZNF25,0.3171527743392043,0.05672317961294902,313,0.6919696894673548,healthy,aging,abf300,MONO
ZNF254,0.03929335407524306,-0.11656928737144978,313,0.15088647964893334,healthy,aging,abf300,MONO
ZNF26,0.026413534138441507,-0.1254917994062336,313,0.11024779466479934,healthy,aging,abf300,MONO
ZNF263,0.4251114108334135,-0.04524008180567333,313,0.7464042876896323,healthy,aging,abf300,MONO
ZNF264,0.6548327394903949,0.02536667137619641,313,0.8146515290420464,healthy,aging,abf300,MONO
ZNF266,0.4461955856083629,-0.04321071677821608,313,0.7552975232830742,healthy,aging,abf300,MONO
ZNF267,0.00012551958493944211,-0.2150899878233555,313,0.0019026126559241751,healthy,aging,abf300,MONO
ZNF274,0.9459850948270057,0.00384479332892966,313,0.9695505598226962,healthy,aging,abf300,MONO
ZNF276,0.42633161571161293,-0.04512107583184097,313,0.7464042876896323,healthy,aging,abf300,MONO
ZNF277,0.7303400010984542,-0.019558475212542246,313,0.8619106521127252,healthy,aging,abf300,MONO
ZNF280D,0.3250504774080538,-0.05580636385401676,313,0.7054976785240771,healthy,aging,abf300,MONO
ZNF281,0.00037214619445441347,-0.19993649524419727,313,0.004122234769341196,healthy,aging,abf300,MONO
ZNF292,0.35891690811117094,-0.05202929431940617,313,0.7200358540222256,healthy,aging,abf300,MONO
ZNF296,0.0043947259441005785,0.16059425554957155,313,0.026929384508531204,healthy,aging,abf300,MONO
ZNF3,0.5700524763270944,-0.0322243906182867,313,0.7950368677104271,healthy,aging,abf300,MONO
ZNF302,0.6641897154037895,-0.0246336493827717,313,0.8209726954347268,healthy,aging,abf300,MONO
ZNF316,0.0005781627214965731,-0.1934669155516293,313,0.005741753923828036,healthy,aging,abf300,MONO
ZNF317,0.16782495223902147,-0.07815188850964964,313,0.4703280823306268,healthy,aging,abf300,MONO
ZNF318,0.22613625548643784,-0.06860811831541855,313,0.585357391275018,healthy,aging,abf300,MONO
ZNF32,0.6268292025747402,-0.027586485108487366,313,0.8046633160615282,healthy,aging,abf300,MONO
ZNF326,0.5018582053922035,-0.03809796177414483,313,0.7634878957040615,healthy,aging,abf300,MONO
ZNF331,1.3396555802894062e-05,-0.24334059672989092,313,0.00043474894377934574,healthy,aging,abf300,MONO
ZNF333,0.6415738122753489,-0.02641267125145987,313,0.809886518681655,healthy,aging,abf300,MONO
ZNF335,0.46674068937381896,-0.04128489477733338,313,0.7608123861349833,healthy,aging,abf300,MONO
ZNF33A,0.603107945284534,-0.02950017163177532,313,0.7990783630599103,healthy,aging,abf300,MONO
ZNF33B,0.06729518347739698,-0.10355672792021663,313,0.2406808965965094,healthy,aging,abf300,MONO
ZNF34,0.746423020423391,-0.018349233590278468,313,0.8633326501282594,healthy,aging,abf300,MONO
ZNF350,0.9482312433953597,-0.0036846833180828207,313,0.9701264586069754,healthy,aging,abf300,MONO
ZNF354A,0.9703328170193554,-0.002110594433938224,313,0.9874765063659872,healthy,aging,abf300,MONO
ZNF362,0.47580412205556144,-0.04045028709243005,313,0.7608809623119831,healthy,aging,abf300,MONO
ZNF37A,0.6171026521559339,-0.028367266078252698,313,0.8000472241335141,healthy,aging,abf300,MONO
ZNF384,0.8842238670267984,-0.008263673041494746,313,0.9371801720171462,healthy,aging,abf300,MONO
ZNF385A,0.0017745270984392512,-0.1759916320816823,313,0.01419621678751401,healthy,aging,abf300,MONO
ZNF394,0.9729482496256487,-0.0019244518663155533,313,0.9883918726355797,healthy,aging,abf300,MONO
ZNF395,0.0006860224894272468,-0.1908986961722633,313,0.006477851703444166,healthy,aging,abf300,MONO
ZNF397,0.8394269471003515,0.011498756488043107,313,0.9097466284545376,healthy,aging,abf300,MONO
ZNF398,0.6444448854728965,-0.026185424646822726,313,0.809886518681655,healthy,aging,abf300,MONO
ZNF407,0.6375814967689258,-0.026729368069980875,313,0.809886518681655,healthy,aging,abf300,MONO
ZNF41,0.8024422766992376,-0.014197530118307433,313,0.8888591372668478,healthy,aging,abf300,MONO
ZNF410,0.5970332665419225,-0.02999557314455448,313,0.7990783630599103,healthy,aging,abf300,MONO
ZNF414,0.8545572902848235,-0.010402453100814321,313,0.9234990604203721,healthy,aging,abf300,MONO
ZNF428,0.30306876445874203,-0.05839591818592834,313,0.676618636931145,healthy,aging,abf300,MONO
ZNF43,0.4673752269545157,-0.04122617472445557,313,0.7608123861349833,healthy,aging,abf300,MONO
ZNF430,0.9976993952765529,-0.000163633214019508,313,0.9994345246596427,healthy,aging,abf300,MONO
ZNF431,0.47845559727356946,-0.040207773274044685,313,0.7608809623119831,healthy,aging,abf300,MONO
ZNF438,0.9890449358226865,0.0007792151016885902,313,0.9942231815599781,healthy,aging,abf300,MONO
ZNF44,0.93850294704685,-0.004378362876079396,313,0.9653173169624742,healthy,aging,abf300,MONO
ZNF445,0.27712535202134964,-0.0616176917538244,313,0.651527358221622,healthy,aging,abf300,MONO
ZNF451,0.3627037998565069,-0.05162118995190536,313,0.7200358540222256,healthy,aging,abf300,MONO
ZNF460,0.754551007123049,-0.0177412853094835,313,0.8651001951963688,healthy,aging,abf300,MONO
ZNF467,0.11683385414251618,-0.08882014771649087,313,0.3657407607939637,healthy,aging,abf300,MONO
ZNF480,0.27986827706849915,-0.061267720238672635,313,0.6553013316725834,healthy,aging,abf300,MONO
ZNF484,0.515014443654289,-0.03693471752663534,313,0.7644798184284823,healthy,aging,abf300,MONO
ZNF487,0.4225132374440177,-0.04549414390112467,313,0.7464042876896323,healthy,aging,abf300,MONO
ZNF490,0.5885860531193486,-0.030688274035003092,313,0.7990783630599103,healthy,aging,abf300,MONO
ZNF493,0.7282969126216241,-0.019712713218101304,313,0.8619106521127252,healthy,aging,abf300,MONO
ZNF506,0.9363301001025345,0.004533383815676824,313,0.9648052552040426,healthy,aging,abf300,MONO
ZNF511,0.2661875334435085,0.06303715116539076,313,0.6388500802644204,healthy,aging,abf300,MONO
ZNF512,0.7525989357036423,-0.01788710677413007,313,0.8651001951963688,healthy,aging,abf300,MONO
ZNF516,0.1381704253800003,-0.08399159776834823,313,0.4145112761400009,healthy,aging,abf300,MONO
ZNF518A,0.5416917277248938,-0.03462193037728784,313,0.7780908607719172,healthy,aging,abf300,MONO
ZNF518B,0.6155094194661757,-0.028495667260545518,313,0.8000472241335141,healthy,aging,abf300,MONO
ZNF524,0.8905830842984446,0.007806831030105355,313,0.9371801720171462,healthy,aging,abf300,MONO
ZNF561,0.09578356439748473,-0.09431536599830628,313,0.31707662697098393,healthy,aging,abf300,MONO
ZNF562,0.5963270401315781,-0.03005331452988433,313,0.7990783630599103,healthy,aging,abf300,MONO
ZNF564,0.7697481015212907,0.01660994562403762,313,0.8712704907175908,healthy,aging,abf300,MONO
ZNF580,0.03507157792838624,0.11917665345273432,313,0.13931881990862396,healthy,aging,abf300,MONO
ZNF581,0.3890474716140465,0.04885253945871643,313,0.7311479938160826,healthy,aging,abf300,MONO
ZNF585A,0.5060361318386757,0.03772685103995705,313,0.7634878957040615,healthy,aging,abf300,MONO
ZNF586,0.2905177838586054,-0.05993046890113522,313,0.668139736454023,healthy,aging,abf300,MONO
ZNF587,0.008803909806298702,-0.1478441747347022,313,0.04527725043239332,healthy,aging,abf300,MONO
ZNF592,0.4832113687083853,-0.039774615017316,313,0.7608809623119831,healthy,aging,abf300,MONO
ZNF598,0.49041980405981733,-0.03912243096335309,313,0.7614064882438134,healthy,aging,abf300,MONO
ZNF600,0.19017851009410286,-0.07424328605659276,313,0.5142855484234894,healthy,aging,abf300,MONO
ZNF609,0.15701187663456737,-0.08018340660571241,313,0.45676182293692325,healthy,aging,abf300,MONO
ZNF611,0.6108131297056398,-0.028874998802136197,313,0.7996099152510194,healthy,aging,abf300,MONO
ZNF621,0.5631791572057276,-0.03280004286999887,313,0.7908958726733003,healthy,aging,abf300,MONO
ZNF639,0.4538317663683029,-0.04248924306185734,313,0.7568847911584522,healthy,aging,abf300,MONO
ZNF641,0.7458431375880008,-0.01839268642940805,313,0.8633326501282594,healthy,aging,abf300,MONO
ZNF644,0.3510354811220461,-0.05288739002546062,313,0.7200358540222256,healthy,aging,abf300,MONO
ZNF652,0.5028833718970761,-0.038006749958674625,313,0.7634878957040615,healthy,aging,abf300,MONO
ZNF654,0.5187230793892681,-0.03660960416720184,313,0.7644798184284823,healthy,aging,abf300,MONO
ZNF655,0.6833787125081343,0.0231429429737136,313,0.8385582566929621,healthy,aging,abf300,MONO
ZNF664,0.0023151112424056558,-0.17160661426627674,313,0.016463013279329107,healthy,aging,abf300,MONO
ZNF672,0.4102449772836101,-0.04670632152603234,313,0.7334854487593591,healthy,aging,abf300,MONO
ZNF675,0.5025598635895236,-0.038035522784584753,313,0.7634878957040615,healthy,aging,abf300,MONO
ZNF687,0.6575905824057293,-0.02515019011458687,313,0.8163193436760777,healthy,aging,abf300,MONO
ZNF688,0.6453783195744438,0.026111633113706272,313,0.809886518681655,healthy,aging,abf300,MONO
ZNF689,0.5553941380998768,-0.033456141594153645,313,0.7879483338559828,healthy,aging,abf300,MONO
ZNF699,0.8161722761379369,-0.013192242813039257,313,0.8963335521228191,healthy,aging,abf300,MONO
ZNF7,0.8932498514538425,0.007615403657723682,313,0.9371801720171462,healthy,aging,abf300,MONO
ZNF700,0.6048579275939598,-0.02935787337030142,313,0.7990783630599103,healthy,aging,abf300,MONO
ZNF703,0.00760326185855978,0.15061302096140075,313,0.04059608488438092,healthy,aging,abf300,MONO
ZNF706,0.00017998760207174554,0.2101831444713758,313,0.0023741829642231855,healthy,aging,abf300,MONO
ZNF708,0.5255798751695816,-0.0360116382953961,313,0.7644798184284823,healthy,aging,abf300,MONO
ZNF710,0.4983708123298427,-0.03840898232088765,313,0.7634878957040615,healthy,aging,abf300,MONO
ZNF714,0.029666776433323966,-0.12293591123797194,313,0.12205759446853288,healthy,aging,abf300,MONO
ZNF721,0.5576183840880959,-0.033268237424944634,313,0.7891601701099343,healthy,aging,abf300,MONO
ZNF736,0.38173670487205524,-0.04960904947329228,313,0.7280806026698802,healthy,aging,abf300,MONO
ZNF746,0.3502790591002194,-0.052970381033527934,313,0.7200358540222256,healthy,aging,abf300,MONO
ZNF75A,0.9080826388585529,-0.006552179233616065,313,0.9424425224910387,healthy,aging,abf300,MONO
ZNF75D,0.7201438837829168,-0.020329665240337535,313,0.8619106521127252,healthy,aging,abf300,MONO
ZNF76,0.8920253871200747,-0.00770328800353081,313,0.9371801720171462,healthy,aging,abf300,MONO
ZNF766,0.7802113865448523,-0.015834840926050475,313,0.8743224876455933,healthy,aging,abf300,MONO
ZNF770,0.8987452896719093,-0.007221196369403957,313,0.9378211718315574,healthy,aging,abf300,MONO
ZNF780B,0.7780678752923957,-0.015993385068820573,313,0.8743224876455933,healthy,aging,abf300,MONO
ZNF787,0.45465648913337575,-0.04241173259205863,313,0.7568847911584522,healthy,aging,abf300,MONO
ZNF789,0.33399721027101603,-0.05478502640096198,313,0.7125273819115009,healthy,aging,abf300,MONO
ZNF791,0.6842402441765489,-0.02307639358045208,313,0.8385582566929621,healthy,aging,abf300,MONO
ZNF800,0.7901405498973345,-0.01510201466613536,313,0.8820173580249315,healthy,aging,abf300,MONO
ZNF808,0.7405577100108212,-0.01878924251984288,313,0.8633326501282594,healthy,aging,abf300,MONO
ZNF814,0.41131215268971,-0.0466000382303235,313,0.7334854487593591,healthy,aging,abf300,MONO
ZNF821,0.27097241117845194,-0.06241139113522286,313,0.6449591274330095,healthy,aging,abf300,MONO
ZNF83,0.5653506606168551,-0.032617814972568056,313,0.7908958726733003,healthy,aging,abf300,MONO
ZNF830,0.9830769344832292,-0.0012037610839951845,313,0.9928690900207588,healthy,aging,abf300,MONO
ZNF841,0.37821302398975787,-0.04997683273781699,313,0.7274157058300984,healthy,aging,abf300,MONO
ZNF846,0.6219906327220676,-0.02797423319099053,313,0.801491285118369,healthy,aging,abf300,MONO
ZNF880,0.48169354619413995,-0.03991260714157887,313,0.7608809623119831,healthy,aging,abf300,MONO
ZNF91,0.09307031152269743,-0.09509164509735099,313,0.31167732230856815,healthy,aging,abf300,MONO
ZNF92,0.40280517536863003,-0.04745187046407099,313,0.7311479938160826,healthy,aging,abf300,MONO
ZSCAN16,0.013516615307390402,0.13947969893576723,313,0.06434355716575926,healthy,aging,abf300,MONO
ZSCAN18,0.005210219626434529,-0.1575545141455967,313,0.030010865048262888,healthy,aging,abf300,MONO
ZXDC,0.4028420856281564,-0.04744815152738873,313,0.7311479938160826,healthy,aging,abf300,MONO
ZZZ3,0.31267590943644313,-0.05724950702024382,313,0.6847959081193583,healthy,aging,abf300,MONO
