gene,pvalue,slope,n_samples,p_value_adj,condition,comparison,dataset,cell_type
ADNP,0.0017428590674750872,0.12559575043503085,619,0.0024461857865005106,healthy,aging,aida,NK
ADNP2,0.0004411100172593747,0.14082705896650932,619,0.0006632366767819101,healthy,aging,aida,NK
AEBP2,2.7324878665941963e-07,0.20485385450497462,619,9.556159224055595e-07,healthy,aging,aida,NK
AHCTF1,3.387413174179919e-07,0.20327351583745654,619,1.105274504771044e-06,healthy,aging,aida,NK
AHDC1,1.7637353931838855e-07,0.20803591581025885,619,7.156695537726515e-07,healthy,aging,aida,NK
AHR,1.780811971574636e-08,-0.22394260351094564,619,1.5233161864947454e-07,healthy,aging,aida,NK
AKAP8,2.0438048988221672e-05,0.1703175784565196,619,3.696367145584089e-05,healthy,aging,aida,NK
AKAP8L,2.1924249722488242e-08,0.22254884947376977,619,1.6959196968338644e-07,healthy,aging,aida,NK
AKNA,0.2401969424520175,0.04727608632805742,619,0.2715083295930841,healthy,aging,aida,NK
ANKZF1,5.853898355110367e-06,0.180999694055835,619,1.1507818816102038e-05,healthy,aging,aida,NK
ARHGAP35,1.6412097208248782e-07,0.2085544960686303,619,6.798755763955863e-07,healthy,aging,aida,NK
ARID2,7.382500705997803e-05,0.158621837360971,619,0.0001226541455878375,healthy,aging,aida,NK
ARID3B,2.16966958859294e-08,0.222618999018773,619,1.6959196968338644e-07,healthy,aging,aida,NK
ARID5A,0.0014982381600443966,0.12735244991752992,619,0.0021360017011443763,healthy,aging,aida,NK
ARID5B,0.3659047263363949,0.0364032358367185,619,0.40634682766831226,healthy,aging,aida,NK
ARNT,2.0800831628682333e-07,0.20684266496394169,619,7.884387078416337e-07,healthy,aging,aida,NK
ASCL2,4.6866808025552586e-08,0.21737721851530847,619,2.79874429058193e-07,healthy,aging,aida,NK
ASH1L,0.11763884492197238,0.06295792601021845,619,0.13789886821408984,healthy,aging,aida,NK
ATF1,1.7786816080396552e-08,0.2239506003566242,619,1.5233161864947454e-07,healthy,aging,aida,NK
ATF2,8.675327418701504e-08,0.21308969452085585,619,4.324001776407416e-07,healthy,aging,aida,NK
ATF3,0.16207119098058345,0.056265173532618395,619,0.18720997060348415,healthy,aging,aida,NK
ATF4,0.2739430080990929,-0.04404034999212682,619,0.30800341763183975,healthy,aging,aida,NK
ATF5,0.0002765040801520805,0.14567226172114797,619,0.0004268953237469926,healthy,aging,aida,NK
ATF6,2.6036327325124152e-06,0.18760207711597243,619,5.742507037213771e-06,healthy,aging,aida,NK
ATF6B,8.291920078359861e-08,0.21340746791068455,619,4.2673052110578525e-07,healthy,aging,aida,NK
ATF7,8.26623923258861e-08,0.21342925678451133,619,4.2673052110578525e-07,healthy,aging,aida,NK
ATMIN,0.0003064206084189716,0.1446194364972056,619,0.00046964708263731,healthy,aging,aida,NK
BACH1,0.0004070931775116162,0.14167044781438873,619,0.0006135475746782217,healthy,aging,aida,NK
BACH2,5.015271323889585e-06,-0.18227799996014485,619,1.004641375956361e-05,healthy,aging,aida,NK
BATF,0.015219848936462657,0.09751809136981453,619,0.019502357038017937,healthy,aging,aida,NK
BAZ2A,0.15616732327079896,0.05706635118242231,619,0.18105112752823396,healthy,aging,aida,NK
BAZ2B,0.032434190211291083,-0.08598891748393805,619,0.04009930156981886,healthy,aging,aida,NK
BBX,0.0025627210808438607,0.12101550645967916,619,0.0035112607016756794,healthy,aging,aida,NK
BCL11B,1.2507490524150323e-12,0.28018996128610285,619,1.583448287697431e-10,healthy,aging,aida,NK
BCL6,0.8764653138570396,0.006260720359167609,619,0.8934018416610404,healthy,aging,aida,NK
BHLHE40,0.7693415612220857,0.011809620227047296,619,0.8009756714697044,healthy,aging,aida,NK
BPTF,0.43543928535698595,0.03140328399560991,619,0.478529631303771,healthy,aging,aida,NK
BRF2,2.7455631715079234e-05,0.167699067013312,619,4.881858111136278e-05,healthy,aging,aida,NK
CAMTA1,1.1726472794649283e-07,0.210958408615147,619,5.457983293391443e-07,healthy,aging,aida,NK
CAMTA2,1.2105668018143343e-07,0.21073204220820124,619,5.552817286582683e-07,healthy,aging,aida,NK
CARF,7.067104100519912e-07,0.1977671814582837,619,1.8955410574699329e-06,healthy,aging,aida,NK
CASZ1,1.5158378681164707e-07,0.20912530888864916,619,6.388772100982124e-07,healthy,aging,aida,NK
CC2D1A,4.1994144737193535e-09,0.23338457536824014,619,5.7197049944224166e-08,healthy,aging,aida,NK
CDC5L,4.2764812784904096e-10,0.2475355252324272,619,1.943212043257383e-08,healthy,aging,aida,NK
CEBPB,0.1753071200148734,0.054545674566408915,619,0.20176255812620883,healthy,aging,aida,NK
CEBPD,0.12680469935237318,-0.06143445098902874,619,0.14809478725101885,healthy,aging,aida,NK
CEBPG,2.3341414054289766e-09,0.23710915685598416,619,4.179546296171859e-08,healthy,aging,aida,NK
CEBPZ,0.29112269340198127,0.04249736367974034,619,0.3255842136456787,healthy,aging,aida,NK
CENPT,5.2176077940382205e-09,0.23199168175116894,619,6.605491467239728e-08,healthy,aging,aida,NK
CENPX,0.0007428304058461996,0.13523291112371413,619,0.001088452886344084,healthy,aging,aida,NK
CGGBP1,7.900854101069137e-06,0.17849488459881047,619,1.5155274684778051e-05,healthy,aging,aida,NK
CHAMP1,7.566394077793794e-07,0.19724812037691264,619,1.995636438018087e-06,healthy,aging,aida,NK
CHCHD3,4.3517470263955494e-08,0.21788759947621203,619,2.674423172531796e-07,healthy,aging,aida,NK
CIC,5.353777753583807e-07,0.1998642277051219,619,1.4929256907570428e-06,healthy,aging,aida,NK
CLOCK,1.106945533288024e-05,0.17563611349461422,619,2.073066634826386e-05,healthy,aging,aida,NK
CREB1,4.938761698004438e-07,0.2004694826358007,619,1.4018996210030253e-06,healthy,aging,aida,NK
CREB3,1.4178547182504348e-09,0.24022223271405385,619,3.7395918193591464e-08,healthy,aging,aida,NK
CREB3L2,3.523208301023026e-08,0.21933462364045558,619,2.3725434622839817e-07,healthy,aging,aida,NK
CREBL2,0.005343539079862577,0.11183573497604202,619,0.007135992062348126,healthy,aging,aida,NK
CREBZF,8.670554387380858e-08,0.2130935664113268,619,4.324001776407416e-07,healthy,aging,aida,NK
CREM,0.76699011857758,0.01193357133506522,619,0.7998430725858454,healthy,aging,aida,NK
CSRNP1,0.9739596435369894,-0.0013146713069684122,619,0.9755007189223328,healthy,aging,aida,NK
CTCF,1.1908016700460366e-08,0.2266145116135893,619,1.177777276778919e-07,healthy,aging,aida,NK
CUX1,0.009914481621676088,0.10358106694375305,619,0.012966667079588767,healthy,aging,aida,NK
CXXC1,3.241750394397766e-08,0.2199023237642135,619,2.317694584761986e-07,healthy,aging,aida,NK
CXXC5,0.9126496591790596,-0.004418004172676524,619,0.9243315748165516,healthy,aging,aida,NK
DBP,3.248447406001791e-10,0.24918049663368919,619,1.7135560066131946e-08,healthy,aging,aida,NK
DDIT3,0.8881559580468735,0.005664120242482713,619,0.9024120729432921,healthy,aging,aida,NK
DEAF1,0.004113314926205249,0.11517722706542441,619,0.005551659591232243,healthy,aging,aida,NK
DMTF1,0.0017578121204198172,0.12549586578346963,619,0.002456280512639612,healthy,aging,aida,NK
DNMT1,1.5320718161762076e-05,0.17283701505532334,619,2.819190289649822e-05,healthy,aging,aida,NK
DNTTIP1,3.4608375992246056e-07,0.203115097312305,619,1.1070950239450417e-06,healthy,aging,aida,NK
DOT1L,4.214929089883945e-07,0.20165291457033527,619,1.2352083860631823e-06,healthy,aging,aida,NK
DR1,7.96138056849358e-09,0.2292547360112027,619,8.841322631315975e-08,healthy,aging,aida,NK
DRAP1,0.209227672533132,-0.05054041897923105,619,0.23949569025944403,healthy,aging,aida,NK
E2F3,0.0012837233612270093,-0.12912526962375445,619,0.0018426233280197208,healthy,aging,aida,NK
E2F4,2.3697141382609142e-08,0.22202528384008605,619,1.807263915082561e-07,healthy,aging,aida,NK
E2F5,1.2776627546241858e-06,0.19321778607433138,619,3.086872227775204e-06,healthy,aging,aida,NK
E4F1,0.0007400831240467889,0.135273426788054,619,0.001088452886344084,healthy,aging,aida,NK
EEA1,8.052713578620261e-07,0.19677326970503667,619,2.097682179122042e-06,healthy,aging,aida,NK
EGR1,0.5010379791031607,0.027094224192067154,619,0.5468224840901738,healthy,aging,aida,NK
ELF1,0.7357089370286738,0.01359377723347438,619,0.7697582762630587,healthy,aging,aida,NK
ELF2,0.04903807778982571,0.0791469074246537,619,0.060157176823565264,healthy,aging,aida,NK
ELF4,5.409177622125405e-09,0.23175946954880625,619,6.713743989802062e-08,healthy,aging,aida,NK
ELK3,0.7090601959350645,-0.015026427320675453,619,0.7493073522986575,healthy,aging,aida,NK
ELK4,1.6683407208436563e-05,0.1720958390545824,619,3.052195596225531e-05,healthy,aging,aida,NK
EOMES,0.10495325632734938,0.06522799261751368,619,0.12348589452641665,healthy,aging,aida,NK
ESRRA,3.459782510534564e-05,0.16561996305630325,619,6.049840688310439e-05,healthy,aging,aida,NK
ETS1,0.6841920317197177,0.016380652645984418,619,0.7266670404003042,healthy,aging,aida,NK
ETV3,0.1891237151992607,0.052850925331445156,619,0.21726916827791656,healthy,aging,aida,NK
ETV6,0.006578631696701219,-0.10911794623664121,619,0.008724947835233313,healthy,aging,aida,NK
FAM200B,1.332991123792238e-09,0.2406046641441002,619,3.6686233971919855e-08,healthy,aging,aida,NK
FLI1,0.0020043198012362684,0.12395249987397816,619,0.002776224144819601,healthy,aging,aida,NK
FLYWCH1,2.8635491514060144e-05,0.16732258260457725,619,5.063202829162029e-05,healthy,aging,aida,NK
FOS,0.4027842308029377,-0.033686712421001,619,0.4449605900493186,healthy,aging,aida,NK
FOSB,0.916310927628463,-0.004232128123596966,619,0.9250794532517018,healthy,aging,aida,NK
FOSL2,0.9609721480859494,0.0019707922497166318,619,0.9640180186028621,healthy,aging,aida,NK
FOXJ2,4.89066214290396e-07,0.20054277018353855,619,1.3944996110171818e-06,healthy,aging,aida,NK
FOXJ3,1.7780231009136725e-05,0.17153995705402672,619,3.243483063050012e-05,healthy,aging,aida,NK
FOXK1,0.28525092784336575,-0.043017639471847426,619,0.3195820129643372,healthy,aging,aida,NK
FOXN2,6.82096894840586e-08,0.2147747260699317,619,3.64090985073194e-07,healthy,aging,aida,NK
FOXN3,0.5698512584935667,0.02288398616819161,619,0.6176641209356638,healthy,aging,aida,NK
FOXO1,0.38269925417204975,0.0351463645156041,619,0.42351158722186627,healthy,aging,aida,NK
FOXO3,4.889705716349129e-06,0.18248677836789248,619,9.82598005856823e-06,healthy,aging,aida,NK
FOXP1,0.8066732593486202,0.009855808621160806,619,0.835718777688505,healthy,aging,aida,NK
GABPA,8.399377514285725e-08,0.21331699726732725,619,4.2824415475429783e-07,healthy,aging,aida,NK
GATA3,6.947938455029379e-05,-0.15919282732630555,619,0.00011573802742193673,healthy,aging,aida,NK
GATAD2A,0.0007414684559841113,0.13525297915733156,619,0.001088452886344084,healthy,aging,aida,NK
GATAD2B,0.00035744362176004144,0.14302758338416935,619,0.0005425942747580485,healthy,aging,aida,NK
GFI1,2.009206605800832e-09,0.23804987440158454,619,4.0416992354142524e-08,healthy,aging,aida,NK
GLI4,9.965868365706849e-11,0.2561190508900108,619,9.011992392656336e-09,healthy,aging,aida,NK
GLMP,4.4011938934016134e-08,0.21780990860205623,619,2.678803590887104e-07,healthy,aging,aida,NK
GLYR1,2.034153603923512e-07,0.2070045757824592,619,7.824321622363611e-07,healthy,aging,aida,NK
GMEB1,2.4311138608187427e-08,0.22185276960910236,619,1.8320179451162275e-07,healthy,aging,aida,NK
GPBP1,0.00012244412532461414,0.1537816199816446,619,0.00019523206884252079,healthy,aging,aida,NK
GPBP1L1,2.0360008639918396e-07,0.20699799609930591,619,7.824321622363611e-07,healthy,aging,aida,NK
GTF2B,0.6145455629779422,0.020280127173236823,619,0.6627041590545781,healthy,aging,aida,NK
GTF2I,0.0001049064183457888,0.155275612961013,619,0.00016940245615531708,healthy,aging,aida,NK
GTF2IRD2,0.9564089894669632,-0.0022014354507120144,619,0.9609633179882345,healthy,aging,aida,NK
GTF2IRD2B,0.025235735449948855,0.08994320583315182,619,0.03169488202344767,healthy,aging,aida,NK
GTF3A,0.0018524974630930828,-0.12488089316690296,619,0.0025715589783726345,healthy,aging,aida,NK
GZF1,0.00010624838722401586,0.15515328146730972,619,0.0001711328985058576,healthy,aging,aida,NK
HBP1,0.2823938038220179,0.04327341200119352,619,0.31694198194917966,healthy,aging,aida,NK
HES4,0.011995856758824816,0.10092257127215255,619,0.01552837899455237,healthy,aging,aida,NK
HES6,1.2083317541153897e-06,0.1936510075970261,619,2.93055172549822e-06,healthy,aging,aida,NK
HIF1A,0.48040331089497057,-0.028414336390873835,619,0.5252077647608228,healthy,aging,aida,NK
HINFP,0.00010292578975226233,0.1554588824433049,619,0.00016662921972680832,healthy,aging,aida,NK
HIVEP1,0.015911747556889767,-0.09687140974174387,619,0.02034774990608328,healthy,aging,aida,NK
HIVEP2,0.07486651943000938,-0.07164852335788448,619,0.0890798999984886,healthy,aging,aida,NK
HIVEP3,9.462121425030493e-09,0.2281261938180505,619,1.0116031108891483e-07,healthy,aging,aida,NK
HMBOX1,6.957631636320103e-07,0.1978856916744634,619,1.8741195003364095e-06,healthy,aging,aida,NK
HMG20A,2.4642756983045537e-06,0.18804200485418876,619,5.511966491260693e-06,healthy,aging,aida,NK
HMG20B,5.735216040415894e-09,0.2313820234940722,619,6.98152260303256e-08,healthy,aging,aida,NK
HMGA1,0.010516214253585338,0.10276518623274897,619,0.013697044490780902,healthy,aging,aida,NK
HMGN3,3.331568410816769e-08,0.21971614403744993,619,2.317694584761986e-07,healthy,aging,aida,NK
HOXB2,4.244686644650301e-07,0.20160053016984586,619,1.238196611089206e-06,healthy,aging,aida,NK
HOXB4,3.633559014417266e-08,0.219123947247183,619,2.3880051326882587e-07,healthy,aging,aida,NK
HSF1,9.220871580020711e-05,0.15651213787729962,619,0.0001512127386050028,healthy,aging,aida,NK
HSF2,3.563664685798247e-08,0.21925665439508948,619,2.3745260485364814e-07,healthy,aging,aida,NK
IKZF1,0.0022446330325702674,0.12260697997561044,619,0.003102298492613492,healthy,aging,aida,NK
IKZF2,0.00029292342010893934,0.145081962916406,619,0.00045004981778873446,healthy,aging,aida,NK
IKZF3,1.5974697016251384e-09,0.23948130977804957,619,3.889224312009164e-08,healthy,aging,aida,NK
IKZF5,7.6028073406289e-05,0.15834437718369285,619,0.00012598369231984534,healthy,aging,aida,NK
IRF1,0.9861474776445079,-0.0006992684803493967,619,0.9861474776445079,healthy,aging,aida,NK
IRF2,0.00011570808440080545,0.15433006187894238,619,0.00018495761976189352,healthy,aging,aida,NK
IRF3,2.3769931542309625e-09,0.23699472098206484,619,4.179546296171859e-08,healthy,aging,aida,NK
IRF7,0.03282115638190001,0.0857985115760722,619,0.04049861986304621,healthy,aging,aida,NK
IRF8,0.7280849396485312,0.014001818814871083,619,0.7655776857101665,healthy,aging,aida,NK
IRF9,0.004221004564590879,0.11485092539397014,619,0.0056848848710340984,healthy,aging,aida,NK
JAZF1,7.215206493597482e-10,0.2443730764442344,619,2.6316868542277386e-08,healthy,aging,aida,NK
JUN,0.7307879500359173,-0.013856989866078391,619,0.7671455594904406,healthy,aging,aida,NK
JUNB,0.22596804659941275,-0.04873616863271286,619,0.2568003114855086,healthy,aging,aida,NK
JUND,0.21433431481446522,-0.04997937445804741,619,0.24445697527487656,healthy,aging,aida,NK
KAT7,1.550850146478053e-06,0.19170552182097583,619,3.6224654712937314e-06,healthy,aging,aida,NK
KCMF1,4.063049554733692e-09,0.23359560605214408,619,5.7197049944224166e-08,healthy,aging,aida,NK
KDM2A,0.7013900584527548,0.015442237989487732,619,0.7436849363494034,healthy,aging,aida,NK
KDM2B,3.2431741657327524e-06,0.1858351791245858,619,6.912219686561703e-06,healthy,aging,aida,NK
KDM5B,0.31391227674252337,0.040541932459539194,619,0.3504523301199599,healthy,aging,aida,NK
KIN,4.036933663631615e-09,0.23363680499127293,619,5.7197049944224166e-08,healthy,aging,aida,NK
KLF10,0.7171707153881673,0.01458847348740509,619,0.7566151047345165,healthy,aging,aida,NK
KLF11,0.0031105792106945456,0.1186552981931843,619,0.004243527242175965,healthy,aging,aida,NK
KLF12,0.02785850691050895,0.08840181382860632,619,0.03471345447707119,healthy,aging,aida,NK
KLF13,3.469844017954421e-06,0.1852883568416027,619,7.321370877883807e-06,healthy,aging,aida,NK
KLF2,0.9200921912219109,-0.004040254440258477,619,0.927417765992786,healthy,aging,aida,NK
KLF3,0.5209204238863892,0.02584917099415495,619,0.5675432501206271,healthy,aging,aida,NK
KLF4,0.6449361476781424,0.018557363671924378,619,0.6907691734014623,healthy,aging,aida,NK
KLF6,0.1026743978238621,0.06565850634752612,619,0.12102959743483187,healthy,aging,aida,NK
KLF7,6.056301014689492e-05,0.16047834557561028,619,0.00010168802499465379,healthy,aging,aida,NK
KLF9,5.425086589015871e-07,0.19976479857008675,619,1.506175355634642e-06,healthy,aging,aida,NK
KMT2A,0.056295761088359,0.07676063349028245,619,0.06813616973027006,healthy,aging,aida,NK
KMT2B,0.06218954269360417,0.07500433891136205,619,0.07484026715789246,healthy,aging,aida,NK
L3MBTL3,2.4986219287558526e-07,0.20550830522046085,619,9.037872462299379e-07,healthy,aging,aida,NK
LCOR,0.0009955594155019113,0.1319952261893112,619,0.0014420803432785123,healthy,aging,aida,NK
LCORL,1.412158725229521e-07,0.20963288083097573,619,6.164803262553266e-07,healthy,aging,aida,NK
LEF1,1.9203385408684385e-10,-0.25229306636228555,619,1.519467870383027e-08,healthy,aging,aida,NK
LIN54,4.2097028504908436e-07,0.20166215143322352,619,1.2352083860631823e-06,healthy,aging,aida,NK
MAF,4.2977833501163286e-10,0.24750568889997454,619,1.943212043257383e-08,healthy,aging,aida,NK
MAFF,0.0718973590489421,-0.07239015487515138,619,0.08586986467543462,healthy,aging,aida,NK
MAX,3.998999710412472e-07,0.20204405142732285,619,1.2054127698528722e-06,healthy,aging,aida,NK
MAZ,3.970167264560552e-09,-0.23374331993893474,619,5.7197049944224166e-08,healthy,aging,aida,NK
MBD1,8.456638127060594e-08,0.21326924395151875,619,4.2824415475429783e-07,healthy,aging,aida,NK
MBD2,0.0010482459909891986,0.1314176059278761,619,0.0015149308499912391,healthy,aging,aida,NK
MBD4,9.588655079527993e-09,0.22803913954863814,619,1.0116031108891483e-07,healthy,aging,aida,NK
MBD6,1.95157428487221e-05,0.17072369674591767,619,3.539674849066213e-05,healthy,aging,aida,NK
MBNL2,3.5212806328808303e-07,0.20298709716850044,619,1.1089406172206478e-06,healthy,aging,aida,NK
MECP2,6.634363628040363e-10,0.24488348271161164,619,2.6247201103039065e-08,healthy,aging,aida,NK
MEF2A,0.4133981751074596,0.03293295910284789,619,0.4558903220261706,healthy,aging,aida,NK
MEF2C,0.1461658495360576,-0.058477591992901624,619,0.17039223343706164,healthy,aging,aida,NK
MEF2D,0.0015837599272916668,0.1267101716158772,619,0.002237767932981306,healthy,aging,aida,NK
MGA,1.0179125023415682e-06,0.19497653538119739,619,2.53676619678034e-06,healthy,aging,aida,NK
MLX,6.606534928004139e-09,0.23046721977750623,619,7.890446432868472e-08,healthy,aging,aida,NK
MLXIP,0.42881959030072414,-0.03185786418207909,619,0.472074435931058,healthy,aging,aida,NK
MNT,1.4643153112173512e-05,0.1732292147842049,619,2.7102678128672006e-05,healthy,aging,aida,NK
MTERF1,2.083276088597644e-08,0.22289197995021223,619,1.6959196968338644e-07,healthy,aging,aida,NK
MTERF2,9.934369503439682e-09,0.22780685142685445,619,1.0308944091263914e-07,healthy,aging,aida,NK
MTERF3,5.077240838796898e-05,0.1621144850175627,619,8.686198516103881e-05,healthy,aging,aida,NK
MTERF4,1.4658774537098382e-07,0.20936556854963773,619,6.355482384919618e-07,healthy,aging,aida,NK
MTF1,8.090772248465632e-06,0.17829498876331973,619,1.5472685296914617e-05,healthy,aging,aida,NK
MTF2,0.0002837056346645564,0.14540942868564896,619,0.00043694809426438974,healthy,aging,aida,NK
MXD1,7.421380270422514e-08,0.21418516115292602,619,3.8824245546915847e-07,healthy,aging,aida,NK
MXD4,0.006699030822388058,0.10887816739865226,619,0.00885279020996167,healthy,aging,aida,NK
MXI1,0.6271722628818903,0.01956003146506,619,0.6740238410937802,healthy,aging,aida,NK
MYBL1,0.002305197188774774,0.12228872576278206,619,0.003172151783683548,healthy,aging,aida,NK
MYC,5.899214846605627e-13,-0.28409287749377393,619,9.335507336503405e-11,healthy,aging,aida,NK
MYNN,3.3418459770194234e-07,0.20337350171491242,619,1.101764845548558e-06,healthy,aging,aida,NK
MYSM1,6.253861558288743e-07,0.19869329716857853,619,1.691749729229364e-06,healthy,aging,aida,NK
MZF1,0.06139122786186209,-0.07523394454693712,619,0.074020280450588,healthy,aging,aida,NK
NACC2,3.442197646580568e-07,0.2031550056212769,619,1.1070950239450417e-06,healthy,aging,aida,NK
NCOA1,0.03617530510652842,0.08422379094570807,619,0.044550521658428974,healthy,aging,aida,NK
NCOA2,0.002533763312385039,0.1211526928534246,619,0.0034791153508454,healthy,aging,aida,NK
NCOA3,0.00034731840901974944,0.1433258201763276,619,0.000528491713724763,healthy,aging,aida,NK
NFAT5,0.013270872571712881,0.09948961750726747,619,0.017108884598562635,healthy,aging,aida,NK
NFATC1,1.0836806356270118e-07,0.21151854210327864,619,5.196741229938146e-07,healthy,aging,aida,NK
NFATC2,2.6956648864339792e-05,0.1678629264303018,619,4.8202143308268596e-05,healthy,aging,aida,NK
NFATC3,0.00026180630030878246,0.14622915598065034,619,0.00040519165793510825,healthy,aging,aida,NK
NFE2L1,7.769176459994626e-09,0.22941396434351152,619,8.781944105661192e-08,healthy,aging,aida,NK
NFE2L2,0.8640203096552215,-0.00689733001071905,619,0.8835619644777951,healthy,aging,aida,NK
NFE2L3,1.8124638708395127e-09,-0.2386942784470252,619,4.0416992354142524e-08,healthy,aging,aida,NK
NFIC,0.019090268873625523,-0.09418469735200535,619,0.02426534176105413,healthy,aging,aida,NK
NFIL3,1.1451860736342209e-07,0.2111267978909231,619,5.369650256373322e-07,healthy,aging,aida,NK
NFKB1,0.14705670495075332,-0.05834895918725542,619,0.171115614400417,healthy,aging,aida,NK
NFKB2,0.6790820623558078,-0.016661174906576235,619,0.7224520091953385,healthy,aging,aida,NK
NFX1,2.352909224081408e-06,0.18841104915966558,619,5.281530279586967e-06,healthy,aging,aida,NK
NFYA,1.1329589614515758e-06,0.19414992472535877,619,2.7797016379800046e-06,healthy,aging,aida,NK
NFYB,4.0421355748475673e-08,0.21839438691785493,619,2.558671818877877e-07,healthy,aging,aida,NK
NFYC,1.200371154461122e-09,0.24125250986995952,619,3.618261622702667e-08,healthy,aging,aida,NK
NME2,4.900117846242058e-15,-0.30764999055501757,619,1.5508841333356116e-12,healthy,aging,aida,NK
NR1D2,0.4757865495221877,0.028713863813189102,619,0.5210603561376208,healthy,aging,aida,NK
NR1H2,0.00010676258190106162,0.15510679347518458,619,0.00017152465569383754,healthy,aging,aida,NK
NR2C1,2.0167289629525986e-06,0.189636211469276,619,4.6421433947235945e-06,healthy,aging,aida,NK
NR2C2,2.127634560121142e-07,0.20667862840163623,619,7.96918743524627e-07,healthy,aging,aida,NK
NR3C1,0.024003249394397658,0.09071583778066007,619,0.030206872498317532,healthy,aging,aida,NK
NR3C2,0.23306879057028423,0.04799964902312655,619,0.26398762686108085,healthy,aging,aida,NK
NR4A1,0.7771174916291668,0.011400515773756607,619,0.807742811496326,healthy,aging,aida,NK
NR4A2,0.849738609616726,0.007630028342781734,619,0.8703633331511126,healthy,aging,aida,NK
NR4A3,0.7929783103487676,-0.01056962832386837,619,0.8228774925422457,healthy,aging,aida,NK
NRF1,9.507759177534225e-07,0.19550141695151177,619,2.388258555309167e-06,healthy,aging,aida,NK
PA2G4,0.2448276655522567,0.04681409134480401,619,0.2762493980295517,healthy,aging,aida,NK
PATZ1,0.7334304209205413,0.013715577291230666,619,0.7686447954349381,healthy,aging,aida,NK
PBX2,3.337686296581918e-06,0.18560286569632847,619,7.066071657981096e-06,healthy,aging,aida,NK
PBX3,0.0015317768082001523,0.12709665208171014,619,0.002174024034956718,healthy,aging,aida,NK
PCGF6,7.373904083280049e-07,0.19744422024135339,619,1.956751009435081e-06,healthy,aging,aida,NK
PHF1,0.5878178707535753,0.021826378020726275,619,0.636049080661561,healthy,aging,aida,NK
PHF19,1.5240198850685057e-07,0.20908669120983425,619,6.388772100982124e-07,healthy,aging,aida,NK
PHF20,0.5527774857826109,0.023903837056946698,619,0.6001855034312052,healthy,aging,aida,NK
PHF21A,1.338766196445115e-05,0.1740038965560801,619,2.4851583646620447e-05,healthy,aging,aida,NK
PIN1,1.4313806009228875e-08,0.22539694124607879,619,1.3277222626498107e-07,healthy,aging,aida,NK
PKNOX1,1.2673837642708925e-07,0.21040536093964193,619,5.689744133215686e-07,healthy,aging,aida,NK
PLSCR1,0.8284767242623712,0.008725596200746633,619,0.8529778799522184,healthy,aging,aida,NK
POGK,0.07724783211906035,0.07107085248350203,619,0.09174085878304916,healthy,aging,aida,NK
POU2F1,1.339688901716627e-06,0.1928489189141702,619,3.176116384968609e-06,healthy,aging,aida,NK
POU2F2,4.3369701356469684e-08,0.21791098265787973,619,2.674423172531796e-07,healthy,aging,aida,NK
PRDM1,3.331847898425923e-16,0.3199887438399552,619,2.1089964197036093e-13,healthy,aging,aida,NK
PRDM10,3.892625300049614e-07,0.20224427624697122,619,1.192019377509463e-06,healthy,aging,aida,NK
PRDM2,0.35135893194364975,0.03752114931093081,619,0.39156726042311674,healthy,aging,aida,NK
PRDM4,2.0395151148342169e-07,0.20698549470131478,619,7.824321622363611e-07,healthy,aging,aida,NK
PRDM8,6.819900755409804e-09,-0.23026109854949361,619,7.99443921882977e-08,healthy,aging,aida,NK
PREB,4.223033535135739e-06,0.18368911423825585,619,8.70742745192481e-06,healthy,aging,aida,NK
PRMT3,0.0001913934073484256,0.1493858095863735,619,0.0003006253768028621,healthy,aging,aida,NK
PRR12,1.4353299247848054e-06,0.19231108042933864,619,3.37756075237463e-06,healthy,aging,aida,NK
PURA,0.05045146600310348,0.07866008679073355,619,0.06162404870492518,healthy,aging,aida,NK
PURB,0.0011131005779374651,0.13074230267808878,619,0.0016049946829941127,healthy,aging,aida,NK
RARA,0.06660690020901429,-0.07377606390549066,619,0.08000411353378756,healthy,aging,aida,NK
RBAK,1.2307919327302715e-07,0.21061408873444223,619,5.604973333943874e-07,healthy,aging,aida,NK
RBCK1,1.2012967474300869e-05,0.17493578214237085,619,2.2431293248473287e-05,healthy,aging,aida,NK
RBPJ,0.0005642883972213185,-0.1382094585563537,619,0.0008404577775084579,healthy,aging,aida,NK
RBSN,4.1834801505005487e-07,0.20170866473182233,619,1.2352083860631823e-06,healthy,aging,aida,NK
REL,0.8269319097887353,-0.00880543812516406,619,0.8529778799522184,healthy,aging,aida,NK
RELA,9.319401190868619e-09,0.22822574948545402,619,1.0116031108891483e-07,healthy,aging,aida,NK
RELB,0.8937548939133735,0.005378840364841618,619,0.9066455894986626,healthy,aging,aida,NK
REPIN1,0.029160374522590255,0.08768262915348148,619,0.03614775343427055,healthy,aging,aida,NK
REST,9.243875221784798e-08,0.21264260505059188,619,4.5010561656839567e-07,healthy,aging,aida,NK
REXO4,2.795402526409641e-07,0.2046870089240922,619,9.616792387050214e-07,healthy,aging,aida,NK
RFX1,0.0907975743461919,0.06803402503058917,619,0.10736791306274468,healthy,aging,aida,NK
RFX2,2.8049956355738316e-09,-0.23595052526564267,619,4.798816857599744e-08,healthy,aging,aida,NK
RFX3,0.00024648530638489544,0.14684169917574505,619,0.00038335429715390367,healthy,aging,aida,NK
RFX5,4.2797320632809733e-07,0.20153928850357325,619,1.2426928422278864e-06,healthy,aging,aida,NK
RFX7,7.67946012092368e-06,0.17873377771022106,619,1.4775374639953442e-05,healthy,aging,aida,NK
RLF,0.35649043235052613,0.037123508690210985,619,0.39658777447782606,healthy,aging,aida,NK
RORA,0.019155275974980887,0.09413395787230427,619,0.024299177739805417,healthy,aging,aida,NK
RREB1,0.00012793309703895518,0.1533553071262608,619,0.00020347148348155434,healthy,aging,aida,NK
RUNX1,3.6381608517848644e-07,0.20274547095793388,619,1.1335934054707057e-06,healthy,aging,aida,NK
RUNX2,5.296797816193615e-10,-0.24624714735159814,619,2.2352486783915056e-08,healthy,aging,aida,NK
RUNX3,0.048222545673157875,-0.07943317425476779,619,0.05927159497302706,healthy,aging,aida,NK
RXRB,4.33185383473369e-09,0.2331858942434854,619,5.7197049944224166e-08,healthy,aging,aida,NK
SAFB,4.575551002007579e-09,0.23283524774436404,619,5.9108648658458515e-08,healthy,aging,aida,NK
SAFB2,6.84596203011362e-06,0.17969628412964816,619,1.3333827584805892e-05,healthy,aging,aida,NK
SATB1,1.5020490801989945e-05,-0.17300871947914973,619,2.7720031130203e-05,healthy,aging,aida,NK
SCMH1,1.5818922866029357e-05,-0.17255902344209817,619,2.902428456288863e-05,healthy,aging,aida,NK
SCML4,0.8794803460720033,-0.00610673046690769,619,0.895033857015399,healthy,aging,aida,NK
SETBP1,1.3424203282040579e-08,0.22582229245546329,619,1.2866911563177683e-07,healthy,aging,aida,NK
SETDB1,3.5503762829715697e-06,0.1851022783407338,619,7.46640593727906e-06,healthy,aging,aida,NK
SETDB2,2.514665117153694e-06,0.18788024587451327,619,5.585203575993971e-06,healthy,aging,aida,NK
SGSM2,0.07282445975353713,0.07215594346136904,619,0.08681333902822788,healthy,aging,aida,NK
SKI,0.010735015996004774,0.10247876756379289,619,0.013953316479406615,healthy,aging,aida,NK
SKIL,0.8666400940541753,-0.006763180393813573,619,0.8848115798972468,healthy,aging,aida,NK
SLC2A4RG,1.7288901729566698e-08,0.2241401964573327,619,1.5199826103901932e-07,healthy,aging,aida,NK
SMAD3,0.02918088784346327,-0.08767151961154195,619,0.03614775343427055,healthy,aging,aida,NK
SMAD4,1.9295042223146307e-07,0.20738705782545286,619,7.681611149214453e-07,healthy,aging,aida,NK
SMAD5,3.3133581530482652e-06,0.18566205753823412,619,7.038106412347468e-06,healthy,aging,aida,NK
SMYD3,0.022271871019920543,0.0918613606176424,619,0.028139908893432545,healthy,aging,aida,NK
SNAI1,0.016527880957794436,0.09631598325771416,619,0.021093041625572333,healthy,aging,aida,NK
SNAPC2,7.381765225090361e-08,0.2142226147339523,619,3.8824245546915847e-07,healthy,aging,aida,NK
SNAPC5,3.3728731609846214e-09,0.23478194823115028,619,5.474432592043424e-08,healthy,aging,aida,NK
SON,0.0012725342814460232,0.12922505304942097,619,0.0018307140912621198,healthy,aging,aida,NK
SOX13,0.10898648785447171,0.06448385575935378,619,0.1279934078142497,healthy,aging,aida,NK
SOX4,3.0355447705678064e-10,-0.2495842361145626,619,1.7135560066131946e-08,healthy,aging,aida,NK
SP1,3.856461928019606e-08,0.21871663955352263,619,2.490959592281406e-07,healthy,aging,aida,NK
SP100,0.00016648377843215634,0.15077090880955546,619,0.00026280357044278045,healthy,aging,aida,NK
SP110,5.472721004763359e-07,0.19969907765797512,619,1.5127652384345604e-06,healthy,aging,aida,NK
SP140,5.6541119717801266e-11,0.2593753613890321,619,5.965088129173033e-09,healthy,aging,aida,NK
SP140L,8.44571832506856e-06,0.17793310618989047,619,1.6054473572878055e-05,healthy,aging,aida,NK
SP2,7.3325110968726955e-09,0.2297903981392989,619,8.439053680571066e-08,healthy,aging,aida,NK
SP3,0.009609943252325141,0.1040108973989765,619,0.012620527134277621,healthy,aging,aida,NK
SP4,2.667895640514963e-08,0.22122478946507115,619,1.9411240694774006e-07,healthy,aging,aida,NK
SPEN,0.004330201169031411,0.1145276604993558,619,0.0058195697239848895,healthy,aging,aida,NK
SPI1,0.012608664067493138,0.10021788720643855,619,0.01628833541780236,healthy,aging,aida,NK
SRCAP,1.9816405655270892e-07,0.20719407065727305,619,7.824321622363611e-07,healthy,aging,aida,NK
SREBF1,0.009505805560258117,0.10416066111013413,619,0.01250971916765777,healthy,aging,aida,NK
SREBF2,6.544023629977e-08,0.2150637766121491,619,3.57100599808173e-07,healthy,aging,aida,NK
STAT1,0.003979097880344631,0.11559491041328802,619,0.005381984953543059,healthy,aging,aida,NK
STAT2,4.426682142095722e-07,0.20128764092943474,619,1.2794930575098305e-06,healthy,aging,aida,NK
STAT3,0.0001329424092342142,0.15298099907426138,619,0.00021090863419864062,healthy,aging,aida,NK
STAT4,0.021681971574054878,0.09226932627961809,619,0.027449376012753476,healthy,aging,aida,NK
STAT5A,0.04923129836820157,-0.07907966812412212,619,0.060277392392788384,healthy,aging,aida,NK
STAT5B,5.5984775342447115e-08,0.21614846268643742,619,3.164139534978812e-07,healthy,aging,aida,NK
STAT6,9.232811910723736e-07,0.19572672048656356,619,2.3377479757952248e-06,healthy,aging,aida,NK
TBP,1.3038245666139145e-06,0.19306015204986346,619,3.1381024740174967e-06,healthy,aging,aida,NK
TBPL1,1.0458997585156822e-08,0.2274689087775136,619,1.0678299147416029e-07,healthy,aging,aida,NK
TBX21,5.123341687012442e-05,0.1620309989609373,619,8.741442824471362e-05,healthy,aging,aida,NK
TCF12,2.562090997006621e-06,0.18773081114751333,619,5.67064196190624e-06,healthy,aging,aida,NK
TCF20,3.3640882358607194e-07,0.20332453368836795,619,1.1033512193263066e-06,healthy,aging,aida,NK
TCF4,4.157151617554297e-09,-0.2334492587149314,619,5.7197049944224166e-08,healthy,aging,aida,NK
TCF7,3.066668847562852e-07,-0.20400674560546625,619,1.0214940860790892e-06,healthy,aging,aida,NK
TERF1,1.1498751124726966e-06,0.19403523578670273,619,2.810312533572242e-06,healthy,aging,aida,NK
TERF2,3.418673471764127e-07,0.203205669181557,619,1.1070950239450417e-06,healthy,aging,aida,NK
TET2,0.023819671409913337,0.09083384186736637,619,0.03003556175791861,healthy,aging,aida,NK
TET3,7.754927541710426e-05,0.1581571851979826,619,0.0001281689068904099,healthy,aging,aida,NK
TFCP2,5.518473266423423e-08,0.21624822080563028,619,3.147021241121976e-07,healthy,aging,aida,NK
TFDP1,0.0008674379697112409,0.1335272041856528,619,0.0012622718042004954,healthy,aging,aida,NK
TFDP2,6.15174847674389e-06,0.18058750221275702,619,1.2018693783268136e-05,healthy,aging,aida,NK
TFE3,2.186115311505024e-07,0.20648166811709082,619,8.140064659897745e-07,healthy,aging,aida,NK
TFEB,1.3564646882609376e-08,0.22575335762119605,619,1.2866911563177683e-07,healthy,aging,aida,NK
TGIF1,0.44843531225149547,0.030522239114914914,619,0.4919576302516406,healthy,aging,aida,NK
TGIF2,0.2104440734977549,0.05040588976522056,619,0.24045324643335533,healthy,aging,aida,NK
THAP1,2.0782454218405445e-09,0.23783821105583894,619,4.0416992354142524e-08,healthy,aging,aida,NK
THAP11,1.8970675935203613e-09,0.23840922632764713,619,4.0416992354142524e-08,healthy,aging,aida,NK
THAP12,2.427800413350578e-07,0.20571817180657617,619,8.879568733670003e-07,healthy,aging,aida,NK
THAP3,6.28811670522519e-05,0.16012774968943624,619,0.00010530100196845356,healthy,aging,aida,NK
THAP4,1.7708664522134561e-09,0.23883920862171254,619,4.0416992354142524e-08,healthy,aging,aida,NK
THAP5,8.969240589811422e-07,0.19594883540593333,619,2.2801322463255286e-06,healthy,aging,aida,NK
THAP6,1.108129843162877e-06,0.1943212748585538,619,2.7293626098135987e-06,healthy,aging,aida,NK
THAP7,4.047709907254369e-09,0.23361977373449544,619,5.7197049944224166e-08,healthy,aging,aida,NK
THRA,5.1618660237719874e-08,0.21671059538598872,619,2.9976708193092064e-07,healthy,aging,aida,NK
THYN1,2.763020501987899e-05,0.167642405818773,619,4.89913719260039e-05,healthy,aging,aida,NK
TMF1,0.05055415374686668,0.07862516385707395,619,0.06162404870492518,healthy,aging,aida,NK
TOPORS,0.01755390118769351,0.09543007953407523,619,0.022357383202837006,healthy,aging,aida,NK
TP53,4.1746417490133547e-07,0.2017244053584428,619,1.2352083860631823e-06,healthy,aging,aida,NK
TRAFD1,2.192317717650094e-08,0.22254917845792743,619,1.6959196968338644e-07,healthy,aging,aida,NK
TRERF1,4.372411983603195e-05,0.16348895552180479,619,7.562122365084214e-05,healthy,aging,aida,NK
TRPS1,0.5291744158777404,0.025339523920987733,619,0.5755453698464084,healthy,aging,aida,NK
TSC22D1,0.159907686308962,0.0565561726733081,619,0.18504856569208947,healthy,aging,aida,NK
TSHZ1,8.273812463673463e-05,0.1575437309698359,619,0.0001363886273308672,healthy,aging,aida,NK
TTF1,3.4979305653872776e-07,0.20303629295330794,619,1.1070950239450417e-06,healthy,aging,aida,NK
UBP1,1.410910635474806e-07,0.20963920744939232,619,6.164803262553266e-07,healthy,aging,aida,NK
USF1,3.039079640253184e-07,0.2040732257117878,619,1.0214940860790892e-06,healthy,aging,aida,NK
USF2,6.874352701577865e-05,0.15929283851023504,619,0.0001148143868099944,healthy,aging,aida,NK
USF3,2.3031816044129653e-05,0.16926239973052626,619,4.141801010208541e-05,healthy,aging,aida,NK
VEZF1,0.0001830344822533098,0.14983072269990214,619,0.00028821101310036093,healthy,aging,aida,NK
XBP1,0.8287225847877003,0.00871289235096611,619,0.8529778799522184,healthy,aging,aida,NK
XPA,5.6155076207323286e-06,0.18134429230775012,619,1.1076515721871724e-05,healthy,aging,aida,NK
YBX1,4.833628603811065e-06,-0.1825816776441414,619,9.74422581596305e-06,healthy,aging,aida,NK
YBX3,0.001803442363544493,-0.12519580692520738,619,0.0025089648706014597,healthy,aging,aida,NK
YY1,1.3619005919961104e-08,0.2257268617432674,619,1.2866911563177683e-07,healthy,aging,aida,NK
ZBED1,3.100556056778809e-05,0.16660881351481704,619,5.451811066502738e-05,healthy,aging,aida,NK
ZBED4,0.014855769952328844,-0.09786881378835686,619,0.019074447017898902,healthy,aging,aida,NK
ZBED5,0.00023292849074585438,0.14741418222302588,619,0.00036316190798553157,healthy,aging,aida,NK
ZBED6,3.32220423062985e-08,0.21973532634448906,619,2.317694584761986e-07,healthy,aging,aida,NK
ZBTB1,0.6648291077188406,0.01744795317286397,619,0.709674241460415,healthy,aging,aida,NK
ZBTB10,0.23312651408427204,0.04799372730828861,619,0.26398762686108085,healthy,aging,aida,NK
ZBTB11,8.832079537672252e-07,0.19606691541206067,619,2.2543170755429324e-06,healthy,aging,aida,NK
ZBTB14,8.398296117442393e-06,0.1779806064409623,619,1.6012413982954903e-05,healthy,aging,aida,NK
ZBTB16,0.7249582335077174,-0.014169575428805512,619,0.7635583391187772,healthy,aging,aida,NK
ZBTB17,3.916904115671005e-07,0.20219811723900377,619,1.192019377509463e-06,healthy,aging,aida,NK
ZBTB2,5.416702290448542e-05,0.16151580977003718,619,9.192419704702217e-05,healthy,aging,aida,NK
ZBTB20,0.06850887052973036,0.07326775807542776,619,0.08197753316695523,healthy,aging,aida,NK
ZBTB21,3.09967510065643e-05,0.16661136946865732,619,5.451811066502738e-05,healthy,aging,aida,NK
ZBTB24,7.483469727761816e-10,0.24415070846012793,619,2.6316868542277386e-08,healthy,aging,aida,NK
ZBTB25,0.000207959871004654,0.14855542826595858,619,0.0003258381147176881,healthy,aging,aida,NK
ZBTB33,1.1335623769407055e-07,0.21119925032502995,619,5.354813317935845e-07,healthy,aging,aida,NK
ZBTB37,2.505143585121065e-08,0.22165029251329765,619,1.8655951639776483e-07,healthy,aging,aida,NK
ZBTB38,1.847257152154493e-13,0.2900056844529762,619,3.89771238004598e-11,healthy,aging,aida,NK
ZBTB4,1.5031296220763083e-07,0.2091856901348171,619,6.388772100982124e-07,healthy,aging,aida,NK
ZBTB40,6.05424045851601e-07,0.19893831444661644,619,1.6475711854018202e-06,healthy,aging,aida,NK
ZBTB41,2.0040391030233088e-07,0.20711265973148832,619,7.824321622363611e-07,healthy,aging,aida,NK
ZBTB43,0.0015203760007329967,0.1271830230763335,619,0.002162692153851656,healthy,aging,aida,NK
ZBTB44,3.619406240430693e-07,0.20278373434611746,619,1.1335934054707057e-06,healthy,aging,aida,NK
ZBTB5,4.6429451816674894e-06,0.18291243325496098,619,9.419821474344598e-06,healthy,aging,aida,NK
ZBTB7A,1.5741019343305037e-06,0.19158888428384752,619,3.663259280997068e-06,healthy,aging,aida,NK
ZBTB7B,2.6920337589037e-07,0.20496310255179234,619,9.466985385477659e-07,healthy,aging,aida,NK
ZC3H8,9.633327612137719e-05,0.15609377125464705,619,0.0001571622777959581,healthy,aging,aida,NK
ZEB1,6.043714705748618e-07,-0.19895144850644927,619,1.6475711854018202e-06,healthy,aging,aida,NK
ZEB2,1.974402370732136e-09,0.2381592742872443,619,4.0416992354142524e-08,healthy,aging,aida,NK
ZFAT,0.02799087309344644,0.0883273874895535,619,0.03480986771739017,healthy,aging,aida,NK
ZFHX3,9.165835927911966e-10,-0.242911475751159,619,2.9009870711524876e-08,healthy,aging,aida,NK
ZFP14,3.2381994437547364e-09,0.23504075753733636,619,5.394158547080048e-08,healthy,aging,aida,NK
ZFP62,5.196774152913621e-06,0.18198487507566719,619,1.0344522134573321e-05,healthy,aging,aida,NK
ZFP64,8.532361626817464e-07,0.1963311909165587,619,2.195522321046907e-06,healthy,aging,aida,NK
ZFP90,4.0879360192238657e-07,0.20188054630096436,619,1.2205959906455868e-06,healthy,aging,aida,NK
ZFP91,9.101028006306899e-08,0.21275238453335663,619,4.500742756243464e-07,healthy,aging,aida,NK
ZFX,2.714773626494125e-06,0.18726709532405056,619,5.925695536450947e-06,healthy,aging,aida,NK
ZFY,0.05062323116360362,0.07860170475598521,619,0.06162404870492518,healthy,aging,aida,NK
ZGPAT,1.3175443647351108e-09,0.24067681290052303,619,3.6686233971919855e-08,healthy,aging,aida,NK
ZHX1,4.6258687313615716e-08,0.21746720833566613,619,2.7887380066202303e-07,healthy,aging,aida,NK
ZHX2,0.0003279325416127717,0.14392019332332986,619,0.0005014041034803973,healthy,aging,aida,NK
ZKSCAN1,0.009860510518375708,0.1036563790093842,619,0.012922780865697356,healthy,aging,aida,NK
ZKSCAN5,1.5892978099000976e-06,0.1915135469117427,619,3.685075141636467e-06,healthy,aging,aida,NK
ZKSCAN8,7.602921399513706e-06,0.17881789642868812,619,1.4672711115524909e-05,healthy,aging,aida,NK
ZMAT1,0.17030442139655094,-0.05518377729990668,619,0.1963619284954768,healthy,aging,aida,NK
ZNF10,0.8277710704104831,0.008762062829299887,619,0.8529778799522184,healthy,aging,aida,NK
ZNF100,0.05311174045803398,0.07777390469588429,619,0.06452923552770731,healthy,aging,aida,NK
ZNF101,0.0006433433117223069,0.13679718018045403,619,0.0009514867203743465,healthy,aging,aida,NK
ZNF107,1.9233113633896897e-07,0.20741031447475225,619,7.681611149214453e-07,healthy,aging,aida,NK
ZNF12,1.1893458612540563e-07,0.21085786599527048,619,5.495298760392367e-07,healthy,aging,aida,NK
ZNF121,0.0008247515083496787,0.13408440212283917,619,0.00120569908726408,healthy,aging,aida,NK
ZNF124,0.6223858363597732,0.019832253202289242,619,0.6700174054689395,healthy,aging,aida,NK
ZNF131,0.0004745534056474539,0.14005498376142173,619,0.0007101472949759771,healthy,aging,aida,NK
ZNF134,0.001784968154307356,0.12531644288517502,619,0.0024887331314461594,healthy,aging,aida,NK
ZNF136,0.00010099132305670782,0.1556411143601765,619,0.0001639166858843488,healthy,aging,aida,NK
ZNF138,4.421394230245483e-06,0.18331343963667843,619,9.028201766920595e-06,healthy,aging,aida,NK
ZNF14,0.09091501011316137,0.06800935121876445,619,0.10736791306274468,healthy,aging,aida,NK
ZNF141,5.968803435327689e-07,0.19904556328201453,619,1.6427185106792888e-06,healthy,aging,aida,NK
ZNF142,7.23975992544188e-07,0.19758381075009712,619,1.933657397807868e-06,healthy,aging,aida,NK
ZNF143,1.9229205484654785e-08,0.22342905924083378,619,1.62294494290402e-07,healthy,aging,aida,NK
ZNF146,7.648047137472244e-07,0.19716638046697021,619,2.0088024224148825e-06,healthy,aging,aida,NK
ZNF148,0.0005688742467512652,0.138122657351678,619,0.000845299056792373,healthy,aging,aida,NK
ZNF16,3.7975931545512014e-06,0.18455527891243498,619,7.907488377733237e-06,healthy,aging,aida,NK
ZNF160,3.058599365460752e-07,0.20402613036429468,619,1.0214940860790892e-06,healthy,aging,aida,NK
ZNF18,6.304175730615723e-08,0.2153238259355448,619,3.47003759780793e-07,healthy,aging,aida,NK
ZNF184,0.0031838215046816956,0.11836900605659653,619,0.004334105403147341,healthy,aging,aida,NK
ZNF189,8.42853362579275e-07,0.19642482486912427,619,2.177657871480305e-06,healthy,aging,aida,NK
ZNF195,3.945401018729073e-08,0.21856044799805374,619,2.5226654998534045e-07,healthy,aging,aida,NK
ZNF197,9.370135350665568e-07,0.1956133980974855,619,2.363066006761451e-06,healthy,aging,aida,NK
ZNF207,1.3201992753385704e-06,0.19296302580393193,619,3.159771960328193e-06,healthy,aging,aida,NK
ZNF211,3.154546746685838e-06,0.1860589895776913,619,6.768908781871623e-06,healthy,aging,aida,NK
ZNF217,0.9419925958225155,-0.0029306161829350716,619,0.9479830097864107,healthy,aging,aida,NK
ZNF22,4.16560994508991e-06,0.18380101946480856,619,8.645347853252153e-06,healthy,aging,aida,NK
ZNF224,2.6322397911511537e-08,0.22131581685084908,619,1.937450916044241e-07,healthy,aging,aida,NK
ZNF226,1.038450051200568e-07,0.21182057486648687,619,5.017854064197681e-07,healthy,aging,aida,NK
ZNF227,0.15601292403918357,0.05708760862030207,619,0.18105112752823396,healthy,aging,aida,NK
ZNF236,3.908448615833366e-07,0.20221416154330824,619,1.192019377509463e-06,healthy,aging,aida,NK
ZNF24,2.4951488460157997e-06,0.1879425251062062,619,5.561370491295756e-06,healthy,aging,aida,NK
ZNF250,1.0968259454095703e-06,0.19440050942760326,619,2.712073529079108e-06,healthy,aging,aida,NK
ZNF251,0.01457260171953667,0.09814685601452938,619,0.01874889611476974,healthy,aging,aida,NK
ZNF253,3.358402156717629e-05,0.1658887937260612,619,5.888832590587974e-05,healthy,aging,aida,NK
ZNF254,9.652692190215571e-07,0.1953851590114884,619,2.415080694231776e-06,healthy,aging,aida,NK
ZNF26,2.0253741863541698e-06,0.18960232610103675,619,4.645151666529649e-06,healthy,aging,aida,NK
ZNF263,5.617000863697994e-06,0.18134209064454113,619,1.1076515721871724e-05,healthy,aging,aida,NK
ZNF264,4.909809399157866e-08,0.21705643365511348,619,2.904588177258221e-07,healthy,aging,aida,NK
ZNF266,2.355919119561773e-07,0.20593730056205334,619,8.670330248154296e-07,healthy,aging,aida,NK
ZNF267,2.2640356717522167e-06,0.1887177636205021,619,5.118337786496953e-06,healthy,aging,aida,NK
ZNF274,0.054196401361863475,0.07742318227734193,619,0.0657209234905356,healthy,aging,aida,NK
ZNF276,1.5439660803081766e-09,0.23969317557558456,619,3.889224312009164e-08,healthy,aging,aida,NK
ZNF277,0.0003770043912112933,0.14247309323966528,619,0.0005695555599922402,healthy,aging,aida,NK
ZNF28,5.066604002448439e-06,0.18219408369346715,619,1.0117225026971152e-05,healthy,aging,aida,NK
ZNF280D,0.00033203053179689323,0.14379186419536766,619,0.0005064465701865866,healthy,aging,aida,NK
ZNF281,1.3228113262037558e-06,0.19294763946794274,619,3.159771960328193e-06,healthy,aging,aida,NK
ZNF282,0.005689190717806929,0.11102248613829925,619,0.007581595209203759,healthy,aging,aida,NK
ZNF292,0.22125278483435365,0.04923440248625653,619,0.2518939079139314,healthy,aging,aida,NK
ZNF296,2.1969259895804134e-08,-0.22253505744562163,619,1.6959196968338644e-07,healthy,aging,aida,NK
ZNF3,2.3391207956713007e-05,0.16912518803030713,619,4.194514061359583e-05,healthy,aging,aida,NK
ZNF302,3.219787972438115e-06,0.1858936623852288,619,6.885560089707163e-06,healthy,aging,aida,NK
ZNF316,0.12169588554337799,0.062272576090385556,619,0.1423909344712722,healthy,aging,aida,NK
ZNF317,5.997720655046134e-08,0.2156703727859322,619,3.3597851103040437e-07,healthy,aging,aida,NK
ZNF318,2.0762361232943937e-08,0.22291470516356462,619,1.6959196968338644e-07,healthy,aging,aida,NK
ZNF319,6.054334908779528e-08,0.21560508208387294,619,3.3617491204007086e-07,healthy,aging,aida,NK
ZNF32,2.6939936289426525e-06,0.1873287165874282,619,5.92117349694685e-06,healthy,aging,aida,NK
ZNF322,5.961615371157458e-06,0.1808483613433101,619,1.1683289566385958e-05,healthy,aging,aida,NK
ZNF324,0.001351010213886996,0.1285415758086394,619,0.0019348177950010597,healthy,aging,aida,NK
ZNF326,0.09039740346023026,0.06811829558789821,619,0.10715647264105946,healthy,aging,aida,NK
ZNF331,0.839258049256959,-0.00816930929661228,619,0.8610216291404458,healthy,aging,aida,NK
ZNF333,1.64330115621692e-07,0.20854533512516307,619,6.798755763955863e-07,healthy,aging,aida,NK
ZNF335,1.4663373418762655e-08,0.22523677657424426,619,1.3277222626498107e-07,healthy,aging,aida,NK
ZNF337,0.0008303061294636324,0.13401040599383868,619,0.0012110225344481088,healthy,aging,aida,NK
ZNF33A,3.5749505129715744e-06,0.18504630042098374,619,7.493190975864239e-06,healthy,aging,aida,NK
ZNF33B,0.6748503366069498,-0.016894095690201588,619,0.7191586920407395,healthy,aging,aida,NK
ZNF346,3.059593960758283e-06,0.18630555055062278,619,6.587493119591791e-06,healthy,aging,aida,NK
ZNF350,0.6122264014327723,0.020413087385879984,619,0.6613298841415441,healthy,aging,aida,NK
ZNF354A,3.4925108807623123e-07,0.2030477567858788,619,1.1070950239450417e-06,healthy,aging,aida,NK
ZNF354B,4.665946136093914e-05,0.16289276030869854,619,8.047803553535277e-05,healthy,aging,aida,NK
ZNF362,8.009090988836172e-10,0.24373664393799865,619,2.668291892563156e-08,healthy,aging,aida,NK
ZNF37A,2.3527385206249294e-07,0.20594714478030954,619,8.670330248154296e-07,healthy,aging,aida,NK
ZNF384,2.8745802159140844e-07,0.2044821024068155,619,9.782845573513721e-07,healthy,aging,aida,NK
ZNF394,0.7520358851528102,0.012724550475981578,619,0.7855424344913017,healthy,aging,aida,NK
ZNF397,3.659344358148885e-08,0.2190756118824802,619,2.3880051326882587e-07,healthy,aging,aida,NK
ZNF398,1.2889675905161482e-07,0.2102849527379373,619,5.745890738004637e-07,healthy,aging,aida,NK
ZNF407,2.1623727000334103e-06,0.18908308787434994,619,4.906028383946747e-06,healthy,aging,aida,NK
ZNF41,5.270109575199907e-05,0.16176986145917394,619,8.967686454574035e-05,healthy,aging,aida,NK
ZNF410,2.590066033012789e-07,0.2052456493302775,619,9.210740443241754e-07,healthy,aging,aida,NK
ZNF414,4.0669134103892775e-09,0.23358953249846415,619,5.7197049944224166e-08,healthy,aging,aida,NK
ZNF417,1.3292853955362127e-06,0.19290962914449586,619,3.163299456294798e-06,healthy,aging,aida,NK
ZNF426,1.2260558928287298e-05,0.17476068665107317,619,2.2826275887076037e-05,healthy,aging,aida,NK
ZNF428,3.6208400954236562e-06,0.18494274633074093,619,7.564329308261281e-06,healthy,aging,aida,NK
ZNF429,0.0014611526249761419,0.1276415004597473,619,0.0020878320803835167,healthy,aging,aida,NK
ZNF43,0.00013975018900461988,0.15249301434255258,619,0.00022115467409981095,healthy,aging,aida,NK
ZNF430,2.058352589556531e-06,0.18947432595723218,619,4.703744365304252e-06,healthy,aging,aida,NK
ZNF431,2.7498495302994336e-06,0.1871640979762284,619,5.981631452506994e-06,healthy,aging,aida,NK
ZNF439,3.3319148058989574e-08,0.21971543545618727,619,2.317694584761986e-07,healthy,aging,aida,NK
ZNF44,8.538965610185623e-05,0.15724412762809964,619,0.00014039390211032464,healthy,aging,aida,NK
ZNF441,4.296681470254766e-06,0.18354770166340809,619,8.830517437244353e-06,healthy,aging,aida,NK
ZNF444,4.960056510195082e-05,0.1623299696408319,619,8.508714826432213e-05,healthy,aging,aida,NK
ZNF445,3.9989860905596845e-07,0.20204407673379648,619,1.2054127698528722e-06,healthy,aging,aida,NK
ZNF45,2.076407369557232e-07,0.20685549534609057,619,7.884387078416337e-07,healthy,aging,aida,NK
ZNF451,0.0006301654525294218,0.13702099063355952,619,0.0009341796989487682,healthy,aging,aida,NK
ZNF460,1.985595828404744e-06,0.18975940338308395,619,4.587161165621155e-06,healthy,aging,aida,NK
ZNF468,0.0022814869262005673,0.12241239849958964,619,0.0031463643230609127,healthy,aging,aida,NK
ZNF480,4.3372170573919274e-09,0.23317797331722784,619,5.7197049944224166e-08,healthy,aging,aida,NK
ZNF484,3.486621825004055e-07,0.2030602328773963,619,1.1070950239450417e-06,healthy,aging,aida,NK
ZNF487,0.0036135818054881435,0.11680073857701732,619,0.004908577860244625,healthy,aging,aida,NK
ZNF490,8.256692706135034e-07,0.19658225644180283,619,2.1420026569604154e-06,healthy,aging,aida,NK
ZNF493,1.5186372740183487e-07,0.20911207360292164,619,6.388772100982124e-07,healthy,aging,aida,NK
ZNF496,0.004738633863301167,-0.11338049274158515,619,0.00634155440902672,healthy,aging,aida,NK
ZNF506,2.7813702915051177e-07,0.20472390576269778,619,9.616792387050214e-07,healthy,aging,aida,NK
ZNF507,5.224995065730335e-07,0.2000470669773615,619,1.4672007997985009e-06,healthy,aging,aida,NK
ZNF511,2.170896903708019e-09,0.23756464807550537,619,4.0416992354142524e-08,healthy,aging,aida,NK
ZNF512,1.6750947524760514e-07,0.20840744015015494,619,6.885292066995306e-07,healthy,aging,aida,NK
ZNF516,2.551584219480173e-07,0.20535507452241092,619,9.163563563846685e-07,healthy,aging,aida,NK
ZNF518A,2.6475479210976314e-07,0.20508507975486434,619,9.362557732149371e-07,healthy,aging,aida,NK
ZNF518B,2.998695832951119e-07,0.20417159197492904,619,1.0150665573572166e-06,healthy,aging,aida,NK
ZNF524,3.438225540481335e-08,0.21950126676954873,619,2.3402115775527447e-07,healthy,aging,aida,NK
ZNF529,0.026314974479034473,0.08929295599229421,619,0.03298490860441351,healthy,aging,aida,NK
ZNF544,0.3782114413307429,0.03547884096663299,619,0.4192781827712089,healthy,aging,aida,NK
ZNF548,5.336980570244359e-06,0.18176506304540102,619,1.0590309407412767e-05,healthy,aging,aida,NK
ZNF549,2.810821705836062e-07,0.20464667040506798,619,9.617568323211696e-07,healthy,aging,aida,NK
ZNF550,0.0265743658582714,0.08914010489134928,619,0.033244216577639915,healthy,aging,aida,NK
ZNF557,9.534312623929794e-05,0.1561926436472616,619,0.0001559488343914098,healthy,aging,aida,NK
ZNF559,1.0758650105059271e-05,0.17587930870654814,619,2.020838432196591e-05,healthy,aging,aida,NK
ZNF561,0.0682634389061535,0.07333269448685568,619,0.08183855459771812,healthy,aging,aida,NK
ZNF562,8.59745418727901e-06,0.17778281104278584,619,1.6245338807604796e-05,healthy,aging,aida,NK
ZNF564,1.1128800689399041e-07,0.21132995826151676,619,5.29663972660824e-07,healthy,aging,aida,NK
ZNF567,0.011555676398831026,0.10144866755320292,619,0.01498922778782795,healthy,aging,aida,NK
ZNF568,2.5623234609809266e-07,0.2053243777698536,619,9.163563563846685e-07,healthy,aging,aida,NK
ZNF569,1.844657111858859e-05,0.1712179574830957,619,3.3553676776053366e-05,healthy,aging,aida,NK
ZNF570,2.4408293201558355e-07,0.2056791239177089,619,8.879568733670003e-07,healthy,aging,aida,NK
ZNF571,7.525363053730582e-06,0.1789039637456275,619,1.4567445911350006e-05,healthy,aging,aida,NK
ZNF574,0.059185793066857874,0.07588133475627043,619,0.07149734162465847,healthy,aging,aida,NK
ZNF580,1.4862418972971708e-07,0.2092666961570232,619,6.388772100982124e-07,healthy,aging,aida,NK
ZNF581,5.947643077939846e-05,0.16064706383554403,619,0.00010012920394510431,healthy,aging,aida,NK
ZNF585A,9.069902466500594e-06,0.17733053374542032,619,1.708704839671092e-05,healthy,aging,aida,NK
ZNF585B,8.541765073996723e-06,0.17783767547769458,619,1.6188435005508738e-05,healthy,aging,aida,NK
ZNF587,0.8301280324607179,0.008640288078017267,619,0.853037409979926,healthy,aging,aida,NK
ZNF587B,2.8451217812532203e-06,0.1868905603023685,619,6.167678381963294e-06,healthy,aging,aida,NK
ZNF592,8.827149642821633e-07,0.1960711922061103,619,2.2543170755429324e-06,healthy,aging,aida,NK
ZNF595,1.0522827188064508e-06,0.19472056040006197,619,2.6121371019783414e-06,healthy,aging,aida,NK
ZNF600,4.9632095713306335e-08,0.21698175425132396,619,2.9089922765293126e-07,healthy,aging,aida,NK
ZNF606,2.341292902904255e-06,0.18845050195211147,619,5.2741580339444375e-06,healthy,aging,aida,NK
ZNF609,0.00025825002235936584,0.14636829097286808,619,0.0004006673141016632,healthy,aging,aida,NK
ZNF611,4.5500360559781805e-07,0.20108253196036874,619,1.3091694651973294e-06,healthy,aging,aida,NK
ZNF614,2.7360485121158504e-05,0.16773009275002695,619,4.878644248364317e-05,healthy,aging,aida,NK
ZNF615,0.0036900804348231424,0.1165394998493593,619,0.005001757848486187,healthy,aging,aida,NK
ZNF621,2.1267522184965502e-07,0.20668163987200253,619,7.96918743524627e-07,healthy,aging,aida,NK
ZNF623,4.3055054864492724e-05,0.1636301403383895,619,7.466808144992846e-05,healthy,aging,aida,NK
ZNF626,1.605554352610265e-08,0.22463362208087978,619,1.431430852396711e-07,healthy,aging,aida,NK
ZNF639,0.9160661223234889,0.004244553602167159,619,0.9250794532517018,healthy,aging,aida,NK
ZNF641,1.468255266754345e-08,0.2252280964537767,619,1.3277222626498107e-07,healthy,aging,aida,NK
ZNF644,0.24739748799095554,0.04656034333335122,619,0.2786523307798485,healthy,aging,aida,NK
ZNF649,0.004674161823511135,0.11355548700698816,619,0.0062685263438189585,healthy,aging,aida,NK
ZNF652,0.0026584190778513018,0.1205719852022022,619,0.0036345124757664665,healthy,aging,aida,NK
ZNF654,2.7099896611929774e-06,0.18728124164283008,619,5.925695536450947e-06,healthy,aging,aida,NK
ZNF655,2.503566429626233e-10,0.2507279621919146,619,1.7135560066131946e-08,healthy,aging,aida,NK
ZNF66,0.00045036088947283655,0.1406081832757688,619,0.0006755413342092549,healthy,aging,aida,NK
ZNF664,2.1034884521976376e-08,0.22282714476467896,619,1.6959196968338644e-07,healthy,aging,aida,NK
ZNF669,0.001751577233130407,0.12553741901322985,619,0.0024529831605565214,healthy,aging,aida,NK
ZNF672,4.786783901893667e-07,0.2007034409848464,619,1.3710562035740399e-06,healthy,aging,aida,NK
ZNF675,4.966302556837253e-07,0.20042782818014587,619,1.403423892177642e-06,healthy,aging,aida,NK
ZNF677,4.183048307980839e-06,0.1837668810318326,619,8.653168558666225e-06,healthy,aging,aida,NK
ZNF678,6.844680446084742e-08,0.21475050777463298,619,3.64090985073194e-07,healthy,aging,aida,NK
ZNF680,4.410072567648582e-06,0.18333444400982155,619,9.028201766920595e-06,healthy,aging,aida,NK
ZNF682,2.773374159083796e-07,0.2047450113617355,619,9.616792387050214e-07,healthy,aging,aida,NK
ZNF683,0.001711200972976511,0.12580984320224842,619,0.0024070893686536253,healthy,aging,aida,NK
ZNF687,1.3964214179857325e-07,0.20971305173955082,619,6.164803262553266e-07,healthy,aging,aida,NK
ZNF688,2.8996712707838295e-10,0.24985658438416017,619,1.7135560066131946e-08,healthy,aging,aida,NK
ZNF692,0.7057818771688125,-0.015203952233445105,619,0.7470901810164854,healthy,aging,aida,NK
ZNF699,1.8239663038153746e-07,0.20779360632490326,619,7.353953314108718e-07,healthy,aging,aida,NK
ZNF7,4.0398958458250216e-07,0.2019684356840077,619,1.2119687537474766e-06,healthy,aging,aida,NK
ZNF700,1.4846052900492491e-06,0.19204726044136664,619,3.4805746244487716e-06,healthy,aging,aida,NK
ZNF701,3.7256478950136784e-05,0.16494891129409187,619,6.478942630614446e-05,healthy,aging,aida,NK
ZNF706,0.0007370789859763954,0.13531789026228586,619,0.001087578084202933,healthy,aging,aida,NK
ZNF708,3.0822333403019335e-07,0.2039694944762293,619,1.0214940860790892e-06,healthy,aging,aida,NK
ZNF710,1.1924384120904934e-06,0.1937536759606906,619,2.903128903281831e-06,healthy,aging,aida,NK
ZNF714,0.006487472009264899,0.10930212675198513,619,0.008627247440892187,healthy,aging,aida,NK
ZNF717,4.509367068501303e-06,0.18315195902821324,619,9.178229435245397e-06,healthy,aging,aida,NK
ZNF718,2.0245597305622878e-07,0.2070388407478035,619,7.824321622363611e-07,healthy,aging,aida,NK
ZNF721,4.857575502949918e-05,0.16252240006659108,619,8.355557862411136e-05,healthy,aging,aida,NK
ZNF736,6.064519529204272e-07,0.19892550937094122,619,1.6475711854018202e-06,healthy,aging,aida,NK
ZNF737,3.653286804360668e-07,0.2027147488989029,619,1.1335934054707057e-06,healthy,aging,aida,NK
ZNF740,4.2464902318515065e-08,0.21805586221961976,619,2.661414175011258e-07,healthy,aging,aida,NK
ZNF746,7.73131683935114e-07,0.19708388136281782,619,2.022282462524466e-06,healthy,aging,aida,NK
ZNF75A,5.821875535074327e-05,0.1608460233315091,619,9.853602175673927e-05,healthy,aging,aida,NK
ZNF75D,2.0683697928491557e-06,0.18943583481078563,619,4.7096333772428385e-06,healthy,aging,aida,NK
ZNF76,9.183154735393062e-08,0.21268906773624335,619,4.5010561656839567e-07,healthy,aging,aida,NK
ZNF765,9.929610378571404e-05,0.15580353130816732,619,0.00016157952107032642,healthy,aging,aida,NK
ZNF766,2.16055642121472e-09,0.23759461094032636,619,4.0416992354142524e-08,healthy,aging,aida,NK
ZNF770,1.2644893100014806e-07,0.2104216583086831,619,5.689744133215686e-07,healthy,aging,aida,NK
ZNF780A,4.828871916270516e-06,0.18258977571571464,619,9.74422581596305e-06,healthy,aging,aida,NK
ZNF780B,2.864679723912827e-06,0.18683549341567043,619,6.188881451320181e-06,healthy,aging,aida,NK
ZNF782,0.0003633477419112465,0.14285729612286827,619,0.000550237130693347,healthy,aging,aida,NK
ZNF790,3.4364532263240694e-08,0.21950478436938833,619,2.3402115775527447e-07,healthy,aging,aida,NK
ZNF791,0.006588507212071917,0.10909813126776043,619,0.008724947835233313,healthy,aging,aida,NK
ZNF800,0.00022947824422129756,0.1475648569672355,619,0.0003586659965236577,healthy,aging,aida,NK
ZNF805,3.7055033660932093e-07,0.20260962580729278,619,1.1441871369448478e-06,healthy,aging,aida,NK
ZNF808,5.3062239939788106e-08,0.21651980988101788,619,3.053490716534504e-07,healthy,aging,aida,NK
ZNF814,3.6497933564288706e-05,0.1651356224568024,619,6.364515687656955e-05,healthy,aging,aida,NK
ZNF827,0.6509544724938875,-0.018220281442688203,619,0.6960374680551196,healthy,aging,aida,NK
ZNF83,0.0015576508582056763,0.12690280449342567,619,0.002205800879740924,healthy,aging,aida,NK
ZNF830,1.0631732480933589e-08,0.22736122973206316,619,1.0682359778451796e-07,healthy,aging,aida,NK
ZNF831,0.6448960125218575,-0.018559615948080685,619,0.6907691734014623,healthy,aging,aida,NK
ZNF836,0.00010765512663962072,-0.15502659726013582,619,0.00017252074724779723,healthy,aging,aida,NK
ZNF84,0.0009213258220564645,0.13285893613554475,619,0.00133761294807739,healthy,aging,aida,NK
ZNF841,6.604462624904158e-08,0.2149997006208258,619,3.573183625268119e-07,healthy,aging,aida,NK
ZNF844,0.0004997865389282244,0.13950527654044065,619,0.0007461435828810521,healthy,aging,aida,NK
ZNF846,0.0017068533903665088,0.12583952769585907,619,0.0024063211494476616,healthy,aging,aida,NK
ZNF880,1.3722429967866582e-06,0.19266182815435465,619,3.241156033455031e-06,healthy,aging,aida,NK
ZNF91,5.238347247305963e-07,0.20002790997679604,619,1.4672007997985009e-06,healthy,aging,aida,NK
ZNF92,0.19827435674151503,0.05177810799330633,619,0.22736896343728083,healthy,aging,aida,NK
ZSCAN18,0.007222840754512477,-0.10787797963993595,619,0.00952512124501333,healthy,aging,aida,NK
ZSCAN25,1.7601862923132855e-07,0.20805044172614337,619,7.156695537726515e-07,healthy,aging,aida,NK
ZSCAN26,0.02770302456637642,0.08848962729222867,619,0.034587799902398964,healthy,aging,aida,NK
ZSCAN29,7.388048834991953e-07,0.19742964371252153,619,1.956751009435081e-06,healthy,aging,aida,NK
ZSCAN30,2.1445825878467328e-05,0.1698932648125554,619,3.867580564407354e-05,healthy,aging,aida,NK
ZSCAN32,5.856622074866824e-05,0.16079065276712706,619,9.885978062375198e-05,healthy,aging,aida,NK
ZXDC,7.422087464567823e-06,0.17901989270149316,619,1.4411599279360202e-05,healthy,aging,aida,NK
ZZZ3,0.010430458000438141,0.10287888821893201,619,0.013613360647994522,healthy,aging,aida,NK
ADNP,0.1466862090135658,0.14693793045678713,99,0.20739526643528766,healthy,aging,perez_sle,NK
ADNP2,0.36393082607874727,0.09222403423789244,99,0.4406212300417017,healthy,aging,perez_sle,NK
AEBP2,0.018037031987168266,0.23728552886510115,99,0.0482555286331375,healthy,aging,perez_sle,NK
AHCTF1,0.018681136405980788,0.23601599307281215,99,0.04832151036401898,healthy,aging,perez_sle,NK
AHDC1,0.005869485009889321,0.27501860975493997,99,0.045822882145872205,healthy,aging,perez_sle,NK
AHR,0.09147314418865032,-0.17053891047831604,99,0.1423916924315936,healthy,aging,perez_sle,NK
AKAP8,0.0593949791122098,0.19015788311232373,99,0.10063706916599621,healthy,aging,perez_sle,NK
AKAP8L,0.028563705579479928,0.22013750638291446,99,0.0601092081771593,healthy,aging,perez_sle,NK
AKNA,0.049599430176687456,-0.19788656930147833,99,0.08879448935859112,healthy,aging,perez_sle,NK
ANKZF1,0.17766029485564303,0.13657727982020415,99,0.23991732125804785,healthy,aging,perez_sle,NK
ARHGAP35,0.013289703054991497,0.24808587238584281,99,0.04693696194573249,healthy,aging,perez_sle,NK
ARID2,0.12961122137771183,0.15337230942355926,99,0.1878768163089768,healthy,aging,perez_sle,NK
ARID3B,0.008366548616326155,0.2636609090570958,99,0.045822882145872205,healthy,aging,perez_sle,NK
ARID5A,0.010404923209574743,0.2564338443273335,99,0.04592208611004602,healthy,aging,perez_sle,NK
ARID5B,0.14732408336385103,-0.14670879472842277,99,0.20783218903114697,healthy,aging,perez_sle,NK
ARNT,0.015178365732189206,0.24344122924332204,99,0.04739147186354913,healthy,aging,perez_sle,NK
ASCL2,2.0384580498730506e-06,0.45654364947969844,99,0.0004544512715236772,healthy,aging,perez_sle,NK
ASH1L,0.06624542105023394,-0.18535222567419557,99,0.11017659500986277,healthy,aging,perez_sle,NK
ATF1,0.008582806047193301,0.26282487329144205,99,0.045822882145872205,healthy,aging,perez_sle,NK
ATF2,0.011554166873206323,0.25289152982397095,99,0.045937164048959984,healthy,aging,perez_sle,NK
ATF3,0.06989388757052586,0.18295558981265486,99,0.11473490115473337,healthy,aging,perez_sle,NK
ATF4,0.002164858075971635,-0.3047133615794561,99,0.04146031224285071,healthy,aging,perez_sle,NK
ATF5,0.26390833921184315,0.11336025696512363,99,0.3403034210171245,healthy,aging,perez_sle,NK
ATF6,0.02862796148943821,0.22005080637758745,99,0.0601092081771593,healthy,aging,perez_sle,NK
ATF6B,0.022508473903189902,0.2291666926519749,99,0.05278295543593763,healthy,aging,perez_sle,NK
ATF7,0.006783878433435187,0.27043589518765276,99,0.045822882145872205,healthy,aging,perez_sle,NK
ATMIN,0.26438129702437996,0.11324878552970313,99,0.3403034210171245,healthy,aging,perez_sle,NK
BACH1,0.10885416053680325,0.1621352028191151,99,0.16263789470274148,healthy,aging,perez_sle,NK
BACH2,0.0040126101320509455,-0.2867107247590456,99,0.045822882145872205,healthy,aging,perez_sle,NK
BATF,2.1572054028022755e-06,0.4555651779910074,99,0.0004544512715236772,healthy,aging,perez_sle,NK
BAZ2A,0.3671422795314907,-0.09161094134307969,99,0.4428128256944697,healthy,aging,perez_sle,NK
BAZ2B,0.0336245162516794,-0.213765055991376,99,0.06639866322280236,healthy,aging,perez_sle,NK
BBX,0.8506387934855704,-0.019166894034802383,99,0.8798751513631431,healthy,aging,perez_sle,NK
BCL11B,0.028955720504987063,0.2196111134934288,99,0.060395233832962726,healthy,aging,perez_sle,NK
BCL6,0.7835732153346913,-0.027954558860451683,99,0.8295113435368926,healthy,aging,perez_sle,NK
BHLHE40,0.05691491469968804,-0.1920095475118087,99,0.09837786457310169,healthy,aging,perez_sle,NK
BPTF,0.009563527628243512,-0.25925159450046276,99,0.045822882145872205,healthy,aging,perez_sle,NK
BRF2,0.281297788881076,0.10934728528998569,99,0.3584278277678226,healthy,aging,perez_sle,NK
CAMTA1,0.01960280221772875,0.23426341439370096,99,0.04876482576876484,healthy,aging,perez_sle,NK
CAMTA2,0.005128470389288473,0.27922356001330206,99,0.045822882145872205,healthy,aging,perez_sle,NK
CARF,0.02266615495942632,0.2289065926359937,99,0.05285981525593149,healthy,aging,perez_sle,NK
CASZ1,0.007540074003236611,0.2670422092648509,99,0.045822882145872205,healthy,aging,perez_sle,NK
CC2D1A,0.00870506215901134,0.26236040897719,99,0.045822882145872205,healthy,aging,perez_sle,NK
CDC5L,0.15406793321473156,0.14433073743945213,99,0.21447342244870118,healthy,aging,perez_sle,NK
CEBPB,0.012478424658871305,0.25025956537654254,99,0.04666487801424062,healthy,aging,perez_sle,NK
CEBPD,0.0017061254974326744,0.3113706834170692,99,0.037181769461291383,healthy,aging,perez_sle,NK
CEBPG,0.006915308670179827,0.26982280229284006,99,0.045822882145872205,healthy,aging,perez_sle,NK
CEBPZ,0.5685796340060871,0.05798991784875267,99,0.6371317884607217,healthy,aging,perez_sle,NK
CENPT,0.01866200687277565,0.2360531502179523,99,0.04832151036401898,healthy,aging,perez_sle,NK
CENPX,0.0001313901462583553,0.3749527516094168,99,0.009226508048364506,healthy,aging,perez_sle,NK
CGGBP1,0.09870105300282815,0.1669037031121031,99,0.15177388198975034,healthy,aging,perez_sle,NK
CHAMP1,0.04169831953524702,0.2051012483161939,99,0.07679399751465801,healthy,aging,perez_sle,NK
CHCHD3,0.008749447923171252,0.2621932018240592,99,0.045822882145872205,healthy,aging,perez_sle,NK
CIC,0.010059023046502821,0.25756713725410857,99,0.045822882145872205,healthy,aging,perez_sle,NK
CLOCK,0.06701460848958467,0.18483821849975662,99,0.11058285265122066,healthy,aging,perez_sle,NK
CREB1,0.017250711226020152,0.23888947896365167,99,0.04812799192895907,healthy,aging,perez_sle,NK
CREB3,0.008986176261215041,0.261313816055742,99,0.045822882145872205,healthy,aging,perez_sle,NK
CREB3L2,0.010150638450034982,0.2572636872354639,99,0.045822882145872205,healthy,aging,perez_sle,NK
CREBL2,0.3142114259380054,0.10218214913545696,99,0.39245201459161977,healthy,aging,perez_sle,NK
CREBZF,0.017397162689700086,0.238586028945007,99,0.04816663324464117,healthy,aging,perez_sle,NK
CREM,0.4269202630642561,0.0807424763895811,99,0.5052689255741758,healthy,aging,perez_sle,NK
CSRNP1,0.09479306997472814,-0.16884206751691508,99,0.146120049326898,healthy,aging,perez_sle,NK
CTCF,0.09454756825199383,0.1689659246673823,99,0.14609795387594157,healthy,aging,perez_sle,NK
CUX1,0.303338808962245,0.10449208499167065,99,0.37962401438443333,healthy,aging,perez_sle,NK
CXXC1,0.013924827966961843,0.24646334371472223,99,0.04693696194573249,healthy,aging,perez_sle,NK
CXXC5,0.001506888043354835,0.3147829479124411,99,0.03401261583572342,healthy,aging,perez_sle,NK
DBP,0.013868035647499336,0.24660577943775952,99,0.04693696194573249,healthy,aging,perez_sle,NK
DDIT3,0.9514412370010594,-0.006199050380884389,99,0.9575013722685821,healthy,aging,perez_sle,NK
DEAF1,0.20111459438064805,0.12958554367632952,99,0.2664662969571689,healthy,aging,perez_sle,NK
DMTF1,0.19974993320534012,0.1299756937003013,99,0.2664662969571689,healthy,aging,perez_sle,NK
DNMT1,0.12329269579291012,0.1559175738656606,99,0.18079114557104223,healthy,aging,perez_sle,NK
DNTTIP1,0.08072373306334928,0.17639116083789216,99,0.12948578501532168,healthy,aging,perez_sle,NK
DOT1L,0.007283866715886394,0.2681569236190559,99,0.045822882145872205,healthy,aging,perez_sle,NK
DR1,0.01211440099638897,0.25127519401037374,99,0.045937164048959984,healthy,aging,perez_sle,NK
DRAP1,1.8853290642670996e-05,0.4156212469653287,99,0.001985879947694677,healthy,aging,perez_sle,NK
E2F3,0.6683857325238496,-0.043585331249414924,99,0.7258071872080291,healthy,aging,perez_sle,NK
E2F4,0.009665551221212631,0.2588986016216312,99,0.045822882145872205,healthy,aging,perez_sle,NK
E2F5,0.01079879270121407,0.25518288710761455,99,0.04592208611004602,healthy,aging,perez_sle,NK
E4F1,0.2797381563272441,0.10970027816881726,99,0.35716063595720865,healthy,aging,perez_sle,NK
EEA1,0.021391318700058663,0.23105551419659998,99,0.05140423353017899,healthy,aging,perez_sle,NK
EGR1,0.4434648270619146,0.07789376192883501,99,0.5228913632521083,healthy,aging,perez_sle,NK
ELF1,0.8234476621340988,0.022709208538164893,99,0.8587770997834165,healthy,aging,perez_sle,NK
ELF2,0.2565736322624537,0.11510664278671144,99,0.33160436725944936,healthy,aging,perez_sle,NK
ELF4,0.005509181354317438,0.27700032416241543,99,0.045822882145872205,healthy,aging,perez_sle,NK
ELK3,0.6759412102617154,0.04253254547044354,99,0.7314980220640481,healthy,aging,perez_sle,NK
ELK4,0.0399522491793429,0.2068476341377817,99,0.07490375206820697,healthy,aging,perez_sle,NK
EOMES,0.15669171549554117,0.14342658024104143,99,0.2171692197218904,healthy,aging,perez_sle,NK
ESRRA,0.002775097104126058,0.29760396114263765,99,0.045822882145872205,healthy,aging,perez_sle,NK
ETS1,0.010466466949669904,-0.2562356728865859,99,0.04592208611004602,healthy,aging,perez_sle,NK
ETV3,0.15898276676614048,0.14264628019309794,99,0.2198623820485794,healthy,aging,perez_sle,NK
ETV6,0.513677318429368,-0.06641220408052367,99,0.5838922036823032,healthy,aging,perez_sle,NK
FAM200B,0.011802444457789763,0.25216696549373774,99,0.045937164048959984,healthy,aging,perez_sle,NK
FLI1,0.0716060080044611,0.18186564688854334,99,0.11724092502284822,healthy,aging,perez_sle,NK
FLYWCH1,0.011886232375308933,0.25192544405032663,99,0.045937164048959984,healthy,aging,perez_sle,NK
FOS,0.0011255502912572307,-0.3226478769671096,99,0.029696888793471193,healthy,aging,perez_sle,NK
FOSB,0.004823607531485236,-0.28111238155792717,99,0.045822882145872205,healthy,aging,perez_sle,NK
FOSL2,0.4936974036421157,-0.06958913999000788,99,0.5673031983669402,healthy,aging,perez_sle,NK
FOXJ2,0.014237029352453199,0.2456892365243021,99,0.04713817405871349,healthy,aging,perez_sle,NK
FOXJ3,0.11146649933678437,0.16096475274719987,99,0.16575724136670053,healthy,aging,perez_sle,NK
FOXK1,0.9406897349330092,0.007573864751070539,99,0.9497059304754982,healthy,aging,perez_sle,NK
FOXN2,0.014272371605035276,0.24560253651897504,99,0.04713817405871349,healthy,aging,perez_sle,NK
FOXN3,0.13469983931930543,-0.1513905950160837,99,0.19480617494233646,healthy,aging,perez_sle,NK
FOXO1,0.8920823071094813,0.013810072277095095,99,0.9093484162793423,healthy,aging,perez_sle,NK
FOXO3,0.02343391845249507,0.22766182827379813,99,0.05385540531627958,healthy,aging,perez_sle,NK
FOXP1,0.047729546346975446,-0.19950290511507554,99,0.08594037974726064,healthy,aging,perez_sle,NK
GABPA,0.008842142378586729,0.261846401802751,99,0.045822882145872205,healthy,aging,perez_sle,NK
GATA3,0.0020325928336900863,-0.30649071168866066,99,0.041438666802972084,healthy,aging,perez_sle,NK
GATAD2A,0.05223185639674645,0.19569429773820848,99,0.09195134608006617,healthy,aging,perez_sle,NK
GATAD2B,0.0831535052425893,0.17501634646770603,99,0.13204275204350863,healthy,aging,perez_sle,NK
GFI1,0.0038633149162334195,0.287850210543344,99,0.045822882145872205,healthy,aging,perez_sle,NK
GLI4,0.08681541401012619,0.1730036677726137,99,0.13581025161980137,healthy,aging,perez_sle,NK
GLMP,0.023364269419411256,0.22777329970921864,99,0.05385540531627958,healthy,aging,perez_sle,NK
GLYR1,0.014320457941887643,0.24548487222603116,99,0.04713817405871349,healthy,aging,perez_sle,NK
GMEB1,0.008556921165437319,0.2629239590118158,99,0.045822882145872205,healthy,aging,perez_sle,NK
GPBP1,0.172652345328974,0.1381564584886612,99,0.23567231587021936,healthy,aging,perez_sle,NK
GPBP1L1,0.022199624899718832,0.22968069982641384,99,0.05253481736465299,healthy,aging,perez_sle,NK
GTF2B,0.029701265365803937,0.21862644914721438,99,0.0605522571328648,healthy,aging,perez_sle,NK
GTF2I,0.14965169927049532,0.14587895182029237,99,0.2101525511402853,healthy,aging,perez_sle,NK
GTF2IRD2,0.9124139899200764,0.01119668640223674,99,0.9255949303844113,healthy,aging,perez_sle,NK
GTF2IRD2B,0.31817825003909744,0.1013523062273266,99,0.39584380713525513,healthy,aging,perez_sle,NK
GTF3A,0.8946803798561145,0.0134756579708336,99,0.910528180465482,healthy,aging,perez_sle,NK
GZF1,0.25155859462658137,0.1163204428612902,99,0.3264579708501015,healthy,aging,perez_sle,NK
HBP1,0.07243499929395301,0.181345446856581,99,0.1176835978246229,healthy,aging,perez_sle,NK
HES4,0.002394670803854591,0.3018460685461399,99,0.04451270435400299,healthy,aging,perez_sle,NK
HES6,0.0005993751549842433,0.3389536708261192,99,0.02104472766389121,healthy,aging,perez_sle,NK
HIF1A,0.5639559149239536,-0.05868351789136911,99,0.6330730696837277,healthy,aging,perez_sle,NK
HINFP,0.32145862981409207,0.10067109189975688,99,0.3975770137818125,healthy,aging,perez_sle,NK
HIVEP1,0.5047075319756616,-0.06783036845337335,99,0.5757674371996717,healthy,aging,perez_sle,NK
HIVEP2,0.3388655722211421,-0.09712877739639439,99,0.41443101565368207,healthy,aging,perez_sle,NK
HIVEP3,0.007540074003236611,0.2670422092648509,99,0.045822882145872205,healthy,aging,perez_sle,NK
HMBOX1,0.018245404914592814,0.23687060741103602,99,0.0482555286331375,healthy,aging,perez_sle,NK
HMG20A,0.019028366877228392,0.2353471644602892,99,0.04868796707047913,healthy,aging,perez_sle,NK
HMG20B,0.011256921705806435,0.2537771084498116,99,0.045937164048959984,healthy,aging,perez_sle,NK
HMGA1,0.03751134287310226,0.20939909143740648,99,0.07249898683731079,healthy,aging,perez_sle,NK
HMGN3,0.00200499687810062,0.30687466885510906,99,0.041438666802972084,healthy,aging,perez_sle,NK
HOXB2,0.0005004543789596475,0.34346207110312604,99,0.02067276188377777,healthy,aging,perez_sle,NK
HOXB4,0.004655128370421594,0.28220232448203875,99,0.045822882145872205,healthy,aging,perez_sle,NK
HSF1,0.0659691694672809,0.18553801139989642,99,0.11000663615652119,healthy,aging,perez_sle,NK
HSF2,0.037488271375394094,0.20942386286749992,99,0.07249898683731079,healthy,aging,perez_sle,NK
IKZF1,0.8850156293508722,0.014720422333029165,99,0.9049269359627659,healthy,aging,perez_sle,NK
IKZF2,0.029296022050121627,0.21915903489422348,99,0.060506816783257734,healthy,aging,perez_sle,NK
IKZF3,0.19994447610658508,0.129919957982591,99,0.2664662969571689,healthy,aging,perez_sle,NK
IKZF5,0.10569955739127729,0.16357813862205822,99,0.15905266731258869,healthy,aging,perez_sle,NK
IRF1,0.0005560711266206046,-0.340836299513221,99,0.02067276188377777,healthy,aging,perez_sle,NK
IRF2,0.001239209716789236,0.3200778410949148,99,0.03012232850041528,healthy,aging,perez_sle,NK
IRF3,0.14280133471665826,0.14834990197211345,99,0.20418318524624182,healthy,aging,perez_sle,NK
IRF7,0.003487486142701742,0.290903289302361,99,0.045822882145872205,healthy,aging,perez_sle,NK
IRF8,0.03791702343874261,0.2089655914107712,99,0.07305963052830894,healthy,aging,perez_sle,NK
IRF9,0.026904941051405964,0.22243505652408146,99,0.05816560400185324,healthy,aging,perez_sle,NK
JAZF1,0.00987429943204724,0.2581864230064446,99,0.045822882145872205,healthy,aging,perez_sle,NK
JUN,0.001484832535267489,-0.3151854836514595,99,0.03401261583572342,healthy,aging,perez_sle,NK
JUNB,0.003208340849698721,-0.29336804659665866,99,0.045822882145872205,healthy,aging,perez_sle,NK
JUND,0.0047310484927331605,-0.28170689588016984,99,0.045822882145872205,healthy,aging,perez_sle,NK
KAT7,0.0361983062417186,0.21082964152530287,99,0.0703917832146651,healthy,aging,perez_sle,NK
KCMF1,0.01403652817680924,0.24618466512617096,99,0.04693696194573249,healthy,aging,perez_sle,NK
KDM2A,0.3815580790886475,-0.08889846974784756,99,0.45499001129061356,healthy,aging,perez_sle,NK
KDM2B,0.030696173207825146,0.21734452763987866,99,0.06198077146116771,healthy,aging,perez_sle,NK
KDM5B,0.2757967922159167,0.1105982425097046,99,0.35284124024384483,healthy,aging,perez_sle,NK
KIN,0.016187274157699903,0.24116225767472518,99,0.04739147186354913,healthy,aging,perez_sle,NK
KLF10,0.37760803359997486,0.08963541979312753,99,0.45198537355148505,healthy,aging,perez_sle,NK
KLF11,0.5135986276926853,0.06642458979557041,99,0.5838922036823032,healthy,aging,perez_sle,NK
KLF12,0.6888592168872805,-0.04074280964619221,99,0.7429334898852582,healthy,aging,perez_sle,NK
KLF13,0.1748978122456829,0.13744427987347466,99,0.23771057492316472,healthy,aging,perez_sle,NK
KLF2,0.0006778603212103953,0.3358386634918686,99,0.02244841582202096,healthy,aging,perez_sle,NK
KLF3,0.18622158998481436,-0.13395150823029905,99,0.24987695301571694,healthy,aging,perez_sle,NK
KLF4,0.8795415116230008,0.015426408090692323,99,0.9038540412125796,healthy,aging,perez_sle,NK
KLF6,0.641899595840594,0.04731343147847826,99,0.7006572445099403,healthy,aging,perez_sle,NK
KLF7,0.05386267261951016,0.194381411943256,99,0.09403648921417242,healthy,aging,perez_sle,NK
KLF9,0.012942192781722922,0.24900241529930028,99,0.04693696194573249,healthy,aging,perez_sle,NK
KMT2A,0.3212193262510281,-0.10072063475994376,99,0.3975770137818125,healthy,aging,perez_sle,NK
KMT2B,0.4095884830254607,0.08379555514859807,99,0.4856658935686513,healthy,aging,perez_sle,NK
L3MBTL3,0.03997049790309668,0.20682905556521164,99,0.07490375206820697,healthy,aging,perez_sle,NK
LCOR,0.17333348985844974,0.13793970847534356,99,0.23609216722099188,healthy,aging,perez_sle,NK
LCORL,0.01816741244326933,0.23702542884912,99,0.0482555286331375,healthy,aging,perez_sle,NK
LEF1,0.00020178507851024597,-0.36519900101012326,99,0.012752816961847544,healthy,aging,perez_sle,NK
LIN54,0.017058082317984193,0.23929201470267014,99,0.04812799192895907,healthy,aging,perez_sle,NK
MAF,0.004107674963486082,0.2860047390013824,99,0.045822882145872205,healthy,aging,perez_sle,NK
MAFF,0.007091310995612768,-0.26901773081480307,99,0.045822882145872205,healthy,aging,perez_sle,NK
MAX,0.05743850397152589,0.1916132046303136,99,0.098913173051783,healthy,aging,perez_sle,NK
MAZ,0.13677732857657834,0.1505979092530935,99,0.19672004323622447,healthy,aging,perez_sle,NK
MBD1,0.01393225054124213,0.24644476514215213,99,0.04693696194573249,healthy,aging,perez_sle,NK
MBD2,0.17534946889377842,0.13730184415043736,99,0.2378130136070128,healthy,aging,perez_sle,NK
MBD4,0.059886137872820336,0.1897986973759688,99,0.10119796560326857,healthy,aging,perez_sle,NK
MBD6,0.06699598912436962,0.18485060421480337,99,0.11058285265122066,healthy,aging,perez_sle,NK
MBNL2,0.019197523643236073,0.2350251358690744,99,0.04872624474909718,healthy,aging,perez_sle,NK
MECP2,0.012096883226997097,0.2513247368705606,99,0.045937164048959984,healthy,aging,perez_sle,NK
MEF2A,0.4856382587992627,0.07088964006991369,99,0.5621307317969487,healthy,aging,perez_sle,NK
MEF2C,0.9715616244599048,0.0036290145086895625,99,0.9761954636862636,healthy,aging,perez_sle,NK
MEF2D,0.1658169008095002,0.14036730862450109,99,0.2283143383695079,healthy,aging,perez_sle,NK
MGA,0.021770425481747877,0.23040526415664708,99,0.052117079183578253,healthy,aging,perez_sle,NK
MLX,0.014614520168932638,0.24477269361084467,99,0.04739147186354913,healthy,aging,perez_sle,NK
MLXIP,0.9761219426417889,-0.0030468859014936263,99,0.9792207424596994,healthy,aging,perez_sle,NK
MNT,0.08255717728415948,0.17535076077396752,99,0.13142603537427908,healthy,aging,perez_sle,NK
MTERF1,0.0525440394878187,0.1954403905797507,99,0.0922439804341706,healthy,aging,perez_sle,NK
MTERF2,0.005383507343480357,0.27771869563512536,99,0.045822882145872205,healthy,aging,perez_sle,NK
MTERF3,0.18425738167935768,0.1345460225525417,99,0.2477673728113916,healthy,aging,perez_sle,NK
MTERF4,0.059352792350430984,0.19018884739994055,99,0.10063706916599621,healthy,aging,perez_sle,NK
MTF1,0.21139454922222256,0.12670586492796665,99,0.2777574950279515,healthy,aging,perez_sle,NK
MTF2,0.4334592936856899,0.07960918346280603,99,0.5120491095501982,healthy,aging,perez_sle,NK
MXD1,0.010759222203367998,0.2553067442580818,99,0.04592208611004602,healthy,aging,perez_sle,NK
MXD4,0.01978304013804029,0.23392900008743947,99,0.04876482576876484,healthy,aging,perez_sle,NK
MXI1,0.6322855117584651,-0.04868205299114105,99,0.6925553612328422,healthy,aging,perez_sle,NK
MYBL1,0.9358984593049,0.008186957645883279,99,0.9463805220491148,healthy,aging,perez_sle,NK
MYC,7.617627749048996e-05,-0.3869173523445504,99,0.0060179259217487055,healthy,aging,perez_sle,NK
MYNN,0.019830000352171778,0.23384230008211243,99,0.04876482576876484,healthy,aging,perez_sle,NK
MYSM1,0.022004311983649702,0.23000892127515193,99,0.05247820820251552,healthy,aging,perez_sle,NK
MZF1,0.5166326738560953,0.0659477397662716,99,0.5861972170144565,healthy,aging,perez_sle,NK
NACC2,0.003799968033902423,0.28834563914521283,99,0.045822882145872205,healthy,aging,perez_sle,NK
NCOA1,0.774980663420711,-0.029094044644750117,99,0.8245585509796117,healthy,aging,perez_sle,NK
NCOA2,0.4572888459304516,0.0755590546425279,99,0.538187245117403,healthy,aging,perez_sle,NK
NCOA3,0.0735824528955073,0.1806332682413945,99,0.1192413082819503,healthy,aging,perez_sle,NK
NFAT5,0.8102580958934678,0.02443701578718262,99,0.8464183745531763,healthy,aging,perez_sle,NK
NFATC1,0.01082656776961528,0.25509618710228754,99,0.04592208611004602,healthy,aging,perez_sle,NK
NFATC2,0.20766042088617154,0.12774007213436794,99,0.2738586132662869,healthy,aging,perez_sle,NK
NFATC3,0.7901754147594542,-0.02708136594965778,99,0.8337076162403589,healthy,aging,perez_sle,NK
NFE2L1,0.011545760019508798,0.2529163012540644,99,0.045937164048959984,healthy,aging,perez_sle,NK
NFE2L2,0.7206513611120957,0.036389230807269406,99,0.7719519664793975,healthy,aging,perez_sle,NK
NFE2L3,0.16289372534121532,-0.1413333943981454,99,0.2247791144446465,healthy,aging,perez_sle,NK
NFIC,0.8370668085622124,-0.020931858428960275,99,0.8686801691483058,healthy,aging,perez_sle,NK
NFIL3,0.07238543902738695,0.1813764111441978,99,0.1176835978246229,healthy,aging,perez_sle,NK
NFKB1,0.003823613404032629,-0.28815985341951206,99,0.045822882145872205,healthy,aging,perez_sle,NK
NFKB2,0.47443652865191266,-0.0727165330393052,99,0.5521986852817842,healthy,aging,perez_sle,NK
NFX1,0.031574087597101126,0.21624219900072042,99,0.06334864559164416,healthy,aging,perez_sle,NK
NFYA,0.007433796975880463,0.2675004807215796,99,0.045822882145872205,healthy,aging,perez_sle,NK
NFYB,0.02482388616004425,0.22549432814062179,99,0.05534915992066169,healthy,aging,perez_sle,NK
NFYC,0.009752205340481313,0.25860134446050986,99,0.045822882145872205,healthy,aging,perez_sle,NK
NME2,0.0005516837869944116,-0.34103447095396844,99,0.02067276188377777,healthy,aging,perez_sle,NK
NR1D2,0.5825567685660722,-0.055909117720903366,99,0.6459225925153642,healthy,aging,perez_sle,NK
NR1H2,0.022277422553365508,0.22955064981842324,99,0.05253481736465299,healthy,aging,perez_sle,NK
NR2C1,0.03050660209871593,0.21758604908328977,99,0.0617954247640656,healthy,aging,perez_sle,NK
NR2C2,0.015482202298883965,0.2427414363431822,99,0.04739147186354913,healthy,aging,perez_sle,NK
NR3C1,0.8073812712345949,0.024814780096107644,99,0.8448095420865298,healthy,aging,perez_sle,NK
NR3C2,0.5212206459025293,-0.06522936829356171,99,0.5903430971512518,healthy,aging,perez_sle,NK
NR4A1,0.7046691964031981,-0.03856911665549249,99,0.7573995444333694,healthy,aging,perez_sle,NK
NR4A2,0.10356180252254554,-0.1645751886833193,99,0.15765471567777534,healthy,aging,perez_sle,NK
NR4A3,0.30230262747013675,-0.10471502786251163,99,0.3790778979387429,healthy,aging,perez_sle,NK
NRF1,0.005777501692114833,0.2755140383568088,99,0.045822882145872205,healthy,aging,perez_sle,NK
PA2G4,0.000710392905760157,0.3346434419898599,99,0.02244841582202096,healthy,aging,perez_sle,NK
PATZ1,0.7779663597501157,0.028697701763255007,99,0.8263440997681901,healthy,aging,perez_sle,NK
PBX2,0.025134824204477695,0.22502367096884635,99,0.05534915992066169,healthy,aging,perez_sle,NK
PBX3,0.07390433348071677,0.18043509680064693,99,0.11945662086908697,healthy,aging,perez_sle,NK
PCGF6,0.011888387593232732,0.2519192511928033,99,0.045937164048959984,healthy,aging,perez_sle,NK
PHF1,0.7849298789321315,0.027774965992274213,99,0.8295579991389751,healthy,aging,perez_sle,NK
PHF19,0.013863106712463222,0.24661816515280627,99,0.04693696194573249,healthy,aging,perez_sle,NK
PHF20,0.5763807307480451,0.05682566063436081,99,0.6420663161010389,healthy,aging,perez_sle,NK
PHF21A,0.10728812609918852,0.1628473814343016,99,0.16105960972609773,healthy,aging,perez_sle,NK
PIN1,0.0011337006373481262,0.3224558983838854,99,0.029696888793471193,healthy,aging,perez_sle,NK
PKNOX1,0.007293684760987588,0.2681135736163924,99,0.045822882145872205,healthy,aging,perez_sle,NK
PLSCR1,0.033257805341599264,0.21419855601801124,99,0.06589007202473585,healthy,aging,perez_sle,NK
POGK,0.4668475407744146,0.07396749025902412,99,0.5453745762836044,healthy,aging,perez_sle,NK
POU2F1,0.036030646309120284,0.21101542725100367,99,0.07028200144248155,healthy,aging,perez_sle,NK
POU2F2,0.025077298035826905,0.22511037097417338,99,0.05534915992066169,healthy,aging,perez_sle,NK
PRDM1,0.0031117341013369385,0.294266010937546,99,0.045822882145872205,healthy,aging,perez_sle,NK
PRDM10,0.0056029178997774485,0.2764739312729298,99,0.045822882145872205,healthy,aging,perez_sle,NK
PRDM2,0.4611438630525343,-0.07491499746009836,99,0.5417154673776983,healthy,aging,perez_sle,NK
PRDM4,0.009519079464891413,0.2594064159385468,99,0.045822882145872205,healthy,aging,perez_sle,NK
PRDM8,0.15031676964251378,-0.14564362323440466,99,0.21017743011962103,healthy,aging,perez_sle,NK
PREB,0.0005310102631278423,0.3419881710125661,99,0.02067276188377777,healthy,aging,perez_sle,NK
PRMT3,0.03284799817494448,0.21468779176235675,99,0.0654887534591953,healthy,aging,perez_sle,NK
PRR12,0.01866200687277565,0.2360531502179523,99,0.04832151036401898,healthy,aging,perez_sle,NK
PURA,0.500699754440705,0.06846823277827953,99,0.574305344476453,healthy,aging,perez_sle,NK
PURB,0.19503669187365646,0.1313381223554407,99,0.2611508247121841,healthy,aging,perez_sle,NK
RARA,0.2752290811123421,-0.11072829251769518,99,0.3528291668620694,healthy,aging,perez_sle,NK
RBAK,0.009427207791469718,0.2597284445297615,99,0.045822882145872205,healthy,aging,perez_sle,NK
RBCK1,0.0038744972015793046,0.2877635105380169,99,0.045822882145872205,healthy,aging,perez_sle,NK
RBPJ,0.4683824961667217,-0.07371358310056632,99,0.5461581874121183,healthy,aging,perez_sle,NK
RBSN,0.03536650997317768,0.21175857015380703,99,0.06941501336350402,healthy,aging,perez_sle,NK
REL,0.008471667560538222,-0.26325218046055393,99,0.045822882145872205,healthy,aging,perez_sle,NK
RELA,0.014655845604845312,0.24467360789047088,99,0.04739147186354913,healthy,aging,perez_sle,NK
RELB,0.5306981041651189,-0.06375546820300179,99,0.598930717557777,healthy,aging,perez_sle,NK
REPIN1,0.13985603931297458,0.14943984489622497,99,0.20042860962766423,healthy,aging,perez_sle,NK
REST,0.8845832622072803,-0.014776158050739415,99,0.9049269359627659,healthy,aging,perez_sle,NK
REXO4,0.043370586072311534,0.20348491250259668,99,0.07899196080029074,healthy,aging,perez_sle,NK
RFX1,0.6266152836969113,0.04949331732670134,99,0.6875362140563333,healthy,aging,perez_sle,NK
RFX2,0.07566417369235068,-0.1793637324491055,99,0.1217283227808195,healthy,aging,perez_sle,NK
RFX3,0.08128771599328431,0.1760691322466774,99,0.1300603455892549,healthy,aging,perez_sle,NK
RFX5,0.012079387562123308,0.2513742797307475,99,0.045937164048959984,healthy,aging,perez_sle,NK
RFX7,0.01558282709609683,0.2425123006148179,99,0.04739147186354913,healthy,aging,perez_sle,NK
RLF,0.5838123648232019,0.05572333199520254,99,0.6461811113279572,healthy,aging,perez_sle,NK
RORA,0.29644638243153776,-0.10598456365480066,99,0.37396030677990394,healthy,aging,perez_sle,NK
RREB1,0.04983279484223687,0.19768839786073072,99,0.08879448935859112,healthy,aging,perez_sle,NK
RUNX1,0.04179926447000373,0.20500216259582016,99,0.07679399751465801,healthy,aging,perez_sle,NK
RUNX2,0.0011747187022733859,-0.32150839118281116,99,0.029696888793471193,healthy,aging,perez_sle,NK
RUNX3,0.011957534908299433,-0.2517210797520557,99,0.045937164048959984,healthy,aging,perez_sle,NK
RXRB,0.009772159304564142,0.25853322302775283,99,0.045822882145872205,healthy,aging,perez_sle,NK
SAFB,0.032167685057888834,0.2155114418129638,99,0.06433537011577767,healthy,aging,perez_sle,NK
SAFB2,0.28653845797811994,0.10817064236054708,99,0.36437083589974206,healthy,aging,perez_sle,NK
SATB1,0.013971895702009124,-0.24634567942177835,99,0.04693696194573249,healthy,aging,perez_sle,NK
SCMH1,0.8064857327259006,-0.0249324443890515,99,0.8448095420865298,healthy,aging,perez_sle,NK
SCML4,0.22365484617077272,-0.12339887901049186,99,0.29204517103290983,healthy,aging,perez_sle,NK
SETBP1,0.003561699750378229,0.2902778106925015,99,0.045822882145872205,healthy,aging,perez_sle,NK
SETDB1,0.0295640865147781,0.21880604201539186,99,0.0605522571328648,healthy,aging,perez_sle,NK
SETDB2,0.02570371793843259,0.22417524948814588,99,0.055823882258039165,healthy,aging,perez_sle,NK
SGSM2,0.7942565535548242,0.02654258734512537,99,0.8346753337792521,healthy,aging,perez_sle,NK
SKI,0.3809257305639613,0.08901613404079144,99,0.45499001129061356,healthy,aging,perez_sle,NK
SKIL,0.5729720156482434,-0.05733347495127641,99,0.6409173697162652,healthy,aging,perez_sle,NK
SLC2A4RG,0.0021408015732132793,0.3050291973131475,99,0.04146031224285071,healthy,aging,perez_sle,NK
SMAD3,0.834453010331424,-0.02127246559274513,99,0.8673919449497697,healthy,aging,perez_sle,NK
SMAD4,0.015689503813458263,0.2422707791714068,99,0.04739147186354913,healthy,aging,perez_sle,NK
SMAD5,0.02491355545911932,0.22535808527510784,99,0.05534915992066169,healthy,aging,perez_sle,NK
SMYD3,0.22011516343741708,0.12434019335404273,99,0.2880181848704919,healthy,aging,perez_sle,NK
SNAI1,0.08435646468351182,0.17434751785518304,99,0.13262011363178974,healthy,aging,perez_sle,NK
SNAPC2,0.055719076727473324,0.19292609042526612,99,0.09700952201587643,healthy,aging,perez_sle,NK
SNAPC5,0.008087213129758311,0.26476943055377744,99,0.045822882145872205,healthy,aging,perez_sle,NK
SON,0.5019819888169009,0.06826386848000862,99,0.5747330016889156,healthy,aging,perez_sle,NK
SOX13,0.883478477959437,0.014918593773776719,99,0.9049269359627659,healthy,aging,perez_sle,NK
SOX4,0.05903297227016824,-0.1904241759858283,99,0.10063706916599621,healthy,aging,perez_sle,NK
SP1,0.009009817816601491,0.26122711605041493,99,0.045822882145872205,healthy,aging,perez_sle,NK
SP100,0.10826652940518983,-0.1624014956926196,99,0.16214323835090041,healthy,aging,perez_sle,NK
SP110,0.14312207446848912,0.14823223767916957,99,0.20418318524624182,healthy,aging,perez_sle,NK
SP140,0.016494166405068764,0.24049342906220222,99,0.04739147186354913,healthy,aging,perez_sle,NK
SP140L,0.06643010945445332,0.18522836852372837,99,0.11019377736276773,healthy,aging,perez_sle,NK
SP2,0.00964040471199883,0.2589853016269582,99,0.045822882145872205,healthy,aging,perez_sle,NK
SP3,0.3434958611151029,0.09620604162541359,99,0.4182839773116474,healthy,aging,perez_sle,NK
SP4,0.009772159304564142,0.25853322302775283,99,0.045822882145872205,healthy,aging,perez_sle,NK
SPEN,0.795054669201123,0.026437308767228232,99,0.8346753337792521,healthy,aging,perez_sle,NK
SPI1,0.08407677604464696,0.17450233929326708,99,0.13262011363178974,healthy,aging,perez_sle,NK
SRCAP,0.016226775715792247,0.24107555766939812,99,0.04739147186354913,healthy,aging,perez_sle,NK
SREBF1,0.16877874466312479,0.13940122285085677,99,0.23138430938632293,healthy,aging,perez_sle,NK
SREBF2,0.00817060328161262,0.2644350162475159,99,0.045822882145872205,healthy,aging,perez_sle,NK
STAT1,0.25464660093006025,0.11557110710096352,99,0.3297882208766354,healthy,aging,perez_sle,NK
STAT2,0.016497031344906345,0.2404872362046788,99,0.04739147186354913,healthy,aging,perez_sle,NK
STAT3,0.48300563630047666,0.07131694723902561,99,0.5611259294344002,healthy,aging,perez_sle,NK
STAT4,0.3251824844066571,0.09990317756686011,99,0.40061467864523836,healthy,aging,perez_sle,NK
STAT5A,0.6734042744427506,0.042885538349275124,99,0.7300025753821928,healthy,aging,perez_sle,NK
STAT5B,0.015547408075783305,0.24259280776262157,99,0.04739147186354913,healthy,aging,perez_sle,NK
STAT6,0.0475957335832727,0.1996205694080194,99,0.08594037974726064,healthy,aging,perez_sle,NK
TBP,0.05619330244222954,0.19256071183138784,99,0.0975663932513436,healthy,aging,perez_sle,NK
TBPL1,0.005635221156008397,0.27629433840475226,99,0.045822882145872205,healthy,aging,perez_sle,NK
TBX21,6.78886931156339e-07,0.4749674006116975,99,0.00042905654049079994,healthy,aging,perez_sle,NK
TCF12,0.040147261387272544,0.2066494626970342,99,0.07490375206820697,healthy,aging,perez_sle,NK
TCF20,0.01481955175787974,0.24428345786649913,99,0.04739147186354913,healthy,aging,perez_sle,NK
TCF4,0.37374866059991874,-0.09035998412336078,99,0.4490668317474309,healthy,aging,perez_sle,NK
TCF7,1.1385780783222774e-05,-0.4253749975646224,99,0.0014391626909993572,healthy,aging,perez_sle,NK
TERF1,0.10377272424359894,0.16447610296294557,99,0.15765471567777534,healthy,aging,perez_sle,NK
TERF2,0.01040108727219101,0.2564462300423802,99,0.04592208611004602,healthy,aging,perez_sle,NK
TET2,0.9924279076536708,-0.0009660857736443205,99,0.9940006935612044,healthy,aging,perez_sle,NK
TET3,0.032992756670311874,0.21451439175170264,99,0.06557051011206637,healthy,aging,perez_sle,NK
TFCP2,0.007208519072515895,0.2684913379253174,99,0.045822882145872205,healthy,aging,perez_sle,NK
TFDP1,0.0011326459706198484,0.3224806698139788,99,0.029696888793471193,healthy,aging,perez_sle,NK
TFDP2,0.09364357106848317,0.169424196124111,99,0.14505572773353276,healthy,aging,perez_sle,NK
TFE3,0.009618896276326791,0.2590596159172386,99,0.045822882145872205,healthy,aging,perez_sle,NK
TFEB,0.005206013983214232,0.27875909569905,99,0.045822882145872205,healthy,aging,perez_sle,NK
TGIF1,0.645438271643856,-0.04681181001908602,99,0.7033051511705466,healthy,aging,perez_sle,NK
TGIF2,0.9107253811458298,0.011413436415554375,99,0.9253672683025151,healthy,aging,perez_sle,NK
THAP1,0.0072684619441741065,0.2682250450518129,99,0.045822882145872205,healthy,aging,perez_sle,NK
THAP11,0.00961531563447928,0.2590720016322853,99,0.045822882145872205,healthy,aging,perez_sle,NK
THAP12,0.06522795588016174,0.18603963285928868,99,0.10905838125995297,healthy,aging,perez_sle,NK
THAP3,0.20485239481261738,0.1285265650398348,99,0.2708508651078958,healthy,aging,perez_sle,NK
THAP4,0.016348623772623902,0.24080926479589362,99,0.04739147186354913,healthy,aging,perez_sle,NK
THAP5,0.02696601577934019,0.22234835651875437,99,0.05816560400185324,healthy,aging,perez_sle,NK
THAP6,0.12171708479644741,0.15656782390561352,99,0.17889580835198785,healthy,aging,perez_sle,NK
THAP7,0.024950317856698895,0.22530234955739759,99,0.05534915992066169,healthy,aging,perez_sle,NK
THRA,0.05936122774402926,0.1901826545424172,99,0.10063706916599621,healthy,aging,perez_sle,NK
THYN1,0.0005200356699258145,0.34250837104452836,99,0.02067276188377777,healthy,aging,perez_sle,NK
TMF1,0.7833393731432735,0.02798552314806849,99,0.8295113435368926,healthy,aging,perez_sle,NK
TOPORS,0.038834340415544566,0.20799950563712685,99,0.07414895209252013,healthy,aging,perez_sle,NK
TP53,0.008436499452331481,0.2633884233260679,99,0.045822882145872205,healthy,aging,perez_sle,NK
TRAFD1,0.006172624857122308,0.2734332382289595,99,0.045822882145872205,healthy,aging,perez_sle,NK
TRERF1,0.0674346540078864,0.18455953991120538,99,0.1109862013879797,healthy,aging,perez_sle,NK
TRPS1,0.9194137200294856,-0.01029872206134939,99,0.9312010754144789,healthy,aging,perez_sle,NK
TSC22D1,0.025461548074190484,0.2245344352245008,99,0.055808058514703794,healthy,aging,perez_sle,NK
TSHZ1,0.2179690464630982,0.12491612910371531,99,0.28580173727111635,healthy,aging,perez_sle,NK
TTF1,0.0510132527081828,0.196697540656993,99,0.09056285312239193,healthy,aging,perez_sle,NK
UBP1,0.012753081303367136,0.24951022961621583,99,0.04693696194573249,healthy,aging,perez_sle,NK
USF1,0.008087213129758311,0.26476943055377744,99,0.045822882145872205,healthy,aging,perez_sle,NK
USF2,0.5744673649402254,0.05711053208043541,99,0.6414547255162941,healthy,aging,perez_sle,NK
USF3,0.04887597467197931,0.1985058550538144,99,0.08775459088832649,healthy,aging,perez_sle,NK
VEZF1,0.06429520550188217,0.18667749718419485,99,0.10778400497928259,healthy,aging,perez_sle,NK
XBP1,9.77797535544281e-06,0.4282608691705086,99,0.0014391626909993572,healthy,aging,perez_sle,NK
XPA,0.03372463749132842,0.21364739169843214,99,0.06639866322280236,healthy,aging,perez_sle,NK
YBX1,0.0476238788607278,-0.19959579797792595,99,0.08594037974726064,healthy,aging,perez_sle,NK
YBX3,2.625129932632533e-05,-0.4090506251330427,99,0.002370117310605372,healthy,aging,perez_sle,NK
YY1,0.29279979552007696,0.10678344227531421,99,0.37084062278294316,healthy,aging,perez_sle,NK
ZBED1,0.2010711691590444,0.12959792939137627,99,0.2664662969571689,healthy,aging,perez_sle,NK
ZBED4,0.4894671806874118,-0.0702703543175776,99,0.564804794801072,healthy,aging,perez_sle,NK
ZBED5,0.12784984729596946,0.15407210232369903,99,0.1857496631978223,healthy,aging,perez_sle,NK
ZBED6,0.11738779515693945,0.15838852401748169,99,0.17374493334703917,healthy,aging,perez_sle,NK
ZBTB1,0.4638977056024257,-0.07445672600336965,99,0.542932129519876,healthy,aging,perez_sle,NK
ZBTB10,0.13510370051035991,0.1512357735779997,99,0.19494415233458326,healthy,aging,perez_sle,NK
ZBTB11,0.01998835388443423,0.2335512357785145,99,0.04896371959287765,healthy,aging,perez_sle,NK
ZBTB14,0.0052761663249246684,0.2783441742449848,99,0.045822882145872205,healthy,aging,perez_sle,NK
ZBTB16,0.6985280316956224,0.039411345278669595,99,0.752077880803464,healthy,aging,perez_sle,NK
ZBTB17,0.006804968809545912,0.270336809467279,99,0.045822882145872205,healthy,aging,perez_sle,NK
ZBTB2,0.28876435105465353,0.10767521375867821,99,0.36646399571594584,healthy,aging,perez_sle,NK
ZBTB20,0.998155490327181,-0.0002353285858877191,99,0.998155490327181,healthy,aging,perez_sle,NK
ZBTB21,0.3455281887637224,0.09580350588639511,99,0.41914359942163637,healthy,aging,perez_sle,NK
ZBTB24,0.028207942617234895,0.22062054926973668,99,0.06002739667876659,healthy,aging,perez_sle,NK
ZBTB25,0.23166913702824687,0.12130569316759582,99,0.3018863806223753,healthy,aging,perez_sle,NK
ZBTB33,0.0077477725769049465,0.2661628234965337,99,0.045822882145872205,healthy,aging,perez_sle,NK
ZBTB37,0.013897641255402169,0.24653146514747917,99,0.04693696194573249,healthy,aging,perez_sle,NK
ZBTB38,0.04004965616563249,0.20674854841740795,99,0.07490375206820697,healthy,aging,perez_sle,NK
ZBTB4,0.007538628935252282,0.26704840212237424,99,0.045822882145872205,healthy,aging,perez_sle,NK
ZBTB40,0.012138524064039105,0.25120707257761676,99,0.045937164048959984,healthy,aging,perez_sle,NK
ZBTB41,0.009004747171505147,0.26124569462298497,99,0.045822882145872205,healthy,aging,perez_sle,NK
ZBTB43,0.5884688239226187,0.05503592481010946,99,0.6490615998588046,healthy,aging,perez_sle,NK
ZBTB44,0.03978226305662487,0.2070210341484358,99,0.07490375206820697,healthy,aging,perez_sle,NK
ZBTB5,0.041377912488477116,0.20541708404988532,99,0.07646444646993432,healthy,aging,perez_sle,NK
ZBTB7A,0.39237091336796603,0.08690436962532531,99,0.4670026690179935,healthy,aging,perez_sle,NK
ZBTB7B,0.0255198242258693,0.22444773521917377,99,0.055808058514703794,healthy,aging,perez_sle,NK
ZC3H8,0.18326065703014904,0.1348494725711864,99,0.24695252717069127,healthy,aging,perez_sle,NK
ZEB1,0.00022339884689763005,-0.3628395222937226,99,0.012835279203572927,healthy,aging,perez_sle,NK
ZEB2,0.5251127163765472,0.06462246825627234,99,0.5936873644901214,healthy,aging,perez_sle,NK
ZFAT,0.2079938834933825,0.12764717927151753,99,0.2738586132662869,healthy,aging,perez_sle,NK
ZFHX3,0.17710525543525335,-0.13675067983085823,99,0.23967991741987177,healthy,aging,perez_sle,NK
ZFP14,0.014850913083392373,0.2442091435762188,99,0.04739147186354913,healthy,aging,perez_sle,NK
ZFP62,0.14529704420728876,0.14743955191617938,99,0.206012879668921,healthy,aging,perez_sle,NK
ZFP64,0.005687926029359304,0.27600327410115433,99,0.045822882145872205,healthy,aging,perez_sle,NK
ZFP90,0.012064096969924007,0.25141762973341103,99,0.045937164048959984,healthy,aging,perez_sle,NK
ZFP91,0.02492988859798565,0.22533331384501443,99,0.05534915992066169,healthy,aging,perez_sle,NK
ZFX,0.029118458457221632,0.21939436348011115,99,0.060395233832962726,healthy,aging,perez_sle,NK
ZFY,0.010704036716995186,0.2554801442687359,99,0.04592208611004602,healthy,aging,perez_sle,NK
ZGPAT,0.006232204843689388,0.2731297882103148,99,0.045822882145872205,healthy,aging,perez_sle,NK
ZHX1,0.0113104637629721,0.2536160941542042,99,0.045937164048959984,healthy,aging,perez_sle,NK
ZHX2,0.10448706684164204,0.16414168865668405,99,0.1580606805481076,healthy,aging,perez_sle,NK
ZKSCAN1,0.11662016283709448,0.1587167454662198,99,0.1730139505001026,healthy,aging,perez_sle,NK
ZKSCAN5,0.03981863770435578,0.20698387700329568,99,0.07490375206820697,healthy,aging,perez_sle,NK
ZKSCAN8,0.0250035007255107,0.2252218424095939,99,0.05534915992066169,healthy,aging,perez_sle,NK
ZMAT1,0.5820130624745585,-0.05598962486870706,99,0.6459225925153642,healthy,aging,perez_sle,NK
ZNF10,0.8281398613139931,0.022096115643352152,99,0.8622477633450472,healthy,aging,perez_sle,NK
ZNF100,0.3686077605733781,0.09133226275452844,99,0.4437335327283332,healthy,aging,perez_sle,NK
ZNF101,0.2997509177937894,0.10526619218209077,99,0.3767331890187296,healthy,aging,perez_sle,NK
ZNF107,0.012677657533443916,0.24971459391448675,99,0.04693696194573249,healthy,aging,perez_sle,NK
ZNF12,0.013256486331332461,0.24817257239116985,99,0.04693696194573249,healthy,aging,perez_sle,NK
ZNF121,0.05697199119265066,0.19196619750914518,99,0.09837786457310169,healthy,aging,perez_sle,NK
ZNF124,0.4062966808850472,0.08438387661331738,99,0.4826682374423869,healthy,aging,perez_sle,NK
ZNF131,0.1499664565890327,0.1457674803848719,99,0.2101525511402853,healthy,aging,perez_sle,NK
ZNF134,0.09214408005552298,0.17019211045700777,99,0.14308368205181946,healthy,aging,perez_sle,NK
ZNF136,0.2998366994880079,0.10524761360952069,99,0.3767331890187296,healthy,aging,perez_sle,NK
ZNF138,0.019706098728837895,0.23407143581047682,99,0.04876482576876484,healthy,aging,perez_sle,NK
ZNF14,0.948922015123791,0.006521078972099163,99,0.9564891763289249,healthy,aging,perez_sle,NK
ZNF141,0.020793022714942815,0.23210210711804802,99,0.05054303983016868,healthy,aging,perez_sle,NK
ZNF142,0.010100066438785285,0.25743089438859457,99,0.045822882145872205,healthy,aging,perez_sle,NK
ZNF143,0.006099159693240577,0.27381100253788454,99,0.045822882145872205,healthy,aging,perez_sle,NK
ZNF146,0.02275290384833857,0.2287641569129564,99,0.05286704129466903,healthy,aging,perez_sle,NK
ZNF148,0.6483274961136432,0.04640308142254419,99,0.705237482863722,healthy,aging,perez_sle,NK
ZNF16,0.2710363871402772,0.11169437829133952,99,0.34816056234279513,healthy,aging,perez_sle,NK
ZNF160,0.019187729548015998,0.2350437144416445,99,0.04872624474909718,healthy,aging,perez_sle,NK
ZNF18,0.005681173467918426,0.2760404312462945,99,0.045822882145872205,healthy,aging,perez_sle,NK
ZNF184,0.4897358030870055,0.07022700431491406,99,0.564804794801072,healthy,aging,perez_sle,NK
ZNF189,0.008371301716363208,0.26364233048452573,99,0.045822882145872205,healthy,aging,perez_sle,NK
ZNF195,0.023194760515001894,0.2280457854402465,99,0.05369629540469303,healthy,aging,perez_sle,NK
ZNF197,0.009958899494755742,0.25790155156037003,99,0.045822882145872205,healthy,aging,perez_sle,NK
ZNF207,0.11896410526454626,0.15771969540495867,99,0.17525714342003088,healthy,aging,perez_sle,NK
ZNF211,0.01402905735029264,0.24620324369874105,99,0.04693696194573249,healthy,aging,perez_sle,NK
ZNF217,0.726950479807086,-0.035534616469045585,99,0.7773819005720447,healthy,aging,perez_sle,NK
ZNF22,0.05837258967328863,0.1909134117301738,99,0.09997690155425044,healthy,aging,perez_sle,NK
ZNF224,0.017469284738179106,0.23843740036444633,99,0.04816663324464117,healthy,aging,perez_sle,NK
ZNF226,0.04230704838989555,0.20450673399395122,99,0.07750160748525793,healthy,aging,perez_sle,NK
ZNF236,0.012979375978616153,0.24890332957892647,99,0.04693696194573249,healthy,aging,perez_sle,NK
ZNF24,0.057916406206186974,0.19125401889395865,99,0.09946513239758198,healthy,aging,perez_sle,NK
ZNF250,0.010998561388645224,0.25456360135527845,99,0.045937164048959984,healthy,aging,perez_sle,NK
ZNF251,0.15331926934691179,0.1445908374554333,99,0.21390238019260097,healthy,aging,perez_sle,NK
ZNF253,0.01844007257359133,0.23648665024458762,99,0.04832151036401898,healthy,aging,perez_sle,NK
ZNF254,0.016145043405398955,0.24125515053757562,99,0.04739147186354913,healthy,aging,perez_sle,NK
ZNF26,0.013339663938054478,0.24795582237785224,99,0.04693696194573249,healthy,aging,perez_sle,NK
ZNF263,0.011659704577714456,0.2525818869478029,99,0.045937164048959984,healthy,aging,perez_sle,NK
ZNF264,0.028399037352770905,0.2203604492537555,99,0.06002739667876659,healthy,aging,perez_sle,NK
ZNF266,0.017102369460862143,0.23919912183981973,99,0.04812799192895907,healthy,aging,perez_sle,NK
ZNF267,0.11121562622927195,0.16107622418262035,99,0.16575724136670053,healthy,aging,perez_sle,NK
ZNF274,0.17259405333271555,0.13817503706123127,99,0.23567231587021936,healthy,aging,perez_sle,NK
ZNF276,0.00843330873395408,0.2634008090411146,99,0.045822882145872205,healthy,aging,perez_sle,NK
ZNF277,0.32902495324358827,0.09911668466139327,99,0.4045598646886144,healthy,aging,perez_sle,NK
ZNF28,0.007092680063814177,0.2690115379572797,99,0.045822882145872205,healthy,aging,perez_sle,NK
ZNF280D,0.060757940630000756,0.18916702590858597,99,0.10239738260842793,healthy,aging,perez_sle,NK
ZNF281,0.019430576026614826,0.2345854429849158,99,0.04876482576876484,healthy,aging,perez_sle,NK
ZNF282,0.14512623254705878,0.14750148049141298,99,0.206012879668921,healthy,aging,perez_sle,NK
ZNF292,0.11855387255653009,-0.1578930954156128,99,0.17506085854141828,healthy,aging,perez_sle,NK
ZNF296,0.31483096740182154,-0.10205209912746639,99,0.39245201459161977,healthy,aging,perez_sle,NK
ZNF3,0.08703339793570064,0.17288600347966984,99,0.1358150802354637,healthy,aging,perez_sle,NK
ZNF302,0.028244257283258013,0.22057100640954977,99,0.06002739667876659,healthy,aging,perez_sle,NK
ZNF316,0.8751758727216878,0.015989958125318178,99,0.9023020416967483,healthy,aging,perez_sle,NK
ZNF317,0.017745096659767912,0.23787385032982047,99,0.0482555286331375,healthy,aging,perez_sle,NK
ZNF318,0.006533994220479855,0.27163111668966144,99,0.045822882145872205,healthy,aging,perez_sle,NK
ZNF319,0.013686676172881112,0.24706405089448824,99,0.04693696194573249,healthy,aging,perez_sle,NK
ZNF32,0.024592840203037945,0.22584732101945337,99,0.05534915992066169,healthy,aging,perez_sle,NK
ZNF322,0.018732231074659256,0.23591690735243837,99,0.04832151036401898,healthy,aging,perez_sle,NK
ZNF324,0.5341839155521004,0.06321668959846938,99,0.6017900795524554,healthy,aging,perez_sle,NK
ZNF326,0.6081992797549474,0.052150053204223216,99,0.6696549561064926,healthy,aging,perez_sle,NK
ZNF331,0.04105956062224015,-0.20573291978357672,99,0.07609865781013424,healthy,aging,perez_sle,NK
ZNF333,0.010608058089908307,0.25578359428738057,99,0.04592208611004602,healthy,aging,perez_sle,NK
ZNF335,0.015918640743654712,0.24175677199696785,99,0.04739147186354913,healthy,aging,perez_sle,NK
ZNF337,0.020127378219809908,0.2332973286200567,99,0.04911391133173691,healthy,aging,perez_sle,NK
ZNF33A,0.06149232597953946,0.1886406330191003,99,0.10335944154007697,healthy,aging,perez_sle,NK
ZNF33B,0.7927078761144855,0.026746951643396286,99,0.8346753337792521,healthy,aging,perez_sle,NK
ZNF346,0.009861480921409536,0.25822977300910815,99,0.045822882145872205,healthy,aging,perez_sle,NK
ZNF350,0.053559562678827395,0.19462293338666703,99,0.09376632579783632,healthy,aging,perez_sle,NK
ZNF354A,0.09896771622368467,0.16677365310411252,99,0.15181455498390461,healthy,aging,perez_sle,NK
ZNF354B,0.023867352627326748,0.22697442108870505,99,0.054259593023275196,healthy,aging,perez_sle,NK
ZNF362,0.029896126974558828,0.2183725419887566,99,0.06075354420553434,healthy,aging,perez_sle,NK
ZNF37A,0.017286478113724225,0.23881516467337133,99,0.04812799192895907,healthy,aging,perez_sle,NK
ZNF384,0.00782060548047369,0.26585937347788896,99,0.045822882145872205,healthy,aging,perez_sle,NK
ZNF394,0.2463857348894132,0.1175899786535792,99,0.320402848662776,healthy,aging,perez_sle,NK
ZNF397,0.027255528880943184,0.22193962792221256,99,0.05859011650597311,healthy,aging,perez_sle,NK
ZNF398,0.008114926129959217,0.26465795911835693,99,0.045822882145872205,healthy,aging,perez_sle,NK
ZNF407,0.029146434049135493,0.219357206334971,99,0.060395233832962726,healthy,aging,perez_sle,NK
ZNF41,0.017250711226020152,0.23888947896365167,99,0.04812799192895907,healthy,aging,perez_sle,NK
ZNF410,0.014934824879991357,0.24401097213547127,99,0.04739147186354913,healthy,aging,perez_sle,NK
ZNF414,0.01760520930302549,0.2381587217758951,99,0.04816663324464117,healthy,aging,perez_sle,NK
ZNF417,0.016955130695978874,0.2395087647159878,99,0.04812799192895907,healthy,aging,perez_sle,NK
ZNF426,0.07195048620163481,0.18164889687522573,99,0.11750053560577053,healthy,aging,perez_sle,NK
ZNF428,0.0002686353461932455,0.3585169077424167,99,0.014148128232844262,healthy,aging,perez_sle,NK
ZNF429,0.3662647091612806,0.09177814849621044,99,0.44259903669202555,healthy,aging,perez_sle,NK
ZNF43,0.12377598576877259,0.15571940242491306,99,0.1810796828839451,healthy,aging,perez_sle,NK
ZNF430,0.04017780372013,0.20661849840941734,99,0.07490375206820697,healthy,aging,perez_sle,NK
ZNF431,0.027860434703601954,0.22109739929903546,99,0.05968743977178453,healthy,aging,perez_sle,NK
ZNF439,0.01617882037011489,0.24118083624729528,99,0.04739147186354913,healthy,aging,perez_sle,NK
ZNF44,0.08390931785954686,0.17459523215611747,99,0.13262011363178974,healthy,aging,perez_sle,NK
ZNF441,0.011832462653499526,0.25208026548841067,99,0.045937164048959984,healthy,aging,perez_sle,NK
ZNF444,0.20111459438064805,0.12958554367632952,99,0.2664662969571689,healthy,aging,perez_sle,NK
ZNF445,0.013136092795697182,0.24848840812486125,99,0.04693696194573249,healthy,aging,perez_sle,NK
ZNF45,0.007168339491753018,0.26867093079349486,99,0.045822882145872205,healthy,aging,perez_sle,NK
ZNF451,0.1369569921264854,0.15052978782033655,99,0.19672004323622447,healthy,aging,perez_sle,NK
ZNF460,0.024995312462055014,0.2252342281246406,99,0.05534915992066169,healthy,aging,perez_sle,NK
ZNF468,0.1557894306985848,0.1437362231172095,99,0.21639323121210022,healthy,aging,perez_sle,NK
ZNF480,0.01583825376352597,0.24193636486514533,99,0.04739147186354913,healthy,aging,perez_sle,NK
ZNF484,0.009848677008317796,0.2582731230117717,99,0.045822882145872205,healthy,aging,perez_sle,NK
ZNF487,0.339856656682615,0.09693060595564681,99,0.41465136491006305,healthy,aging,perez_sle,NK
ZNF490,0.006971743826768198,0.26956270227685886,99,0.045822882145872205,healthy,aging,perez_sle,NK
ZNF493,0.015877017286889804,0.24184966485981824,99,0.04739147186354913,healthy,aging,perez_sle,NK
ZNF496,0.8783417953855102,-0.015581229528776351,99,0.9038540412125796,healthy,aging,perez_sle,NK
ZNF506,0.01371594498093369,0.2469897366042079,99,0.04693696194573249,healthy,aging,perez_sle,NK
ZNF507,0.016494166405068764,0.24049342906220222,99,0.04739147186354913,healthy,aging,perez_sle,NK
ZNF511,0.018725837667045223,0.23592929306748509,99,0.04832151036401898,healthy,aging,perez_sle,NK
ZNF512,0.007631607618161956,0.2666520592408792,99,0.045822882145872205,healthy,aging,perez_sle,NK
ZNF516,0.00510592003349645,0.279359802878816,99,0.045822882145872205,healthy,aging,perez_sle,NK
ZNF518A,0.013365899086455198,0.24788770094509524,99,0.04693696194573249,healthy,aging,perez_sle,NK
ZNF518B,0.005001512542445632,0.2799976672037222,99,0.045822882145872205,healthy,aging,perez_sle,NK
ZNF524,0.00854239113272136,0.2629796947295261,99,0.045822882145872205,healthy,aging,perez_sle,NK
ZNF529,0.3448081965587839,0.09594594160943241,99,0.4190745773560604,healthy,aging,perez_sle,NK
ZNF544,0.5848596418743608,0.05556851055711851,99,0.6462085553576853,healthy,aging,perez_sle,NK
ZNF548,0.07569498552668048,0.17934515387653538,99,0.1217283227808195,healthy,aging,perez_sle,NK
ZNF549,0.01589920472416439,0.24180012199963136,99,0.04739147186354913,healthy,aging,perez_sle,NK
ZNF550,0.33902030869138233,0.09709781310877756,99,0.41443101565368207,healthy,aging,perez_sle,NK
ZNF557,0.01173408098396001,0.2523651369344853,99,0.045937164048959984,healthy,aging,perez_sle,NK
ZNF559,0.33458176827210473,0.09798958459214155,99,0.41059354863683534,healthy,aging,perez_sle,NK
ZNF561,0.7604730018656612,0.031026216192038752,99,0.8104872465077536,healthy,aging,perez_sle,NK
ZNF562,0.04014115524757543,0.20665565555455756,99,0.07490375206820697,healthy,aging,perez_sle,NK
ZNF564,0.006743180321951642,0.27062787377087694,99,0.045822882145872205,healthy,aging,perez_sle,NK
ZNF567,0.5510889139157071,0.060628075153704476,99,0.6197298818411511,healthy,aging,perez_sle,NK
ZNF568,0.016491301895435545,0.24049962191972557,99,0.04739147186354913,healthy,aging,perez_sle,NK
ZNF569,0.021010826843343742,0.23171814995159964,99,0.05068260520989788,healthy,aging,perez_sle,NK
ZNF570,0.008243799266646213,0.26414395194391793,99,0.045822882145872205,healthy,aging,perez_sle,NK
ZNF571,0.12642938927832864,0.15464184521584826,99,0.1841091567371053,healthy,aging,perez_sle,NK
ZNF574,0.7557014902249632,0.03166408051694494,99,0.8067624017266499,healthy,aging,perez_sle,NK
ZNF580,0.014751799243934384,0.24444447216210652,99,0.04739147186354913,healthy,aging,perez_sle,NK
ZNF581,0.32322703177849765,0.10030571330587859,99,0.3989833673515831,healthy,aging,perez_sle,NK
ZNF585A,0.006060931461696833,0.27400917397863206,99,0.045822882145872205,healthy,aging,perez_sle,NK
ZNF585B,0.010651056936932267,0.2556473514218666,99,0.04592208611004602,healthy,aging,perez_sle,NK
ZNF587,0.10149691869460825,0.1655536601720104,99,0.1549421560748609,healthy,aging,perez_sle,NK
ZNF587B,0.0498766514593352,0.19765124071559056,99,0.08879448935859112,healthy,aging,perez_sle,NK
ZNF592,0.019292421871249636,0.2348455430008969,99,0.04876482576876484,healthy,aging,perez_sle,NK
ZNF595,0.009852333780462089,0.258260737296725,99,0.045822882145872205,healthy,aging,perez_sle,NK
ZNF600,0.013806533305224931,0.24676060087584356,99,0.04693696194573249,healthy,aging,perez_sle,NK
ZNF606,0.01666682613679248,0.24012185761080054,99,0.04766259782105361,healthy,aging,perez_sle,NK
ZNF609,0.05200439846244621,0.19588008346390937,99,0.09180664756498882,healthy,aging,perez_sle,NK
ZNF611,0.01824853060651877,0.23686441455351262,99,0.0482555286331375,healthy,aging,perez_sle,NK
ZNF614,0.03577483390212974,0.2113002986970783,99,0.06999905580850153,healthy,aging,perez_sle,NK
ZNF615,0.31939840437333,0.10109839906886879,99,0.39658112291541175,healthy,aging,perez_sle,NK
ZNF621,0.008077994014594076,0.26480658769891763,99,0.045822882145872205,healthy,aging,perez_sle,NK
ZNF623,0.00913397954827888,0.26077503745120956,99,0.045822882145872205,healthy,aging,perez_sle,NK
ZNF626,0.0074152638894464514,0.26758098786938334,99,0.045822882145872205,healthy,aging,perez_sle,NK
ZNF639,0.886312932533152,0.014553215179898417,99,0.9049269359627659,healthy,aging,perez_sle,NK
ZNF641,0.005620719989633048,0.276374845552556,99,0.045822882145872205,healthy,aging,perez_sle,NK
ZNF644,0.6859010385094577,-0.041151538242734036,99,0.7410076176717559,healthy,aging,perez_sle,NK
ZNF649,0.038520628154043626,0.20832772708586503,99,0.07377283937380476,healthy,aging,perez_sle,NK
ZNF652,0.166534804371465,0.14013198003861338,99,0.22880433991905627,healthy,aging,perez_sle,NK
ZNF654,0.018074200967305238,0.23721121457482086,99,0.0482555286331375,healthy,aging,perez_sle,NK
ZNF655,0.01445533778269186,0.24515665077729304,99,0.04733561387907386,healthy,aging,perez_sle,NK
ZNF66,0.012211144873774171,0.2510027082793459,99,0.045937164048959984,healthy,aging,perez_sle,NK
ZNF664,0.015403728192960651,0.24292102921135972,99,0.04739147186354913,healthy,aging,perez_sle,NK
ZNF669,0.46300358104870976,0.07460535458393032,99,0.5428910263873554,healthy,aging,perez_sle,NK
ZNF672,0.019772989680845145,0.23394757866000956,99,0.04876482576876484,healthy,aging,perez_sle,NK
ZNF675,0.022144197653545427,0.22977359268926426,99,0.05253481736465299,healthy,aging,perez_sle,NK
ZNF677,0.019742864638644376,0.23400331437771985,99,0.04876482576876484,healthy,aging,perez_sle,NK
ZNF678,0.006521271842836517,0.271693045264895,99,0.045822882145872205,healthy,aging,perez_sle,NK
ZNF680,0.0408422679610754,0.20594966979689436,99,0.07591856868058722,healthy,aging,perez_sle,NK
ZNF682,0.006479443469966342,0.27189740956316594,99,0.045822882145872205,healthy,aging,perez_sle,NK
ZNF683,0.0158964298275253,0.2418063148571547,99,0.04739147186354913,healthy,aging,perez_sle,NK
ZNF687,0.015173034980531474,0.24345361495836876,99,0.04739147186354913,healthy,aging,perez_sle,NK
ZNF688,0.011596281397853138,0.25276767267350375,99,0.045937164048959984,healthy,aging,perez_sle,NK
ZNF692,0.6376289191454286,0.04792033151576764,99,0.6971997870240673,healthy,aging,perez_sle,NK
ZNF699,0.009920199200689834,0.25803160156836064,99,0.045822882145872205,healthy,aging,perez_sle,NK
ZNF7,0.03139980909475756,0.21645894901403803,99,0.0631996157576012,healthy,aging,perez_sle,NK
ZNF700,0.0069555780924893465,0.2696370165671392,99,0.045822882145872205,healthy,aging,perez_sle,NK
ZNF701,0.018863710785981244,0.2356630001939806,99,0.04846286673471604,healthy,aging,perez_sle,NK
ZNF706,0.0011676544754860014,0.3216694054784186,99,0.029696888793471193,healthy,aging,perez_sle,NK
ZNF708,0.01805251104547916,0.2372545645774844,99,0.0482555286331375,healthy,aging,perez_sle,NK
ZNF710,0.006544187939256941,0.27158157382947457,99,0.045822882145872205,healthy,aging,perez_sle,NK
ZNF714,0.3752961103317305,0.09006891981976281,99,0.450070477665377,healthy,aging,perez_sle,NK
ZNF717,0.025686953836733886,0.22420002091823932,99,0.055823882258039165,healthy,aging,perez_sle,NK
ZNF718,0.005654234345066617,0.27618905982685515,99,0.045822882145872205,healthy,aging,perez_sle,NK
ZNF721,0.03838515008141418,0.20847016280890235,99,0.07373682325669836,healthy,aging,perez_sle,NK
ZNF736,0.007960501503564456,0.2652834377282164,99,0.045822882145872205,healthy,aging,perez_sle,NK
ZNF737,0.007274060346337669,0.26820027362171944,99,0.045822882145872205,healthy,aging,perez_sle,NK
ZNF740,0.006188382383079927,0.2733527310811558,99,0.045822882145872205,healthy,aging,perez_sle,NK
ZNF746,0.009565309337674532,0.2592454016429394,99,0.045822882145872205,healthy,aging,perez_sle,NK
ZNF75A,0.09973273111286811,0.1664020816527108,99,0.1526176417998369,healthy,aging,perez_sle,NK
ZNF75D,0.00998847422852946,0.2578024658399963,99,0.045822882145872205,healthy,aging,perez_sle,NK
ZNF76,0.005203932695919403,0.27877148141409674,99,0.045822882145872205,healthy,aging,perez_sle,NK
ZNF765,0.02375737735617536,0.2271478210993592,99,0.054204557722392875,healthy,aging,perez_sle,NK
ZNF766,0.10519191331239698,0.16381346720794593,99,0.1586665613685797,healthy,aging,perez_sle,NK
ZNF770,0.017867516209159065,0.23762613602888605,99,0.0482555286331375,healthy,aging,perez_sle,NK
ZNF780A,0.1453825068549664,0.14740858762856254,99,0.206012879668921,healthy,aging,perez_sle,NK
ZNF780B,0.10454013365365343,0.16411691722659064,99,0.1580606805481076,healthy,aging,perez_sle,NK
ZNF782,0.028317005595839186,0.22047192068917598,99,0.06002739667876659,healthy,aging,perez_sle,NK
ZNF790,0.04269767642795669,0.20412896968502625,99,0.07799113151002493,healthy,aging,perez_sle,NK
ZNF791,0.4907726492770137,0.07005979716178332,99,0.5649696071822817,healthy,aging,perez_sle,NK
ZNF800,0.5040449090820912,0.06793564703127049,99,0.5757674371996717,healthy,aging,perez_sle,NK
ZNF805,0.02960660173977057,0.2187503062976816,99,0.0605522571328648,healthy,aging,perez_sle,NK
ZNF808,0.020933318551700365,0.2318543928171136,99,0.05068260520989788,healthy,aging,perez_sle,NK
ZNF814,0.029611328847213916,0.21874411344015826,99,0.0605522571328648,healthy,aging,perez_sle,NK
ZNF827,0.8675570430114043,0.01697462247153258,99,0.8959085803647182,healthy,aging,perez_sle,NK
ZNF83,0.1497041243390677,0.1458603732477223,99,0.2101525511402853,healthy,aging,perez_sle,NK
ZNF830,0.022549680328644243,0.2290985712192179,99,0.05278295543593763,healthy,aging,perez_sle,NK
ZNF831,0.8417760915033956,0.020318765534147534,99,0.8721352292297475,healthy,aging,perez_sle,NK
ZNF836,0.7109201009444162,-0.03771450231726867,99,0.7628208892985926,healthy,aging,perez_sle,NK
ZNF84,0.08480550762673421,0.1740998035542486,99,0.13299523776698766,healthy,aging,perez_sle,NK
ZNF841,0.006387757077043997,0.2723494881623713,99,0.045822882145872205,healthy,aging,perez_sle,NK
ZNF844,0.12497533954314345,0.15523016668056752,99,0.18241204293595073,healthy,aging,perez_sle,NK
ZNF846,0.028964999009985535,0.2195987277783821,99,0.060395233832962726,healthy,aging,perez_sle,NK
ZNF880,0.08175646068434021,0.17580283937317287,99,0.1304800079608662,healthy,aging,perez_sle,NK
ZNF91,0.04451612866253692,0.20240735529353188,99,0.08084538308828544,healthy,aging,perez_sle,NK
ZNF92,0.48388232838884193,0.0711745115159883,99,0.5611259294344002,healthy,aging,perez_sle,NK
ZSCAN18,0.6109315561040065,0.051753710322728116,99,0.6714934668830124,healthy,aging,perez_sle,NK
ZSCAN25,0.009147677303155745,0.2607254945910227,99,0.045822882145872205,healthy,aging,perez_sle,NK
ZSCAN26,0.29619100299971285,0.10604029937251089,99,0.37396030677990394,healthy,aging,perez_sle,NK
ZSCAN29,0.017577951619029943,0.2382144574936053,99,0.04816663324464117,healthy,aging,perez_sle,NK
ZSCAN30,0.08423331050617482,0.17441563928794002,99,0.13262011363178974,healthy,aging,perez_sle,NK
ZSCAN32,0.05124461135544649,0.1965055620737688,99,0.09071875175530023,healthy,aging,perez_sle,NK
ZXDC,0.023624417998299153,0.22735837825515345,99,0.054096493387409655,healthy,aging,perez_sle,NK
ZZZ3,0.5770469423186553,0.05672657491398703,99,0.6420663161010389,healthy,aging,perez_sle,NK
ADNP,6.294095657073889e-13,-0.22765129330490297,975,3.3710749085344898e-12,healthy,aging,onek1k,NK
ADNP2,1.8387512153433004e-05,-0.13671644734353586,975,2.049542800876482e-05,healthy,aging,onek1k,NK
AEBP2,2.381490091021562e-11,-0.21178705176905366,975,5.679629195825008e-11,healthy,aging,onek1k,NK
AHCTF1,2.673949843680874e-11,-0.21126051156099174,975,6.145222911179318e-11,healthy,aging,onek1k,NK
AHDC1,1.2528126727115629e-10,-0.20410363506406068,975,2.1692537235356378e-10,healthy,aging,onek1k,NK
AHR,1.0006446388995979e-20,-0.31511419596998985,975,3.703743495872387e-22,healthy,aging,onek1k,NK
AKAP8,2.4385702296780714e-09,-0.1895579909549062,975,3.1646332343947045e-09,healthy,aging,onek1k,NK
AKAP8L,6.685556256900616e-10,-0.1960357253808775,975,9.38949234288442e-10,healthy,aging,onek1k,NK
AKNA,8.18755751692519e-05,-0.1258038309513902,975,9.030604451477695e-05,healthy,aging,onek1k,NK
ANKZF1,6.797439562215736e-13,-0.22732758335751954,975,3.5011426129383198e-12,healthy,aging,onek1k,NK
ARHGAP35,7.077715961788425e-11,-0.20677999861387616,975,1.3234072447391375e-10,healthy,aging,onek1k,NK
ARID2,3.450501829119563e-11,-0.21009661397332993,975,7.493873386156576e-11,healthy,aging,onek1k,NK
ARID3B,9.714849822134352e-11,-0.20530012250940333,975,1.7508911539082666e-10,healthy,aging,onek1k,NK
ARID5A,1.5380661660076848e-13,-0.23349496624588198,975,1.0180056592281769e-12,healthy,aging,onek1k,NK
ARID5B,0.7135724054727377,-0.011770099385069647,975,0.7169757714765822,healthy,aging,onek1k,NK
ARNT,9.510247604104782e-12,-0.21591199661265825,975,2.744509807979097e-11,healthy,aging,onek1k,NK
ASCL2,0.0055045622775761445,0.08883874764428636,975,0.005876492161196154,healthy,aging,onek1k,NK
ASH1L,2.258384916497265e-07,-0.16486306352984426,975,2.638261122414433e-07,healthy,aging,onek1k,NK
ATF1,5.552321694956405e-12,-0.21829201455813804,975,1.9071017961372e-11,healthy,aging,onek1k,NK
ATF2,2.2325404688639497e-11,-0.21208004967690203,975,5.348278018733099e-11,healthy,aging,onek1k,NK
ATF3,0.004983025703832905,0.0898653702502605,975,0.005337749567495586,healthy,aging,onek1k,NK
ATF4,0.022140357512334594,-0.07326857243005798,975,0.023399173825744923,healthy,aging,onek1k,NK
ATF5,2.8228167462214395e-10,-0.2002319431359649,975,4.351268740362804e-10,healthy,aging,onek1k,NK
ATF6,6.813932716952743e-13,-0.22731737838718277,975,3.5011426129383198e-12,healthy,aging,onek1k,NK
ATF6B,4.0292487416521745e-12,-0.2196970563718862,975,1.463497240462169e-11,healthy,aging,onek1k,NK
ATF7,1.0953292263260922e-11,-0.2152826037720903,975,2.9967448935328585e-11,healthy,aging,onek1k,NK
ATMIN,7.148081027714956e-11,-0.20673394026742595,975,1.3274521403575134e-10,healthy,aging,onek1k,NK
BACH1,7.110002958459785e-10,-0.19573260020551217,975,9.941420065671203e-10,healthy,aging,onek1k,NK
BACH2,1.3057460225544735e-12,-0.22456065069596512,975,5.936917121830411e-12,healthy,aging,onek1k,NK
BATF,4.0401984699535585e-06,-0.14700180124742374,975,4.584210831257886e-06,healthy,aging,onek1k,NK
BAZ2A,9.621210568761324e-06,-0.14120041806613354,975,1.0858223356173483e-05,healthy,aging,onek1k,NK
BAZ2B,2.3200980607281466e-20,-0.2919084625125445,975,2.691296691548996e-19,healthy,aging,onek1k,NK
BBX,1.225941266141516e-09,-0.1930283219176752,975,1.6415145766845724e-09,healthy,aging,onek1k,NK
BCL11B,3.821486234190881e-05,-0.13147782035958025,975,4.252076232409571e-05,healthy,aging,onek1k,NK
BCL6,0.0210063314877615,-0.07390472541595054,975,0.022275170302458503,healthy,aging,onek1k,NK
BHLHE40,0.017108891563713324,0.07634707397339849,975,0.018172805829019867,healthy,aging,onek1k,NK
BPTF,6.320662289090969e-06,-0.14403761997774808,975,7.1588863202607274e-06,healthy,aging,onek1k,NK
BRF2,1.5592678853233198e-08,-0.17985408077652038,975,1.891472751485041e-08,healthy,aging,onek1k,NK
CAMTA1,2.4467831624852175e-09,-0.18954086395837016,975,3.1687847514023306e-09,healthy,aging,onek1k,NK
CAMTA2,2.61944021864871e-10,-0.20059157121181165,975,4.0675337054613875e-10,healthy,aging,onek1k,NK
CARF,2.8901023379420037e-12,-0.2211431511754409,975,1.1183790932255378e-11,healthy,aging,onek1k,NK
CASZ1,3.460742177045191e-10,-0.19924860100063227,975,5.245057687840194e-10,healthy,aging,onek1k,NK
CC2D1A,6.752008806777306e-11,-0.20699919179336246,975,1.2768792652801992e-10,healthy,aging,onek1k,NK
CDC5L,7.322623016003197e-08,-0.17133960651257826,975,8.699055913746969e-08,healthy,aging,onek1k,NK
CEBPB,1.0115652243583867e-07,0.16950677182429344,975,1.1994544498957544e-07,healthy,aging,onek1k,NK
CEBPD,3.3285714951032935e-19,-0.28150751271369967,975,6.001344661486122e-18,healthy,aging,onek1k,NK
CEBPG,2.0141968979757932e-10,-0.2018499424779085,975,3.2398362307653797e-10,healthy,aging,onek1k,NK
CEBPZ,0.0006791995798241842,-0.10863515332775886,975,0.000736284964749373,healthy,aging,onek1k,NK
CENPT,1.3061302385910578e-09,-0.19271127498709156,975,1.7451888177235276e-09,healthy,aging,onek1k,NK
CENPX,1.572333097894971e-07,-0.1669725137814646,975,1.8470530071924878e-07,healthy,aging,onek1k,NK
CGGBP1,4.40232290694137e-14,-0.23855362702389205,975,3.477834306483682e-13,healthy,aging,onek1k,NK
CHAMP1,1.0281231993243089e-11,-0.21556494991838793,975,2.8624399178016e-11,healthy,aging,onek1k,NK
CHCHD3,3.2371075755895632e-12,-0.22065082610904108,975,1.2105633026346769e-11,healthy,aging,onek1k,NK
CIC,1.5000421372501677e-10,-0.20325187617886367,975,2.521347422018367e-10,healthy,aging,onek1k,NK
CLOCK,5.575235381119011e-13,-0.22816058348696422,975,3.0908321909361536e-12,healthy,aging,onek1k,NK
CREB1,1.953418292137432e-12,-0.2228350264733314,975,8.069021923600373e-12,healthy,aging,onek1k,NK
CREB3,1.169367267942257e-10,-0.20442864005844116,975,2.0472025298512644e-10,healthy,aging,onek1k,NK
CREB3L2,9.739612049297836e-12,-0.21580595816453954,975,2.760284667639566e-11,healthy,aging,onek1k,NK
CREBL2,1.4241426181078995e-10,-0.20349781855407406,975,2.4260327077654786e-10,healthy,aging,onek1k,NK
CREBZF,5.3007777035173225e-12,-0.2184957707774194,975,1.8508792830403027e-11,healthy,aging,onek1k,NK
CREM,0.013549217106000832,0.0790488463452962,975,0.014416002038707956,healthy,aging,onek1k,NK
CSRNP1,0.0038862491588760374,0.09238671019929373,975,0.004184172859300947,healthy,aging,onek1k,NK
CTCF,6.365086119494938e-12,-0.21769045227753675,975,2.036576292531152e-11,healthy,aging,onek1k,NK
CUX1,5.459636143617401e-17,-0.2638298945706963,975,7.499691397317821e-16,healthy,aging,onek1k,NK
CXXC1,8.635629114739876e-12,-0.21634069602009287,975,2.5384732996258616e-11,healthy,aging,onek1k,NK
CXXC5,8.414534018222519e-20,-0.28634812642881585,975,1.4643704685989476e-18,healthy,aging,onek1k,NK
DBP,3.950571795325749e-11,-0.20947602745234195,975,8.322537913379579e-11,healthy,aging,onek1k,NK
DDIT3,0.009342325334344257,0.08320550041462361,975,0.009956744707092026,healthy,aging,onek1k,NK
DEAF1,1.2361448149185103e-11,-0.21474222598686482,975,3.296386170449361e-11,healthy,aging,onek1k,NK
DMTF1,1.6814893397663236e-11,-0.2133609677112176,975,4.35533304139474e-11,healthy,aging,onek1k,NK
DNMT1,9.731949025858702e-12,-0.21580946126666656,975,2.760284667639566e-11,healthy,aging,onek1k,NK
DNTTIP1,2.6222623219032566e-11,-0.2113493388345196,975,6.070585299673472e-11,healthy,aging,onek1k,NK
DOT1L,4.174022259593734e-11,-0.20922318895187225,975,8.649121532561443e-11,healthy,aging,onek1k,NK
DR1,2.8645828429869154e-11,-0.21094680585166048,975,6.44276283322324e-11,healthy,aging,onek1k,NK
DRAP1,0.4397266717417755,-0.024772740323879907,975,0.44607906346838216,healthy,aging,onek1k,NK
E2F3,1.000244025600548e-20,-0.317926940919065,975,1.5422417954641852e-22,healthy,aging,onek1k,NK
E2F4,5.2347421168641415e-12,-0.21855082970049916,975,1.8379761175211875e-11,healthy,aging,onek1k,NK
E2F5,8.8071285474871e-12,-0.21625338395155153,975,2.5532592824274528e-11,healthy,aging,onek1k,NK
E4F1,2.785278848112704e-09,-0.18887961943690967,975,3.5851247087594882e-09,healthy,aging,onek1k,NK
EEA1,1.8581888031811687e-13,-0.23272002307331519,975,1.1862376367782813e-12,healthy,aging,onek1k,NK
EGR1,0.06909771432836277,0.05824085355148535,975,0.07254112201914498,healthy,aging,onek1k,NK
ELF1,0.7424110602746167,-0.010538839927856116,975,0.7435876229691882,healthy,aging,onek1k,NK
ELF2,1.0563476203576166e-08,-0.18193432124312223,975,1.2988554398159176e-08,healthy,aging,onek1k,NK
ELF4,2.1333818358241922e-11,-0.21228589739708367,975,5.185758921572651e-11,healthy,aging,onek1k,NK
ELK3,1.0478318253946135e-20,-0.3022651411297951,975,1.511485682469789e-20,healthy,aging,onek1k,NK
ELK4,1.2789674891992036e-14,-0.24344000769988414,975,1.1072696180464338e-13,healthy,aging,onek1k,NK
EOMES,1.0000000020552642e-20,-0.34963118071097876,975,6.494634992164838e-27,healthy,aging,onek1k,NK
ESRRA,7.232357890563748e-12,-0.2171263686570302,975,2.2296830148859945e-11,healthy,aging,onek1k,NK
ETS1,1.4710459299848773e-05,-0.13827668111417588,975,1.6484060775717053e-05,healthy,aging,onek1k,NK
ETV3,3.1208692520162296e-07,-0.1629557571639939,975,3.632392941573101e-07,healthy,aging,onek1k,NK
ETV6,1.0307447254544851e-20,-0.30361354406312707,975,1.2953777658156442e-20,healthy,aging,onek1k,NK
FAM200B,1.1318189806386863e-09,-0.19342728704605744,975,1.5251803747491041e-09,healthy,aging,onek1k,NK
FLI1,1.3500641080871938e-20,-0.2961028024494862,975,9.218354846296104e-20,healthy,aging,onek1k,NK
FLYWCH1,3.1808043010935313e-10,-0.19965630122100964,975,4.879292034533766e-10,healthy,aging,onek1k,NK
FOS,0.1863496001758312,0.04235578118468845,975,0.19243945639072763,healthy,aging,onek1k,NK
FOSB,0.6965148871857404,-0.01250648900853415,975,0.7009512877410636,healthy,aging,onek1k,NK
FOSL2,0.11283669052920638,0.050811285483619746,975,0.11767786867072348,healthy,aging,onek1k,NK
FOXJ2,4.877740930439342e-10,-0.19758076177500708,975,7.103069741876646e-10,healthy,aging,onek1k,NK
FOXJ3,7.546237108030136e-13,-0.22688707959670676,975,3.785096657996068e-12,healthy,aging,onek1k,NK
FOXK1,1.1583640880324481e-05,-0.13992938124040552,975,1.3026443125204743e-05,healthy,aging,onek1k,NK
FOXN2,2.4119240869238966e-12,-0.22192605888703956,975,9.58701897242706e-12,healthy,aging,onek1k,NK
FOXN3,1.2475608273126052e-06,-0.1545228514351612,975,1.4283667443144206e-06,healthy,aging,onek1k,NK
FOXO1,0.0002796724760891337,-0.11611818741089783,975,0.0003042220393947203,healthy,aging,onek1k,NK
FOXO3,1.1788343142920973e-12,-0.22499643401047353,975,5.478112355239746e-12,healthy,aging,onek1k,NK
FOXP1,7.866511767735645e-14,-0.23622089771950971,975,5.918612863343962e-13,healthy,aging,onek1k,NK
GABPA,9.673741997976623e-12,-0.2158361586605108,975,2.760284667639566e-11,healthy,aging,onek1k,NK
GATA3,2.572231812434375e-14,-0.2406911668448785,975,2.0841665044340063e-13,healthy,aging,onek1k,NK
GATAD2A,1.8884211984253503e-12,-0.2229805444291553,975,7.851856520294878e-12,healthy,aging,onek1k,NK
GATAD2B,5.4628028590499885e-14,-0.23768919610382888,975,4.210354603560479e-13,healthy,aging,onek1k,NK
GFI1,4.4664843613090646e-10,-0.19801019288399502,975,6.579995609053914e-10,healthy,aging,onek1k,NK
GLI4,1.1294196972670208e-09,-0.19343787405525834,975,1.5251803747491041e-09,healthy,aging,onek1k,NK
GLMP,2.009941225509389e-09,-0.1905400186175368,975,2.6299852060364676e-09,healthy,aging,onek1k,NK
GLYR1,7.454299939648286e-13,-0.2269387972985341,975,3.768893998926173e-12,healthy,aging,onek1k,NK
GMEB1,4.9010261204313006e-11,-0.20848349048333026,975,9.802052238862601e-11,healthy,aging,onek1k,NK
GPBP1,1.8539917319136233e-12,-0.22305962647403035,975,7.759753432115298e-12,healthy,aging,onek1k,NK
GPBP1L1,8.238652564670229e-12,-0.21654948997219278,975,2.4794421021674215e-11,healthy,aging,onek1k,NK
GTF2B,0.04808039089246091,-0.06332138767327568,975,0.0506446784067255,healthy,aging,onek1k,NK
GTF2I,2.1885913263567143e-14,-0.24132962501442584,975,1.8392708371797566e-13,healthy,aging,onek1k,NK
GTF2IRD2,1.856912046601166e-16,-0.25940984736787315,975,2.300990614611641e-15,healthy,aging,onek1k,NK
GTF2IRD2B,7.839592474596835e-16,-0.2540996949382703,975,8.542343524043449e-15,healthy,aging,onek1k,NK
GTF3A,1.976680079553857e-06,0.151620443907245,975,2.2509221806811372e-06,healthy,aging,onek1k,NK
GZF1,6.6863650464042575e-12,-0.21747318224284112,975,2.0919716351522232e-11,healthy,aging,onek1k,NK
HBP1,7.694863450506028e-05,-0.12627488487086339,975,8.502016959300364e-05,healthy,aging,onek1k,NK
HES4,0.0008365059723194904,-0.10681003711957653,975,0.000902170263661976,healthy,aging,onek1k,NK
HES6,4.0409583593896975e-05,-0.13106982227839356,975,4.488375541536535e-05,healthy,aging,onek1k,NK
HIF1A,1.6599021012712884e-10,-0.20277132308966705,975,2.7390551643348675e-10,healthy,aging,onek1k,NK
HINFP,1.1128430090944647e-08,-0.1816573883932723,975,1.3630170188896698e-08,healthy,aging,onek1k,NK
HIVEP1,1.3307249387499224e-18,-0.2767811221437236,975,2.255940976459327e-17,healthy,aging,onek1k,NK
HIVEP2,1.5463378102200156e-13,-0.2334730216745169,975,1.0180056592281769e-12,healthy,aging,onek1k,NK
HIVEP3,7.079455617447989e-10,-0.1957538195505589,975,9.9206562087892e-10,healthy,aging,onek1k,NK
HMBOX1,4.32853005725981e-12,-0.21938392048323363,975,1.554335789697841e-11,healthy,aging,onek1k,NK
HMG20A,4.376673617822285e-14,-0.2385769831964839,975,3.477834306483682e-13,healthy,aging,onek1k,NK
HMG20B,3.482710740485859e-11,-0.21005407167947673,975,7.512195178686222e-11,healthy,aging,onek1k,NK
HMGA1,2.984321885590077e-11,-0.21076003417374548,975,6.641167010777918e-11,healthy,aging,onek1k,NK
HMGN3,6.001678226698669e-10,-0.19656597589858602,975,8.485594271164113e-10,healthy,aging,onek1k,NK
HOXB2,1.5473758515149456e-07,-0.16706511611698893,975,1.8211201827884216e-07,healthy,aging,onek1k,NK
HOXB4,2.542036182630665e-10,-0.2007356451902338,975,3.9964349934312947e-10,healthy,aging,onek1k,NK
HSF1,5.4891674450747734e-15,-0.24672293888694452,975,5.177832097443667e-14,healthy,aging,onek1k,NK
HSF2,2.1285066237744125e-11,-0.2122962577730601,975,5.185758921572651e-11,healthy,aging,onek1k,NK
IKZF1,8.522517823249555e-10,-0.19483739249356402,975,1.1734708636667798e-09,healthy,aging,onek1k,NK
IKZF2,5.93009004042158e-15,-0.2464250586519173,975,5.431609544270201e-14,healthy,aging,onek1k,NK
IKZF3,1.1072123676891434e-07,-0.1689907409226126,975,1.3104086449053848e-07,healthy,aging,onek1k,NK
IKZF5,1.0954824135556431e-10,-0.20473588995849212,975,1.9502672825463842e-10,healthy,aging,onek1k,NK
IRF1,0.22380506986925636,0.03899349599288361,975,0.23074193174122354,healthy,aging,onek1k,NK
IRF2,6.926681715595598e-15,-0.2458249532991877,975,6.253795034652026e-14,healthy,aging,onek1k,NK
IRF3,1.6630397833916831e-12,-0.2235261736299538,975,7.101629302591511e-12,healthy,aging,onek1k,NK
IRF7,1.1157923974564023e-09,-0.19349842397760558,975,1.5132635089831036e-09,healthy,aging,onek1k,NK
IRF8,1.0395548479321797e-20,-0.3028456847976342,975,1.4705096407728015e-20,healthy,aging,onek1k,NK
IRF9,5.658053160101446e-12,-0.2182090538475068,975,1.9294615644496288e-11,healthy,aging,onek1k,NK
JAZF1,4.561985204789734e-08,-0.17398898128297513,975,5.460558048156212e-08,healthy,aging,onek1k,NK
JUN,0.09201437205147633,0.05398880632035498,975,0.09643960719159708,healthy,aging,onek1k,NK
JUNB,3.095054792423573e-08,0.176131189748386,975,3.725856435830602e-08,healthy,aging,onek1k,NK
JUND,0.00022491047080251,0.11788976637622196,975,0.00024592286772869606,healthy,aging,onek1k,NK
KAT7,5.373909061259165e-10,-0.19710734439476424,975,7.736470447955791e-10,healthy,aging,onek1k,NK
KCMF1,9.380862797692262e-11,-0.20546414021158013,975,1.7085606015877548e-10,healthy,aging,onek1k,NK
KDM2A,0.005142987997603574,-0.08954057246339951,975,0.005499777351075227,healthy,aging,onek1k,NK
KDM2B,8.690890888185831e-10,-0.19474049060200951,975,1.1914626987571032e-09,healthy,aging,onek1k,NK
KDM5B,5.632453949413236e-17,-0.26371839102425,975,7.572508289423756e-16,healthy,aging,onek1k,NK
KIN,3.0688466442358335e-10,-0.19982923532176117,975,4.719005058622498e-10,healthy,aging,onek1k,NK
KLF10,4.632474283529453e-07,-0.16059638226764714,975,5.352328605467186e-07,healthy,aging,onek1k,NK
KLF11,1.569093467432838e-09,-0.19179037354272188,975,2.078966606732146e-09,healthy,aging,onek1k,NK
KLF12,6.967934636122613e-06,-0.14338404860974516,975,7.877879588603729e-06,healthy,aging,onek1k,NK
KLF13,2.0146449980284717e-10,-0.2018488805393709,975,3.2398362307653797e-10,healthy,aging,onek1k,NK
KLF2,2.759534339012725e-15,0.24935714218177096,975,2.8129344875097454e-14,healthy,aging,onek1k,NK
KLF3,0.021421160996374915,0.07366863187315273,975,0.022677007955961382,healthy,aging,onek1k,NK
KLF4,1.1058254361144069e-20,-0.29982445670773833,975,3.0400761647411454e-20,healthy,aging,onek1k,NK
KLF6,0.004355752286867072,0.09123732361323392,975,0.004673744389303887,healthy,aging,onek1k,NK
KLF7,2.598900701831177e-10,-0.20062939305936056,975,4.0555685024545775e-10,healthy,aging,onek1k,NK
KLF9,1.2593237649117969e-08,-0.18099839077835173,975,1.5364722382695434e-08,healthy,aging,onek1k,NK
KMT2A,7.411740116172352e-09,-0.18380651240964746,975,9.220905026406705e-09,healthy,aging,onek1k,NK
KMT2B,9.091997921694384e-09,-0.18272928584226344,975,1.126694644412653e-08,healthy,aging,onek1k,NK
L3MBTL3,4.555110489700709e-12,-0.21916064143047168,975,1.6264575272151684e-11,healthy,aging,onek1k,NK
LCOR,4.0862242198688534e-11,-0.20932091967350483,975,8.523081539026783e-11,healthy,aging,onek1k,NK
LCORL,2.5163133485923938e-11,-0.2115368940158679,975,5.933992670441765e-11,healthy,aging,onek1k,NK
LEF1,1.366494834451834e-13,-0.2339783231118272,975,9.387224697538684e-13,healthy,aging,onek1k,NK
LIN54,5.7535331535155337e-11,-0.20774193362234752,975,1.1222941211079684e-10,healthy,aging,onek1k,NK
MAF,2.4145449899580006e-06,-0.1503415655719498,975,2.744590708009802e-06,healthy,aging,onek1k,NK
MAFF,0.42680080225762485,-0.025478618640093834,975,0.43366255149006255,healthy,aging,onek1k,NK
MAX,4.531107665804144e-11,-0.20884537194095185,975,9.267508233515271e-11,healthy,aging,onek1k,NK
MAZ,8.859152856752508e-15,-0.24487104758209813,975,7.885884909109275e-14,healthy,aging,onek1k,NK
MBD1,5.483083139144862e-12,-0.2183471835602125,975,1.9040156800107436e-11,healthy,aging,onek1k,NK
MBD2,2.2340908189518007e-11,-0.2120769027126992,975,5.348278018733099e-11,healthy,aging,onek1k,NK
MBD4,4.057880822854587e-09,-0.18694564805339,975,5.149760401682287e-09,healthy,aging,onek1k,NK
MBD6,6.380413078372912e-12,-0.21767984584263092,975,2.036576292531152e-11,healthy,aging,onek1k,NK
MBNL2,5.031869304920091e-10,-0.1974288592374877,975,7.310669886543213e-10,healthy,aging,onek1k,NK
MECP2,8.577104876679448e-10,-0.19480577392113096,975,1.1784196265213504e-09,healthy,aging,onek1k,NK
MEF2A,1.0463254327461302e-20,-0.3023630078313624,975,1.511485682469789e-20,healthy,aging,onek1k,NK
MEF2C,1.0034012661013794e-20,-0.31022714186955924,975,1.6461253578192928e-21,healthy,aging,onek1k,NK
MEF2D,2.1185695236410622e-08,-0.17819928914939048,975,2.560106957821261e-08,healthy,aging,onek1k,NK
MGA,1.4649987427416004e-12,-0.22406909618252854,975,6.510718187411863e-12,healthy,aging,onek1k,NK
MLX,4.838837134826185e-11,-0.20854242159693118,975,9.708397043105234e-11,healthy,aging,onek1k,NK
MLXIP,2.1637724425410275e-18,-0.2751186379374312,975,3.5820636412787615e-17,healthy,aging,onek1k,NK
MNT,1.5420994295151462e-07,-0.16708487853416396,975,1.8182963422640098e-07,healthy,aging,onek1k,NK
MTERF1,9.631464816916405e-13,-0.22585503721904998,975,4.542601269471021e-12,healthy,aging,onek1k,NK
MTERF2,2.430289253858527e-10,-0.200951374119003,975,3.830281317644362e-10,healthy,aging,onek1k,NK
MTERF3,4.1485076227718443e-10,-0.19836951662379743,975,6.154593468377008e-10,healthy,aging,onek1k,NK
MTERF4,2.0207348353375546e-11,-0.21253141240678508,975,4.988689122270838e-11,healthy,aging,onek1k,NK
MTF1,1.0128733794548256e-08,-0.18215739308836468,975,1.2478284128943816e-08,healthy,aging,onek1k,NK
MTF2,2.8489895235351435e-15,-0.24923562144680242,975,2.8580239029749375e-14,healthy,aging,onek1k,NK
MXD1,9.565369156556086e-11,-0.20537283939828788,975,1.7371589960665073e-10,healthy,aging,onek1k,NK
MXD4,4.2034024337237657e-08,-0.17444321901719162,975,5.0408924821874534e-08,healthy,aging,onek1k,NK
MXI1,0.10895175557342851,-0.05136660811119123,975,0.11381406532629226,healthy,aging,onek1k,NK
MYBL1,8.01362782046139e-10,-0.1951420263986809,975,1.1082303681550107e-09,healthy,aging,onek1k,NK
MYC,1.5301866756768448e-13,-0.23351597838340915,975,1.0180056592281769e-12,healthy,aging,onek1k,NK
MYNN,1.1583079364217229e-10,-0.20447340335789435,975,2.033473932653691e-10,healthy,aging,onek1k,NK
MYSM1,1.3514228075724121e-11,-0.21434293062149834,975,3.558746723974019e-11,healthy,aging,onek1k,NK
MZF1,1.001839542132646e-20,-0.3120437949456159,975,9.688255231936147e-22,healthy,aging,onek1k,NK
NACC2,1.1844242721103825e-10,-0.20436835562072836,975,2.062138126475377e-10,healthy,aging,onek1k,NK
NCOA1,7.245966204173689e-08,-0.17139897146692318,975,8.624200830578416e-08,healthy,aging,onek1k,NK
NCOA2,3.415777200949012e-09,-0.18783344162128002,975,4.3611539211989e-09,healthy,aging,onek1k,NK
NCOA3,4.818323307321196e-15,-0.24722460124219311,975,4.684883092656917e-14,healthy,aging,onek1k,NK
NFAT5,8.854375814962478e-09,-0.18286926747217497,975,1.0994038339980287e-08,healthy,aging,onek1k,NK
NFATC1,6.23740485151441e-10,-0.19637684075990136,975,8.7991961296739e-10,healthy,aging,onek1k,NK
NFATC2,1.5547275725622674e-09,-0.19183665852239656,975,2.0642601383467078e-09,healthy,aging,onek1k,NK
NFATC3,6.8370858182021395e-09,-0.18423021941090842,975,8.556511360588975e-09,healthy,aging,onek1k,NK
NFE2L1,8.327583870572382e-11,-0.206021496062937,975,1.5255168132086216e-10,healthy,aging,onek1k,NK
NFE2L2,0.3153757154148773,-0.0321868843820106,975,0.32356729243864035,healthy,aging,onek1k,NK
NFE2L3,1.0000016556307647e-20,-0.33193205183735436,975,1.7439310721453405e-24,healthy,aging,onek1k,NK
NFIC,1.0565411377583123e-20,-0.30175294356722543,975,1.7016190030120666e-20,healthy,aging,onek1k,NK
NFIL3,4.9251895539480895e-09,-0.18594215498678324,975,6.188309737751238e-09,healthy,aging,onek1k,NK
NFKB1,0.1150869560283987,-0.05049647898434102,975,0.11982694598014494,healthy,aging,onek1k,NK
NFKB2,0.00035574649563167155,-0.11413309404716948,975,0.00038630890934573264,healthy,aging,onek1k,NK
NFX1,5.534105436296117e-13,-0.22819163871395357,975,3.0908321909361536e-12,healthy,aging,onek1k,NK
NFYA,2.062489980425147e-11,-0.21243888129884558,975,5.071959793761451e-11,healthy,aging,onek1k,NK
NFYB,1.8326943621851106e-11,-0.21297271909673599,975,4.6145929731832265e-11,healthy,aging,onek1k,NK
NFYC,6.943123805144147e-11,-0.20686935685667285,975,1.30209324754276e-10,healthy,aging,onek1k,NK
NME2,0.4789430707579494,0.022700457921074946,975,0.4843072331504384,healthy,aging,onek1k,NK
NR1D2,0.14381582411474994,-0.046847146625639303,975,0.14949276454033217,healthy,aging,onek1k,NK
NR1H2,4.67860818968882e-08,-0.1738486758913144,975,5.589565927944616e-08,healthy,aging,onek1k,NK
NR2C1,6.272293302677741e-12,-0.2177552046273894,975,2.0328663389601706e-11,healthy,aging,onek1k,NK
NR2C2,2.0111585529088026e-11,-0.21255289723646614,975,4.984518450221033e-11,healthy,aging,onek1k,NK
NR3C1,5.153653082848951e-10,-0.19731200714694358,975,7.470432908938847e-10,healthy,aging,onek1k,NK
NR3C2,1.2716740371096683e-06,-0.15440318261739847,975,1.4533417566967523e-06,healthy,aging,onek1k,NK
NR4A1,0.057943491857749864,0.06074644572903441,975,0.06093225766072864,healthy,aging,onek1k,NK
NR4A2,0.027242301043043024,0.07071567218570657,975,0.028743128980305826,healthy,aging,onek1k,NK
NR4A3,0.2939176494651522,0.0336466613570892,975,0.3020422023771971,healthy,aging,onek1k,NK
NRF1,4.11070497745317e-11,-0.2092934646771673,975,8.545939293152643e-11,healthy,aging,onek1k,NK
PA2G4,7.567201675593994e-10,-0.1954252013750566,975,1.0510926283323527e-09,healthy,aging,onek1k,NK
PATZ1,5.677926524958724e-15,-0.246592637733336,975,5.2771224173145786e-14,healthy,aging,onek1k,NK
PBX2,8.210633321661546e-12,-0.21656459669541342,975,2.4794421021674215e-11,healthy,aging,onek1k,NK
PBX3,1.3021428005331848e-13,-0.23417514435443937,975,9.043452601505196e-13,healthy,aging,onek1k,NK
PCGF6,5.1373840689048274e-11,-0.20826598734017512,975,1.0178140222306743e-10,healthy,aging,onek1k,NK
PHF1,0.15566060279816987,-0.04550539375863718,975,0.16101063988288603,healthy,aging,onek1k,NK
PHF19,2.3849897935186874e-10,-0.20104159356805268,975,3.7715682944935e-10,healthy,aging,onek1k,NK
PHF20,0.14673377329889634,-0.04650900337947367,975,0.15227544289803363,healthy,aging,onek1k,NK
PHF21A,6.5773899497041865e-12,-0.21754571134991108,975,2.0681146477079833e-11,healthy,aging,onek1k,NK
PIN1,3.628979425806769e-09,-0.18752187921472893,975,4.6240221715797535e-09,healthy,aging,onek1k,NK
PKNOX1,1.1328255963081271e-10,-0.20457815323425102,975,1.9998485385573638e-10,healthy,aging,onek1k,NK
PLSCR1,1.2767472338833164e-17,-0.26897263627499013,975,1.9665176873518438e-16,healthy,aging,onek1k,NK
POGK,6.65074463105661e-11,-0.20706944809295263,975,1.262243425284017e-10,healthy,aging,onek1k,NK
POU2F1,3.512337106789428e-11,-0.21001527854668,975,7.550330104962308e-11,healthy,aging,onek1k,NK
POU2F2,1.9245141115836963e-10,-0.20206725783924903,975,3.110723576618149e-10,healthy,aging,onek1k,NK
PRDM1,0.37619906193704966,0.028370853573848165,975,0.3840998499906549,healthy,aging,onek1k,NK
PRDM10,1.3645003448892967e-10,-0.20370022792447853,975,2.3497662613265273e-10,healthy,aging,onek1k,NK
PRDM2,1.1936777711102416e-08,-0.18128399396784692,975,1.4591960374101367e-08,healthy,aging,onek1k,NK
PRDM4,1.6882948071787927e-09,-0.19142149883131618,975,2.2275622507947324e-09,healthy,aging,onek1k,NK
PRDM8,1.0036464802230174e-20,-0.3100205818735292,975,1.6461253578192928e-21,healthy,aging,onek1k,NK
PREB,2.0173571945351207e-13,-0.2323823071926586,975,1.2499702781825452e-12,healthy,aging,onek1k,NK
PRMT3,2.388731032397555e-14,-0.24098395754520735,975,1.960619974643188e-13,healthy,aging,onek1k,NK
PRR12,8.727238875628213e-12,-0.21629384769497445,975,2.547509958795075e-11,healthy,aging,onek1k,NK
PURA,1.5298728984085908e-14,-0.2427385260682252,975,1.306593297019229e-13,healthy,aging,onek1k,NK
PURB,2.3084636892516605e-12,-0.22211539475800876,975,9.260945675424204e-12,healthy,aging,onek1k,NK
RARA,4.09160551842097e-10,-0.19843663890965468,975,6.098808225421822e-10,healthy,aging,onek1k,NK
RBAK,9.805115893100093e-11,-0.20525673843500203,975,1.7604639897179712e-10,healthy,aging,onek1k,NK
RBCK1,6.0223534690707965e-12,-0.2179343938051367,975,1.972086728566188e-11,healthy,aging,onek1k,NK
RBPJ,1.0001534906382379e-20,-0.31925888380506445,975,1.077845370737583e-22,healthy,aging,onek1k,NK
RBSN,1.520682054856489e-08,-0.17998867501092414,975,1.8482135743628253e-08,healthy,aging,onek1k,NK
REL,0.3262312095543648,-0.0314732163581094,975,0.33416227623720995,healthy,aging,onek1k,NK
RELA,9.724094858939899e-11,-0.2052956610724985,975,1.7508911539082666e-10,healthy,aging,onek1k,NK
RELB,0.6175227147533671,-0.016011974022038165,975,0.6234414628180959,healthy,aging,onek1k,NK
REPIN1,2.201477530500962e-20,-0.29220829826853734,975,2.53111266425536e-19,healthy,aging,onek1k,NK
REST,2.581885849280423e-07,-0.16407635485530922,975,3.0106122818176457e-07,healthy,aging,onek1k,NK
REXO4,8.955113706380173e-14,-0.23569662384369255,975,6.505323253370425e-13,healthy,aging,onek1k,NK
RFX1,3.7083553491867894e-10,-0.19891393495565374,975,5.553745451712917e-10,healthy,aging,onek1k,NK
RFX2,2.1244148496155574e-20,-0.29241918372153747,975,2.4504489136449394e-19,healthy,aging,onek1k,NK
RFX3,1.1213060132064363e-13,-0.23478407545245386,975,8.053015194846225e-13,healthy,aging,onek1k,NK
RFX5,5.885788036438129e-12,-0.21803540099567192,975,1.947548708224554e-11,healthy,aging,onek1k,NK
RFX7,1.7853192878455577e-11,-0.2130908856599821,975,4.5314128083790864e-11,healthy,aging,onek1k,NK
RLF,1.6329681252707963e-07,-0.16675331412674338,975,1.9147232934528386e-07,healthy,aging,onek1k,NK
RORA,0.004176003771207222,-0.09166345882761434,975,0.00448849384932477,healthy,aging,onek1k,NK
RREB1,8.058858940031483e-14,-0.23612327707687178,975,5.954333864994818e-13,healthy,aging,onek1k,NK
RUNX1,7.297666424328832e-09,-0.183888022667642,975,9.09689384648817e-09,healthy,aging,onek1k,NK
RUNX2,2.586005589726077e-17,-0.2664882310663128,975,3.7993570528066996e-16,healthy,aging,onek1k,NK
RUNX3,0.42151956258037204,-0.025770593460814506,975,0.4289860926743883,healthy,aging,onek1k,NK
RXRB,5.2981026816998884e-11,-0.20812360339808408,975,1.0446446278945859e-10,healthy,aging,onek1k,NK
SAFB,1.6628916050128005e-12,-0.22352655566881793,975,7.101629302591511e-12,healthy,aging,onek1k,NK
SAFB2,9.750185780799807e-10,-0.19416981519228796,975,1.3280425459918702e-09,healthy,aging,onek1k,NK
SATB1,1.034876546001418e-20,-0.30322956262850076,975,1.3776235670560172e-20,healthy,aging,onek1k,NK
SCMH1,1.0468703884249066e-20,-0.3023272451085388,975,1.511485682469789e-20,healthy,aging,onek1k,NK
SCML4,4.197501666405111e-19,-0.2807142705270645,975,7.3989172947658e-18,healthy,aging,onek1k,NK
SETBP1,6.297144656241562e-07,-0.15873864382560904,975,7.235991677717462e-07,healthy,aging,onek1k,NK
SETDB1,4.809884481363389e-12,-0.21892221032784417,975,1.7077792055627317e-11,healthy,aging,onek1k,NK
SETDB2,5.718072667955277e-12,-0.21816263288789745,975,1.9294615644496288e-11,healthy,aging,onek1k,NK
SGSM2,4.530664268060375e-10,-0.19794070066213312,975,6.643572662067187e-10,healthy,aging,onek1k,NK
SKI,5.825444475290433e-11,-0.20768438173379847,975,1.131074500267388e-10,healthy,aging,onek1k,NK
SKIL,0.6555598504333415,-0.014302706242977239,975,0.6607876004367972,healthy,aging,onek1k,NK
SLC2A4RG,0.0006872696903392529,-0.10853240429901266,975,0.0007437576100931641,healthy,aging,onek1k,NK
SMAD3,1.019807609682893e-11,-0.21560113353148558,975,2.851851365874285e-11,healthy,aging,onek1k,NK
SMAD4,1.3034820861422482e-11,-0.2145047791199551,975,3.446864760710882e-11,healthy,aging,onek1k,NK
SMAD5,1.3811686165692252e-12,-0.22432093102157552,975,6.23498970965536e-12,healthy,aging,onek1k,NK
SMYD3,6.086843615596268e-16,-0.2550415826192272,975,6.8693249376015024e-15,healthy,aging,onek1k,NK
SNAI1,0.00017105245190208703,0.12008110244946604,975,0.00018768255139256772,healthy,aging,onek1k,NK
SNAPC2,1.1445803809471533e-09,-0.19337134101578474,975,1.5390953207495338e-09,healthy,aging,onek1k,NK
SNAPC5,1.7431612168616226e-11,-0.2131986465206069,975,4.478365400099778e-11,healthy,aging,onek1k,NK
SON,4.999711196716097e-11,-0.20839145796848466,975,9.967878472216319e-11,healthy,aging,onek1k,NK
SOX13,1.7395519598966006e-11,-0.21320799028469065,975,4.478365400099778e-11,healthy,aging,onek1k,NK
SOX4,1.0000000454989079e-20,-0.34158090956789544,975,7.188827441953098e-26,healthy,aging,onek1k,NK
SP1,3.8751349882983385e-11,-0.20956455038982552,975,8.246078491490067e-11,healthy,aging,onek1k,NK
SP100,4.921830895976904e-07,-0.16023142507340754,975,5.676272128206825e-07,healthy,aging,onek1k,NK
SP110,3.272444992082464e-10,-0.1995191104173768,975,5.007712433251615e-10,healthy,aging,onek1k,NK
SP140,5.604518307456486e-08,-0.17284167972258058,975,6.683123717569561e-08,healthy,aging,onek1k,NK
SP140L,8.102417335277758e-14,-0.23610148791114635,975,5.954333864994818e-13,healthy,aging,onek1k,NK
SP2,5.942957236414831e-10,-0.19661421639922627,975,8.436507453003567e-10,healthy,aging,onek1k,NK
SP3,2.4283667681630627e-08,-0.1774574927047133,975,2.9288698425160758e-08,healthy,aging,onek1k,NK
SP4,2.221977694712774e-11,-0.21210154745705315,975,5.348278018733099e-11,healthy,aging,onek1k,NK
SPEN,1.3980195989747933e-08,-0.18043968160288296,975,1.702405369077914e-08,healthy,aging,onek1k,NK
SPI1,1.6824377991911964e-05,-0.1373397469879827,975,1.8819481222811247e-05,healthy,aging,onek1k,NK
SRCAP,2.8267096432396904e-11,-0.21100747232823744,975,6.380287478198158e-11,healthy,aging,onek1k,NK
SREBF1,1.5373092761867138e-13,-0.2334969800439624,975,1.0180056592281769e-12,healthy,aging,onek1k,NK
SREBF2,3.409691470936851e-10,-0.19932049553467368,975,5.192590384503349e-10,healthy,aging,onek1k,NK
STAT1,8.804850912966484e-16,-0.25366621033218156,975,9.431529791516642e-15,healthy,aging,onek1k,NK
STAT2,4.145633901529193e-12,-0.2195726606325842,975,1.4971660682551145e-11,healthy,aging,onek1k,NK
STAT3,0.000181831812526998,-0.1195950777867069,975,0.00019916413434499608,healthy,aging,onek1k,NK
STAT4,1.738038232437836e-05,-0.13711195469643594,975,1.9407070015913635e-05,healthy,aging,onek1k,NK
STAT5A,1.0001087975780156e-20,-0.3202432490275247,975,8.595008663240954e-23,healthy,aging,onek1k,NK
STAT5B,1.6855380110949795e-10,-0.2026984896465528,975,2.7669091505164336e-10,healthy,aging,onek1k,NK
STAT6,1.5898179890316734e-13,-0.23335953023093012,975,1.0358401091422861e-12,healthy,aging,onek1k,NK
TBP,2.335348396817549e-10,-0.20114240002630335,975,3.70839242895852e-10,healthy,aging,onek1k,NK
TBPL1,1.3537478783579244e-10,-0.20373763535698844,975,2.337619287046471e-10,healthy,aging,onek1k,NK
TBX21,7.221937721317914e-05,-0.12675462855568684,975,7.99345821343769e-05,healthy,aging,onek1k,NK
TCF12,1.7297255455835767e-12,-0.22335753908523254,975,7.336822405965237e-12,healthy,aging,onek1k,NK
TCF20,6.788472044261818e-11,-0.20697414558443944,975,1.2768792652801992e-10,healthy,aging,onek1k,NK
TCF4,1.0000000408446836e-20,-0.3418653860665032,975,7.188827441953098e-26,healthy,aging,onek1k,NK
TCF7,5.3280965379622556e-09,-0.1855332179965237,975,6.681263912670289e-09,healthy,aging,onek1k,NK
TERF1,1.3793066891909202e-05,-0.13872387379272838,975,1.548351381116627e-05,healthy,aging,onek1k,NK
TERF2,1.567165676088981e-11,-0.2136778916123365,975,4.0759206035236056e-11,healthy,aging,onek1k,NK
TET2,3.30671585301161e-10,-0.19946876546536632,975,5.047933379324003e-10,healthy,aging,onek1k,NK
TET3,1.0983827183551826e-12,-0.22529717629936427,975,5.142058308744261e-12,healthy,aging,onek1k,NK
TFCP2,5.739537575134971e-12,-0.21814614693962492,975,1.9294615644496288e-11,healthy,aging,onek1k,NK
TFDP1,6.4281584026409775e-12,-0.21764696459937574,975,2.041505579974421e-11,healthy,aging,onek1k,NK
TFDP2,0.00016588256628016616,-0.12032450005732727,975,0.00018232657719837394,healthy,aging,onek1k,NK
TFE3,1.7125765670517703e-10,-0.2026228330009849,975,2.8040113738692196e-10,healthy,aging,onek1k,NK
TFEB,1.368680693366332e-10,-0.20368576224952145,975,2.3505603210443527e-10,healthy,aging,onek1k,NK
TGIF1,0.7252124922130538,-0.011271143678044914,975,0.7275147540930953,healthy,aging,onek1k,NK
TGIF2,4.3196449302319154e-09,-0.1866223978476905,975,5.460031191800502e-09,healthy,aging,onek1k,NK
THAP1,3.549494514468156e-10,-0.19912603775283114,975,5.36669983990592e-10,healthy,aging,onek1k,NK
THAP11,1.0858350355330291e-10,-0.20477749334327244,975,1.9385529446148993e-10,healthy,aging,onek1k,NK
THAP12,9.327243244623128e-13,-0.22599108838132545,975,4.432193734888583e-12,healthy,aging,onek1k,NK
THAP3,5.866023103428462e-10,-0.19667812696853082,975,8.368683072920063e-10,healthy,aging,onek1k,NK
THAP4,2.7622298164294405e-09,-0.188922096978413,975,3.56271274281038e-09,healthy,aging,onek1k,NK
THAP5,2.2409870985360616e-12,-0.22224341015366747,975,9.137444128740586e-12,healthy,aging,onek1k,NK
THAP6,2.115564661465374e-10,-0.2016153965162721,975,3.384903458184599e-10,healthy,aging,onek1k,NK
THAP7,4.572223358355919e-09,-0.18632805309096523,975,5.767754815318605e-09,healthy,aging,onek1k,NK
THRA,1.1149937757930309e-06,-0.1552232840787525,975,1.2789039315811056e-06,healthy,aging,onek1k,NK
THYN1,4.2921984601318e-13,-0.22925473631859972,975,2.4660630578211795e-12,healthy,aging,onek1k,NK
TMF1,4.78932084213486e-05,-0.12982103436007492,975,5.3102645126828613e-05,healthy,aging,onek1k,NK
TOPORS,8.81648167642106e-05,-0.12523996101363816,975,9.707345678568135e-05,healthy,aging,onek1k,NK
TP53,8.762277221220902e-17,-0.26213153756258556,975,1.1300259599615532e-15,healthy,aging,onek1k,NK
TRAFD1,2.0892672919497355e-11,-0.21238050058021843,975,5.117895069303228e-11,healthy,aging,onek1k,NK
TRERF1,6.496233930783288e-10,-0.196177027958726,975,9.143919474814784e-10,healthy,aging,onek1k,NK
TRPS1,1.2287525740988994e-11,-0.21476905936064378,975,3.290557738129256e-11,healthy,aging,onek1k,NK
TSC22D1,1.765022938750535e-10,-0.2024793482689464,975,2.8749858175957164e-10,healthy,aging,onek1k,NK
TSHZ1,4.24476193741016e-09,-0.18671288278137463,975,5.376131351576956e-09,healthy,aging,onek1k,NK
TTF1,6.778337756460441e-11,-0.20698109351157865,975,1.2768792652801992e-10,healthy,aging,onek1k,NK
UBP1,2.5840927915434525e-11,-0.21141604023010285,975,6.059279888420454e-11,healthy,aging,onek1k,NK
USF1,7.155540060345006e-11,-0.20672908384118702,975,1.3274521403575134e-10,healthy,aging,onek1k,NK
USF2,8.286947441130354e-10,-0.19497614382882833,975,1.1435263717753677e-09,healthy,aging,onek1k,NK
USF3,2.941643283494886e-11,-0.21082575133361095,975,6.571701855419314e-11,healthy,aging,onek1k,NK
VEZF1,2.584791388016957e-16,-0.2582011994312282,975,3.0821225608051256e-15,healthy,aging,onek1k,NK
XBP1,0.0002675505263697247,-0.11648041205597363,975,0.00029153781494080345,healthy,aging,onek1k,NK
XPA,5.0705657490523065e-15,-0.2470283562954946,975,4.8554412627288756e-14,healthy,aging,onek1k,NK
YBX1,3.304642029026682e-13,0.2303430355378085,975,1.9519006534064143e-12,healthy,aging,onek1k,NK
YBX3,0.3725219063845362,-0.028589994951454555,975,0.3809609139725354,healthy,aging,onek1k,NK
YY1,3.6822179593695913e-09,-0.18744685714218962,975,4.682418008682619e-09,healthy,aging,onek1k,NK
ZBED1,4.7657504659772285e-11,-0.20861263256987642,975,9.653699659825668e-11,healthy,aging,onek1k,NK
ZBED4,3.821819359943112e-13,-0.22973853997575894,975,2.2159539195266484e-12,healthy,aging,onek1k,NK
ZBED5,2.211782386481986e-14,-0.2412880151544105,975,1.8392708371797566e-13,healthy,aging,onek1k,NK
ZBED6,4.486118255353772e-10,-0.1979888310837786,975,6.59355055190787e-10,healthy,aging,onek1k,NK
ZBTB1,0.238420993349411,0.03779137509310378,975,0.245410533871055,healthy,aging,onek1k,NK
ZBTB10,0.0006889073709215975,-0.10851169002229478,975,0.0007442554844828198,healthy,aging,onek1k,NK
ZBTB11,5.717012425256748e-12,-0.21816344876750557,975,1.9294615644496288e-11,healthy,aging,onek1k,NK
ZBTB14,6.496293278601251e-12,-0.21760045298647657,975,2.0528286728779952e-11,healthy,aging,onek1k,NK
ZBTB16,1.8330643184432997e-13,-0.23277591082647298,975,1.1821393735266993e-12,healthy,aging,onek1k,NK
ZBTB17,4.6161326938959915e-11,-0.2087597045820968,975,9.380694089743623e-11,healthy,aging,onek1k,NK
ZBTB2,2.56240340168119e-10,-0.200697324749591,975,4.0184589325044965e-10,healthy,aging,onek1k,NK
ZBTB20,8.607374389198127e-13,-0.22633117419798665,975,4.21694616339009e-12,healthy,aging,onek1k,NK
ZBTB21,1.8557810629739564e-09,-0.19094390492450783,975,2.4434450662358758e-09,healthy,aging,onek1k,NK
ZBTB24,2.2849115378043714e-09,-0.18988921217487256,975,2.97132529194659e-09,healthy,aging,onek1k,NK
ZBTB25,9.13947474306303e-13,-0.22607724785803937,975,4.386256911131837e-12,healthy,aging,onek1k,NK
ZBTB33,3.559681661452526e-10,-0.1991121613242577,975,5.369257303042474e-10,healthy,aging,onek1k,NK
ZBTB37,2.820054500533878e-11,-0.211018214743078,975,6.380287478198158e-11,healthy,aging,onek1k,NK
ZBTB38,0.47514989688071085,-0.022896676966833493,975,0.4812415622253353,healthy,aging,onek1k,NK
ZBTB4,5.168010163838415e-10,-0.19729840915347452,975,7.47410165556677e-10,healthy,aging,onek1k,NK
ZBTB40,5.3058690762240836e-11,-0.20811683030228953,975,1.0446446278945859e-10,healthy,aging,onek1k,NK
ZBTB41,1.782672912844707e-10,-0.20243199487549915,975,2.896270644870578e-10,healthy,aging,onek1k,NK
ZBTB43,8.062073284868534e-11,-0.20617286115595257,975,1.4811716033153817e-10,healthy,aging,onek1k,NK
ZBTB44,1.4755094778003276e-09,-0.19209961133991327,975,1.9673459703871034e-09,healthy,aging,onek1k,NK
ZBTB5,4.303152697840925e-11,-0.2090830389658511,975,8.887557203932891e-11,healthy,aging,onek1k,NK
ZBTB7A,4.150904919784961e-07,-0.16125547053585754,975,4.813526439089967e-07,healthy,aging,onek1k,NK
ZBTB7B,1.980963692678267e-11,-0.21262130161885057,975,4.9290120202388384e-11,healthy,aging,onek1k,NK
ZC3H8,4.44557169465722e-16,-0.25620578454293336,975,5.2028483537469694e-15,healthy,aging,onek1k,NK
ZEB1,9.709213440581266e-15,-0.24451481900461866,975,8.522523020065778e-14,healthy,aging,onek1k,NK
ZEB2,0.3977614576897547,0.027111504547268545,975,0.40546006654826605,healthy,aging,onek1k,NK
ZFAT,6.585188481256313e-13,-0.22746112212862066,975,3.439536410705777e-12,healthy,aging,onek1k,NK
ZFHX3,1.0000002253593942e-20,-0.3373278586753424,975,2.8485427443158506e-25,healthy,aging,onek1k,NK
ZFP14,4.06572811131222e-11,-0.20934402978716726,975,8.508411144759348e-11,healthy,aging,onek1k,NK
ZFP62,3.2053384366818126e-09,-0.18816008485011182,975,4.100756866349364e-09,healthy,aging,onek1k,NK
ZFP64,2.942708268537446e-11,-0.21082410014868969,975,6.571701855419314e-11,healthy,aging,onek1k,NK
ZFP90,2.759598831112102e-12,-0.22134344314400514,975,1.0832710900266138e-11,healthy,aging,onek1k,NK
ZFP91,2.6077913453834865e-11,-0.21137451454814238,975,6.059279888420454e-11,healthy,aging,onek1k,NK
ZFX,2.958616483125987e-12,-0.22104151588711213,975,1.1332397642518932e-11,healthy,aging,onek1k,NK
ZFY,0.00025967733626677374,-0.1167239974456494,975,0.00028344745513057167,healthy,aging,onek1k,NK
ZGPAT,6.439427614452794e-11,-0.2072194857627962,975,1.2332479550612623e-10,healthy,aging,onek1k,NK
ZHX1,3.919504518315013e-11,-0.20951228229302446,975,8.312506224641236e-11,healthy,aging,onek1k,NK
ZHX2,1.5600536287090783e-12,-0.22380008254506562,975,6.753108815233818e-12,healthy,aging,onek1k,NK
ZKSCAN1,2.673928331227712e-19,-0.282259339297369,975,4.929462743442164e-18,healthy,aging,onek1k,NK
ZKSCAN5,5.44740922436701e-10,-0.1970408631571705,975,7.824460522128978e-10,healthy,aging,onek1k,NK
ZKSCAN8,3.162751369258212e-11,-0.21049487977633374,975,6.9404821692333e-11,healthy,aging,onek1k,NK
ZMAT1,1.1584154178032396e-16,-0.26112349888101916,975,1.464110688103295e-15,healthy,aging,onek1k,NK
ZNF10,5.433551306204929e-16,-0.2554629196844836,975,6.24352950094821e-15,healthy,aging,onek1k,NK
ZNF100,5.921481878873768e-12,-0.21800878130464746,975,1.9491544485042822e-11,healthy,aging,onek1k,NK
ZNF101,3.0129753790736182e-12,-0.2209625050698219,975,1.1402397803919321e-11,healthy,aging,onek1k,NK
ZNF107,3.432277545679818e-11,-0.21012085725311475,975,7.479997959440156e-11,healthy,aging,onek1k,NK
ZNF12,2.09567150286422e-10,-0.2016605483298244,975,3.3615847455507287e-10,healthy,aging,onek1k,NK
ZNF121,7.557155578026599e-14,-0.23638292752454604,975,5.754363485919049e-13,healthy,aging,onek1k,NK
ZNF124,1.952299950005924e-13,-0.23251706978317194,975,1.2226075891372907e-12,healthy,aging,onek1k,NK
ZNF131,5.305595721516389e-13,-0.22836840615381637,975,3.020843633151674e-12,healthy,aging,onek1k,NK
ZNF134,2.0576625164149847e-13,-0.23230093938983373,975,1.2625656768682234e-12,healthy,aging,onek1k,NK
ZNF136,9.4713874452646e-09,-0.1825129870928156,975,1.171412302426792e-08,healthy,aging,onek1k,NK
ZNF138,4.835327601345865e-11,-0.20854576929341853,975,9.708397043105234e-11,healthy,aging,onek1k,NK
ZNF14,1.3601990346465502e-06,-0.15398178727502726,975,1.5517072019794467e-06,healthy,aging,onek1k,NK
ZNF141,1.2684694089833151e-12,-0.224684185229014,975,5.809222175054023e-12,healthy,aging,onek1k,NK
ZNF142,1.6498112645896204e-10,-0.20280029329099117,975,2.736694800938163e-10,healthy,aging,onek1k,NK
ZNF143,1.1079318569765225e-10,-0.20468272827926307,975,1.9640602389987617e-10,healthy,aging,onek1k,NK
ZNF146,5.438487937358691e-13,-0.2282647182159973,975,3.068860993938119e-12,healthy,aging,onek1k,NK
ZNF148,5.834339986556464e-11,-0.2076773107771945,975,1.131074500267388e-10,healthy,aging,onek1k,NK
ZNF16,4.541697424785965e-10,-0.1979288509821101,975,6.644335121299837e-10,healthy,aging,onek1k,NK
ZNF160,6.343569652388109e-12,-0.21770538416941282,975,2.036576292531152e-11,healthy,aging,onek1k,NK
ZNF18,4.123805056568153e-10,-0.19839854510223637,975,6.132340695736171e-10,healthy,aging,onek1k,NK
ZNF184,4.328042797520726e-07,-0.16100485951622276,975,5.009749172221677e-07,healthy,aging,onek1k,NK
ZNF189,1.943310897994805e-11,-0.21270804386671321,975,4.873700344844114e-11,healthy,aging,onek1k,NK
ZNF195,4.3650204519553584e-11,-0.20901734123169055,975,8.985970439751749e-11,healthy,aging,onek1k,NK
ZNF197,7.166254560777162e-11,-0.20672211648834285,975,1.3274521403575134e-10,healthy,aging,onek1k,NK
ZNF207,2.315236428856051e-12,-0.22210274862408252,975,9.260945675424204e-12,healthy,aging,onek1k,NK
ZNF211,1.6061303102045587e-10,-0.2029277259155012,975,2.6782964537891326e-10,healthy,aging,onek1k,NK
ZNF217,1.5225723842392648e-20,-0.29484411389687504,975,1.2120911252772744e-19,healthy,aging,onek1k,NK
ZNF22,1.3951787398054826e-17,-0.26866175376811247,975,2.0979070560882505e-16,healthy,aging,onek1k,NK
ZNF224,1.7539574044230557e-11,-0.21317080948540526,975,4.487858619284904e-11,healthy,aging,onek1k,NK
ZNF226,1.988032331055607e-08,-0.17854388820483644,975,2.4069663471772257e-08,healthy,aging,onek1k,NK
ZNF236,2.7724566040528165e-11,-0.21109577510773156,975,6.302850982479784e-11,healthy,aging,onek1k,NK
ZNF24,1.5266679411672703e-12,-0.22389269135582493,975,6.658033282001094e-12,healthy,aging,onek1k,NK
ZNF250,2.2205555716125805e-10,-0.2013837514599092,975,3.5349902297127226e-10,healthy,aging,onek1k,NK
ZNF251,2.9021229734333573e-12,-0.22112515002218183,975,1.1183790932255378e-11,healthy,aging,onek1k,NK
ZNF253,3.0430609368135264e-12,-0.22091937352958504,975,1.1447705391346124e-11,healthy,aging,onek1k,NK
ZNF254,8.09221269940048e-12,-0.2166290058578119,975,2.458787701779377e-11,healthy,aging,onek1k,NK
ZNF26,7.183364431415659e-11,-0.20671101146034315,975,1.3274521403575134e-10,healthy,aging,onek1k,NK
ZNF263,3.0376157186151705e-11,-0.21067924914206926,975,6.736046082571184e-11,healthy,aging,onek1k,NK
ZNF264,1.4792543930868175e-09,-0.19208687455269724,975,1.968186897735892e-09,healthy,aging,onek1k,NK
ZNF266,2.1689682326348503e-11,-0.21221096597783415,975,5.2520610053380285e-11,healthy,aging,onek1k,NK
ZNF267,1.0311969300569957e-10,-0.20502014629911033,975,1.8462222655320716e-10,healthy,aging,onek1k,NK
ZNF274,7.325335675711408e-19,-0.27881603596542853,975,1.2684478186248917e-17,healthy,aging,onek1k,NK
ZNF276,2.6922018502418486e-12,-0.22145054353066146,975,1.06341972689553e-11,healthy,aging,onek1k,NK
ZNF277,2.8369329633929247e-13,-0.23097565952063406,975,1.6914543110040835e-12,healthy,aging,onek1k,NK
ZNF28,5.855358501813697e-12,-0.21805821972376,975,1.947548708224554e-11,healthy,aging,onek1k,NK
ZNF280D,6.919678491618931e-16,-0.2545647527901471,975,7.672234397724851e-15,healthy,aging,onek1k,NK
ZNF281,1.0919471380203085e-11,-0.21529640249784393,975,2.9967448935328585e-11,healthy,aging,onek1k,NK
ZNF282,1.4366640204472162e-12,-0.22415260081289853,975,6.439515280869792e-12,healthy,aging,onek1k,NK
ZNF292,1.1008325512125167e-05,-0.14027929646377435,975,1.2401536049310338e-05,healthy,aging,onek1k,NK
ZNF296,1.0000027889296495e-20,-0.33050316173315547,975,2.5180050549912706e-24,healthy,aging,onek1k,NK
ZNF3,7.917341155093631e-11,-0.20625743420009515,975,1.4588220435531122e-10,healthy,aging,onek1k,NK
ZNF302,9.067174957043766e-13,-0.22611088670378787,975,4.386256911131837e-12,healthy,aging,onek1k,NK
ZNF316,1.0095672331847662e-11,-0.21564609108798827,975,2.835762181070099e-11,healthy,aging,onek1k,NK
ZNF317,1.6064078120635673e-09,-0.19167205157383607,975,2.123953425141955e-09,healthy,aging,onek1k,NK
ZNF318,1.4859035889605494e-10,-0.20329675603254657,975,2.510938684919431e-10,healthy,aging,onek1k,NK
ZNF319,2.8903212734657466e-09,-0.18869026414023551,975,3.7052394418337357e-09,healthy,aging,onek1k,NK
ZNF32,1.9369061267312128e-16,-0.2592560605369731,975,2.353964369411782e-15,healthy,aging,onek1k,NK
ZNF322,8.507203664469626e-12,-0.2164071966833915,975,2.5313500835627734e-11,healthy,aging,onek1k,NK
ZNF324,1.5631964883901298e-10,-0.20305631760707363,975,2.613598361373974e-10,healthy,aging,onek1k,NK
ZNF326,3.964817411073398e-11,-0.20945949617742454,975,8.324799346067734e-11,healthy,aging,onek1k,NK
ZNF331,0.09992229877465447,0.05272052794473067,975,0.10455445832049938,healthy,aging,onek1k,NK
ZNF333,5.837194356551805e-10,-0.19670228607026088,975,8.346395550401677e-10,healthy,aging,onek1k,NK
ZNF335,9.498300049393858e-10,-0.1942998379107921,975,1.2965282140720773e-09,healthy,aging,onek1k,NK
ZNF337,8.134759207165518e-13,-0.22656996143853833,975,4.016537309162974e-12,healthy,aging,onek1k,NK
ZNF33A,5.779165751374972e-12,-0.21811586874083383,975,1.9325040997613664e-11,healthy,aging,onek1k,NK
ZNF33B,3.9726984317215625e-17,-0.26496452409622473,975,5.578029797440061e-16,healthy,aging,onek1k,NK
ZNF346,1.2773312526973933e-11,-0.21459553601350861,975,3.391904836440137e-11,healthy,aging,onek1k,NK
ZNF350,0.15135196267143078,-0.04598417263344781,975,0.156810558046466,healthy,aging,onek1k,NK
ZNF354A,4.525379555646128e-11,-0.20885119965243856,975,9.267508233515271e-11,healthy,aging,onek1k,NK
ZNF354B,1.5188699947275625e-11,-0.2138186243695063,975,3.966635686098428e-11,healthy,aging,onek1k,NK
ZNF362,3.4560121382213933e-10,-0.19925521869078722,975,5.245057687840194e-10,healthy,aging,onek1k,NK
ZNF37A,3.4255485612111606e-12,-0.22040471537772102,975,1.2734980496267374e-11,healthy,aging,onek1k,NK
ZNF384,1.9712130913907043e-11,-0.21264360880337477,975,4.92413704793251e-11,healthy,aging,onek1k,NK
ZNF394,0.771810794398113,-0.009299389298386222,975,0.771810794398113,healthy,aging,onek1k,NK
ZNF397,3.898163139988765e-12,-0.21984144763682265,975,1.4323483128795927e-11,healthy,aging,onek1k,NK
ZNF398,2.8118643507906935e-10,-0.20025065656507232,975,4.3449835443435654e-10,healthy,aging,onek1k,NK
ZNF407,3.777468675099662e-11,-0.20968169386594399,975,8.092746447562666e-11,healthy,aging,onek1k,NK
ZNF41,6.359652147537563e-11,-0.20727738083879949,975,1.225396389210896e-10,healthy,aging,onek1k,NK
ZNF410,3.85445576599041e-11,-0.20958911095612467,975,8.2297839306552e-11,healthy,aging,onek1k,NK
ZNF414,4.7916912103093254e-11,-0.20858759283618838,975,9.675235924228415e-11,healthy,aging,onek1k,NK
ZNF417,5.3686949499051525e-11,-0.20806239300176835,975,1.0537314309652348e-10,healthy,aging,onek1k,NK
ZNF426,7.624755527136302e-10,-0.1953877939425467,975,1.0567643625190664e-09,healthy,aging,onek1k,NK
ZNF428,5.372769404424602e-07,-0.15970193863342727,975,6.185046017479573e-07,healthy,aging,onek1k,NK
ZNF429,6.384468277130703e-11,-0.20725929550748565,975,1.226438890733922e-10,healthy,aging,onek1k,NK
ZNF43,2.0802640506315615e-12,-0.22256421272054258,975,8.537187491423031e-12,healthy,aging,onek1k,NK
ZNF430,5.119767354412128e-11,-0.20828185814112404,975,1.0175135117473159e-10,healthy,aging,onek1k,NK
ZNF431,6.06825240020577e-13,-0.22780487292828358,975,3.2778935501966213e-12,healthy,aging,onek1k,NK
ZNF439,3.6522282229763044e-10,-0.19898784328777558,975,5.495733897280534e-10,healthy,aging,onek1k,NK
ZNF44,1.9538508358048475e-13,-0.2325138062647394,975,1.2226075891372907e-12,healthy,aging,onek1k,NK
ZNF441,1.4548738405651264e-07,-0.1674213964963483,975,1.7186547051160686e-07,healthy,aging,onek1k,NK
ZNF444,1.067883821634288e-09,-0.1937171638906429,975,1.45140338767e-09,healthy,aging,onek1k,NK
ZNF445,5.544640903968162e-12,-0.2182981012790242,975,1.9071017961372e-11,healthy,aging,onek1k,NK
ZNF45,1.2494065993035028e-10,-0.20411648193027143,975,2.1692537235356378e-10,healthy,aging,onek1k,NK
ZNF451,6.057968180702726e-11,-0.2075029262238063,975,1.1708366634777135e-10,healthy,aging,onek1k,NK
ZNF460,2.6000854488142495e-11,-0.21138797656167668,975,6.059279888420454e-11,healthy,aging,onek1k,NK
ZNF468,1.1256628140100922e-11,-0.21516067509731773,975,3.066460766475768e-11,healthy,aging,onek1k,NK
ZNF480,3.947965807300803e-11,-0.20947905786231505,975,8.322537913379579e-11,healthy,aging,onek1k,NK
ZNF484,1.1202704084929823e-09,-0.19347844787767604,975,1.516083293707162e-09,healthy,aging,onek1k,NK
ZNF487,6.520216366974461e-11,-0.207161564785853,975,1.2411978142457405e-10,healthy,aging,onek1k,NK
ZNF490,4.5552879811435024e-11,-0.20882085022606267,975,9.286909688550625e-11,healthy,aging,onek1k,NK
ZNF493,7.467024000671023e-12,-0.21698511788106162,975,2.29085396218645e-11,healthy,aging,onek1k,NK
ZNF496,1.493056725701752e-20,-0.2950271558394386,975,1.1985071178596433e-19,healthy,aging,onek1k,NK
ZNF506,2.306279616522374e-12,-0.22211948063128445,975,9.260945675424204e-12,healthy,aging,onek1k,NK
ZNF507,1.4031626965003505e-11,-0.21417443853194668,975,3.679663168283077e-11,healthy,aging,onek1k,NK
ZNF511,1.91822870679846e-10,-0.20208285668032852,975,3.1085142118805815e-10,healthy,aging,onek1k,NK
ZNF512,7.932120056253894e-13,-0.22667653733116083,975,3.947322686891702e-12,healthy,aging,onek1k,NK
ZNF516,2.6458284998553087e-11,-0.21130862903216724,975,6.102786902469179e-11,healthy,aging,onek1k,NK
ZNF518A,2.8939539974886272e-12,-0.22113737526583405,975,1.1183790932255378e-11,healthy,aging,onek1k,NK
ZNF518B,7.310115116368719e-10,-0.19559575258933357,975,1.019865949995989e-09,healthy,aging,onek1k,NK
ZNF524,2.7884526125671574e-13,-0.2310469971844668,975,1.67838284565947e-12,healthy,aging,onek1k,NK
ZNF529,1.0456675073507504e-11,-0.21548953933174947,975,2.892293133746969e-11,healthy,aging,onek1k,NK
ZNF544,1.5275551142565802e-12,-0.22389020486559058,975,6.658033282001094e-12,healthy,aging,onek1k,NK
ZNF548,1.173477526902021e-10,-0.20441210878352384,975,2.0487231959637493e-10,healthy,aging,onek1k,NK
ZNF549,2.633806571839897e-10,-0.20056528823300643,975,4.0798180228912135e-10,healthy,aging,onek1k,NK
ZNF550,2.999883309375971e-15,-0.2490388973327151,975,2.962374893008771e-14,healthy,aging,onek1k,NK
ZNF557,2.987109610105805e-12,-0.22099992545280178,975,1.1372610043776317e-11,healthy,aging,onek1k,NK
ZNF559,2.037258295687783e-09,-0.19047160775991745,975,2.6602215761742948e-09,healthy,aging,onek1k,NK
ZNF561,4.344544826118269e-10,-0.19814494899927337,975,6.415309182344735e-10,healthy,aging,onek1k,NK
ZNF562,2.7516743869330725e-11,-0.21113004852650857,975,6.278188490648742e-11,healthy,aging,onek1k,NK
ZNF564,4.83282767762874e-10,-0.19762590711332437,975,7.053919381520008e-10,healthy,aging,onek1k,NK
ZNF567,5.953611272314543e-10,-0.19660542950535123,975,8.436507453003567e-10,healthy,aging,onek1k,NK
ZNF568,2.2407441789153692e-09,-0.1899884322005518,975,2.9198975692127697e-09,healthy,aging,onek1k,NK
ZNF569,5.671414129107983e-13,-0.22808883140809247,975,3.116811883822822e-12,healthy,aging,onek1k,NK
ZNF570,1.4971123286494206e-10,-0.2032611422401276,975,2.521347422018367e-10,healthy,aging,onek1k,NK
ZNF571,4.752369055939293e-09,-0.18612761866723126,975,5.983062237743651e-09,healthy,aging,onek1k,NK
ZNF574,5.625026348346878e-10,-0.19688374805548797,975,8.061262249641783e-10,healthy,aging,onek1k,NK
ZNF580,6.412169015565307e-13,-0.22757313721863082,975,3.3770756288643946e-12,healthy,aging,onek1k,NK
ZNF581,9.710049547836493e-11,-0.20530244064352804,975,1.7508911539082666e-10,healthy,aging,onek1k,NK
ZNF585A,3.67048995277287e-12,-0.22010391481171546,975,1.3565787390833064e-11,healthy,aging,onek1k,NK
ZNF585B,1.3903585126666437e-10,-0.2036114330271256,975,2.3813186448295904e-10,healthy,aging,onek1k,NK
ZNF587,9.161169597933584e-13,-0.22606720476857725,975,4.386256911131837e-12,healthy,aging,onek1k,NK
ZNF587B,8.605817767328646e-11,-0.2058678516872066,975,1.5719297191675444e-10,healthy,aging,onek1k,NK
ZNF592,9.685432195187826e-12,-0.21583078421547305,975,2.760284667639566e-11,healthy,aging,onek1k,NK
ZNF595,1.473153017594773e-12,-0.22404535797107256,975,6.510718187411863e-12,healthy,aging,onek1k,NK
ZNF600,1.2160186372919203e-11,-0.21481565515159778,975,3.2755121187232415e-11,healthy,aging,onek1k,NK
ZNF606,1.4747565891020088e-10,-0.20333243457731537,975,2.498783282169624e-10,healthy,aging,onek1k,NK
ZNF609,2.7298868584795065e-15,-0.24939827287439736,975,2.8129344875097454e-14,healthy,aging,onek1k,NK
ZNF611,4.992428764042596e-12,-0.21875885957487082,975,1.7626899288016316e-11,healthy,aging,onek1k,NK
ZNF614,1.8163590675807808e-12,-0.22314772852123993,975,7.652926162607023e-12,healthy,aging,onek1k,NK
ZNF615,7.109618441008132e-12,-0.21720204472830304,975,2.2025876707829117e-11,healthy,aging,onek1k,NK
ZNF621,2.588443921102505e-10,-0.2006487604872015,975,4.0492489061227315e-10,healthy,aging,onek1k,NK
ZNF623,1.6589093050501847e-10,-0.20277416571782558,975,2.7390551643348675e-10,healthy,aging,onek1k,NK
ZNF626,3.389831406473374e-11,-0.21017781342004518,975,7.4130569143916e-11,healthy,aging,onek1k,NK
ZNF639,1.9495145569484777e-07,-0.16572307186441246,975,2.2816540740581012e-07,healthy,aging,onek1k,NK
ZNF641,3.463869536242717e-11,-0.2100789106808802,975,7.497142281758209e-11,healthy,aging,onek1k,NK
ZNF644,3.350464745784933e-07,-0.16253421289121806,975,3.892451689955909e-07,healthy,aging,onek1k,NK
ZNF649,3.507017811590865e-13,-0.2300961283525853,975,2.052254809005025e-12,healthy,aging,onek1k,NK
ZNF652,1.9254523137967534e-15,-0.250723559218832,975,2.02813257053258e-14,healthy,aging,onek1k,NK
ZNF654,3.0918567527060934e-11,-0.21059843820945312,975,6.832354779993884e-11,healthy,aging,onek1k,NK
ZNF655,2.4822975191263936e-09,-0.18946744126887222,975,3.2082045645839684e-09,healthy,aging,onek1k,NK
ZNF66,1.0022666550313788e-11,-0.21567841546103472,975,2.8278237738742476e-11,healthy,aging,onek1k,NK
ZNF664,6.494694977590235e-11,-0.20717978609710155,975,1.2400746903942684e-10,healthy,aging,onek1k,NK
ZNF669,3.144529210161185e-11,-0.21052127930936868,975,6.924538188814874e-11,healthy,aging,onek1k,NK
ZNF672,5.235970530229792e-10,-0.19723453743557987,975,7.555099029776321e-10,healthy,aging,onek1k,NK
ZNF675,1.1547987511872968e-10,-0.20448769420150684,975,2.0329604754517312e-10,healthy,aging,onek1k,NK
ZNF677,2.3917460221329557e-11,-0.2117675418860431,975,5.682644681789579e-11,healthy,aging,onek1k,NK
ZNF678,1.548824089109265e-10,-0.20310013552221892,975,2.5964371996123493e-10,healthy,aging,onek1k,NK
ZNF680,8.370328997301739e-12,-0.21647916244501778,975,2.5071317156278194e-11,healthy,aging,onek1k,NK
ZNF682,3.681667899683751e-10,-0.19894894007598407,975,5.526874376572282e-10,healthy,aging,onek1k,NK
ZNF683,1.3092386228943499e-20,0.2964911093410827,975,8.497339550836049e-20,healthy,aging,onek1k,NK
ZNF687,5.928298154290343e-10,-0.19662633156388368,975,8.436507453003567e-10,healthy,aging,onek1k,NK
ZNF688,9.208237018680574e-10,-0.19445379309780184,975,1.2596549341434899e-09,healthy,aging,onek1k,NK
ZNF692,1.5370023972747417e-20,-0.2947583105580853,975,1.2120911252772744e-19,healthy,aging,onek1k,NK
ZNF699,1.1859039322198384e-09,-0.19319425628940762,975,1.5912766139206325e-09,healthy,aging,onek1k,NK
ZNF7,7.535217061060977e-10,-0.19544610990882405,975,1.0489553265478717e-09,healthy,aging,onek1k,NK
ZNF700,2.741322910387742e-11,-0.21114721437445452,975,6.277232169322655e-11,healthy,aging,onek1k,NK
ZNF701,1.2179515008417115e-11,-0.21480855181881894,975,3.2755121187232415e-11,healthy,aging,onek1k,NK
ZNF706,1.1663871648632987e-13,-0.23462370978280878,975,8.282658707793311e-13,healthy,aging,onek1k,NK
ZNF708,7.536888942466835e-12,-0.21694390301038038,975,2.301117780347362e-11,healthy,aging,onek1k,NK
ZNF710,1.1094454199141741e-10,-0.20467630484615768,975,1.9640602389987617e-10,healthy,aging,onek1k,NK
ZNF714,1.682949800572652e-10,-0.20270579371161618,975,2.7669091505164336e-10,healthy,aging,onek1k,NK
ZNF717,8.746988317888153e-12,-0.2162838110807473,975,2.547509958795075e-11,healthy,aging,onek1k,NK
ZNF718,8.571343647380276e-12,-0.2163738621736874,975,2.5313500835627734e-11,healthy,aging,onek1k,NK
ZNF721,4.5195060127401155e-14,-0.23844859223719606,975,3.52632983710093e-13,healthy,aging,onek1k,NK
ZNF736,1.460788748828472e-10,-0.2033775151632828,975,2.4817701322483717e-10,healthy,aging,onek1k,NK
ZNF737,2.4261990934164564e-11,-0.21170259527914087,975,5.742913207517605e-11,healthy,aging,onek1k,NK
ZNF740,3.9051955657761106e-10,-0.1986630843523245,975,5.834712996471163e-10,healthy,aging,onek1k,NK
ZNF746,1.638566902415926e-10,-0.20283277954491222,975,2.7251954796412247e-10,healthy,aging,onek1k,NK
ZNF75A,7.411354548102067e-13,-0.22696317008301867,975,3.768893998926173e-12,healthy,aging,onek1k,NK
ZNF75D,8.563693907405146e-12,-0.21637782501749836,975,2.5313500835627734e-11,healthy,aging,onek1k,NK
ZNF76,2.607929071245497e-10,-0.20061273227974347,975,4.0596334309457e-10,healthy,aging,onek1k,NK
ZNF765,6.402166714353129e-13,-0.2275797031069059,975,3.3770756288643946e-12,healthy,aging,onek1k,NK
ZNF766,3.221122742903742e-08,-0.17591194476701988,975,3.870246337480101e-08,healthy,aging,onek1k,NK
ZNF770,6.905935520704399e-12,-0.2173304939647058,975,2.1500252427414682e-11,healthy,aging,onek1k,NK
ZNF780A,2.1544429504749297e-10,-0.2015283369818952,975,3.4384039005983727e-10,healthy,aging,onek1k,NK
ZNF780B,1.154101026920375e-11,-0.21504924925369123,975,3.130437117517927e-11,healthy,aging,onek1k,NK
ZNF782,1.7811132303262425e-11,-0.2131015244710629,975,4.5314128083790864e-11,healthy,aging,onek1k,NK
ZNF790,1.0983433085654346e-08,-0.18172713962453363,975,1.3478698466266459e-08,healthy,aging,onek1k,NK
ZNF791,5.962124137130639e-13,-0.22787898846792493,975,3.2483296478160032e-12,healthy,aging,onek1k,NK
ZNF800,1.9886113269462636e-09,-0.1905940674039588,975,2.607473773078254e-09,healthy,aging,onek1k,NK
ZNF805,1.921607037664235e-09,-0.19076759722632897,975,2.52485581662677e-09,healthy,aging,onek1k,NK
ZNF808,6.0540234985043885e-12,-0.21791129016670932,975,1.9722385797601924e-11,healthy,aging,onek1k,NK
ZNF814,1.2604186152636753e-13,-0.23430792552304724,975,8.850938907184918e-13,healthy,aging,onek1k,NK
ZNF827,8.40220398109746e-17,-0.26228267602237665,975,1.1061585241778323e-15,healthy,aging,onek1k,NK
ZNF83,9.452101327946242e-18,-0.27002350863598407,975,1.491852009815506e-16,healthy,aging,onek1k,NK
ZNF830,2.387068540918671e-10,-0.2010374170414872,975,3.7715682944935e-10,healthy,aging,onek1k,NK
ZNF831,3.611277480242833e-18,-0.27335865611796567,975,5.835916326957616e-17,healthy,aging,onek1k,NK
ZNF836,1.4687998199081515e-20,-0.29518587679939745,975,1.1851259447278068e-19,healthy,aging,onek1k,NK
ZNF84,2.6034223049454047e-11,-0.21138214237495498,975,6.059279888420454e-11,healthy,aging,onek1k,NK
ZNF841,1.799307288185512e-11,-0.21305567980736723,975,4.548648822004974e-11,healthy,aging,onek1k,NK
ZNF844,3.967718972483055e-12,-0.21976424988532825,975,1.449478834849301e-11,healthy,aging,onek1k,NK
ZNF846,2.875685237877504e-09,-0.18871624278299642,975,3.6939696551468746e-09,healthy,aging,onek1k,NK
ZNF880,9.99031901259879e-09,-0.18223036898664863,975,1.2331800031164288e-08,healthy,aging,onek1k,NK
ZNF91,1.0479986206646453e-11,-0.2154796127965171,975,2.892293133746969e-11,healthy,aging,onek1k,NK
ZNF92,3.1200264878993e-17,-0.26582316615621104,975,4.48005622807354e-16,healthy,aging,onek1k,NK
ZSCAN18,1.0000000000063719e-20,-0.36404823960379584,975,4.027039557248455e-29,healthy,aging,onek1k,NK
ZSCAN25,4.2670029336650534e-10,-0.19823257187909404,975,6.315564060920641e-10,healthy,aging,onek1k,NK
ZSCAN26,7.000488150032189e-09,-0.1841063222647003,975,8.743692709118622e-09,healthy,aging,onek1k,NK
ZSCAN29,5.589866321475002e-11,-0.20787558247244342,975,1.0937447413437157e-10,healthy,aging,onek1k,NK
ZSCAN30,2.6202835702303563e-13,-0.23130424531996147,975,1.5923261088322936e-12,healthy,aging,onek1k,NK
ZSCAN32,1.3988616089561844e-10,-0.20358258585526623,975,2.3894068562084016e-10,healthy,aging,onek1k,NK
ZXDC,1.7253024340540746e-10,-0.20258762714837003,975,2.817548160875905e-10,healthy,aging,onek1k,NK
ZZZ3,1.192680685318194e-12,-0.22494671068102168,975,5.502001363511668e-12,healthy,aging,onek1k,NK
ADNP,0.008543596056326277,-0.14865151279814923,312,0.029391827737252903,healthy,aging,abf300,NK
ADNP2,0.08925711493543644,-0.09636836379594642,312,0.17438195603126935,healthy,aging,abf300,NK
AEBP2,0.17718771137553663,-0.07659356234389957,312,0.2578566130043385,healthy,aging,abf300,NK
AHCTF1,0.16439552902070623,-0.07891205821289755,312,0.2505065918913703,healthy,aging,abf300,NK
AHDC1,0.37534763450286823,-0.050358512855921585,312,0.4175659976103965,healthy,aging,abf300,NK
AHR,7.964053131649759e-08,-0.2981567506350021,312,1.5753892601042702e-06,healthy,aging,abf300,NK
AKAP8,0.01813910252683321,-0.13370085067938825,312,0.051014119327855136,healthy,aging,abf300,NK
AKAP8L,0.22636693295702467,-0.0686845508221498,312,0.29914461077619336,healthy,aging,abf300,NK
AKNA,0.09075446451384235,-0.09592252960906786,312,0.1751450488940921,healthy,aging,abf300,NK
ANKZF1,0.012423239727924237,-0.1413841784061844,312,0.03873847659002976,healthy,aging,abf300,NK
ARHGAP35,0.21918704257731597,-0.06975625241587434,312,0.29395211430390045,healthy,aging,abf300,NK
ARID2,0.23212709175320267,-0.06784209021104018,312,0.3035877047102836,healthy,aging,abf300,NK
ARID3B,0.2967453145132703,-0.059258991627480655,312,0.35623676204206395,healthy,aging,abf300,NK
ARID5A,0.06955684792818621,-0.10288216726833325,312,0.1430459099586138,healthy,aging,abf300,NK
ARID5B,0.014823363601261099,-0.1378431957109316,312,0.043846678315879795,healthy,aging,abf300,NK
ARNT,0.12915602734932402,-0.08609402010099204,312,0.22202981877531675,healthy,aging,abf300,NK
ASCL2,2.179290969522599e-06,0.26440042308035233,312,2.6528676609765365e-05,healthy,aging,abf300,NK
ASH1L,0.10437693872992439,-0.09211475783922016,312,0.19150899193055693,healthy,aging,abf300,NK
ATF1,0.26455056819748113,-0.06335489559789081,312,0.3309496238517896,healthy,aging,abf300,NK
ATF2,0.20233257376578798,-0.072374737777639,312,0.2766788985682425,healthy,aging,abf300,NK
ATF3,0.0003743620767439465,-0.20016670450859222,312,0.0022355773073482843,healthy,aging,abf300,NK
ATF4,4.551546599121847e-08,-0.30345241495494235,312,9.65553999743031e-07,healthy,aging,abf300,NK
ATF5,0.009203005196906587,-0.1472327877859146,312,0.03098671430660569,healthy,aging,abf300,NK
ATF6,0.0755805386304772,-0.10074686656389045,312,0.1538343439006176,healthy,aging,abf300,NK
ATF6B,0.17257652003686894,-0.07741448220750488,312,0.2543466986900793,healthy,aging,abf300,NK
ATF7,0.24644680945049,-0.06580975032723729,312,0.3170748585003255,healthy,aging,abf300,NK
ATMIN,0.011166318749632753,-0.14348667393552886,312,0.03572143915467877,healthy,aging,abf300,NK
BACH1,0.03388597113954789,-0.1201489537976514,312,0.08346233358495647,healthy,aging,abf300,NK
BACH2,2.7170089674273245e-08,-0.30824414435620334,312,7.817575801731197e-07,healthy,aging,abf300,NK
BATF,0.006390847679802414,0.15408274549229103,312,0.023383853071184554,healthy,aging,abf300,NK
BAZ2A,0.012242336251941162,-0.14167487968672446,312,0.03836336063108295,healthy,aging,abf300,NK
BAZ2B,5.686885060133155e-06,-0.25370020497372975,312,5.999663738440469e-05,healthy,aging,abf300,NK
BBX,0.009685714642832079,-0.1462504111267952,312,0.032099776800590084,healthy,aging,abf300,NK
BCL11B,0.38046275735508517,0.049821970383680754,312,0.4225139042206472,healthy,aging,abf300,NK
BCL6,8.667861767947098e-06,-0.24884424857302923,312,8.849607256629848e-05,healthy,aging,abf300,NK
BHLHE40,7.261774006843083e-05,-0.2226848881336215,312,0.0005472265412299607,healthy,aging,abf300,NK
BPTF,0.08249473247594129,-0.09845999014077038,312,0.1636964440666797,healthy,aging,abf300,NK
BRF2,0.03538633018547198,-0.11916400805855441,312,0.08681994964109986,healthy,aging,abf300,NK
CAMTA1,0.14193115626756236,-0.08333502582660737,312,0.2345217353621156,healthy,aging,abf300,NK
CAMTA2,0.39839815148716395,-0.047974604258263664,312,0.4355544557709409,healthy,aging,abf300,NK
CARF,0.08433978085434762,-0.09787601849971267,312,0.16579838907081382,healthy,aging,abf300,NK
CASZ1,0.3149925726198613,-0.057068356892751484,312,0.3699263422418779,healthy,aging,abf300,NK
CC2D1A,0.3839363463949004,-0.049460125349915375,312,0.4241391051797067,healthy,aging,abf300,NK
CDC5L,0.05558006003470183,-0.10849204983168527,312,0.12599836728623304,healthy,aging,abf300,NK
CEBPB,0.5367287765901763,-0.03510430405673261,312,0.560642434953105,healthy,aging,abf300,NK
CEBPD,0.0021077590653123283,-0.17344076312335963,312,0.009330150268130796,healthy,aging,abf300,NK
CEBPG,0.41132538376915273,-0.04667385930346101,312,0.4473693606973775,healthy,aging,abf300,NK
CEBPZ,2.7714295686902042e-05,-0.23490975639616968,312,0.00024365484958068038,healthy,aging,abf300,NK
CENPT,0.2844581541408009,-0.06078502513416343,312,0.3479906213985838,healthy,aging,abf300,NK
CENPX,0.5626549838367693,0.032897069112917544,312,0.5829142467572421,healthy,aging,abf300,NK
CGGBP1,0.0966287446734078,-0.09422832017462192,312,0.18258506083064818,healthy,aging,abf300,NK
CHAMP1,0.04080872087096199,-0.11587657379493513,312,0.09691433466690245,healthy,aging,abf300,NK
CHCHD3,0.05853536603975064,-0.10721600756897473,312,0.12941277626117387,healthy,aging,abf300,NK
CIC,0.2873575374689869,-0.060421006263493955,312,0.34846230118365656,healthy,aging,abf300,NK
CLOCK,0.023312781974666217,-0.1283988624702724,312,0.06343499363502877,healthy,aging,abf300,NK
CREB1,0.09231519328831875,-0.0954640476438381,312,0.17654234849397513,healthy,aging,abf300,NK
CREB3,0.4430543272427522,-0.04357969890277048,312,0.47454042156457216,healthy,aging,abf300,NK
CREB3L2,0.2361649822508151,-0.06726029240688657,312,0.30759760033902456,healthy,aging,abf300,NK
CREBL2,0.0039347421124445595,-0.1628004243423684,312,0.015664728032562303,healthy,aging,abf300,NK
CREBZF,0.16738378738345594,-0.07835871791003407,312,0.2516720603651487,healthy,aging,abf300,NK
CREM,0.0004523857973397749,-0.19740632688345042,312,0.0025798217091538515,healthy,aging,abf300,NK
CSRNP1,0.000177349761390449,-0.21071831121958853,312,0.001169399989168273,healthy,aging,abf300,NK
CTCF,0.09048018833403207,-0.09600375206066675,312,0.1751450488940921,healthy,aging,abf300,NK
CUX1,0.0013345705507291385,-0.18086777571700793,312,0.0063043519299369,healthy,aging,abf300,NK
CXXC1,0.1540886160245004,-0.08088056634033437,312,0.24636480736688252,healthy,aging,abf300,NK
CXXC5,0.005530730747255471,-0.15672553830307434,312,0.020593838605957135,healthy,aging,abf300,NK
DBP,0.41535781657548065,-0.04627308282695847,312,0.4494384579355201,healthy,aging,abf300,NK
DDIT3,0.0002199188149313903,-0.2077334355287136,312,0.0014351403077481448,healthy,aging,abf300,NK
DEAF1,0.0021809626359438083,-0.17287418217753478,312,0.009521029990016763,healthy,aging,abf300,NK
DMTF1,0.11225578064110502,-0.09008913708766636,312,0.2024441856006253,healthy,aging,abf300,NK
DNMT1,0.3434185729396172,-0.053814913533450956,312,0.39097833933593107,healthy,aging,abf300,NK
DNTTIP1,0.1985579280793123,-0.07298262162464189,312,0.2731292467982599,healthy,aging,abf300,NK
DOT1L,0.19835082058745152,-0.07301621728588717,312,0.2731292467982599,healthy,aging,abf300,NK
DR1,0.26416701065973003,-0.06340568433283222,312,0.3309496238517896,healthy,aging,abf300,NK
DRAP1,0.1660383557084691,0.07860693056017569,312,0.25084076172663705,healthy,aging,abf300,NK
E2F3,8.243323792188969e-09,-0.3190048346530674,312,3.0694258590878157e-07,healthy,aging,abf300,NK
E2F4,0.208927596038187,-0.07133208654981482,312,0.28319307985475883,healthy,aging,abf300,NK
E2F5,0.16185147638480113,-0.07938911660258055,312,0.24988288915019297,healthy,aging,abf300,NK
E4F1,0.009096773208858775,-0.14745511201474368,312,0.03089791850427839,healthy,aging,abf300,NK
EEA1,0.046830953363333365,-0.11263222102632452,312,0.10898527014334566,healthy,aging,abf300,NK
EGR1,0.00026135349039345396,-0.20530782878680415,312,0.0016061821302821005,healthy,aging,abf300,NK
ELF1,0.00010108144904725456,-0.2183287165993288,312,0.0007270972414421832,healthy,aging,abf300,NK
ELF2,0.0004033193830143508,-0.19908472659495738,312,0.0023859922378325613,healthy,aging,abf300,NK
ELF4,0.43989372026910045,-0.04388205985397803,312,0.47195377106837383,healthy,aging,abf300,NK
ELK3,5.059518634361739e-09,-0.3232886767049144,312,2.4635963811881935e-07,healthy,aging,abf300,NK
ELK4,0.016556394738151032,-0.13558734586907922,312,0.04742170981560906,healthy,aging,abf300,NK
EOMES,7.475377757421698e-05,-0.22230644289077023,312,0.0005566957788762275,healthy,aging,abf300,NK
ESRRA,0.5716227625248079,-0.032145119165633416,312,0.5912372690820318,healthy,aging,abf300,NK
ETS1,0.000980293750306054,-0.18572551071153912,312,0.004888452850665164,healthy,aging,abf300,NK
ETV3,2.3558173638177035e-05,-0.23690850061872723,312,0.00021303319875665795,healthy,aging,abf300,NK
ETV6,1.0796278112266374e-09,-0.33642141830723216,312,1.2633972142436141e-07,healthy,aging,abf300,NK
FAM200B,0.38179413973676246,-0.04968304244335466,312,0.4230325629148527,healthy,aging,abf300,NK
FLI1,0.005001150612286905,-0.1585428659549074,312,0.01884362105700959,healthy,aging,abf300,NK
FLYWCH1,0.11799974476531738,-0.08868167650302575,312,0.2104051786942138,healthy,aging,abf300,NK
FOS,1.467328633429649e-05,-0.24263616561797446,312,0.00014073015529711625,healthy,aging,abf300,NK
FOSB,3.378229822547426e-05,-0.23245035637147823,312,0.00027771681528214546,healthy,aging,abf300,NK
FOSL2,8.571659287961775e-05,-0.2205112488510517,312,0.0006236621068137704,healthy,aging,abf300,NK
FOXJ2,0.15412395531956632,-0.08087364958654858,312,0.24636480736688252,healthy,aging,abf300,NK
FOXJ3,0.04123677946805229,-0.11563310406167521,312,0.09703673384117881,healthy,aging,abf300,NK
FOXK1,4.2583381543111455e-08,-0.3040757132818107,312,9.65553999743031e-07,healthy,aging,abf300,NK
FOXN2,0.20237334918972558,-0.07236821626692669,312,0.2766788985682425,healthy,aging,abf300,NK
FOXN3,0.06499129201976682,-0.10460364847484889,312,0.13667603936382855,healthy,aging,abf300,NK
FOXO1,0.007246113914985205,-0.15175377568184598,312,0.025664703390980467,healthy,aging,abf300,NK
FOXO3,0.041031661438751754,-0.11574950314681327,312,0.09691433466690245,healthy,aging,abf300,NK
FOXP1,0.0009023304648057602,-0.18701024832186605,312,0.004606251485661662,healthy,aging,abf300,NK
GABPA,0.21282162583751962,-0.07072756226893646,312,0.2872411282625798,healthy,aging,abf300,NK
GATA3,2.8540572144673383e-08,-0.3077908005509288,312,7.854861811987792e-07,healthy,aging,abf300,NK
GATAD2A,0.10560356226481372,-0.09179164662665525,312,0.1926428095493576,healthy,aging,abf300,NK
GATAD2B,0.024296479784377954,-0.12750837982573568,312,0.06516810043860698,healthy,aging,abf300,NK
GFI1,0.6814654669145561,-0.02332843192565082,312,0.6935171070046849,healthy,aging,abf300,NK
GLI4,0.24414121704339192,-0.06613128056750833,312,0.3153659635385355,healthy,aging,abf300,NK
GLMP,0.32253872130075767,-0.05618676721736792,312,0.37599817786994405,healthy,aging,abf300,NK
GLYR1,0.13222531376979516,-0.085412621042323,312,0.22379311127347684,healthy,aging,abf300,NK
GMEB1,0.2633504274142041,-0.06351398093496408,312,0.3309496238517896,healthy,aging,abf300,NK
GPBP1,0.011980669313795617,-0.14210213744914973,312,0.037730167540460824,healthy,aging,abf300,NK
GPBP1L1,0.12220390285093108,-0.08768507109326128,312,0.21487519584622047,healthy,aging,abf300,NK
GTF2B,8.132119744811826e-05,-0.2212035170942413,312,0.0005985618370309169,healthy,aging,abf300,NK
GTF2I,0.031718085929805684,-0.121639810670795,312,0.07999023264369322,healthy,aging,abf300,NK
GTF2IRD2,4.081089365011668e-06,-0.25745521179326863,312,4.7803179216872756e-05,healthy,aging,abf300,NK
GTF2IRD2B,3.343969577422661e-05,-0.23257762464113688,312,0.00027771681528214546,healthy,aging,abf300,NK
GTF3A,0.7935038606898777,-0.014878332636315278,312,0.803660710106708,healthy,aging,abf300,NK
GZF1,0.020053322990629476,-0.13160210995924174,312,0.054951313649647004,healthy,aging,abf300,NK
HBP1,0.00010306357245341177,-0.21807022762927683,312,0.0007330251838540409,healthy,aging,abf300,NK
HES4,0.4538251446497491,0.04255839080091389,312,0.48443729605951297,healthy,aging,abf300,NK
HES6,0.1580745440907615,0.08010786613169288,312,0.24822820393746844,healthy,aging,abf300,NK
HIF1A,3.322411514741346e-07,-0.28413016682202313,312,4.8908988112353685e-06,healthy,aging,abf300,NK
HINFP,0.02002567342345633,-0.13163116032514208,312,0.054951313649647004,healthy,aging,abf300,NK
HIVEP1,6.957571440051071e-09,-0.3205006320646294,312,2.9360951476973323e-07,healthy,aging,abf300,NK
HIVEP2,9.616387059467871e-09,-0.3176386769696048,312,3.2037752677035956e-07,healthy,aging,abf300,NK
HIVEP3,0.596127939599127,-0.03011811506332245,312,0.6139728893765286,healthy,aging,abf300,NK
HMBOX1,0.11102270805224844,-0.09039861241419643,312,0.2013678343755681,healthy,aging,abf300,NK
HMG20A,0.02833269424878556,-0.12415197564579522,312,0.07290485959138723,healthy,aging,abf300,NK
HMG20B,0.2767060181417742,-0.06177076135940738,312,0.3414325720930664,healthy,aging,abf300,NK
HMGA1,0.023349689600255456,-0.12836487156595366,312,0.06343499363502877,healthy,aging,abf300,NK
HMGN3,0.9285955147506291,-0.005093695109395066,312,0.9315387651935788,healthy,aging,abf300,NK
HOXB2,0.5548649113084909,0.033554951208714864,312,0.5767315087984807,healthy,aging,abf300,NK
HOXB4,0.4835833636067679,-0.03980492992955787,312,0.5127441694524022,healthy,aging,abf300,NK
HSF1,0.0015609481359423647,-0.1783536345266404,312,0.007207807335551825,healthy,aging,abf300,NK
HSF2,0.06923473103419389,-0.1030005425688387,312,0.1430459099586138,healthy,aging,abf300,NK
IKZF1,0.6325042810628061,-0.027177111353603057,312,0.6468097090674576,healthy,aging,abf300,NK
IKZF2,0.015007238178384872,-0.13759320446695936,312,0.043979545217211216,healthy,aging,abf300,NK
IKZF3,0.5476582167912047,0.034167577972599436,312,0.5701770579421589,healthy,aging,abf300,NK
IKZF5,0.05922648653466422,-0.10692530628843468,312,0.1301748818626474,healthy,aging,abf300,NK
IRF1,4.914640319709e-05,-0.22771969202506898,312,0.0003937933319463034,healthy,aging,abf300,NK
IRF2,0.8436709658226648,-0.011208895942183461,312,0.8503880913467307,healthy,aging,abf300,NK
IRF3,0.3661681171274983,-0.05133278703203478,312,0.4087908609201171,healthy,aging,abf300,NK
IRF7,0.10819076272198687,-0.09111973340174959,312,0.19679526667533817,healthy,aging,abf300,NK
IRF8,4.14312791976246e-08,-0.30433202841495854,312,9.65553999743031e-07,healthy,aging,abf300,NK
IRF9,0.009301710281218302,-0.14702824949539187,312,0.031153347132334315,healthy,aging,abf300,NK
JAZF1,0.9761999023468577,-0.0016957904067398276,312,0.9761999023468577,healthy,aging,abf300,NK
JUN,0.00014586402792093547,-0.21339450207008046,312,0.000982482833263631,healthy,aging,abf300,NK
JUNB,0.001571370319598976,-0.17824612841065549,312,0.007207807335551825,healthy,aging,abf300,NK
JUND,0.0005842956016713687,-0.1936155505657621,312,0.003216166224851969,healthy,aging,abf300,NK
KAT7,0.06527924968019737,-0.10449218992812925,312,0.13682703658134085,healthy,aging,abf300,NK
KCMF1,0.21466233913011473,-0.07044456822832915,312,0.2889495149188844,healthy,aging,abf300,NK
KDM2A,0.00104391367585758,-0.18474511026778706,312,0.005122460130370916,healthy,aging,abf300,NK
KDM2B,0.13678854176096675,-0.0844217466571239,312,0.2289676506532132,healthy,aging,abf300,NK
KDM5B,6.105202467442694e-07,-0.2779151671131826,312,8.401289482372092e-06,healthy,aging,abf300,NK
KIN,0.2849070332565802,-0.06072850537465666,312,0.3479906213985838,healthy,aging,abf300,NK
KLF10,4.775520567797634e-06,-0.25568412758103204,312,5.123566982060841e-05,healthy,aging,abf300,NK
KLF11,0.007257475366485788,-0.1517245276944089,312,0.025664703390980467,healthy,aging,abf300,NK
KLF12,0.39185546328220544,-0.04864256505243459,312,0.42988649611375396,healthy,aging,abf300,NK
KLF13,0.16138888463191933,-0.07947646532181829,312,0.24977790702201694,healthy,aging,abf300,NK
KLF2,0.7317761782220492,-0.019481531091529215,312,0.7435221842930291,healthy,aging,abf300,NK
KLF3,0.0004180199990532237,-0.19856280811643506,312,0.0024500616611175057,healthy,aging,abf300,NK
KLF4,2.4329221363356477e-10,-0.34853048034925244,312,1.2633972142436141e-07,healthy,aging,abf300,NK
KLF6,0.002386713585609679,-0.17136988703989306,312,0.01020803851142518,healthy,aging,abf300,NK
KLF7,0.04089631867234782,-0.11582657554614069,312,0.09691433466690245,healthy,aging,abf300,NK
KLF9,0.0983213785397033,-0.0937554118372104,312,0.18413441602258043,healthy,aging,abf300,NK
KMT2A,0.05573387494493721,-0.10842426564458447,312,0.12599836728623304,healthy,aging,abf300,NK
KMT2B,0.009864047126729883,-0.1458984471698667,312,0.03252053037093758,healthy,aging,abf300,NK
L3MBTL3,0.07648597170454419,-0.10043798410197058,312,0.15418987289482952,healthy,aging,abf300,NK
LCOR,0.05660413800863892,-0.10804364656482911,312,0.1270582246789661,healthy,aging,abf300,NK
LCORL,0.23058617843986004,-0.06806599541216313,312,0.30262555497574156,healthy,aging,abf300,NK
LEF1,1.3229466118708882e-06,-0.26978936476563237,312,1.674850410628532e-05,healthy,aging,abf300,NK
LIN54,0.12597156801162807,-0.08681435060239824,312,0.2178688594299469,healthy,aging,abf300,NK
MAF,0.8394314670816638,0.011516987917956377,312,0.84746430408723,healthy,aging,abf300,NK
MAFF,1.7918247220908165e-07,-0.29028686817752625,312,2.908269356624163e-06,healthy,aging,abf300,NK
MAX,0.07382802373876039,-0.10135336706013616,312,0.150752061376243,healthy,aging,abf300,NK
MAZ,0.18081764617933316,-0.07595840672482698,312,0.2613186530399952,healthy,aging,abf300,NK
MBD1,0.11861444214833108,-0.08853425083661999,312,0.2109071401120606,healthy,aging,abf300,NK
MBD2,0.01910219801185059,-0.13262203471034117,312,0.052802145596076086,healthy,aging,abf300,NK
MBD4,0.16056039075458003,-0.07963337682198743,312,0.24977790702201694,healthy,aging,abf300,NK
MBD6,0.013539976867289083,-0.13966803298116065,312,0.04162924313910481,healthy,aging,abf300,NK
MBNL2,0.17270186335569715,-0.07739195335231688,312,0.2543466986900793,healthy,aging,abf300,NK
MECP2,0.4090569633517459,-0.04690033358456157,312,0.44566791360009494,healthy,aging,abf300,NK
MEF2A,1.7776833303700562e-07,-0.2903649286845374,312,2.908269356624163e-06,healthy,aging,abf300,NK
MEF2C,5.342933730137622e-10,-0.3422026387429351,312,1.2633972142436141e-07,healthy,aging,abf300,NK
MEF2D,0.0074607033111691624,-0.15120814261891524,312,0.02612904984509789,healthy,aging,abf300,NK
MGA,0.10298119669829778,-0.0924860887067489,312,0.18949737648262352,healthy,aging,abf300,NK
MLX,0.30712183614920496,-0.058002711518443814,312,0.3646397128644019,healthy,aging,abf300,NK
MLXIP,1.9140991583231474e-08,-0.31144917043900333,312,6.058123836089597e-07,healthy,aging,abf300,NK
MNT,0.06036230380353037,-0.10645358368024355,312,0.13041272872791512,healthy,aging,abf300,NK
MTERF1,0.060704556588598094,-0.10631287714608684,312,0.13041272872791512,healthy,aging,abf300,NK
MTERF2,0.4364996973085079,-0.044208135389594005,312,0.46910748454377843,healthy,aging,abf300,NK
MTERF3,0.03202352400388671,-0.12142460081728847,312,0.08044004243833447,healthy,aging,abf300,NK
MTERF4,0.05984333897422418,-0.10666820066913989,312,0.13041272872791512,healthy,aging,abf300,NK
MTF1,0.05497452997322815,-0.10876041987857404,312,0.1251758182483936,healthy,aging,abf300,NK
MTF2,5.321161845890662e-05,-0.226703917326241,312,0.00041583894425293693,healthy,aging,abf300,NK
MXD1,0.12462741366416707,-0.08712264019970789,312,0.21672844189400484,healthy,aging,abf300,NK
MXD4,0.5601805379786629,-0.03310555983417503,312,0.5813020992467108,healthy,aging,abf300,NK
MXI1,0.0005332582108055253,-0.19497775581848992,312,0.0029609863810517324,healthy,aging,abf300,NK
MYBL1,0.5253988076075751,-0.036085494986631605,312,0.5506249092973428,healthy,aging,abf300,NK
MYC,7.519111016057932e-07,-0.2757520017720598,312,1.0126802708860869e-05,healthy,aging,abf300,NK
MYNN,0.16313453571581152,-0.07914782070622473,312,0.2505065918913703,healthy,aging,abf300,NK
MYSM1,0.15600776021813614,-0.08050666639282805,312,0.24794594339786277,healthy,aging,abf300,NK
MZF1,7.2836451443379e-10,-0.33967071161426116,312,1.2633972142436141e-07,healthy,aging,abf300,NK
NACC2,0.5077974097373636,-0.03763148826852482,312,0.5344343104094971,healthy,aging,abf300,NK
NCOA1,0.17308490938070556,-0.07732318105753241,312,0.2543466986900793,healthy,aging,abf300,NK
NCOA2,0.0670818699197036,-0.10380347887260097,312,0.13982743261236283,healthy,aging,abf300,NK
NCOA3,0.01801631956106262,-0.13384195245661842,312,0.05091218875960999,healthy,aging,abf300,NK
NFAT5,0.1857573477743464,-0.07510902935993154,312,0.2637393657639041,healthy,aging,abf300,NK
NFATC1,0.31207410297363136,-0.05741300885282073,312,0.3685250479326778,healthy,aging,abf300,NK
NFATC2,0.6360114111704055,-0.026897476879120266,312,0.6493471343078495,healthy,aging,abf300,NK
NFATC3,0.6241133864806888,-0.027848826956971974,312,0.6402978503116304,healthy,aging,abf300,NK
NFE2L1,0.2977081313116143,-0.05914120919158542,312,0.35623676204206395,healthy,aging,abf300,NK
NFE2L2,3.024830827895195e-05,-0.23382619751024095,312,0.00026229012521337774,healthy,aging,abf300,NK
NFE2L3,3.1466166012988903e-07,-0.28467817134339474,312,4.742400734814605e-06,healthy,aging,abf300,NK
NFIC,3.536571685844493e-08,-0.305806482700553,312,9.292665206425384e-07,healthy,aging,abf300,NK
NFIL3,0.15367106749792828,-0.08096238165654347,312,0.24636480736688252,healthy,aging,abf300,NK
NFKB1,8.087910961658214e-06,-0.24964896347062215,312,8.392864981524006e-05,healthy,aging,abf300,NK
NFKB2,2.8669591099599256e-07,-0.2856137116983074,312,4.536962791511424e-06,healthy,aging,abf300,NK
NFX1,0.040001920479899145,-0.11634137964934047,312,0.09574204057934428,healthy,aging,abf300,NK
NFYA,0.1878881051044916,-0.07474777719077638,312,0.26547582707844464,healthy,aging,abf300,NK
NFYB,0.41899236879138035,-0.04591380687317068,312,0.45235624292134125,healthy,aging,abf300,NK
NFYC,0.341420386018531,-0.05403783062689025,312,0.38940379162113536,healthy,aging,abf300,NK
NME2,0.0010748158238212643,-0.1842886045179247,312,0.005233526280606617,healthy,aging,abf300,NK
NR1D2,0.0007224513640749193,-0.19041665075060096,312,0.003779435648424991,healthy,aging,abf300,NK
NR1H2,0.0025243543139581975,-0.17042822041734149,312,0.010652775204903594,healthy,aging,abf300,NK
NR2C1,0.057843516654566794,-0.10750987079410258,312,0.12847349488540624,healthy,aging,abf300,NK
NR2C2,0.1858258406488171,-0.07509736968926407,312,0.2637393657639041,healthy,aging,abf300,NK
NR3C1,0.007188782836890692,-0.1519019918343987,312,0.025664703390980467,healthy,aging,abf300,NK
NR3C2,0.014554030087500662,-0.1382143289569236,312,0.04325211758398084,healthy,aging,abf300,NK
NR4A1,0.00023969402868274039,-0.20652695604693444,312,0.0015172632015617467,healthy,aging,abf300,NK
NR4A2,0.00043558684151389634,-0.19796105053707103,312,0.002528858788087325,healthy,aging,abf300,NK
NR4A3,5.818699722812662e-05,-0.22555593381933606,312,0.00044917523470005064,healthy,aging,abf300,NK
NRF1,0.31478112361034644,-0.05709325720638034,312,0.3699263422418779,healthy,aging,abf300,NK
PA2G4,0.12288056028928902,-0.08752717148540845,312,0.21546646721085858,healthy,aging,abf300,NK
PATZ1,2.090407644880668e-05,-0.2383679356675297,312,0.00019177217959557424,healthy,aging,abf300,NK
PBX2,0.06038052980734555,-0.10644607406184754,312,0.13041272872791512,healthy,aging,abf300,NK
PBX3,0.010300890229498936,-0.14505954374641833,312,0.03343827443729654,healthy,aging,abf300,NK
PCGF6,0.2973007810781405,-0.05919100981884313,312,0.35623676204206395,healthy,aging,abf300,NK
PHF1,4.139296310459188e-06,-0.25729612645619543,312,4.7803179216872756e-05,healthy,aging,abf300,NK
PHF19,0.300514639874793,-0.05879932393303048,312,0.35891654158630937,healthy,aging,abf300,NK
PHF20,1.2116223640868876e-05,-0.24491335858579444,312,0.00011983702444796863,healthy,aging,abf300,NK
PHF21A,0.13697949881600416,-0.08438083899901937,312,0.2289676506532132,healthy,aging,abf300,NK
PIN1,0.6660440265228421,-0.024528389896717625,312,0.678914442494298,healthy,aging,abf300,NK
PKNOX1,0.3193579049210006,-0.05655671473413949,312,0.37297703655902836,healthy,aging,abf300,NK
PLSCR1,8.724231879325113e-08,-0.2972836586856982,312,1.6734662968521707e-06,healthy,aging,abf300,NK
POGK,0.00010857414468830495,-0.2173753903061097,312,0.0007636381509744114,healthy,aging,abf300,NK
POU2F1,0.17180396978127319,-0.0775536077693677,312,0.2543466986900793,healthy,aging,abf300,NK
POU2F2,0.20817744377468464,-0.07144947374263658,312,0.2827818066724794,healthy,aging,abf300,NK
PRDM1,0.0001349344564275011,0.21445177729162315,312,0.000928407727376176,healthy,aging,abf300,NK
PRDM10,0.41511657265433144,-0.046296995032903646,312,0.4494384579355201,healthy,aging,abf300,NK
PRDM2,0.00966953710432477,-0.14628262343728332,312,0.032099776800590084,healthy,aging,abf300,NK
PRDM4,0.32726920897033007,-0.05564093653290044,312,0.3785647113938779,healthy,aging,abf300,NK
PRDM8,1.468507894127004e-06,-0.26867201259692164,312,1.8226774450635042e-05,healthy,aging,abf300,NK
PREB,0.8527714261432061,-0.010548642387945287,312,0.8581944558802058,healthy,aging,abf300,NK
PRMT3,0.016331583877672588,-0.13586796845124569,312,0.04720498901628652,healthy,aging,abf300,NK
PRR12,0.10027527948869208,-0.0932174860142124,312,0.18559722782556165,healthy,aging,abf300,NK
PURA,0.0034920502098577336,-0.16488276247496572,312,0.014169665274615035,healthy,aging,abf300,NK
PURB,0.0034515685256528796,-0.16508492930704763,312,0.014095760495085631,healthy,aging,abf300,NK
RARA,4.415314269369125e-09,-0.3244720344668953,312,2.3290782770869382e-07,healthy,aging,abf300,NK
RBAK,0.24368388810438676,-0.0661953099454111,312,0.3153659635385355,healthy,aging,abf300,NK
RBCK1,0.19096733311689812,-0.07423099687220923,312,0.2662658810788342,healthy,aging,abf300,NK
RBPJ,4.035287641218153e-09,-0.3252512561862491,312,2.3221246153497825e-07,healthy,aging,abf300,NK
RBSN,0.1893566086832803,-0.07450055264831845,312,0.2662658810788342,healthy,aging,abf300,NK
REL,0.0002446082160571931,-0.2062415905478863,312,0.001518009811413757,healthy,aging,abf300,NK
RELA,0.27033160637383297,-0.0625954360322107,312,0.3355292290875221,healthy,aging,abf300,NK
RELB,3.072859180826035e-05,-0.23363055218887138,312,0.0002628540353328216,healthy,aging,abf300,NK
REPIN1,1.4640320999332306e-05,-0.2426630421469707,312,0.00014073015529711625,healthy,aging,abf300,NK
REST,0.06070889303787022,-0.10631109855225622,312,0.13041272872791512,healthy,aging,abf300,NK
REXO4,0.029986939086804974,-0.12289411456446447,312,0.07623185719657649,healthy,aging,abf300,NK
RFX1,0.018860511737884608,-0.13288823092032587,312,0.052362736535442794,healthy,aging,abf300,NK
RFX2,7.454786194659362e-09,-0.31989274821762653,312,2.949299788258154e-07,healthy,aging,abf300,NK
RFX3,0.006344376924998823,-0.15421712813727215,312,0.023348782520489855,healthy,aging,abf300,NK
RFX5,0.13709121579394598,-0.08435692679307417,312,0.2289676506532132,healthy,aging,abf300,NK
RFX7,0.18275284693781074,-0.07562363584159458,312,0.2623187122712794,healthy,aging,abf300,NK
RLF,0.0007036231153317265,-0.19081742722710354,312,0.0037677096914245445,healthy,aging,abf300,NK
RORA,0.7755358406618488,-0.01620694222779784,312,0.7867214537483178,healthy,aging,abf300,NK
RREB1,0.011127063261290947,-0.14355564385185005,312,0.03572143915467877,healthy,aging,abf300,NK
RUNX1,0.49742782705327815,-0.038555368952770085,312,0.5247863575412084,healthy,aging,abf300,NK
RUNX2,1.109444920141393e-07,-0.2949679295182146,312,2.065525395439525e-06,healthy,aging,abf300,NK
RUNX3,0.003985198780553912,-0.16257671676278215,312,0.015740576758060017,healthy,aging,abf300,NK
RXRB,0.30458313033514156,-0.0583074439280922,312,0.36240812312433196,healthy,aging,abf300,NK
SAFB,0.12534031845500024,-0.08695881194575295,312,0.2173710180329182,healthy,aging,abf300,NK
SAFB2,0.00783141715970777,-0.15029770019916808,312,0.02708900033931704,healthy,aging,abf300,NK
SATB1,4.477555921525198e-08,-0.30360596688898694,312,9.65553999743031e-07,healthy,aging,abf300,NK
SCMH1,1.0115574583463654e-06,-0.27263926494691604,312,1.3339913981942561e-05,healthy,aging,abf300,NK
SCML4,4.15351478187679e-06,-0.2572575902565317,312,4.7803179216872756e-05,healthy,aging,abf300,NK
SETBP1,0.6117971265603874,0.02884187517907518,312,0.6286811381700085,healthy,aging,abf300,NK
SETDB1,0.028315198941302713,-0.12416561153183005,312,0.07290485959138723,healthy,aging,abf300,NK
SETDB2,0.07791820291255348,-0.09995539230925893,312,0.15657848394808369,healthy,aging,abf300,NK
SGSM2,0.0007083056133957674,-0.19071683786490443,312,0.0037677096914245445,healthy,aging,abf300,NK
SKI,0.0011581564983773505,-0.1831151278327806,312,0.005553886844491386,healthy,aging,abf300,NK
SKIL,2.6787747360872122e-05,-0.235329504540199,312,0.00023882597294974715,healthy,aging,abf300,NK
SLC2A4RG,0.5294170463263155,0.0357362977312174,312,0.5539189922719963,healthy,aging,abf300,NK
SMAD3,2.461335500662879e-09,-0.3294926096076977,312,1.9304254313626682e-07,healthy,aging,abf300,NK
SMAD4,0.1454214902957363,-0.08261449770366443,312,0.23724691586907495,healthy,aging,abf300,NK
SMAD5,0.05712681968386076,-0.10781736990526528,312,0.1273284396474784,healthy,aging,abf300,NK
SMYD3,0.005693220074590294,-0.15619927215074383,312,0.021074902381378102,healthy,aging,abf300,NK
SNAI1,0.0003177896768150318,-0.2025263056572315,312,0.0019342390906145687,healthy,aging,abf300,NK
SNAPC2,0.1429192074539085,-0.08312969704993768,312,0.23498145017746513,healthy,aging,abf300,NK
SNAPC5,0.4571724611273037,-0.04224377731442866,312,0.4871888348376822,healthy,aging,abf300,NK
SON,0.03618085186816716,-0.11865671357375066,312,0.08842656074343558,healthy,aging,abf300,NK
SOX13,0.00023874179737912697,-0.20658288294183103,312,0.0015172632015617467,healthy,aging,abf300,NK
SOX4,1.1975329045063168e-09,-0.33555939316398553,312,1.2633972142436141e-07,healthy,aging,abf300,NK
SP1,0.29082087395884243,-0.05998940082726044,312,0.3513160557556246,healthy,aging,abf300,NK
SP100,0.011727242502934302,-0.1425238618085464,312,0.03711672252178707,healthy,aging,abf300,NK
SP110,0.018213571829534377,-0.1336156757970546,312,0.051014119327855136,healthy,aging,abf300,NK
SP140,0.5082613820956039,-0.03759038298888353,312,0.5344343104094971,healthy,aging,abf300,NK
SP140L,0.0074713396871448935,-0.15118146371145577,312,0.02612904984509789,healthy,aging,abf300,NK
SP2,0.3575314504615519,-0.05226338684852912,312,0.40198473915126526,healthy,aging,abf300,NK
SP3,0.02546303241643544,-0.12649181464076079,312,0.06743974694394826,healthy,aging,abf300,NK
SP4,0.25179115225948256,-0.06507242437367171,312,0.32133830520212187,healthy,aging,abf300,NK
SPEN,0.16428637136364932,-0.07893241323118144,312,0.2505065918913703,healthy,aging,abf300,NK
SPI1,0.946036961638577,-0.003847296077195078,312,0.9475338555652203,healthy,aging,abf300,NK
SRCAP,0.150646079138246,-0.08156018680517277,312,0.24264368471885422,healthy,aging,abf300,NK
SREBF1,0.0022493729991044193,-0.17236016856048197,312,0.00968607556757209,healthy,aging,abf300,NK
SREBF2,0.3930622957929295,-0.048518853970437245,312,0.4304644173649211,healthy,aging,abf300,NK
STAT1,0.0010934973036878155,-0.18401845587720525,312,0.005283845749880819,healthy,aging,abf300,NK
STAT2,0.1444423595064883,-0.08281528118498918,312,0.23687050147048466,healthy,aging,abf300,NK
STAT3,0.06077686409910737,-0.1062832339155763,312,0.13041272872791512,healthy,aging,abf300,NK
STAT4,0.22062483309339434,-0.06953965921161062,312,0.2947741684488974,healthy,aging,abf300,NK
STAT5A,3.0574795792634327e-09,-0.3276399077007887,312,1.935384573667423e-07,healthy,aging,abf300,NK
STAT5B,0.228224410763682,-0.0684112402368426,312,0.30097094169460564,healthy,aging,abf300,NK
STAT6,0.10163462826978577,-0.09284813136205103,312,0.1875647804512373,healthy,aging,abf300,NK
TBP,0.09809865472179906,-0.09381726737820904,312,0.18413441602258043,healthy,aging,abf300,NK
TBPL1,0.38955982547946244,-0.048878525167298514,312,0.4281100165425343,healthy,aging,abf300,NK
TBX21,0.013283903999545916,0.14005023303320993,312,0.04121917270447336,healthy,aging,abf300,NK
TCF12,0.12942970478371546,-0.08603275742460358,312,0.22202981877531675,healthy,aging,abf300,NK
TCF20,0.1818141915491638,-0.0757856855017189,312,0.2621603263112089,healthy,aging,abf300,NK
TCF4,3.6700889440868546e-08,-0.30546202836202047,312,9.292665206425384e-07,healthy,aging,abf300,NK
TCF7,7.80994936404206e-08,-0.2983435029872185,312,1.5753892601042702e-06,healthy,aging,abf300,NK
TERF1,0.2690244362335634,-0.06276618103995142,312,0.3345628057678696,healthy,aging,abf300,NK
TERF2,0.15628820128870022,-0.0804523204702254,312,0.24794594339786277,healthy,aging,abf300,NK
TET2,0.031193061014563296,-0.12201390823983807,312,0.07898083048887426,healthy,aging,abf300,NK
TET3,0.028063688036567565,-0.12436244258242007,312,0.07280456773421011,healthy,aging,abf300,NK
TFCP2,0.22312002162219566,-0.06916615450717778,312,0.2960900915866873,healthy,aging,abf300,NK
TFDP1,0.28545700929375084,-0.06065933783679873,312,0.3479906213985838,healthy,aging,abf300,NK
TFDP2,0.8898706125203972,-0.007870672943622785,312,0.8941080916276373,healthy,aging,abf300,NK
TFE3,0.2589593652287136,-0.06410032403446261,312,0.32891223860935176,healthy,aging,abf300,NK
TFEB,0.5776203890344042,-0.031645334299225655,312,0.5964660787255756,healthy,aging,abf300,NK
TGIF1,4.60440010261016e-06,-0.25609656372820205,312,5.0251470085383194e-05,healthy,aging,abf300,NK
TGIF2,0.006917796591643664,-0.15261718417584974,312,0.025022658528631083,healthy,aging,abf300,NK
THAP1,0.35938581805342174,-0.052062405745667624,312,0.4033532319642127,healthy,aging,abf300,NK
THAP11,0.4079393476551505,-0.0470121873743547,312,0.445216563906397,healthy,aging,abf300,NK
THAP12,0.0325527249282724,-0.12105583902973731,312,0.08144614576915585,healthy,aging,abf300,NK
THAP3,0.01650803997578907,-0.13564742281624725,312,0.04742170981560906,healthy,aging,abf300,NK
THAP4,0.30334027718252554,-0.05845724105293882,312,0.36160903099159825,healthy,aging,abf300,NK
THAP5,0.1589099048767898,-0.07994779268693594,312,0.24837029577039,healthy,aging,abf300,NK
THAP6,0.08744382286308017,-0.09691636831731801,312,0.1713682348988537,healthy,aging,abf300,NK
THAP7,0.11287871681527817,-0.08993380655979112,312,0.20298928336383829,healthy,aging,abf300,NK
THRA,0.2638270535238668,-0.06345074204320825,312,0.3309496238517896,healthy,aging,abf300,NK
THYN1,0.632241885680633,-0.027198059236497176,312,0.6468097090674576,healthy,aging,abf300,NK
TMF1,0.0028844839526562488,-0.16816920863090132,312,0.012091909549876857,healthy,aging,abf300,NK
TOPORS,0.0006719813916144456,-0.1915138455225646,312,0.003635591631555078,healthy,aging,abf300,NK
TP53,0.05689032145652634,-0.10791954023975829,312,0.12724937626141758,healthy,aging,abf300,NK
TRAFD1,0.312634993269902,-0.05734660801647711,312,0.3685250479326778,healthy,aging,abf300,NK
TRERF1,0.10492395664895829,-0.09197029649586547,312,0.19195625595026183,healthy,aging,abf300,NK
TRPS1,0.00035460694796828047,-0.20095047152329099,312,0.002137773314894491,healthy,aging,abf300,NK
TSC22D1,0.15774338332111107,-0.08017150026652217,312,0.24822820393746844,healthy,aging,abf300,NK
TSHZ1,0.05290887243383676,-0.10969477450426639,312,0.12223108120663748,healthy,aging,abf300,NK
TTF1,0.04008158096923575,-0.11629513620974401,312,0.09574204057934428,healthy,aging,abf300,NK
UBP1,0.16462992452892583,-0.07886838385327868,312,0.2505065918913703,healthy,aging,abf300,NK
USF1,0.2740939445164178,-0.062107113214933674,312,0.3395332032855038,healthy,aging,abf300,NK
USF2,0.013939482186648724,-0.13908425896163967,312,0.04221862308205092,healthy,aging,abf300,NK
USF3,0.1415786699953027,-0.08340854103827353,312,0.2345217353621156,healthy,aging,abf300,NK
VEZF1,0.002505633188015157,-0.1705535124716327,312,0.01064473696653419,healthy,aging,abf300,NK
XBP1,0.31171054523062564,0.0574560903478294,312,0.3685250479326778,healthy,aging,abf300,NK
XPA,0.008882052567427629,-0.14791161776460607,312,0.030391023109090212,healthy,aging,abf300,NK
YBX1,0.2681538851251195,0.06288020866664865,312,0.3341366324492139,healthy,aging,abf300,NK
YBX3,1.5606642303696147e-05,-0.24189804917826196,312,0.000147447829525965,healthy,aging,abf300,NK
YY1,0.09969569460039644,-0.09337617610821217,312,0.18559722782556165,healthy,aging,abf300,NK
ZBED1,0.038586770585882654,-0.11717613302051735,312,0.09322681595749512,healthy,aging,abf300,NK
ZBED4,8.891892315296439e-09,-0.31833410715738214,312,3.126982130875731e-07,healthy,aging,abf300,NK
ZBED5,0.001999790114513737,-0.1743101002634655,312,0.008914557341459123,healthy,aging,abf300,NK
ZBED6,0.09064160383054831,-0.09595592764877642,312,0.1751450488940921,healthy,aging,abf300,NK
ZBTB1,0.0004394541337908464,-0.19783160843050832,312,0.002528858788087325,healthy,aging,abf300,NK
ZBTB10,1.0465325105442471e-05,-0.24664057081687543,312,0.00010515159986896949,healthy,aging,abf300,NK
ZBTB11,0.12009040551424255,-0.08818268212276495,312,0.21233862204054618,healthy,aging,abf300,NK
ZBTB14,0.3236223393082812,-0.056061277541539944,312,0.37653409256516807,healthy,aging,abf300,NK
ZBTB16,0.000495541160353331,-0.19606447664900647,312,0.0028006924509255226,healthy,aging,abf300,NK
ZBTB17,0.3184864356492632,-0.05665848982555904,312,0.37264679069497897,healthy,aging,abf300,NK
ZBTB2,0.02724499589741584,-0.12501380316750507,312,0.07097153252289805,healthy,aging,abf300,NK
ZBTB20,0.0014966803538753997,-0.17903147639764816,312,0.006966166647081823,healthy,aging,abf300,NK
ZBTB21,0.025988962539568852,-0.12604657331849242,312,0.06854588869811286,healthy,aging,abf300,NK
ZBTB24,0.24462036034347698,-0.0660642868665545,312,0.3153659635385355,healthy,aging,abf300,NK
ZBTB25,0.005468471652328234,-0.15693086707974405,312,0.020482500330909894,healthy,aging,abf300,NK
ZBTB33,0.3373445000917804,-0.05449512686289956,312,0.3866851124543496,healthy,aging,abf300,NK
ZBTB37,0.3737119071249382,-0.05053103645749295,312,0.4164782345247991,healthy,aging,abf300,NK
ZBTB38,0.32979815093937526,0.05535122336004406,312,0.3802590702087879,healthy,aging,abf300,NK
ZBTB4,0.3460604755511735,-0.05352144555139658,312,0.3932787810123749,healthy,aging,abf300,NK
ZBTB40,0.1746910666043641,-0.07703603696465362,312,0.2553797809712759,healthy,aging,abf300,NK
ZBTB41,0.24048258174128673,-0.06664588704917136,312,0.31257797585674435,healthy,aging,abf300,NK
ZBTB43,0.0022440706742403193,-0.1723994952462926,312,0.00968607556757209,healthy,aging,abf300,NK
ZBTB44,0.3872819094367186,-0.04911349717447876,312,0.42650057275409353,healthy,aging,abf300,NK
ZBTB5,0.07967908267486179,-0.0993718159112747,312,0.15910681177661676,healthy,aging,abf300,NK
ZBTB7A,0.1318018648330692,-0.08550589840766286,312,0.22367447838963214,healthy,aging,abf300,NK
ZBTB7B,0.3259236318380001,-0.055795674196165476,312,0.37785651822976934,healthy,aging,abf300,NK
ZC3H8,0.001461683565300022,-0.1794118978558668,312,0.006853671828406769,healthy,aging,abf300,NK
ZEB1,1.7774693545150987e-07,-0.29036611441375776,312,2.908269356624163e-06,healthy,aging,abf300,NK
ZEB2,0.009127821106319208,0.1473898969076205,312,0.03089791850427839,healthy,aging,abf300,NK
ZFAT,0.003057999263550384,-0.16717102224884295,312,0.012734957459390742,healthy,aging,abf300,NK
ZFHX3,2.0955143149694853e-08,-0.31062429814466325,312,6.31647886369072e-07,healthy,aging,abf300,NK
ZFP14,0.353732231294416,-0.0526772063464563,312,0.3991310203375496,healthy,aging,abf300,NK
ZFP62,0.06215344489834179,-0.10572436020968416,312,0.1324157318712059,healthy,aging,abf300,NK
ZFP64,0.3412206219559031,-0.05406016186054152,312,0.38940379162113536,healthy,aging,abf300,NK
ZFP90,0.15842684737873183,-0.08004027956612883,312,0.24822820393746844,healthy,aging,abf300,NK
ZFP91,0.14627751893966165,-0.08243980026518896,312,0.23756304467334294,healthy,aging,abf300,NK
ZFX,0.1827092694303825,-0.0756311454599906,312,0.2623187122712794,healthy,aging,abf300,NK
ZFY,0.03853170259355412,-0.11720913581715242,312,0.09322681595749512,healthy,aging,abf300,NK
ZGPAT,0.5213486783747199,-0.03643884229431728,312,0.547286423567492,healthy,aging,abf300,NK
ZHX1,0.21500034996334053,-0.07039279138570406,312,0.2889495149188844,healthy,aging,abf300,NK
ZHX2,0.0006135146328891374,-0.1928845485013721,312,0.0033478858846450344,healthy,aging,abf300,NK
ZKSCAN1,0.00012319206789608407,-0.2156811808716638,312,0.0008569294393211122,healthy,aging,abf300,NK
ZKSCAN5,0.11163475804722849,-0.09024466523707834,312,0.2018994338397018,healthy,aging,abf300,NK
ZKSCAN8,0.10010827636704686,-0.09326313658919862,312,0.18559722782556165,healthy,aging,abf300,NK
ZMAT1,4.290669706235329e-06,-0.2568921880351051,312,4.796035587214805e-05,healthy,aging,abf300,NK
ZNF10,2.1028011049708366e-09,-0.33082971692526,312,1.9015329992002992e-07,healthy,aging,abf300,NK
ZNF100,0.00024264363659231395,-0.2063550253099733,312,0.001518009811413757,healthy,aging,abf300,NK
ZNF101,0.007682886064815434,-0.15065776663910282,312,0.026721246588066867,healthy,aging,abf300,NK
ZNF107,0.15670804235423802,-0.08037109801862649,312,0.24799047702558166,healthy,aging,abf300,NK
ZNF12,0.1655241904447837,-0.0787021841408829,312,0.25084076172663705,healthy,aging,abf300,NK
ZNF121,0.004126104122695939,-0.16196527572811803,312,0.01592575554674713,healthy,aging,abf300,NK
ZNF124,0.00022996576454148744,-0.20710835860801458,312,0.001485391111783281,healthy,aging,abf300,NK
ZNF131,0.02377362435709131,-0.12797773097548595,312,0.0643107017864906,healthy,aging,abf300,NK
ZNF134,0.003232431434852889,-0.16621809119869732,312,0.013373392799097246,healthy,aging,abf300,NK
ZNF136,0.05339530429133072,-0.10947205503236383,312,0.12290628224149944,healthy,aging,abf300,NK
ZNF138,0.0696021173258342,-0.10286556705924735,312,0.1430459099586138,healthy,aging,abf300,NK
ZNF14,0.011173530730847389,-0.1434740261571777,312,0.03572143915467877,healthy,aging,abf300,NK
ZNF141,0.11727619617445009,-0.08885597869842775,312,0.20970574061702515,healthy,aging,abf300,NK
ZNF142,0.17720004211198614,-0.07659138850699546,312,0.2578566130043385,healthy,aging,abf300,NK
ZNF143,0.42226885930825975,-0.04559148614675271,312,0.4545853536430755,healthy,aging,abf300,NK
ZNF146,0.04551886573851504,-0.11330788906042816,312,0.10671645189807415,healthy,aging,abf300,NK
ZNF148,0.21045662400224152,-0.07109375497651006,312,0.28465607477226257,healthy,aging,abf300,NK
ZNF16,0.06401076463717259,-0.10498624376997163,312,0.1355144281449172,healthy,aging,abf300,NK
ZNF160,0.12147714559396047,-0.08785542085792854,312,0.21419229292751246,healthy,aging,abf300,NK
ZNF18,0.4905725215814567,-0.03917175052585266,312,0.5192849601355554,healthy,aging,abf300,NK
ZNF184,0.004412880138727857,-0.16077697742771868,312,0.016885433312970616,healthy,aging,abf300,NK
ZNF189,0.19826436930887398,-0.07303024841499549,312,0.2731292467982599,healthy,aging,abf300,NK
ZNF195,0.05493237527239127,-0.10877919392456406,312,0.1251758182483936,healthy,aging,abf300,NK
ZNF197,0.22150971975338535,-0.0694068575389234,312,0.2947741684488974,healthy,aging,abf300,NK
ZNF207,0.033819830007848155,-0.12019322102188047,312,0.08346233358495647,healthy,aging,abf300,NK
ZNF211,0.1422691096035583,-0.08326467255952902,312,0.2345217353621156,healthy,aging,abf300,NK
ZNF217,4.318705031141304e-06,-0.25681887044497564,312,4.796035587214805e-05,healthy,aging,abf300,NK
ZNF22,0.014078156589504561,-0.13888505645260882,312,0.04223446976851369,healthy,aging,abf300,NK
ZNF224,0.2035212038530307,-0.07218502110237152,312,0.2776485388770872,healthy,aging,abf300,NK
ZNF226,0.18454728769750928,-0.07531554386582166,312,0.2631045790822598,healthy,aging,abf300,NK
ZNF227,0.4194835933567572,-0.04586538959667013,312,0.45235624292134125,healthy,aging,abf300,NK
ZNF236,0.19315124830923328,-0.0738681637307602,312,0.2675377246821546,healthy,aging,abf300,NK
ZNF24,0.02531140173013485,-0.12662165199039693,312,0.06734492697302562,healthy,aging,abf300,NK
ZNF250,0.19214862630127535,-0.07403436344315598,312,0.2667326325629546,healthy,aging,abf300,NK
ZNF251,0.037968067298582556,-0.11754924248187675,312,0.09243764076924138,healthy,aging,abf300,NK
ZNF253,0.056313713872131424,-0.10817012434834077,312,0.12685615971907185,healthy,aging,abf300,NK
ZNF254,0.10027383262626456,-0.09321788125728586,312,0.18559722782556165,healthy,aging,abf300,NK
ZNF26,0.13968567557824743,-0.0838057603271148,312,0.2320762011575607,healthy,aging,abf300,NK
ZNF263,0.0671525110808188,-0.10377679996514147,312,0.13982743261236283,healthy,aging,abf300,NK
ZNF264,0.09703896390949011,-0.09411310681870429,312,0.1828144766509144,healthy,aging,abf300,NK
ZNF266,0.13355806861082983,-0.08512053641102578,312,0.22544601981508075,healthy,aging,abf300,NK
ZNF267,0.07595659410597116,-0.1006182149434747,312,0.15410424381115304,healthy,aging,abf300,NK
ZNF274,6.0139048795681906e-05,-0.2251306522722781,312,0.00045865081792369444,healthy,aging,abf300,NK
ZNF276,0.47366953080384566,-0.04071161754010703,312,0.503920694115688,healthy,aging,abf300,NK
ZNF277,0.0019472190759990857,-0.1747490176965583,312,0.008741770745442703,healthy,aging,abf300,NK
ZNF28,0.24857869457987777,-0.06551430612981554,312,0.3178794215536619,healthy,aging,abf300,NK
ZNF280D,0.004988181754285501,-0.15858950463757732,312,0.01884362105700959,healthy,aging,abf300,NK
ZNF281,0.09439060659742621,-0.09486387103676797,312,0.17942718911763,healthy,aging,abf300,NK
ZNF282,0.004102066429277144,-0.162068236548758,312,0.01592575554674713,healthy,aging,abf300,NK
ZNF292,0.12339230333779999,-0.0874082033202928,312,0.21576609948294861,healthy,aging,abf300,NK
ZNF296,5.661342429483753e-09,-0.3223082762611624,312,2.559735541326347e-07,healthy,aging,abf300,NK
ZNF3,0.028677375561319437,-0.12388479132812684,312,0.07349303129682268,healthy,aging,abf300,NK
ZNF302,0.0800214458762867,-0.0992595668784081,312,0.15928797245185375,healthy,aging,abf300,NK
ZNF316,0.0009807796398648907,-0.18571780347160635,312,0.004888452850665164,healthy,aging,abf300,NK
ZNF317,0.2609036903929636,-0.06383985884904331,312,0.33030407203749196,healthy,aging,abf300,NK
ZNF318,0.3466957301839483,-0.05345109228431822,312,0.39329461864953275,healthy,aging,abf300,NK
ZNF319,0.2790700375339768,-0.06146820278666309,312,0.34367963766343834,healthy,aging,abf300,NK
ZNF32,0.02427493257195019,-0.12752754911479916,312,0.06516810043860698,healthy,aging,abf300,NK
ZNF322,0.040002940921796674,-0.11634078678473025,312,0.09574204057934428,healthy,aging,abf300,NK
ZNF324,0.01392579045663557,-0.13910402111531336,312,0.04221862308205092,healthy,aging,abf300,NK
ZNF326,3.739986037253089e-05,-0.23117629032413506,312,0.00030351425148476987,healthy,aging,abf300,NK
ZNF331,0.0001458979246868583,-0.21339134012549263,312,0.000982482833263631,healthy,aging,abf300,NK
ZNF333,0.27654130864782017,-0.06179190686383823,312,0.3414325720930664,healthy,aging,abf300,NK
ZNF335,0.2949673228416622,-0.05947716580403826,312,0.3556463149690899,healthy,aging,abf300,NK
ZNF337,0.35275301331003295,-0.05278431721936773,312,0.39873688825937653,healthy,aging,abf300,NK
ZNF33A,0.07886057336651617,-0.09964176693045738,312,0.15797070550950867,healthy,aging,abf300,NK
ZNF33B,1.0585788166264301e-06,-0.27215904461264523,312,1.3675110018867836e-05,healthy,aging,abf300,NK
ZNF346,0.13856294435911506,-0.08404330141427263,312,0.2308166941561048,healthy,aging,abf300,NK
ZNF350,0.0001498022213209874,-0.2130316689286314,312,0.0009981558536440527,healthy,aging,abf300,NK
ZNF354A,0.13145277088466056,-0.08558297080699026,312,0.22367447838963214,healthy,aging,abf300,NK
ZNF354B,0.0184977969794072,-0.1332933550706366,312,0.05158196250204739,healthy,aging,abf300,NK
ZNF362,0.23091333815684545,-0.06801836862180953,312,0.30262555497574156,healthy,aging,abf300,NK
ZNF37A,0.14827153068152416,-0.08203586184409861,312,0.2397847347499387,healthy,aging,abf300,NK
ZNF384,0.2411890881942826,-0.0665460881731192,312,0.3128538787438133,healthy,aging,abf300,NK
ZNF394,5.125332647494636e-05,-0.22718374241743833,312,0.00040554194573301305,healthy,aging,abf300,NK
ZNF397,0.17277556164490693,-0.0773787127093555,312,0.2543466986900793,healthy,aging,abf300,NK
ZNF398,0.28348356546652376,-0.06090794573001382,312,0.3479906213985838,healthy,aging,abf300,NK
ZNF407,0.1908512730320272,-0.07425036378280947,312,0.2662658810788342,healthy,aging,abf300,NK
ZNF41,0.062337895888814145,-0.10565025213340781,312,0.1324157318712059,healthy,aging,abf300,NK
ZNF410,0.1690326380573618,-0.07805655458036326,312,0.2523141988797475,healthy,aging,abf300,NK
ZNF414,0.26436396528355594,-0.06337959828998294,312,0.3309496238517896,healthy,aging,abf300,NK
ZNF417,0.15531695314224986,-0.08064085141627245,312,0.24764642654671074,healthy,aging,abf300,NK
ZNF426,0.07635392871480398,-0.10048284419080987,312,0.15418987289482952,healthy,aging,abf300,NK
ZNF428,0.8221719896441599,0.01277484899928711,312,0.8313656061417783,healthy,aging,abf300,NK
ZNF429,0.001943224328553909,-0.17478281097934031,312,0.008741770745442703,healthy,aging,abf300,NK
ZNF43,0.01711061304596256,-0.13490950399807144,312,0.048569587704458746,healthy,aging,abf300,NK
ZNF430,0.0462833671847646,-0.11291225074388078,312,0.10810838165297414,healthy,aging,abf300,NK
ZNF431,0.05375678934731994,-0.10930763391379869,312,0.1232900277422229,healthy,aging,abf300,NK
ZNF439,0.33148010174811404,-0.05515933284787248,312,0.3808110787777789,healthy,aging,abf300,NK
ZNF44,0.004428091516513622,-0.16071591237286695,312,0.016885433312970616,healthy,aging,abf300,NK
ZNF441,0.1907080456473383,-0.07427427598875463,312,0.2662658810788342,healthy,aging,abf300,NK
ZNF444,0.02656930069258474,-0.1255641791473175,312,0.06949738569589314,healthy,aging,abf300,NK
ZNF445,0.1284439244401165,-0.08625389592421223,312,0.2215395209008004,healthy,aging,abf300,NK
ZNF45,0.2669741113646269,-0.06303514395145042,312,0.3333227070883803,healthy,aging,abf300,NK
ZNF451,0.0513163494051694,-0.1104360528885667,312,0.11898626070868949,healthy,aging,abf300,NK
ZNF460,0.09204660933553488,-0.09554250339392267,312,0.17654234849397513,healthy,aging,abf300,NK
ZNF468,0.00666950081225702,-0.1532948284253208,312,0.02426318398941778,healthy,aging,abf300,NK
ZNF480,0.3378149560620147,-0.05444216429105406,312,0.3866851124543496,healthy,aging,abf300,NK
ZNF484,0.33066875176364063,-0.05525181972706537,312,0.3805696724843355,healthy,aging,abf300,NK
ZNF487,0.013833543863550193,-0.13923761327414755,312,0.04221862308205092,healthy,aging,abf300,NK
ZNF490,0.19107514947585927,-0.07421301331236617,312,0.2662658810788342,healthy,aging,abf300,NK
ZNF493,0.16239697638596037,-0.07928635340347734,312,0.25011505122217254,healthy,aging,abf300,NK
ZNF496,2.7446807081085805e-09,-0.3285633931419605,312,1.9304254313626682e-07,healthy,aging,abf300,NK
ZNF506,0.14483494787251716,-0.0827346515980005,312,0.2369005736519467,healthy,aging,abf300,NK
ZNF507,0.1244010467623508,-0.08717481228540645,312,0.21672844189400484,healthy,aging,abf300,NK
ZNF511,0.23524722038710172,-0.06739190835035339,312,0.30703400104131007,healthy,aging,abf300,NK
ZNF512,0.1913917470629851,-0.07416024836205741,312,0.2662658810788342,healthy,aging,abf300,NK
ZNF516,0.2850185421162862,-0.060714474245548336,312,0.3479906213985838,healthy,aging,abf300,NK
ZNF518A,0.1666211641260653,-0.07849922682265405,312,0.25112189736142704,healthy,aging,abf300,NK
ZNF518B,0.4135077350415842,-0.046456673234587104,312,0.4489715202081009,healthy,aging,abf300,NK
ZNF524,0.4931908492875242,-0.038935790410988734,312,0.5211849876444121,healthy,aging,abf300,NK
ZNF529,0.0033435447418206526,-0.16563510766532333,312,0.013743271568652423,healthy,aging,abf300,NK
ZNF544,3.814792953086606e-07,-0.2827317968280724,312,5.4880998620539955e-06,healthy,aging,abf300,NK
ZNF548,0.07024004952517932,-0.10263257126743448,312,0.14388981019235764,healthy,aging,abf300,NK
ZNF549,0.16414550060148927,-0.07895869689556746,312,0.2505065918913703,healthy,aging,abf300,NK
ZNF550,0.0009142654486177984,-0.18680709338210047,312,0.0046298402318005315,healthy,aging,abf300,NK
ZNF557,0.0648777244536511,-0.10464771807754124,312,0.13667603936382855,healthy,aging,abf300,NK
ZNF559,0.058675302980974564,-0.10715691872949039,312,0.12941277626117387,healthy,aging,abf300,NK
ZNF561,0.0007195247112534042,-0.1904783086700629,312,0.003779435648424991,healthy,aging,abf300,NK
ZNF562,0.06880589350793959,-0.103158837419765,312,0.14280042816565822,healthy,aging,abf300,NK
ZNF564,0.3649664777855194,-0.05146143865245054,312,0.4084394308761992,healthy,aging,abf300,NK
ZNF567,0.003724444865534947,-0.16376165549705698,312,0.014921351897997604,healthy,aging,abf300,NK
ZNF568,0.20747075282959368,-0.071560339424746,312,0.28242792804544686,healthy,aging,abf300,NK
ZNF569,0.025320841421137594,-0.12661354950739073,312,0.06734492697302562,healthy,aging,abf300,NK
ZNF570,0.22413700003578574,-0.06901477641003725,312,0.2968174079971807,healthy,aging,abf300,NK
ZNF571,0.03378090544946825,-0.12021930706472977,312,0.08346233358495647,healthy,aging,abf300,NK
ZNF574,0.0008347602703534992,-0.18820941580678588,312,0.004331174189621024,healthy,aging,abf300,NK
ZNF580,0.08332171414060305,-0.09819695587537348,312,0.16482076578438043,healthy,aging,abf300,NK
ZNF581,0.033284457044512925,-0.12055427556949891,312,0.08294906027234913,healthy,aging,abf300,NK
ZNF585A,0.5433033324258085,-0.034539699326275125,312,0.5665749743419058,healthy,aging,abf300,NK
ZNF585B,0.19891403281832198,-0.07292491613591469,312,0.2731292467982599,healthy,aging,abf300,NK
ZNF587,0.0010060348771351244,-0.18532196753352223,312,0.004975156853332295,healthy,aging,abf300,NK
ZNF587B,0.09535144394674945,-0.09458957234377707,312,0.1807109701146479,healthy,aging,abf300,NK
ZNF592,0.0943575174685291,-0.09487335687053135,312,0.17942718911763,healthy,aging,abf300,NK
ZNF595,0.14849228439490675,-0.0819913969983328,312,0.2397847347499387,healthy,aging,abf300,NK
ZNF600,0.3076107530325286,-0.05794421554356967,312,0.3646397128644019,healthy,aging,abf300,NK
ZNF606,0.169405267810257,-0.07798857277172573,312,0.2523141988797475,healthy,aging,abf300,NK
ZNF609,0.010196571781132532,-0.14525696766161852,312,0.03327025740957161,healthy,aging,abf300,NK
ZNF611,0.13489567020770435,-0.084829637508949,312,0.22709829585499164,healthy,aging,abf300,NK
ZNF614,0.061451271051211086,-0.10600814473643844,312,0.13141437356559668,healthy,aging,abf300,NK
ZNF615,0.003628630546425789,-0.16421598741001522,312,0.014630083668073404,healthy,aging,abf300,NK
ZNF621,0.2288270708356896,-0.06832290340992118,312,0.3011383281475915,healthy,aging,abf300,NK
ZNF623,0.18411101473622804,-0.07539024480670824,312,0.26307510683528745,healthy,aging,abf300,NK
ZNF626,0.35483091060239225,-0.05255725007365697,312,0.3996583032229792,healthy,aging,abf300,NK
ZNF639,1.6561504201212852e-07,-0.2910615446015351,312,2.908269356624163e-06,healthy,aging,abf300,NK
ZNF641,0.3874215313327074,-0.04909907080229696,312,0.42650057275409353,healthy,aging,abf300,NK
ZNF644,0.013547589394400617,-0.13965676855356662,312,0.04162924313910481,healthy,aging,abf300,NK
ZNF649,0.014022569634970705,-0.13896469793191382,312,0.04223446976851369,healthy,aging,abf300,NK
ZNF652,0.007110255932600128,-0.1521067277464582,312,0.025572681848499326,healthy,aging,abf300,NK
ZNF654,0.13043820944213677,-0.08580786411579691,312,0.22315509885641238,healthy,aging,abf300,NK
ZNF655,0.3495347948730463,-0.0531376645270534,312,0.3958059483982796,healthy,aging,abf300,NK
ZNF66,0.011392271979305256,-0.1430938023204958,312,0.036237729461810184,healthy,aging,abf300,NK
ZNF664,0.22166272382571114,-0.06938393344066189,312,0.2947741684488974,healthy,aging,abf300,NK
ZNF669,0.004003527421876244,-0.1624960871757935,312,0.015740576758060017,healthy,aging,abf300,NK
ZNF672,0.17318076956623094,-0.0773059879838363,312,0.2543466986900793,healthy,aging,abf300,NK
ZNF675,0.1885326966159786,-0.07463908534557107,312,0.2657933117102772,healthy,aging,abf300,NK
ZNF677,0.15831037769292985,-0.08006261079978011,312,0.24822820393746844,healthy,aging,abf300,NK
ZNF678,0.2859935295936,-0.06059194889277143,312,0.3479906213985838,healthy,aging,abf300,NK
ZNF680,0.11928304262093681,-0.08837457263493652,312,0.2115018654875434,healthy,aging,abf300,NK
ZNF682,0.3652080851120517,-0.051435550231137994,312,0.4084394308761992,healthy,aging,abf300,NK
ZNF683,0.0012760616381041698,0.18158118946462837,312,0.006073285841503304,healthy,aging,abf300,NK
ZNF687,0.2618380948895716,-0.06371515965936228,312,0.33082537737544676,healthy,aging,abf300,NK
ZNF688,0.48098827746051176,-0.04004128528749527,312,0.5108482879739998,healthy,aging,abf300,NK
ZNF692,1.7785656376163718e-05,-0.24032596985351948,312,0.00016556353656046509,healthy,aging,abf300,NK
ZNF699,0.29628080432923404,-0.05931590663006089,312,0.35623676204206395,healthy,aging,abf300,NK
ZNF7,0.17837211168423553,-0.07638526924417882,312,0.2589668502204612,healthy,aging,abf300,NK
ZNF700,0.24857726429291074,-0.06551450375135227,312,0.3178794215536619,healthy,aging,abf300,NK
ZNF701,0.08419813604419459,-0.0979204833454785,312,0.16579838907081382,healthy,aging,abf300,NK
ZNF706,0.5965139446549211,-0.030086495617444538,312,0.6139728893765286,healthy,aging,abf300,NK
ZNF708,0.16858067350422531,-0.07813916038271931,312,0.2523141988797475,healthy,aging,abf300,NK
ZNF710,0.38226639176508015,-0.04963383468070716,312,0.4230325629148527,healthy,aging,abf300,NK
ZNF714,0.015003000581101631,-0.13759893549152472,312,0.043979545217211216,healthy,aging,abf300,NK
ZNF717,0.1689157759509763,-0.07807789770633085,312,0.2523141988797475,healthy,aging,abf300,NK
ZNF718,0.3277305874310349,-0.05558797396105494,312,0.3785647113938779,healthy,aging,abf300,NK
ZNF721,0.014265638698192988,-0.1386184649995507,312,0.04259504384884982,healthy,aging,abf300,NK
ZNF736,0.2904182476317849,-0.0600393990760549,312,0.3513160557556246,healthy,aging,abf300,NK
ZNF737,0.24729945354629573,-0.06569137502673186,312,0.3175264788941282,healthy,aging,abf300,NK
ZNF740,0.25879313286125855,-0.06412265526811389,312,0.32891223860935176,healthy,aging,abf300,NK
ZNF746,0.2864188210879339,-0.06053859107785245,312,0.3479906213985838,healthy,aging,abf300,NK
ZNF75A,0.01675105384307283,-0.13534703808040707,312,0.047763140012004955,healthy,aging,abf300,NK
ZNF75D,0.1788062023434428,-0.0763091849525351,312,0.2590030345157879,healthy,aging,abf300,NK
ZNF76,0.4458683354587243,-0.043311526477418434,312,0.47674773031312917,healthy,aging,abf300,NK
ZNF765,0.09112187114916949,-0.09581403538539926,312,0.1753195879556969,healthy,aging,abf300,NK
ZNF766,0.14636585690774684,-0.0824218167053459,312,0.23756304467334294,healthy,aging,abf300,NK
ZNF770,0.16061351004239804,-0.07962329812361385,312,0.24977790702201694,healthy,aging,abf300,NK
ZNF780A,0.0897076681345872,-0.09623358590789181,312,0.17472293516674986,healthy,aging,abf300,NK
ZNF780B,0.22121184193679203,-0.06945152000622594,312,0.2947741684488974,healthy,aging,abf300,NK
ZNF782,0.009996457402843655,-0.1456407486859617,312,0.03278630847668411,healthy,aging,abf300,NK
ZNF790,0.25928468730816195,-0.06405664967484376,312,0.32891223860935176,healthy,aging,abf300,NK
ZNF791,3.135776852600205e-05,-0.23337858472953174,312,0.00026465956635945726,healthy,aging,abf300,NK
ZNF800,0.01576471013889473,-0.13659086803262946,312,0.04577551155009341,healthy,aging,abf300,NK
ZNF805,0.16112141297849022,-0.07952705643522295,312,0.24977790702201694,healthy,aging,abf300,NK
ZNF808,0.16574379134347056,-0.07866147410431508,312,0.25084076172663705,healthy,aging,abf300,NK
ZNF814,0.026265512550559325,-0.12581555374204692,312,0.06898784001868902,healthy,aging,abf300,NK
ZNF827,1.5993723662757912e-07,-0.2914040227247003,312,2.8925791652928927e-06,healthy,aging,abf300,NK
ZNF83,0.0005015799684276867,-0.19588543153672278,312,0.002809735575351555,healthy,aging,abf300,NK
ZNF830,0.17461897934530812,-0.07704888236454151,312,0.2553797809712759,healthy,aging,abf300,NK
ZNF831,2.967669859141786e-07,-0.28526708352287083,312,4.581792733748019e-06,healthy,aging,abf300,NK
ZNF836,4.576085306840009e-08,-0.30340202146307443,312,9.65553999743031e-07,healthy,aging,abf300,NK
ZNF84,0.0008830216089406173,-0.18734422871895154,312,0.004544330719182201,healthy,aging,abf300,NK
ZNF841,0.31622451043734595,-0.0569235003063233,312,0.37068539834599995,healthy,aging,abf300,NK
ZNF844,0.01549996072570927,-0.1369363104788457,312,0.04521417114918879,healthy,aging,abf300,NK
ZNF846,0.0016774404960084573,-0.17718766745989237,312,0.0076389916113190895,healthy,aging,abf300,NK
ZNF880,0.060254958509858486,-0.10649785090447264,312,0.13041272872791512,healthy,aging,abf300,NK
ZNF91,0.18403030691065697,-0.07540407831427982,312,0.26307510683528745,healthy,aging,abf300,NK
ZNF92,4.651879600686753e-07,-0.2807109189934003,312,6.543643971632559e-06,healthy,aging,abf300,NK
ZSCAN18,1.0488446774129466e-09,-0.33666152847436753,312,1.2633972142436141e-07,healthy,aging,abf300,NK
ZSCAN25,0.32418812077095827,-0.05599586481288001,312,0.37653409256516807,healthy,aging,abf300,NK
ZSCAN26,0.0021596379390973024,-0.17303741756687951,312,0.009493408440615225,healthy,aging,abf300,NK
ZSCAN29,0.1874518768408753,-0.07482149002397927,312,0.2654519866672798,healthy,aging,abf300,NK
ZSCAN30,0.029820131092658006,-0.12301822088953528,312,0.07611347976472789,healthy,aging,abf300,NK
ZSCAN32,0.13169885262702263,-0.0855286248843876,312,0.22367447838963214,healthy,aging,abf300,NK
ZXDC,0.11649097634052445,-0.0890460906167687,312,0.2088917507749348,healthy,aging,abf300,NK
ZZZ3,0.004083743117049182,-0.16214708754191604,312,0.01592575554674713,healthy,aging,abf300,NK
