gene,p_value,slope,n_samples,p_value_adj,condition,comparison,dataset,cell_type
ADNP,0.07176140492083988,0.06114824274821151,868,0.10579589674011963,,aging,soundlife,CD4T
ADNP2,0.024512490854905117,0.07633463625414383,868,0.06579076934331311,,aging,soundlife,CD4T
AEBP1,6.289165941037269e-15,-0.26047488320470225,868,2.302533530635311e-13,,aging,soundlife,CD4T
AEBP2,0.014893304616283238,0.08262574831782471,868,0.06547432210000005,,aging,soundlife,CD4T
AHCTF1,0.030714332802106812,0.0733476674895433,868,0.0679804894307293,,aging,soundlife,CD4T
AHR,7.901600238736443e-13,0.23990945651392648,868,2.3668884351487802e-11,,aging,soundlife,CD4T
AKAP8,0.0320617592684638,0.07276825994313708,868,0.06844093249213669,,aging,soundlife,CD4T
AKAP8L,0.040470704808444564,0.06956059730136795,868,0.07586225540702923,,aging,soundlife,CD4T
AKNA,0.01269571786309432,0.08456083632568438,868,0.06547432210000005,,aging,soundlife,CD4T
ANKZF1,0.05419656416206088,0.06537195152383557,868,0.08906617402194045,,aging,soundlife,CD4T
ARHGAP35,1.1343727478038783e-07,0.17882625071265998,868,1.7384921879133856e-06,,aging,soundlife,CD4T
ARID2,0.049321109933542294,0.06674554470372726,868,0.08355427106993411,,aging,soundlife,CD4T
ARID3A,0.29004129451878446,0.03595211194687596,868,0.32451139743273166,,aging,soundlife,CD4T
ARID3B,0.014429276696412375,0.08301233233975035,868,0.06547432210000005,,aging,soundlife,CD4T
ARID5A,0.023267657564422027,0.07701182887120395,868,0.06579076934331311,,aging,soundlife,CD4T
ARID5B,1.5995710183490074e-12,0.23674490381453206,868,4.583118700399982e-11,,aging,soundlife,CD4T
ARNT,0.012870725651670906,0.08439631489633621,868,0.06547432210000005,,aging,soundlife,CD4T
ASH1L,0.9679950561662634,0.001363828451840487,868,0.9679950561662634,,aging,soundlife,CD4T
ATF1,0.030716807517469722,0.07334658354042754,868,0.0679804894307293,,aging,soundlife,CD4T
ATF2,0.018745571615897363,0.07977072739304311,868,0.06547432210000005,,aging,soundlife,CD4T
ATF3,0.0018158848719882948,0.10571459017804763,868,0.015341899110772902,,aging,soundlife,CD4T
ATF4,0.00038597917455296355,0.12021359459642421,868,0.003974379312975046,,aging,soundlife,CD4T
ATF5,0.11044412783961474,0.0542168382674533,868,0.14556536049261223,,aging,soundlife,CD4T
ATF6,0.05554904649442744,0.06500922356846589,868,0.08964332417680443,,aging,soundlife,CD4T
ATF6B,0.06150212694419358,0.06349490990972526,868,0.09555316899203353,,aging,soundlife,CD4T
ATF7,0.017673772474679293,0.08050919069317147,868,0.06547432210000005,,aging,soundlife,CD4T
ATMIN,0.18057131451511738,0.045490579399183224,868,0.21635726593720428,,aging,soundlife,CD4T
BACH1,0.03743691810986902,0.07064616315478214,868,0.07234761985842057,,aging,soundlife,CD4T
BACH2,4.130427484342391e-29,-0.3672787503839841,868,3.0243907913129286e-27,,aging,soundlife,CD4T
BATF,2.722518941936471e-17,0.2816538434670114,868,1.2815285590972388e-15,,aging,soundlife,CD4T
BAZ2A,0.0646036653616833,0.06275349790056169,868,0.09817459936976657,,aging,soundlife,CD4T
BAZ2B,0.005523893278447949,0.09410871943768355,868,0.04184190425858849,,aging,soundlife,CD4T
BBX,0.14877220760303064,0.04904972632074849,868,0.18557371334283512,,aging,soundlife,CD4T
BCL11A,6.30055472329266e-07,-0.16812947339806034,868,9.02622948402144e-06,,aging,soundlife,CD4T
BCL11B,2.1566157708312475e-16,-0.27381837030766093,868,9.474731953185281e-15,,aging,soundlife,CD4T
BCL6,0.10336698772320417,0.05532059241958942,868,0.13873491834947363,,aging,soundlife,CD4T
BHLHE40,2.818645758106167e-24,0.3354832525996691,868,1.857487554591964e-22,,aging,soundlife,CD4T
BPTF,0.32944993604935147,0.03313987026812866,868,0.35944951631874605,,aging,soundlife,CD4T
BRF2,0.2603451437480737,0.03824566560171795,868,0.2942837902744092,,aging,soundlife,CD4T
CAMTA1,0.0015068180911171438,0.10755350985291756,868,0.013065698974292076,,aging,soundlife,CD4T
CAMTA2,0.015877498045820355,0.08183967393068846,868,0.06547432210000005,,aging,soundlife,CD4T
CARF,0.05265295975784308,0.06579527039757378,868,0.08762197091014795,,aging,soundlife,CD4T
CASZ1,0.14410944847089519,0.04961890983863073,868,0.1808916696044189,,aging,soundlife,CD4T
CC2D1A,0.021759036169900332,0.07787595678068365,868,0.06579076934331311,,aging,soundlife,CD4T
CDC5L,0.02495990583286042,0.07609850069508052,868,0.06579076934331311,,aging,soundlife,CD4T
CEBPB,0.0058016306059439785,0.09356867394179418,868,0.04248082854796758,,aging,soundlife,CD4T
CEBPD,2.3236799947912784e-07,0.17443217820567405,868,3.480238901289665e-06,,aging,soundlife,CD4T
CEBPG,0.03164550926080328,0.07294498957905161,868,0.06837505115694872,,aging,soundlife,CD4T
CEBPZ,0.042022995417731614,0.06903157501682519,868,0.07629102215834109,,aging,soundlife,CD4T
CENPB,0.798060930989623,0.008696735033880076,868,0.811608261608274,,aging,soundlife,CD4T
CENPT,0.03787546107914279,0.07048472822461105,868,0.07234761985842057,,aging,soundlife,CD4T
CENPX,0.04421128492322536,0.0683131647753382,868,0.07790170257862436,,aging,soundlife,CD4T
CGGBP1,0.04704475482690638,0.0674261820743332,868,0.08052595696345793,,aging,soundlife,CD4T
CHAMP1,0.029878844057797286,0.07371797390271377,868,0.0679804894307293,,aging,soundlife,CD4T
CHCHD3,0.02926608263216206,0.07399525359812831,868,0.0679804894307293,,aging,soundlife,CD4T
CIC,0.017511819442855507,0.0806241627875166,868,0.06547432210000005,,aging,soundlife,CD4T
CLOCK,0.007872051313179427,0.0901479234386856,868,0.05136318629094299,,aging,soundlife,CD4T
CREB1,0.034610478602105636,0.0717270165853457,868,0.07141861673613749,,aging,soundlife,CD4T
CREB3,0.01363023450543672,0.0837044430361662,868,0.06547432210000005,,aging,soundlife,CD4T
CREB3L2,3.410985572533638e-08,0.18595596276554371,868,5.895306750326941e-07,,aging,soundlife,CD4T
CREBL2,0.00767949308304332,0.0904295664885915,868,0.051119049916419676,,aging,soundlife,CD4T
CREBZF,0.10178389957371402,0.055575651158131074,868,0.137449979137454,,aging,soundlife,CD4T
CREM,0.0008100710606422707,0.11347979955107292,868,0.007518828576947273,,aging,soundlife,CD4T
CSRNP1,3.488876529025049e-08,0.1858245477142732,868,5.895306750326941e-07,,aging,soundlife,CD4T
CSRNP2,0.021402500409249084,0.07808775860069933,868,0.06579076934331311,,aging,soundlife,CD4T
CTCF,0.03411003122001434,0.07192617845635059,868,0.07114309062594999,,aging,soundlife,CD4T
CUX1,0.04403012431519601,0.06837148674937124,868,0.07779048773113718,,aging,soundlife,CD4T
CXXC1,0.03609891174265545,0.07114883996420651,868,0.07141861673613749,,aging,soundlife,CD4T
CXXC5,0.17833211976299634,0.04572509822058236,868,0.2140635098794437,,aging,soundlife,CD4T
DBP,0.05448641561542366,0.06529358567717061,868,0.08931006192755502,,aging,soundlife,CD4T
DDIT3,0.49917224396128246,0.022967972347807328,868,0.5196753693056637,,aging,soundlife,CD4T
DEAF1,0.042148932970660614,0.06898938367539603,868,0.07629102215834109,,aging,soundlife,CD4T
DMTF1,0.0728962938527854,0.06090590663276574,868,0.10660573531727174,,aging,soundlife,CD4T
DNMT1,0.01933807404987322,0.0793781908369903,868,0.06547432210000005,,aging,soundlife,CD4T
DNTTIP1,0.16003177255559506,0.04772920990349072,868,0.19493703902797993,,aging,soundlife,CD4T
DOT1L,0.08632493233620414,0.05824915653607183,868,0.12096619798135046,,aging,soundlife,CD4T
DR1,0.009322246796606927,0.08820496302072256,868,0.05688296887929597,,aging,soundlife,CD4T
DRAP1,3.4230957645768106e-06,0.1568650098851197,868,4.338115593954074e-05,,aging,soundlife,CD4T
E2F3,0.03617230498305164,0.07112085937940504,868,0.07141861673613749,,aging,soundlife,CD4T
E2F4,0.01861352232451162,0.07985968470861025,868,0.06547432210000005,,aging,soundlife,CD4T
E4F1,0.15860134076546345,0.047892987266072995,868,0.19463367516655572,,aging,soundlife,CD4T
EEA1,0.5188124408347712,-0.021927702707018226,868,0.537574525959299,,aging,soundlife,CD4T
EGR1,0.3446296833154603,-0.03211533626153685,868,0.37231305131948905,,aging,soundlife,CD4T
ELF1,0.012841950142717157,0.08442322990404087,868,0.06547432210000005,,aging,soundlife,CD4T
ELF2,0.04538212050697482,0.06794101197426718,868,0.07911856458755663,,aging,soundlife,CD4T
ELF4,0.009810773649530539,0.0876109864633199,868,0.057503497556821145,,aging,soundlife,CD4T
ELK1,0.25518429177814683,0.038662324618600925,868,0.28944311236109943,,aging,soundlife,CD4T
ELK3,1.5168972287592777e-06,0.16237754334538002,868,2.0400719872497226e-05,,aging,soundlife,CD4T
ELK4,0.05480136655250325,0.06520882636792463,868,0.08931006192755502,,aging,soundlife,CD4T
EOMES,2.714965863116888e-09,0.20012966303107238,868,5.591132824356341e-08,,aging,soundlife,CD4T
ERF,0.15763535186961353,0.048004220654569746,868,0.19383428581189707,,aging,soundlife,CD4T
ESRRA,0.40391213290071226,0.028365203017382094,868,0.4307088925268113,,aging,soundlife,CD4T
ETS1,0.002498433959497786,-0.10250261929784385,868,0.02058084974136301,,aging,soundlife,CD4T
ETS2,0.11319492477734758,0.0538028707513408,868,0.14859652475751403,,aging,soundlife,CD4T
ETV3,0.05878237933437744,0.06417093590358453,868,0.09259957130543925,,aging,soundlife,CD4T
ETV6,0.0009522758590397475,0.11196241776517414,868,0.008715969320933244,,aging,soundlife,CD4T
FAM200B,0.14896584879872501,0.04902638467072204,868,0.18557371334283512,,aging,soundlife,CD4T
FLI1,2.2185526063240426e-05,0.14343355755561507,868,0.00026582293955773525,,aging,soundlife,CD4T
FLYWCH1,0.12271336862579041,0.05242878152693851,868,0.15825461824735004,,aging,soundlife,CD4T
FOS,0.006232172487571054,0.0927758294656892,868,0.04513188647592664,,aging,soundlife,CD4T
FOSB,0.1696951221186679,0.046650754021395076,868,0.20519098252514156,,aging,soundlife,CD4T
FOSL2,7.541950768324968e-05,0.1339476157053744,868,0.0008719553607589743,,aging,soundlife,CD4T
FOXJ2,0.017211420631282233,0.08083990540558869,868,0.06547432210000005,,aging,soundlife,CD4T
FOXJ3,0.02798225603321637,0.07459275758316188,868,0.06779524531577055,,aging,soundlife,CD4T
FOXK1,0.024614632102165256,0.07628040205431852,868,0.06579076934331311,,aging,soundlife,CD4T
FOXK2,0.1727017824358661,0.04632461394168669,868,0.208444092720212,,aging,soundlife,CD4T
FOXN2,0.008356075122053632,0.08946627560703957,868,0.053462655392556735,,aging,soundlife,CD4T
FOXN3,0.5372109629727662,-0.020971485052747037,868,0.5547514896184031,,aging,soundlife,CD4T
FOXO1,0.11486573117831116,-0.05355528023848646,868,0.1498940927653605,,aging,soundlife,CD4T
FOXO3,0.02555756745354804,0.07578871171220294,868,0.06579076934331311,,aging,soundlife,CD4T
FOXP1,3.77899833784689e-30,-0.3736641476487163,868,3.1129498808013755e-28,,aging,soundlife,CD4T
GABPA,0.017561382062486957,0.080588879325198,868,0.06547432210000005,,aging,soundlife,CD4T
GATA3,1.2802887027345768e-30,0.3765077779217731,868,1.2053003644315516e-28,,aging,soundlife,CD4T
GATAD2A,0.028100404208332857,0.07453679641355891,868,0.06783211125747748,,aging,soundlife,CD4T
GATAD2B,0.03436830764100425,0.07182308387223141,868,0.07122237338182956,,aging,soundlife,CD4T
GFI1,0.0027751857495342744,0.10142576178139348,868,0.022303017182232765,,aging,soundlife,CD4T
GLI4,0.20607420592194506,0.04295978786414326,868,0.24293900125681897,,aging,soundlife,CD4T
GLMP,0.32430213416599485,0.03349421139686546,868,0.35500848241759236,,aging,soundlife,CD4T
GLYR1,0.030544824555709234,0.07342209253815184,868,0.0679804894307293,,aging,soundlife,CD4T
GMEB1,0.06603546239883769,0.06242109296240464,868,0.09981048101108723,,aging,soundlife,CD4T
GMEB2,0.38494248646034224,0.029525983916218013,868,0.41248308711766757,,aging,soundlife,CD4T
GPBP1,0.0546878688204025,0.06523932391931693,868,0.08931006192755502,,aging,soundlife,CD4T
GPBP1L1,0.026258184773759435,0.07543342442449222,868,0.06681136589153462,,aging,soundlife,CD4T
GTF2B,0.017466454979845863,0.08065653428483782,868,0.06547432210000005,,aging,soundlife,CD4T
GTF2I,0.02959659672634267,0.07384508071554965,868,0.0679804894307293,,aging,soundlife,CD4T
GTF2IRD2,0.10708273400356944,0.054733881995666075,868,0.14284923422743373,,aging,soundlife,CD4T
GTF2IRD2B,0.03735081459785028,0.07067804779360225,868,0.07234761985842057,,aging,soundlife,CD4T
GTF3A,2.6020880953747857e-12,0.2345346305214137,868,7.144900228549932e-11,,aging,soundlife,CD4T
GZF1,0.15095935244069367,0.048787419820746435,868,0.1873488008633091,,aging,soundlife,CD4T
HBP1,0.062203808038820016,0.06332451862033502,868,0.09555316899203353,,aging,soundlife,CD4T
HIF1A,0.7949098421619455,-0.00883550807872445,868,0.8096531468079167,,aging,soundlife,CD4T
HINFP,0.154849341325838,0.04832794481379134,868,0.19109684631784127,,aging,soundlife,CD4T
HIVEP1,0.897444740333546,0.0043811018616347445,868,0.9029253189004685,,aging,soundlife,CD4T
HIVEP2,0.03650721029626839,0.07099378931060699,868,0.0716019392417883,,aging,soundlife,CD4T
HIVEP3,0.0004221699700664972,0.11941781059729349,868,0.004280154004212641,,aging,soundlife,CD4T
HMBOX1,0.03430177901451951,0.0718495763235011,868,0.07122237338182956,,aging,soundlife,CD4T
HMG20A,0.060272701847737566,0.06379736845705734,868,0.0942958490167169,,aging,soundlife,CD4T
HMG20B,0.04973976886371641,0.06662324217383661,868,0.0840474555927926,,aging,soundlife,CD4T
HMGA1,0.34420114976405813,0.0321438588208962,868,0.37231305131948905,,aging,soundlife,CD4T
HMGN3,0.06893151135383589,0.06176647037057672,868,0.10312509258315475,,aging,soundlife,CD4T
HOXB2,0.1576558075799345,0.04800185985013968,868,0.19383428581189707,,aging,soundlife,CD4T
HSF1,0.0427458094334786,0.06879085563904358,868,0.07634007700992519,,aging,soundlife,CD4T
HSF2,0.542902908729511,0.020679020883702545,868,0.5581482322195752,,aging,soundlife,CD4T
IKZF1,0.009489694164948874,-0.08799831455201143,868,0.057373472061479885,,aging,soundlife,CD4T
IKZF2,0.08175789382920917,0.05911252200676674,868,0.11687299790335975,,aging,soundlife,CD4T
IKZF3,0.000214529749712419,0.12531407123053875,868,0.002244049286674351,,aging,soundlife,CD4T
IKZF5,0.10737683747108635,0.054688135668577637,868,0.14295219372413315,,aging,soundlife,CD4T
IRF1,3.978955179177684e-07,0.1710622814509112,868,5.8269588068402085e-06,,aging,soundlife,CD4T
IRF2,0.0220299277701061,0.07771703881710337,868,0.06579076934331311,,aging,soundlife,CD4T
IRF3,0.04260257383045451,0.06883828300586237,868,0.07629102215834109,,aging,soundlife,CD4T
IRF4,0.006870509494492015,0.0916865249064266,868,0.047659639546002504,,aging,soundlife,CD4T
IRF5,1.6949191757578648e-08,0.1899808311804938,868,3.1026437134012026e-07,,aging,soundlife,CD4T
IRF7,0.008646171560656625,0.08907445555972429,868,0.05426501960450206,,aging,soundlife,CD4T
IRF9,0.014037833462506172,0.08334705215229017,868,0.06547432210000005,,aging,soundlife,CD4T
JAZF1,2.080674409069362e-06,0.16025906584475055,868,2.742328871153419e-05,,aging,soundlife,CD4T
JRKL,0.24112421088744082,0.03982803840451445,868,0.276349312999693,,aging,soundlife,CD4T
JUN,0.8237708828696768,0.007569648417726963,868,0.8351769412478723,,aging,soundlife,CD4T
JUNB,0.008583455315604161,-0.08915815847788289,868,0.05426501960450206,,aging,soundlife,CD4T
JUND,0.08792724142232389,0.057954983769268616,868,0.12198747809960304,,aging,soundlife,CD4T
KAT7,0.03770478403301483,0.07054736762308816,868,0.07234761985842057,,aging,soundlife,CD4T
KCMF1,0.024263840895182635,0.07646748432288941,868,0.06579076934331311,,aging,soundlife,CD4T
KDM2A,0.20710628417480856,0.042862305931801396,868,0.2433466304716038,,aging,soundlife,CD4T
KDM2B,0.018715897318752905,0.07979067021957102,868,0.06547432210000005,,aging,soundlife,CD4T
KDM5B,0.024021177374225298,0.07659827472551693,868,0.06579076934331311,,aging,soundlife,CD4T
KIN,0.04683325645553111,0.06749081483686215,868,0.08046748433687313,,aging,soundlife,CD4T
KLF10,2.8893033899208817e-13,0.24434679512544785,868,9.066909209323148e-12,,aging,soundlife,CD4T
KLF11,0.06780069050407123,0.062019342838867966,868,0.10177825749927776,,aging,soundlife,CD4T
KLF12,0.24031474718307386,0.03989658440707146,868,0.27590142577290183,,aging,soundlife,CD4T
KLF13,0.020589556392896086,0.07858240683785957,868,0.06579076934331311,,aging,soundlife,CD4T
KLF16,0.29676247750147744,0.03545530499749368,868,0.32979169084902804,,aging,soundlife,CD4T
KLF2,0.03135421135953447,-0.07306985500558034,868,0.0679804894307293,,aging,soundlife,CD4T
KLF3,0.259142484559246,-0.03834224730513317,868,0.29342765863323556,,aging,soundlife,CD4T
KLF4,0.3724459685420419,0.03030981691704713,868,0.40104884521112033,,aging,soundlife,CD4T
KLF6,3.9686349051065354e-31,0.37955342691477534,868,4.828406254354982e-29,,aging,soundlife,CD4T
KLF7,0.732015805539846,0.01163973037121709,868,0.7467467737627841,,aging,soundlife,CD4T
KLF9,0.4574466492965381,0.025253396384281195,868,0.4800276144688194,,aging,soundlife,CD4T
KMT2A,0.01769345172150232,0.08049528307485583,868,0.06547432210000005,,aging,soundlife,CD4T
KMT2B,0.12377591106441255,0.052280620380430604,868,0.15900258360906017,,aging,soundlife,CD4T
L3MBTL3,0.01960915629476798,0.07920208584971875,868,0.06547432210000005,,aging,soundlife,CD4T
LCOR,0.030053390627647704,0.0736398836363325,868,0.0679804894307293,,aging,soundlife,CD4T
LCORL,0.038846051088522994,0.07013300510856905,868,0.07398713198652213,,aging,soundlife,CD4T
LEF1,1.477791625630794e-32,-0.38794120889263833,868,2.434661703226733e-30,,aging,soundlife,CD4T
LIN54,0.012375110634248204,0.08486750206534709,868,0.06547432210000005,,aging,soundlife,CD4T
LYL1,0.00011473404058010319,0.13054643140240607,868,0.0012395038154473443,,aging,soundlife,CD4T
MAF,1.8425467478744586e-23,0.3297385886804681,868,1.1038530062266075e-21,,aging,soundlife,CD4T
MAFF,0.9625020341884627,0.001598062506946507,868,0.9639648032373813,,aging,soundlife,CD4T
MAX,0.035644319792778684,0.07132323635371934,868,0.07141861673613749,,aging,soundlife,CD4T
MAZ,0.008096177651262578,0.08982776345113276,868,0.05230765757041215,,aging,soundlife,CD4T
MBD1,0.028628373365695212,0.07428916915666678,868,0.0679804894307293,,aging,soundlife,CD4T
MBD2,0.0012107017370029491,0.10967528513094155,868,0.010781789793039776,,aging,soundlife,CD4T
MBD4,0.04607389450372742,0.06772491110182634,868,0.07990183283672728,,aging,soundlife,CD4T
MBD6,0.034933739167656803,0.07159967093626397,868,0.07141861673613749,,aging,soundlife,CD4T
MBNL2,0.00011810101177611602,0.13030890875591497,868,0.0012552994638783943,,aging,soundlife,CD4T
MECP2,0.011404150554777866,0.08584113639354592,868,0.06368928148812385,,aging,soundlife,CD4T
MEF2A,0.4555698523556776,0.02535884258682098,868,0.4788206263196037,,aging,soundlife,CD4T
MEF2C,0.4797474608054617,0.024018410901063672,868,0.5010357791930258,,aging,soundlife,CD4T
MEF2D,0.019820002908327534,0.07906657383823107,868,0.06547432210000005,,aging,soundlife,CD4T
MGA,0.02275438794556963,0.07730022363805963,868,0.06579076934331311,,aging,soundlife,CD4T
MLX,0.029507934358574475,0.0738852235768702,868,0.0679804894307293,,aging,soundlife,CD4T
MLXIP,0.3760227999395718,0.030083831898432153,868,0.4042398452857713,,aging,soundlife,CD4T
MNT,0.02215716361749597,0.07764298120887304,868,0.06579076934331311,,aging,soundlife,CD4T
MSANTD4,0.08530258885250773,0.05843915995564958,868,0.12037346050064796,,aging,soundlife,CD4T
MTERF1,0.1197983819821677,0.05284045254068714,868,0.15510242382367095,,aging,soundlife,CD4T
MTERF2,0.1750435259207869,0.04607352355922982,868,0.21049942259452295,,aging,soundlife,CD4T
MTERF3,0.33622441682135074,0.03267897142970796,868,0.36563018264896063,,aging,soundlife,CD4T
MTERF4,0.47483422160245303,0.024287735512289736,868,0.49669166989843894,,aging,soundlife,CD4T
MTF1,0.021734611766619952,0.07789036962951935,868,0.06579076934331311,,aging,soundlife,CD4T
MTF2,0.0588759034552034,0.06414726355721768,868,0.09259957130543925,,aging,soundlife,CD4T
MXD1,0.02856117784863041,0.07432046589088169,868,0.0679804894307293,,aging,soundlife,CD4T
MXD4,6.410234438745555e-08,0.1822478279566196,868,1.0303279256422732e-06,,aging,soundlife,CD4T
MXI1,0.06940739662113517,0.061661070098084206,868,0.10348297369531238,,aging,soundlife,CD4T
MYBL1,5.231802514467909e-18,0.2877243167695804,868,2.652121428487963e-16,,aging,soundlife,CD4T
MYC,2.604701498504977e-10,-0.2123905238036426,868,5.91895961211993e-09,,aging,soundlife,CD4T
MYNN,0.02397324654286725,0.07662424357424766,868,0.06579076934331311,,aging,soundlife,CD4T
MYSM1,0.024416946135826855,0.07638554511854627,868,0.06579076934331311,,aging,soundlife,CD4T
MZF1,0.11533070396166863,0.05348688121208075,868,0.15020342670106646,,aging,soundlife,CD4T
NACC2,0.09107556842571873,0.05738931849300784,868,0.1250391658178097,,aging,soundlife,CD4T
NCOA1,0.031119656460382197,0.07317112157381787,868,0.0679804894307293,,aging,soundlife,CD4T
NCOA2,0.020735937707478155,0.07849209917890247,868,0.06579076934331311,,aging,soundlife,CD4T
NCOA3,0.5420670359083546,0.020721873617812494,868,0.5581482322195752,,aging,soundlife,CD4T
NFAT5,0.01926480267586927,0.07942616017836696,868,0.06547432210000005,,aging,soundlife,CD4T
NFATC1,0.05389929128730689,0.06545268736094004,868,0.08906617402194045,,aging,soundlife,CD4T
NFATC2,4.027031674092504e-08,0.18498740830057375,868,6.6345346830674e-07,,aging,soundlife,CD4T
NFATC3,0.1355111647018782,0.05070660684623862,868,0.17206523610508234,,aging,soundlife,CD4T
NFE2,0.8397148043812197,0.006874919708616285,868,0.847430407484263,,aging,soundlife,CD4T
NFE2L1,0.023377075491319788,0.07695106341865575,868,0.06579076934331311,,aging,soundlife,CD4T
NFE2L2,0.05159522367890842,0.0660913630403532,868,0.08651718169058689,,aging,soundlife,CD4T
NFE2L3,0.007364495688360208,0.0909042167831671,868,0.05036532457511118,,aging,soundlife,CD4T
NFIA,0.09193210710649226,0.057238144335398526,868,0.12595272054714846,,aging,soundlife,CD4T
NFIC,0.04325882739403342,0.06862208108731752,868,0.07691889705043396,,aging,soundlife,CD4T
NFKB1,0.036258171429314257,0.07108818474377179,868,0.07141861673613749,,aging,soundlife,CD4T
NFKB2,0.005670290644665775,0.09382108710961265,868,0.04198563522286232,,aging,soundlife,CD4T
NFX1,0.03135974019262778,0.07306747582913135,868,0.0679804894307293,,aging,soundlife,CD4T
NFXL1,0.02101825283591046,0.07831948487522399,868,0.06579076934331311,,aging,soundlife,CD4T
NFYA,0.01712919717431321,0.0808995317929644,868,0.06547432210000005,,aging,soundlife,CD4T
NFYB,0.09351140515968644,0.056962343587506334,868,0.1278506556021439,,aging,soundlife,CD4T
NFYC,0.02499773246661642,0.07607870484470389,868,0.06579076934331311,,aging,soundlife,CD4T
NKRF,0.1896166412090428,0.04456457453001119,868,0.22632465792834416,,aging,soundlife,CD4T
NME2,1.3130338438817609e-14,0.2574596490890071,868,4.554154226937265e-13,,aging,soundlife,CD4T
NR1D1,0.006665382476116905,0.09202628783815751,868,0.047659639546002504,,aging,soundlife,CD4T
NR1D2,0.013325707017584364,0.0839776625154014,868,0.06547432210000005,,aging,soundlife,CD4T
NR1H2,0.0246373974253708,0.07626834082390344,868,0.06579076934331311,,aging,soundlife,CD4T
NR2C1,0.05292551208866647,0.06571977977186842,868,0.08785368379453704,,aging,soundlife,CD4T
NR2C2,0.016392586295715127,0.08144518994063107,868,0.06547432210000005,,aging,soundlife,CD4T
NR3C1,6.301454564869025e-09,0.1955308894893799,868,1.2213701641907904e-07,,aging,soundlife,CD4T
NR3C2,0.07295779457980206,0.06089286249933891,868,0.10660573531727174,,aging,soundlife,CD4T
NR4A1,0.04171918921897415,-0.06913379693004609,868,0.07629102215834109,,aging,soundlife,CD4T
NR4A2,0.06901087379236912,0.06174885160444105,868,0.10312509258315475,,aging,soundlife,CD4T
NR4A3,0.03783613159162383,0.07049914107344675,868,0.07234761985842057,,aging,soundlife,CD4T
NRF1,0.03714002803340934,0.07075636771021991,868,0.07234761985842057,,aging,soundlife,CD4T
PA2G4,0.013997057344859924,0.08338239073066551,868,0.06547432210000005,,aging,soundlife,CD4T
PATZ1,0.243076616402215,0.039663369999015,868,0.27810328161295084,,aging,soundlife,CD4T
PBX2,0.07087568701156556,0.0613395597671414,868,0.10472438955296345,,aging,soundlife,CD4T
PBX3,0.662866710881443,0.01481794266667186,868,0.6772545154587146,,aging,soundlife,CD4T
PBX4,0.0010122711731034217,0.1113843973061957,868,0.00913817401472815,,aging,soundlife,CD4T
PCGF6,0.0984345356177676,0.05612585638047825,868,0.13319991575381696,,aging,soundlife,CD4T
PHF1,0.05185189362632236,0.06601905077391944,868,0.08669764265690737,,aging,soundlife,CD4T
PHF19,0.017838278659983397,0.08039334592792804,868,0.06547432210000005,,aging,soundlife,CD4T
PHF20,0.01957577796908663,0.07922365459992028,868,0.06547432210000005,,aging,soundlife,CD4T
PHF21A,0.007489835824523361,0.0907132120885587,868,0.05036532457511118,,aging,soundlife,CD4T
PIN1,8.666862396337316e-07,0.16606466975067943,868,1.2152047487630407e-05,,aging,soundlife,CD4T
PKNOX1,0.019430336693197735,0.07931801328904727,868,0.06547432210000005,,aging,soundlife,CD4T
PLAG1,1.424257285844118e-05,-0.14672565799629922,868,0.00017381213914282847,,aging,soundlife,CD4T
PLAGL2,0.06981414322754326,0.06157145138983626,868,0.1036205414120518,,aging,soundlife,CD4T
PLSCR1,0.02382853494612386,0.07670292174523409,868,0.06579076934331311,,aging,soundlife,CD4T
POGK,0.026652687843213677,0.0752369540542578,868,0.06755431264876081,,aging,soundlife,CD4T
POU2F1,0.033235003417323036,0.07228048284104957,868,0.06997401677960345,,aging,soundlife,CD4T
POU2F2,0.00687005415641291,0.0916872689731925,868,0.047659639546002504,,aging,soundlife,CD4T
PPARA,0.34195668171052296,0.03229361833304936,868,0.3712511585621658,,aging,soundlife,CD4T
PRDM1,4.39612102065704e-31,0.3792886953082771,868,4.828406254354982e-29,,aging,soundlife,CD4T
PRDM10,0.01232872667287177,0.08491244920961288,868,0.06547432210000005,,aging,soundlife,CD4T
PRDM15,0.027196732129658185,0.07497008210755636,868,0.06773137298249216,,aging,soundlife,CD4T
PRDM2,0.12758073419373836,0.05175806504654453,868,0.16262225112896242,,aging,soundlife,CD4T
PRDM4,0.017724061468755454,0.08047367758061647,868,0.06547432210000005,,aging,soundlife,CD4T
PRDM8,0.019475148138739216,0.07928887526705439,868,0.06547432210000005,,aging,soundlife,CD4T
PREB,0.0255373609659628,0.07579908271687821,868,0.06579076934331311,,aging,soundlife,CD4T
PRMT3,0.05831055132715918,0.06429084088500728,868,0.09259957130543925,,aging,soundlife,CD4T
PRR12,0.014278467088888287,0.0831403301955034,868,0.06547432210000005,,aging,soundlife,CD4T
PURA,0.04788683246962978,0.06717124275391445,868,0.08175498082250265,,aging,soundlife,CD4T
PURB,0.018202791156701034,0.08013994985709784,868,0.06547432210000005,,aging,soundlife,CD4T
RARA,1.2118953412065497e-10,0.2162356679435957,868,2.86425343942254e-09,,aging,soundlife,CD4T
RARG,0.0004770930828312173,0.11832402326541659,868,0.0047362237608966585,,aging,soundlife,CD4T
RBAK,0.057351010698411406,0.06453719128658511,868,0.09151166113862741,,aging,soundlife,CD4T
RBCK1,0.009044238191424617,0.08855547358351643,868,0.05622785819008324,,aging,soundlife,CD4T
RBPJ,0.0017855986070435255,0.10588151834187313,868,0.015281941325216666,,aging,soundlife,CD4T
RBSN,0.030981049175788547,0.07323127156373255,868,0.0679804894307293,,aging,soundlife,CD4T
REL,0.0007871874692105056,0.11374675417185945,868,0.007410807745853188,,aging,soundlife,CD4T
RELA,0.030169262893423036,0.07358825826319253,868,0.0679804894307293,,aging,soundlife,CD4T
RELB,2.6646757179227814e-06,0.15858136982183424,868,3.443179015904143e-05,,aging,soundlife,CD4T
REPIN1,0.06214484583802723,0.06333877530700997,868,0.09555316899203353,,aging,soundlife,CD4T
REST,0.08716305387995918,0.05809473971712473,868,0.12118238925504873,,aging,soundlife,CD4T
REXO4,0.06188939674786372,0.0634006706387212,868,0.09555316899203353,,aging,soundlife,CD4T
RFX1,0.021050569791931612,0.07829985437301758,868,0.06579076934331311,,aging,soundlife,CD4T
RFX2,0.00505723175902989,0.09507381996309822,868,0.039208420343537616,,aging,soundlife,CD4T
RFX3,0.05928387918041945,0.06404436187929706,868,0.09301922947594385,,aging,soundlife,CD4T
RFX5,0.01832077269335364,0.08005888332365298,868,0.06547432210000005,,aging,soundlife,CD4T
RFX7,0.016221389815778628,0.08157508011433198,868,0.06547432210000005,,aging,soundlife,CD4T
RLF,0.1430131103303231,0.04975478010448716,868,0.17985809104519643,,aging,soundlife,CD4T
RORA,6.5310667588399864e-12,0.23029184240415057,868,1.7215891976302203e-10,,aging,soundlife,CD4T
RREB1,0.024245086290712287,0.07647755218925263,868,0.06579076934331311,,aging,soundlife,CD4T
RUNX1,0.13929524628542075,0.05022156717496885,868,0.17639989226810093,,aging,soundlife,CD4T
RUNX2,2.043458124405861e-15,0.26500615794891563,868,8.416493149896639e-14,,aging,soundlife,CD4T
RUNX3,1.2415980765811017e-09,0.2043071110630785,868,2.7273771082231536e-08,,aging,soundlife,CD4T
RXRA,0.0901801691890783,0.05754857633893799,868,0.12406833297620586,,aging,soundlife,CD4T
RXRB,0.03493411374097521,0.07159952396011268,868,0.07141861673613749,,aging,soundlife,CD4T
SAFB,0.040521265407093,0.0695430979533552,868,0.07586225540702923,,aging,soundlife,CD4T
SAFB2,0.06364819384452415,0.0629787112943824,868,0.09754455754311957,,aging,soundlife,CD4T
SATB1,1.29682700305386e-38,-0.42103438667470466,868,4.2730449750624684e-36,,aging,soundlife,CD4T
SCMH1,0.00784173689368958,0.09019185093590185,868,0.05136318629094299,,aging,soundlife,CD4T
SCML4,0.43809096434437445,0.026352906600048874,868,0.46192311280470844,,aging,soundlife,CD4T
SETDB1,0.027299755936204526,0.0749200642860711,868,0.06773137298249216,,aging,soundlife,CD4T
SETDB2,0.023754454831470356,0.07674335855885725,868,0.06579076934331311,,aging,soundlife,CD4T
SGSM2,0.20391679463772838,0.04316470936307675,868,0.24082646535172583,,aging,soundlife,CD4T
SKI,0.024076212480793845,0.07656851205488109,868,0.06579076934331311,,aging,soundlife,CD4T
SKIL,0.8026786517282706,-0.008493632364818775,868,0.815046581647042,,aging,soundlife,CD4T
SLC2A4RG,0.41652270195672236,0.02761151849958596,868,0.4427233235314194,,aging,soundlife,CD4T
SMAD3,5.020321873932547e-09,0.19678316304239268,868,1.0025430651277419e-07,,aging,soundlife,CD4T
SMAD4,0.04581824467011685,0.06780445275770158,868,0.07966813519157522,,aging,soundlife,CD4T
SMAD5,1.0984958934107747e-10,0.21672418911244912,868,2.7842645913757714e-09,,aging,soundlife,CD4T
SMYD3,0.014751031906492382,0.08274313633265666,868,0.06547432210000005,,aging,soundlife,CD4T
SNAI1,0.8328714421442461,0.007172739321173338,868,0.8430723893294394,,aging,soundlife,CD4T
SNAI3,0.000524928325594567,0.11746307371520848,868,0.005087173037747347,,aging,soundlife,CD4T
SNAPC2,0.15987637863796253,0.04774694808774932,868,0.19493703902797993,,aging,soundlife,CD4T
SNAPC5,0.04027982743312593,0.06962682842954217,868,0.07586225540702923,,aging,soundlife,CD4T
SON,0.33473335548095495,-0.03277989811559563,868,0.3646103822511559,,aging,soundlife,CD4T
SOX13,4.709280703297424e-20,0.30429380178918136,868,2.586179986227502e-18,,aging,soundlife,CD4T
SOX4,1.8631336774609697e-91,-0.6150437790459496,868,1.227805093446779e-88,,aging,soundlife,CD4T
SP1,0.014025940677314181,0.08335734966888979,868,0.06547432210000005,,aging,soundlife,CD4T
SP100,8.3913456779326e-05,0.13309016602476884,868,0.0009372706443656921,,aging,soundlife,CD4T
SP110,0.1986611254123732,0.04367060127581053,868,0.23588771467883596,,aging,soundlife,CD4T
SP140,1.216981734504266e-10,0.21621481570213172,868,2.86425343942254e-09,,aging,soundlife,CD4T
SP140L,0.04033246079640899,0.06960853908471624,868,0.07586225540702923,,aging,soundlife,CD4T
SP2,0.0170595697375234,0.08095022019313991,868,0.06547432210000005,,aging,soundlife,CD4T
SP3,0.05675897648544204,0.06469090078280414,868,0.09078680947550075,,aging,soundlife,CD4T
SP4,0.019445555705155253,0.07930811077085423,868,0.06547432210000005,,aging,soundlife,CD4T
SPEN,0.087044893724468,0.058116437071458645,868,0.12118238925504873,,aging,soundlife,CD4T
SPI1,0.23626687601160085,0.04024182220043784,868,0.2725801902137536,,aging,soundlife,CD4T
SRCAP,0.015659327026980925,0.08201015708017324,868,0.06547432210000005,,aging,soundlife,CD4T
SREBF1,9.518207050874622e-07,-0.16545309279916,868,1.3067705096929948e-05,,aging,soundlife,CD4T
SREBF2,0.01070446902653433,0.0865893827937444,868,0.06043328237784788,,aging,soundlife,CD4T
SRF,0.26418437670400624,0.037939394860461835,868,0.29811216480811664,,aging,soundlife,CD4T
STAT1,6.348310522835561e-05,0.1353211629552188,868,0.0007470601133122562,,aging,soundlife,CD4T
STAT2,0.02789342370190987,0.07463496729660996,868,0.06779524531577055,,aging,soundlife,CD4T
STAT3,0.24874479230499397,-0.039190501790273766,868,0.2836034915726488,,aging,soundlife,CD4T
STAT4,0.006841635177904714,0.09173379611108465,868,0.047659639546002504,,aging,soundlife,CD4T
STAT5A,0.03625085021806628,0.0710909681046368,868,0.07141861673613749,,aging,soundlife,CD4T
STAT5B,0.01072942949652231,0.08656195336951025,868,0.06043328237784788,,aging,soundlife,CD4T
STAT6,0.03068567630983231,0.07336022476446899,868,0.0679804894307293,,aging,soundlife,CD4T
TBP,0.08308704127596969,0.058857316292073796,868,0.11819924412393255,,aging,soundlife,CD4T
TBPL1,0.03098994491396246,0.07322740425375178,868,0.0679804894307293,,aging,soundlife,CD4T
TBX21,1.5016569228283213e-13,0.24718675099472243,868,4.9479595607193184e-12,,aging,soundlife,CD4T
TCF12,0.02730257985573775,0.07491869557066223,868,0.06773137298249216,,aging,soundlife,CD4T
TCF20,0.026902671427094838,0.07511375129544051,868,0.06773137298249216,,aging,soundlife,CD4T
TCF7,1.0923297874721579e-36,-0.41091204727539576,868,2.3994844331471735e-34,,aging,soundlife,CD4T
TERF1,0.036305366626109344,0.07107025365331464,868,0.07141861673613749,,aging,soundlife,CD4T
TERF2,0.02378699384113174,0.07672558363056084,868,0.06579076934331311,,aging,soundlife,CD4T
TET2,0.01993127281760751,0.07899556598514,868,0.06547432210000005,,aging,soundlife,CD4T
TET3,0.2365946415815889,0.04021371301150399,868,0.2725801902137536,,aging,soundlife,CD4T
TFAP4,0.15354416636683688,0.048481121521461945,868,0.18984166160552626,,aging,soundlife,CD4T
TFCP2,0.014672723886452733,0.08280817327960166,868,0.06547432210000005,,aging,soundlife,CD4T
TFDP1,0.030511382162263814,0.07343681771130903,868,0.0679804894307293,,aging,soundlife,CD4T
TFDP2,0.45389749424530523,0.025453008369749404,868,0.477824997935553,,aging,soundlife,CD4T
TFE3,0.011703249314204805,0.08553363472702277,868,0.06427034415050806,,aging,soundlife,CD4T
TFEB,0.07021998562704393,0.06148245733023129,868,0.10398869781622909,,aging,soundlife,CD4T
TGIF1,7.834780895314434e-05,0.13364215333295038,868,0.0008901932086227952,,aging,soundlife,CD4T
TGIF2,0.16816319141240824,0.04681859160015668,868,0.20408755642868698,,aging,soundlife,CD4T
THAP1,0.04102273377687328,0.069370529579724,868,0.07615206072946336,,aging,soundlife,CD4T
THAP11,0.04157734562137834,0.0691817387133944,868,0.07629102215834109,,aging,soundlife,CD4T
THAP12,0.026003926360494593,0.07556140390822637,868,0.06667932868313593,,aging,soundlife,CD4T
THAP3,0.43236240248079083,0.0266836213124661,868,0.4573464257381078,,aging,soundlife,CD4T
THAP4,0.04248889642387483,0.06887601913270561,868,0.07629102215834109,,aging,soundlife,CD4T
THAP5,0.04394721517260585,0.06839824559491513,868,0.07779048773113718,,aging,soundlife,CD4T
THAP6,0.015613432052938532,0.08204628565536175,868,0.06547432210000005,,aging,soundlife,CD4T
THAP7,0.05143414384245471,0.06613689808922416,868,0.08646709385759606,,aging,soundlife,CD4T
THRA,0.08491480348028169,0.05851171105832919,868,0.12008338088735114,,aging,soundlife,CD4T
THYN1,0.0646811069790213,0.06273536471789651,868,0.09817459936976657,,aging,soundlife,CD4T
TIGD1,0.3181028849060017,0.03392581605113254,868,0.3499662790535144,,aging,soundlife,CD4T
TMF1,0.004292377909006307,0.09684499281823378,868,0.03367472669089472,,aging,soundlife,CD4T
TOPORS,0.03610784418847366,0.07114543195469852,868,0.07141861673613749,,aging,soundlife,CD4T
TP53,0.03627383289560945,0.07108223220964462,868,0.07141861673613749,,aging,soundlife,CD4T
TRAFD1,0.015781328650398104,0.08191456746577921,868,0.06547432210000005,,aging,soundlife,CD4T
TRERF1,9.829995294480025e-05,0.13180920456422648,868,0.0010796611498437227,,aging,soundlife,CD4T
TRPS1,0.020468680789356482,0.07865740141905433,868,0.06579076934331311,,aging,soundlife,CD4T
TSC22D1,0.0014947684437834115,0.10763202267573382,868,0.013065698974292076,,aging,soundlife,CD4T
TSHZ1,0.11914800250671266,0.05293336902632961,868,0.15456404262189694,,aging,soundlife,CD4T
TSHZ2,2.3696734010130602e-08,-0.18806315066055235,868,4.220580462885423e-07,,aging,soundlife,CD4T
TTF1,0.04046810523549721,0.06956149753029459,868,0.07586225540702923,,aging,soundlife,CD4T
UBP1,0.01575830920131009,0.0819325536722931,868,0.06547432210000005,,aging,soundlife,CD4T
USF1,0.021303752547397897,0.07814696243164009,868,0.06579076934331311,,aging,soundlife,CD4T
USF2,0.014732981930269111,0.08275810034205969,868,0.06547432210000005,,aging,soundlife,CD4T
USF3,0.02244805935530623,0.07747504258400743,868,0.06579076934331311,,aging,soundlife,CD4T
VEZF1,0.03512980307839889,0.0715229218272632,868,0.07141861673613749,,aging,soundlife,CD4T
XBP1,1.5610229027455743e-09,0.20309390560827997,868,3.318432557772043e-08,,aging,soundlife,CD4T
XPA,0.04134920155267591,0.06925914002906651,868,0.07629102215834109,,aging,soundlife,CD4T
YBX1,0.8341171439192633,0.0071184867493291025,868,0.8430723893294394,,aging,soundlife,CD4T
YBX3,0.6431117594264335,0.01574892635296877,868,0.6601411985389715,,aging,soundlife,CD4T
YY1,0.013589895506975563,0.08374032358909943,868,0.06547432210000005,,aging,soundlife,CD4T
ZBED1,0.1414956120376478,0.049944168061431385,868,0.1785322823449823,,aging,soundlife,CD4T
ZBED4,0.017637518799465436,0.0805348472175807,868,0.06547432210000005,,aging,soundlife,CD4T
ZBED5,0.054135164854137226,0.06538859657296894,868,0.08906617402194045,,aging,soundlife,CD4T
ZBED6,0.067437550741585,0.062101282043211095,868,0.10146426013402857,,aging,soundlife,CD4T
ZBTB1,0.018422050006889186,0.07998965755639624,868,0.06547432210000005,,aging,soundlife,CD4T
ZBTB10,0.09404902476436135,0.05686930768374094,868,0.1280543539663515,,aging,soundlife,CD4T
ZBTB11,0.02389345572280663,0.0766675739808493,868,0.06579076934331311,,aging,soundlife,CD4T
ZBTB14,0.3186446738038821,0.03388787783208128,868,0.3499780667279305,,aging,soundlife,CD4T
ZBTB16,0.0025882506080831947,0.10214169180032746,868,0.021057495687985497,,aging,soundlife,CD4T
ZBTB17,0.05577202262896785,0.0649501299696386,868,0.08964332417680443,,aging,soundlife,CD4T
ZBTB18,0.12629088065324262,0.05193383933747568,868,0.16160328223395512,,aging,soundlife,CD4T
ZBTB2,0.11608002047247136,0.053377108399087415,868,0.15088113114666396,,aging,soundlife,CD4T
ZBTB20,0.9606093122056455,-0.0016787891580415189,868,0.9635335414665455,,aging,soundlife,CD4T
ZBTB21,0.055754144694883156,0.06495486076450818,868,0.08964332417680443,,aging,soundlife,CD4T
ZBTB22,0.15994500830175273,0.047739112421683765,868,0.19493703902797993,,aging,soundlife,CD4T
ZBTB24,0.025344620027298204,0.07589836510707336,868,0.06579076934331311,,aging,soundlife,CD4T
ZBTB25,0.04447353039302018,0.06822909441680139,868,0.07804070145119389,,aging,soundlife,CD4T
ZBTB33,0.017479291785391364,0.08064736664740123,868,0.06547432210000005,,aging,soundlife,CD4T
ZBTB37,0.023907360668424308,0.07666001389506741,868,0.06579076934331311,,aging,soundlife,CD4T
ZBTB38,4.323530652614494e-06,0.1552480793147516,868,5.3758616982508516e-05,,aging,soundlife,CD4T
ZBTB4,0.02394268670450754,0.07664082432131485,868,0.06579076934331311,,aging,soundlife,CD4T
ZBTB40,0.017091374731202664,0.08092704389128365,868,0.06547432210000005,,aging,soundlife,CD4T
ZBTB41,0.02886119948011504,0.07418121517354563,868,0.0679804894307293,,aging,soundlife,CD4T
ZBTB43,0.01908109931727197,0.07954713073688656,868,0.06547432210000005,,aging,soundlife,CD4T
ZBTB44,0.03351763859156158,0.07216518005036401,868,0.07034434341350025,,aging,soundlife,CD4T
ZBTB48,0.27819092221034936,0.03684727019629638,868,0.3117820029534358,,aging,soundlife,CD4T
ZBTB49,0.05843881415317381,0.06425816624937404,868,0.09259957130543925,,aging,soundlife,CD4T
ZBTB5,0.019970165010773915,0.07897082806167631,868,0.06547432210000005,,aging,soundlife,CD4T
ZBTB7A,0.005485455794561448,0.09418537668658976,868,0.04184190425858849,,aging,soundlife,CD4T
ZBTB7B,0.019882926798930785,0.07902637586085377,868,0.06547432210000005,,aging,soundlife,CD4T
ZC3H8,0.03737215732349291,0.07067013863946103,868,0.07234761985842057,,aging,soundlife,CD4T
ZEB1,0.5356597475887925,0.021051458451066696,868,0.5541597702684682,,aging,soundlife,CD4T
ZEB2,7.591426338791452e-08,0.18124076574001213,868,1.191130942205611e-06,,aging,soundlife,CD4T
ZFAT,0.0193740828580054,0.0793546746527842,868,0.06547432210000005,,aging,soundlife,CD4T
ZFP14,0.04688848859690332,0.067473912579464,868,0.08046748433687313,,aging,soundlife,CD4T
ZFP62,0.19320169465865208,0.0442065589974922,868,0.22981934436832444,,aging,soundlife,CD4T
ZFP64,0.10843482388919264,0.054524385864023736,868,0.14382876413084056,,aging,soundlife,CD4T
ZFP90,0.07774974021694685,0.05990303323647001,868,0.11187135109818334,,aging,soundlife,CD4T
ZFP91,0.03692505013859786,0.07083663506084215,868,0.07220655205144211,,aging,soundlife,CD4T
ZFX,0.0360047181008834,0.07118482156324375,868,0.07141861673613749,,aging,soundlife,CD4T
ZFY,0.08645687291231573,0.05822476768096746,868,0.12096619798135046,,aging,soundlife,CD4T
ZGPAT,0.02546607755239772,0.07583572570859624,868,0.06579076934331311,,aging,soundlife,CD4T
ZHX1,0.02782549943491238,0.07466732042191224,868,0.06779524531577055,,aging,soundlife,CD4T
ZHX2,0.06967200254933131,0.06160272056602282,868,0.1036205414120518,,aging,soundlife,CD4T
ZKSCAN1,0.031215942629487688,0.0731294722069466,868,0.0679804894307293,,aging,soundlife,CD4T
ZKSCAN5,0.3849189653228783,0.02952744449172144,868,0.41248308711766757,,aging,soundlife,CD4T
ZKSCAN8,0.018782163923465406,0.07974617318976854,868,0.06547432210000005,,aging,soundlife,CD4T
ZMAT1,0.025490754405586548,0.07582303064352873,868,0.06579076934331311,,aging,soundlife,CD4T
ZNF10,1.2793347290628938e-08,-0.19157542137586617,868,2.4088045327212773e-07,,aging,soundlife,CD4T
ZNF100,0.09013449796899256,0.05755673351533448,868,0.12406833297620586,,aging,soundlife,CD4T
ZNF101,0.8487140604551466,-0.006484073378303295,868,0.8552027000610728,,aging,soundlife,CD4T
ZNF107,0.07511382112742104,0.06044114967037372,868,0.10884984403867896,,aging,soundlife,CD4T
ZNF12,0.02733921883663568,0.07490094820039421,868,0.06773137298249216,,aging,soundlife,CD4T
ZNF121,0.016465939301077006,0.08138989934971837,868,0.06547432210000005,,aging,soundlife,CD4T
ZNF124,0.2653725783759226,0.03784522907753341,868,0.29894107546962906,,aging,soundlife,CD4T
ZNF131,0.056016507311088266,0.06488556150917582,868,0.08981722218493228,,aging,soundlife,CD4T
ZNF134,0.5150003911354211,0.022127985271176688,868,0.534464972847626,,aging,soundlife,CD4T
ZNF136,0.1462538044892494,0.04935542752941837,868,0.1832343291985083,,aging,soundlife,CD4T
ZNF138,0.07697141218655498,0.060060362020414516,868,0.1112371943660959,,aging,soundlife,CD4T
ZNF14,0.5016746028035582,-0.022834251608163488,868,0.5214567243652127,,aging,soundlife,CD4T
ZNF141,0.1596484432748288,0.047772990424555684,868,0.19493703902797993,,aging,soundlife,CD4T
ZNF142,0.017514861152281028,0.0806219948892851,868,0.06547432210000005,,aging,soundlife,CD4T
ZNF143,0.02292009031948639,0.07720650796959454,868,0.06579076934331311,,aging,soundlife,CD4T
ZNF146,0.03781769453033175,0.070505901976406,868,0.07234761985842057,,aging,soundlife,CD4T
ZNF148,0.23328047348732564,0.0404992141853812,868,0.2706990217049291,,aging,soundlife,CD4T
ZNF160,0.02764084920982892,0.0747556163447986,868,0.06779524531577055,,aging,soundlife,CD4T
ZNF169,0.6548369164542106,0.015194982424773223,868,0.6700893291045416,,aging,soundlife,CD4T
ZNF18,0.4280233887828603,0.026935804830048184,868,0.45348458715097256,,aging,soundlife,CD4T
ZNF189,0.02729352146132471,0.07492308648318197,868,0.06773137298249216,,aging,soundlife,CD4T
ZNF195,0.11481268352648431,0.053563097532533105,868,0.1498940927653605,,aging,soundlife,CD4T
ZNF197,0.01155289164800187,0.08568733503723233,868,0.06397777811792632,,aging,soundlife,CD4T
ZNF207,0.04251173307022656,0.06886843148889535,868,0.07629102215834109,,aging,soundlife,CD4T
ZNF211,0.234140276740227,0.04042487181085777,868,0.2706990217049291,,aging,soundlife,CD4T
ZNF217,0.016896112158218603,0.08106993226836408,868,0.06547432210000005,,aging,soundlife,CD4T
ZNF22,0.09608992768457672,0.05651995455813848,868,0.1305634275136826,,aging,soundlife,CD4T
ZNF224,0.032683068601305654,0.07250808459732871,868,0.06903250707775778,,aging,soundlife,CD4T
ZNF226,0.14168798735421206,0.04992007315862959,868,0.1785322823449823,,aging,soundlife,CD4T
ZNF227,0.23940376708934405,0.039973921420677384,868,0.27533522253381804,,aging,soundlife,CD4T
ZNF235,0.27284445923433026,0.03725961178873527,868,0.3063109005714202,,aging,soundlife,CD4T
ZNF236,0.023629936601580182,0.07681157386507387,868,0.06579076934331311,,aging,soundlife,CD4T
ZNF24,0.08822640620728965,0.057900538291225816,868,0.12214538170294933,,aging,soundlife,CD4T
ZNF248,0.03213768063523101,0.07273623751417517,868,0.06844093249213669,,aging,soundlife,CD4T
ZNF25,0.189920388216046,0.04453404942059054,868,0.22632465792834416,,aging,soundlife,CD4T
ZNF250,0.012903469130613738,0.08436575304287773,868,0.06547432210000005,,aging,soundlife,CD4T
ZNF254,0.05566915958123982,0.06497736648767419,868,0.08964332417680443,,aging,soundlife,CD4T
ZNF26,0.005670115611094297,0.0938214269919625,868,0.04198563522286232,,aging,soundlife,CD4T
ZNF260,0.21300933227259114,0.042311402572735614,868,0.24977428819864333,,aging,soundlife,CD4T
ZNF263,0.12124620548698894,0.052635016625224136,868,0.15666911650181511,,aging,soundlife,CD4T
ZNF264,0.04826950809757075,0.06705662891393807,868,0.08198352019664723,,aging,soundlife,CD4T
ZNF266,0.02011917882338235,0.0788764326285115,868,0.06563633091390579,,aging,soundlife,CD4T
ZNF267,0.0007262903701881595,0.114493852320876,868,0.006936599332666625,,aging,soundlife,CD4T
ZNF273,0.31291876534391994,0.03429098748501738,868,0.3448385725111091,,aging,soundlife,CD4T
ZNF274,0.0641397606709282,0.06286249908876075,868,0.09800634193471963,,aging,soundlife,CD4T
ZNF275,0.6506105556110384,0.015394181039815932,868,0.6667999318004266,,aging,soundlife,CD4T
ZNF276,0.028565650699668457,0.0743183806667353,868,0.0679804894307293,,aging,soundlife,CD4T
ZNF277,0.05488706385532592,0.0651858337862575,868,0.08931006192755502,,aging,soundlife,CD4T
ZNF280C,0.11210209191202462,0.0539663725336394,868,0.14745564584835175,,aging,soundlife,CD4T
ZNF280D,0.031149105624976362,0.07315837139269363,868,0.0679804894307293,,aging,soundlife,CD4T
ZNF281,0.046795286085155534,0.06750244432483282,868,0.08046748433687313,,aging,soundlife,CD4T
ZNF286A,0.017846060106005004,0.08038788943831146,868,0.06547432210000005,,aging,soundlife,CD4T
ZNF292,0.32633886922142286,0.03335358277811107,868,0.3566456298788021,,aging,soundlife,CD4T
ZNF3,0.12693180449911687,0.05184632422539306,868,0.16210864179247678,,aging,soundlife,CD4T
ZNF302,0.23361231556455533,0.040470498719823285,868,0.2706990217049291,,aging,soundlife,CD4T
ZNF316,0.0074886029667759505,0.09071507684847818,868,0.05036532457511118,,aging,soundlife,CD4T
ZNF317,0.032469398754492236,0.07259707865693367,868,0.06880171633186619,,aging,soundlife,CD4T
ZNF318,0.02452482378263857,0.07632807744339261,868,0.06579076934331311,,aging,soundlife,CD4T
ZNF319,0.08560854679304114,0.05838210565092142,868,0.12054707764233785,,aging,soundlife,CD4T
ZNF32,0.058593783387856264,0.06421876745481934,868,0.09259957130543925,,aging,soundlife,CD4T
ZNF324,0.14714445703011983,0.04924685808366371,868,0.18400037416100373,,aging,soundlife,CD4T
ZNF326,0.06690544254599465,0.06222200457947539,868,0.10089401976615668,,aging,soundlife,CD4T
ZNF331,0.018352825981287114,-0.08003693794706376,868,0.06547432210000005,,aging,soundlife,CD4T
ZNF333,0.20250990334410698,0.0432991925415054,868,0.24002522716504768,,aging,soundlife,CD4T
ZNF335,0.021091811196542798,0.07827484086927022,868,0.06579076934331311,,aging,soundlife,CD4T
ZNF337,0.09692777282799227,0.056378251176277795,868,0.13143086891696895,,aging,soundlife,CD4T
ZNF33A,0.04662683164431459,0.06755413400003898,868,0.08046748433687313,,aging,soundlife,CD4T
ZNF33B,0.03182209378812184,0.0728697745336299,868,0.06844093249213669,,aging,soundlife,CD4T
ZNF346,0.01751205142135564,0.08062399743934641,868,0.06547432210000005,,aging,soundlife,CD4T
ZNF350,0.054100593977256736,0.06539797548862303,868,0.08906617402194045,,aging,soundlife,CD4T
ZNF354A,0.1394603093652209,0.0502006414454292,868,0.17639989226810093,,aging,soundlife,CD4T
ZNF354B,0.12306976127170795,0.052378974983670744,868,0.15840424351182722,,aging,soundlife,CD4T
ZNF362,0.3239951288509906,0.03351545863673605,868,0.35500848241759236,,aging,soundlife,CD4T
ZNF37A,0.02794907255073794,0.07460851158937808,868,0.06779524531577055,,aging,soundlife,CD4T
ZNF382,0.08640328196859834,0.058234670199160496,868,0.12096619798135046,,aging,soundlife,CD4T
ZNF384,0.02868482608286895,0.07426292472765238,868,0.0679804894307293,,aging,soundlife,CD4T
ZNF394,0.05887379717159171,0.06414779634576609,868,0.09259957130543925,,aging,soundlife,CD4T
ZNF397,0.0742620750419333,0.06061832023474211,868,0.10827147666511956,,aging,soundlife,CD4T
ZNF398,0.02136951478243153,0.07810750852102867,868,0.06579076934331311,,aging,soundlife,CD4T
ZNF407,0.03570745543784446,0.07129890261467171,868,0.07141861673613749,,aging,soundlife,CD4T
ZNF41,0.016890005538967415,0.08107442422698782,868,0.06547432210000005,,aging,soundlife,CD4T
ZNF410,0.024584941456500586,0.07629614687452525,868,0.06579076934331311,,aging,soundlife,CD4T
ZNF414,0.06134149134612304,0.06353414335610974,868,0.09555316899203353,,aging,soundlife,CD4T
ZNF417,0.002454719791562578,0.1026825915950962,868,0.020476713197971376,,aging,soundlife,CD4T
ZNF428,0.02116463548762583,0.07823077558191215,868,0.06579076934331311,,aging,soundlife,CD4T
ZNF429,0.06424694949286629,0.062837255934777,868,0.09800634193471963,,aging,soundlife,CD4T
ZNF43,0.08707624710276744,0.05811067744353004,868,0.12118238925504873,,aging,soundlife,CD4T
ZNF430,0.050290278407614734,0.06646372711964171,868,0.08476034135707956,,aging,soundlife,CD4T
ZNF431,0.08322374700076586,0.05883125558324852,868,0.11819924412393255,,aging,soundlife,CD4T
ZNF439,0.1501052724835927,0.048889503943825505,868,0.18664032937110867,,aging,soundlife,CD4T
ZNF44,0.035677722880087755,0.07131035756846274,868,0.07141861673613749,,aging,soundlife,CD4T
ZNF444,0.102596453546556,0.055444346338974035,868,0.1382639322846225,,aging,soundlife,CD4T
ZNF445,0.02227293927437976,0.07757591415383837,868,0.06579076934331311,,aging,soundlife,CD4T
ZNF45,0.11463105863559915,0.053589883936105365,868,0.1498940927653605,,aging,soundlife,CD4T
ZNF451,0.11003445078324729,0.054279183713627846,868,0.1453160382087374,,aging,soundlife,CD4T
ZNF460,0.021132910277901627,0.07824995596965524,868,0.06579076934331311,,aging,soundlife,CD4T
ZNF480,0.03926469228740333,0.06998359466477523,868,0.07456896892622131,,aging,soundlife,CD4T
ZNF483,0.10996244242826693,0.05429016099492718,868,0.1453160382087374,,aging,soundlife,CD4T
ZNF484,0.017205772667192698,0.08084399317979639,868,0.06547432210000005,,aging,soundlife,CD4T
ZNF487,0.4172885294540051,0.027566185542923023,868,0.44282309325312297,,aging,soundlife,CD4T
ZNF490,0.2951685499976491,0.03557243580406087,868,0.3285744500818425,,aging,soundlife,CD4T
ZNF493,0.07727417862179131,0.05999900866326117,868,0.11143038011326144,,aging,soundlife,CD4T
ZNF506,0.3075162689479518,0.034675798607118107,868,0.3405936491373113,,aging,soundlife,CD4T
ZNF507,0.024729702374299896,0.07621953555566631,868,0.06579076934331311,,aging,soundlife,CD4T
ZNF511,0.03219527932103547,0.07271198644921263,868,0.06844093249213669,,aging,soundlife,CD4T
ZNF512,0.01747750339884622,0.08064864350271554,868,0.06547432210000005,,aging,soundlife,CD4T
ZNF518A,0.015779587640675226,0.08191592699517863,868,0.06547432210000005,,aging,soundlife,CD4T
ZNF518B,0.04201984626413722,0.06903263140791258,868,0.07629102215834109,,aging,soundlife,CD4T
ZNF524,0.031892850749277536,0.0728397362827104,868,0.06844093249213669,,aging,soundlife,CD4T
ZNF529,0.0481386873445519,0.06709572457018072,868,0.0819725967960199,,aging,soundlife,CD4T
ZNF540,0.10298320756629245,0.05538213868294134,868,0.13850190568609536,,aging,soundlife,CD4T
ZNF544,0.05515645148461449,0.06511375117006012,868,0.08952734366591367,,aging,soundlife,CD4T
ZNF548,0.22520438608253754,0.04120717993411727,868,0.2626720184573314,,aging,soundlife,CD4T
ZNF549,0.08167693470382732,0.05912817496687893,868,0.11687299790335975,,aging,soundlife,CD4T
ZNF550,0.46198248675001397,0.024999550198987665,868,0.48401662761249475,,aging,soundlife,CD4T
ZNF558,0.07515429292503631,0.060432772029750295,868,0.10884984403867896,,aging,soundlife,CD4T
ZNF559,0.10847176900307702,0.05451869053816133,868,0.14382876413084056,,aging,soundlife,CD4T
ZNF561,0.22727908876811395,0.04102360672115838,868,0.2646235326823093,,aging,soundlife,CD4T
ZNF562,0.06193914452667489,0.06338860022229666,868,0.09555316899203353,,aging,soundlife,CD4T
ZNF564,0.004225653756456023,0.09701276609492919,868,0.03355067259643999,,aging,soundlife,CD4T
ZNF566,0.2526930603559783,0.038865546705785146,868,0.2871115978872236,,aging,soundlife,CD4T
ZNF567,0.1517031389655906,0.048698875875604786,868,0.1879179860494816,,aging,soundlife,CD4T
ZNF568,0.20715851243485545,0.042857382230733244,868,0.2433466304716038,,aging,soundlife,CD4T
ZNF569,0.24649277451654533,0.03937746464072174,868,0.2815229435119642,,aging,soundlife,CD4T
ZNF570,0.009268970361497755,0.08827140542711426,868,0.05688296887929597,,aging,soundlife,CD4T
ZNF571,0.07219387897424825,0.06105552835477707,868,0.1059593902985069,,aging,soundlife,CD4T
ZNF574,0.04452701630599227,0.06821199925320469,868,0.07804070145119389,,aging,soundlife,CD4T
ZNF580,0.041700630415181086,0.06914006178849474,868,0.07629102215834109,,aging,soundlife,CD4T
ZNF581,0.07492439060077372,0.06048041067478656,868,0.10884984403867896,,aging,soundlife,CD4T
ZNF585A,0.04330335478863581,0.06860751207632108,868,0.07691889705043396,,aging,soundlife,CD4T
ZNF585B,0.13414065892267776,0.050884852173713316,868,0.17065384986495105,,aging,soundlife,CD4T
ZNF586,0.2721851346626917,0.03731084216346864,868,0.3060921565575321,,aging,soundlife,CD4T
ZNF587,0.08193567082168594,0.0590781938894315,868,0.11687360837985072,,aging,soundlife,CD4T
ZNF587B,0.024885678184366225,0.07613742181714352,868,0.06579076934331311,,aging,soundlife,CD4T
ZNF592,0.017474956189516985,0.08065046233258774,868,0.06547432210000005,,aging,soundlife,CD4T
ZNF598,0.4036452113991824,0.0283813060919576,868,0.4307088925268113,,aging,soundlife,CD4T
ZNF600,0.015889565676042577,0.08183030420104383,868,0.06547432210000005,,aging,soundlife,CD4T
ZNF609,0.40621509548994095,-0.028226531018641733,868,0.4324648593342021,,aging,soundlife,CD4T
ZNF611,0.019161650925662643,0.07949396211415809,868,0.06547432210000005,,aging,soundlife,CD4T
ZNF621,0.02998511896873294,0.07367038118772479,868,0.0679804894307293,,aging,soundlife,CD4T
ZNF623,0.537915329083702,0.020935209501407235,868,0.5547514896184031,,aging,soundlife,CD4T
ZNF624,0.04236767106147352,0.06891635490022474,868,0.07629102215834109,,aging,soundlife,CD4T
ZNF626,0.2926222046876851,0.03576043667357731,868,0.3268441235409906,,aging,soundlife,CD4T
ZNF639,0.02613089822539155,0.07549735905030257,868,0.06674520128113577,,aging,soundlife,CD4T
ZNF641,0.021687899843384872,0.07791797358793316,868,0.06579076934331311,,aging,soundlife,CD4T
ZNF644,0.30989680582409723,0.03450569208402099,868,0.3420803936986266,,aging,soundlife,CD4T
ZNF646,0.07995247698939949,0.059464612563186935,868,0.11479015759480231,,aging,soundlife,CD4T
ZNF652,0.024955678646555762,0.07610071452335929,868,0.06579076934331311,,aging,soundlife,CD4T
ZNF654,0.01615640172057386,0.08162470293741063,868,0.06547432210000005,,aging,soundlife,CD4T
ZNF655,0.029277734126827614,0.07398993489865358,868,0.0679804894307293,,aging,soundlife,CD4T
ZNF66,0.03564720160512439,0.07132212484657524,868,0.07141861673613749,,aging,soundlife,CD4T
ZNF664,0.012781901896588744,0.0844795677000315,868,0.06547432210000005,,aging,soundlife,CD4T
ZNF669,0.20366276205252054,0.043188942056020384,868,0.24082646535172583,,aging,soundlife,CD4T
ZNF672,0.16256089038849725,0.047442321642185724,868,0.1976524479077854,,aging,soundlife,CD4T
ZNF675,0.035036124864056516,0.07155954644696233,868,0.07141861673613749,,aging,soundlife,CD4T
ZNF678,0.02448749601013597,0.07634793759583541,868,0.06579076934331311,,aging,soundlife,CD4T
ZNF680,0.08347353342789796,0.05878372717032571,868,0.11829905059996722,,aging,soundlife,CD4T
ZNF682,0.3082637815380122,0.034622290102039766,868,0.340848711465688,,aging,soundlife,CD4T
ZNF683,3.6715915728606415e-15,0.2626551274329105,868,1.423281674420684e-13,,aging,soundlife,CD4T
ZNF687,0.019617152841555303,0.07919692331240474,868,0.06547432210000005,,aging,soundlife,CD4T
ZNF688,0.040822225514108565,0.06943931441852685,868,0.07605034536280027,,aging,soundlife,CD4T
ZNF689,0.18762601759733247,0.04476551848685045,868,0.22440207912276244,,aging,soundlife,CD4T
ZNF692,0.2244716734760288,0.04127229955514738,868,0.26228161847642373,,aging,soundlife,CD4T
ZNF699,0.034114137538391806,0.07192453416065805,868,0.07114309062594999,,aging,soundlife,CD4T
ZNF7,0.06195903015638162,0.06338377756733252,868,0.09555316899203353,,aging,soundlife,CD4T
ZNF700,0.010542053350184157,0.08676926323090216,868,0.06043328237784788,,aging,soundlife,CD4T
ZNF701,0.25053648182117066,0.039042597852030625,868,0.2851529214510388,,aging,soundlife,CD4T
ZNF706,0.014847538209904771,0.08266340177058284,868,0.06547432210000005,,aging,soundlife,CD4T
ZNF708,0.06038368480281416,0.0637698563587381,868,0.0942958490167169,,aging,soundlife,CD4T
ZNF714,0.2339537411501089,0.04044098407144273,868,0.2706990217049291,,aging,soundlife,CD4T
ZNF718,0.08923236549871785,0.05771854507189327,868,0.12327909615022027,,aging,soundlife,CD4T
ZNF721,0.10520116192732379,0.05502892743336757,868,0.14090968640265525,,aging,soundlife,CD4T
ZNF736,0.025338203999276415,0.07590168125648679,868,0.06579076934331311,,aging,soundlife,CD4T
ZNF737,0.014356555045844282,0.08307390616113061,868,0.06547432210000005,,aging,soundlife,CD4T
ZNF740,0.014495443212340753,0.08295654570432705,868,0.06547432210000005,,aging,soundlife,CD4T
ZNF746,0.021336328379882304,0.07812740541750932,868,0.06579076934331311,,aging,soundlife,CD4T
ZNF75A,0.07210217639644773,0.06107514967097402,868,0.1059593902985069,,aging,soundlife,CD4T
ZNF75D,0.017946291176397507,0.08031779100015647,868,0.06547432210000005,,aging,soundlife,CD4T
ZNF76,0.05196596183532384,0.06598700997293862,868,0.08669764265690737,,aging,soundlife,CD4T
ZNF766,0.04085253756969847,0.06942889748380432,868,0.07605034536280027,,aging,soundlife,CD4T
ZNF770,0.022941149639176407,0.07719463964537802,868,0.06579076934331311,,aging,soundlife,CD4T
ZNF780A,0.3598626370414505,0.031115714712588373,868,0.38813335157171175,,aging,soundlife,CD4T
ZNF780B,0.4865424273015426,0.02364839844019578,868,0.5073282588476528,,aging,soundlife,CD4T
ZNF782,0.009607029775268125,0.08785543536094045,868,0.057503497556821145,,aging,soundlife,CD4T
ZNF783,0.3432875292566475,0.03220474369156731,868,0.37208302924363607,,aging,soundlife,CD4T
ZNF789,0.4332198206232416,0.02663396174534962,868,0.45751900927999395,,aging,soundlife,CD4T
ZNF790,0.2931454201915476,0.03572171764372234,868,0.32687450407145496,,aging,soundlife,CD4T
ZNF791,0.031314722645069,0.0730868583090825,868,0.0679804894307293,,aging,soundlife,CD4T
ZNF8,0.030653357859043155,0.07337439877705883,868,0.0679804894307293,,aging,soundlife,CD4T
ZNF800,0.10638470810666965,0.054842855625836774,868,0.14220592828051787,,aging,soundlife,CD4T
ZNF805,0.013478271767663148,0.08384010202380517,868,0.06547432210000005,,aging,soundlife,CD4T
ZNF808,0.010560825985387424,0.08674834668737198,868,0.06043328237784788,,aging,soundlife,CD4T
ZNF814,0.12450533237966618,0.05217948241632545,868,0.15962843198093388,,aging,soundlife,CD4T
ZNF821,0.009705184190137087,0.0877371011871346,868,0.057503497556821145,,aging,soundlife,CD4T
ZNF827,0.02900758061675384,0.074113725562076,868,0.0679804894307293,,aging,soundlife,CD4T
ZNF83,0.028738739886284385,0.07423790203789558,868,0.0679804894307293,,aging,soundlife,CD4T
ZNF830,0.04488666405325618,0.06809749564534177,868,0.07846236501616928,,aging,soundlife,CD4T
ZNF831,0.00048152806066779376,0.1182408990658537,868,0.0047362237608966585,,aging,soundlife,CD4T
ZNF836,0.3894919186541399,0.029244497028472857,868,0.41668047791084123,,aging,soundlife,CD4T
ZNF84,0.04203655274630839,0.06902702794214471,868,0.07629102215834109,,aging,soundlife,CD4T
ZNF841,0.016237751033426263,0.08156261469950085,868,0.06547432210000005,,aging,soundlife,CD4T
ZNF844,0.9044736888035558,-0.004079332265011823,868,0.9086100014047916,,aging,soundlife,CD4T
ZNF880,0.09382317671420361,0.056908339037917394,868,0.1280113322042654,,aging,soundlife,CD4T
ZNF891,0.04132570565639463,0.0692671318572928,868,0.07629102215834109,,aging,soundlife,CD4T
ZNF91,0.29872361470485354,0.03531176441374189,868,0.3314122257415799,,aging,soundlife,CD4T
ZNF92,0.02972793900272911,0.07378580339653325,868,0.0679804894307293,,aging,soundlife,CD4T
ZSCAN16,0.1690267728633119,0.046723837912623106,868,0.20475853550904882,,aging,soundlife,CD4T
ZSCAN18,0.21554828030651482,0.04207783909631986,868,0.2523025163800946,,aging,soundlife,CD4T
ZSCAN25,0.009860235544644597,0.08755232460693702,868,0.057503497556821145,,aging,soundlife,CD4T
ZSCAN29,0.17379664798390007,0.0462069044165238,868,0.20938206768078638,,aging,soundlife,CD4T
ZXDA,0.02897622660948275,0.0741281567829306,868,0.0679804894307293,,aging,soundlife,CD4T
ZXDB,0.019519752125412435,0.07925993015126008,868,0.06547432210000005,,aging,soundlife,CD4T
ZXDC,0.027547736162570037,0.07480033383882802,868,0.06779524531577055,,aging,soundlife,CD4T
ZZZ3,0.06480417409081708,0.0627065849502724,868,0.09817459936976657,,aging,soundlife,CD4T
ADNP,8.401006585787283e-13,-0.2396362554067102,868,1.3524163781166234e-12,,aging,soundlife,CD8T
ADNP2,9.074709853317116e-15,-0.258977820871719,868,2.046402181497018e-14,,aging,soundlife,CD8T
AEBP1,3.640849716528518e-33,-0.3914397740818445,868,1.199972362193127e-32,,aging,soundlife,CD8T
AEBP2,2.5778500109906444e-13,-0.24484434614159606,868,4.661891091304509e-13,,aging,soundlife,CD8T
AHCTF1,1.5500252859264957e-14,-0.25677451975977744,868,3.4396975468568054e-14,,aging,soundlife,CD8T
AHR,2.4687834098429373e-67,-0.5416565933437287,868,1.335060542992734e-66,,aging,soundlife,CD8T
AKAP8,3.987573545313975e-13,-0.24293542907467514,868,6.834087583815028e-13,,aging,soundlife,CD8T
AKAP8L,7.493037000107306e-16,-0.26897793122921293,868,1.7684837326524446e-15,,aging,soundlife,CD8T
AKNA,7.47249253280625e-08,0.18133503256904457,868,8.421068764679563e-08,,aging,soundlife,CD8T
ANKZF1,1.913704368159015e-122,-0.6874591951798912,868,1.0659333330645713e-120,,aging,soundlife,CD8T
ARHGAP35,0.016836863619682285,-0.08111357499928722,868,0.017529220628342116,,aging,soundlife,CD8T
ARID2,7.487909748594966e-13,-0.2401488990363938,868,1.2230984545358932e-12,,aging,soundlife,CD8T
ARID3A,2.1503960234813545e-12,-0.23540337899364955,868,3.192562438441239e-12,,aging,soundlife,CD8T
ARID3B,1.0728930474111429e-13,-0.2486319307463009,868,2.0895154804475755e-13,,aging,soundlife,CD8T
ARID5A,1.3799054603619909e-12,-0.23741152333470888,868,2.1057735381414493e-12,,aging,soundlife,CD8T
ARID5B,3.3448813026553274e-13,0.2437064751503422,868,5.84043537799065e-13,,aging,soundlife,CD8T
ARNT,1.0976003180603546e-13,-0.2485343569538645,868,2.1301859831345558e-13,,aging,soundlife,CD8T
ASCL2,1.792468132361005e-27,0.3569097115147381,868,5.367767471640214e-27,,aging,soundlife,CD8T
ASH1L,1.3862856163232889e-56,-0.5019502971225283,868,6.656561105966137e-56,,aging,soundlife,CD8T
ATF1,5.07444089385637e-13,-0.2418736274277223,868,8.565379689501036e-13,,aging,soundlife,CD8T
ATF2,1.2112769790496906e-12,-0.23799803166642422,868,1.858626108348974e-12,,aging,soundlife,CD8T
ATF3,6.750771756232204e-05,-0.13483263260035594,868,7.203409709236279e-05,,aging,soundlife,CD8T
ATF4,6.889318743129948e-71,-0.5537030067255603,868,3.876111656488264e-70,,aging,soundlife,CD8T
ATF6,5.138367954468256e-44,-0.4477230970364091,868,2.0298375536445525e-43,,aging,soundlife,CD8T
ATF6B,9.769495932322967e-11,-0.2173057645570868,868,1.2452195044173668e-10,,aging,soundlife,CD8T
ATF7,7.252352702507319e-14,-0.25030373853715626,868,1.4583250741142876e-13,,aging,soundlife,CD8T
ATMIN,5.001602339728765e-13,-0.24193746100742866,868,8.493574704966226e-13,,aging,soundlife,CD8T
BACH1,4.0220953151013525e-18,-0.28867853187379033,868,1.0371792085701174e-17,,aging,soundlife,CD8T
BACH2,1.2781926290553197e-58,-0.509882315241256,868,6.356725842712616e-58,,aging,soundlife,CD8T
BATF,2.6272125830331677e-17,0.2817865813036435,868,6.621526736422961e-17,,aging,soundlife,CD8T
BAZ2A,5.045652104506846e-09,-0.19675552233994106,868,5.855058796271486e-09,,aging,soundlife,CD8T
BAZ2B,1.308740130042995e-07,-0.17795874235170064,868,1.4667369264264549e-07,,aging,soundlife,CD8T
BBX,7.764788101410958e-18,-0.2862845935076185,868,1.9930815541409694e-17,,aging,soundlife,CD8T
BCL11B,2.6723202049458694e-49,-0.47171670571194296,868,1.162876839183476e-48,,aging,soundlife,CD8T
BCL6,1.5795785279020215e-09,-0.20303108248961377,868,1.892097290411669e-09,,aging,soundlife,CD8T
BHLHE40,1.271920865699821e-33,0.3940387809231011,868,4.2678308565951824e-33,,aging,soundlife,CD8T
BPTF,2.939717415657023e-10,-0.2117757501208327,868,3.696213545194045e-10,,aging,soundlife,CD8T
CAMTA1,6.4462334271454945e-12,-0.23035270890280277,868,9.02148748472372e-12,,aging,soundlife,CD8T
CAMTA2,2.104638528155299e-12,-0.23550116406430346,868,3.1513001617809185e-12,,aging,soundlife,CD8T
CARF,3.180563487025261e-93,-0.6197460146121395,868,3.163524754059054e-92,,aging,soundlife,CD8T
CASZ1,3.992358495228276e-06,-0.15580168336059727,868,4.334783005540253e-06,,aging,soundlife,CD8T
CC2D1A,0.0005441271500789396,-0.11713792572452128,868,0.0005751021301593346,,aging,soundlife,CD8T
CDC5L,8.253735428163771e-12,-0.22919909309134212,868,1.1295652662130764e-11,,aging,soundlife,CD8T
CEBPA,0.01971569171809003,0.07913345717307664,868,0.02041197079363596,,aging,soundlife,CD8T
CEBPB,0.615424831667973,0.017074063332982656,868,0.6187574571102183,,aging,soundlife,CD8T
CEBPD,2.196018468748892e-16,0.2737486944259409,868,5.249709386665807e-16,,aging,soundlife,CD8T
CEBPG,5.719966441010112e-12,-0.2309083889867854,868,8.025242588520485e-12,,aging,soundlife,CD8T
CEBPZ,4.485830796743005e-31,-0.3792363901704374,868,1.4277758593062022e-30,,aging,soundlife,CD8T
CENPB,9.598735765817615e-09,-0.19319014730396494,868,1.1069349527040189e-08,,aging,soundlife,CD8T
CENPT,2.6527689039777684e-13,-0.2447194807150673,868,4.781852037267369e-13,,aging,soundlife,CD8T
CENPX,4.2161566365965597e-13,-0.24269032797038323,868,7.181649072123192e-13,,aging,soundlife,CD8T
CGGBP1,4.2007875740642127e-13,-0.2427063943009209,868,7.177419259980878e-13,,aging,soundlife,CD8T
CHAMP1,2.7164878122401936e-11,-0.22354978913629878,868,3.619817491430114e-11,,aging,soundlife,CD8T
CHCHD3,7.676715766254469e-13,-0.24003805146029417,868,1.2466270209340347e-12,,aging,soundlife,CD8T
CLOCK,3.420382128813449e-11,-0.22243944861538303,868,4.503907436759081e-11,,aging,soundlife,CD8T
CREB1,8.144332632117343e-37,-0.41159313476046505,868,2.853077532131673e-36,,aging,soundlife,CD8T
CREB3,4.2249338591320816e-11,-0.2214162465801623,868,5.485520185399929e-11,,aging,soundlife,CD8T
CREB3L2,0.023482379485201724,-0.07689281493269837,868,0.02422163958010622,,aging,soundlife,CD8T
CREBL2,2.7264484029179024e-108,-0.6568351340653806,868,4.104410163311545e-107,,aging,soundlife,CD8T
CREBZF,6.504935411592244e-12,-0.23031050837536415,868,9.043006582060208e-12,,aging,soundlife,CD8T
CREM,0.00015741194046510368,-0.12792714185227172,868,0.00016700657302678618,,aging,soundlife,CD8T
CSRNP1,3.139841606815336e-17,-0.28112188165944285,868,7.842564013435616e-17,,aging,soundlife,CD8T
CTCF,9.015213839782847e-13,-0.23932128551449974,868,1.4306194042048564e-12,,aging,soundlife,CD8T
CUX1,6.070216297416404e-23,-0.3260260262149864,868,1.6990504912869029e-22,,aging,soundlife,CD8T
CXXC1,1.1035031914189891e-13,-0.24851136437219734,868,2.1342058250707534e-13,,aging,soundlife,CD8T
CXXC5,7.636008879863539e-07,0.16688768108183627,868,8.405646138505911e-07,,aging,soundlife,CD8T
DBP,1.5291930258278072e-119,-0.6814742987414097,868,5.0103559728593445e-118,,aging,soundlife,CD8T
DDIT3,1.5952406676769667e-09,-0.20297861200360387,868,1.9067576220945717e-09,,aging,soundlife,CD8T
DEAF1,1.1099936016237082e-115,-0.6732848243356724,868,2.4903522662572964e-114,,aging,soundlife,CD8T
DMTF1,9.05631445878697e-13,-0.23930096606158416,868,1.4330588504387336e-12,,aging,soundlife,CD8T
DNMT1,1.198685773906241e-43,-0.4459791882573375,868,4.70188715539279e-43,,aging,soundlife,CD8T
DR1,1.3011774685448832e-09,-0.20405934601604453,868,1.5721385032093272e-09,,aging,soundlife,CD8T
DRAP1,0.009766234349658596,-0.08766403566792545,868,0.01018687740217198,,aging,soundlife,CD8T
E2F3,2.331275761741695e-08,-0.18815709597925384,868,2.655461348241563e-08,,aging,soundlife,CD8T
E2F4,2.1465593578056185e-12,-0.2354114994260082,868,3.192562438441239e-12,,aging,soundlife,CD8T
E4F1,2.4076318833097184e-07,-0.17421181502484587,868,2.682101918007026e-07,,aging,soundlife,CD8T
EEA1,3.682365115269356e-111,-0.6633473350046366,868,6.836924564016772e-110,,aging,soundlife,CD8T
EGR1,2.5685436227234717e-10,-0.2124614306106297,868,3.2441696096530013e-10,,aging,soundlife,CD8T
ELF1,1.9386113543473038e-81,-0.5867989678684915,868,1.3168372248432295e-80,,aging,soundlife,CD8T
ELF2,1.9081350141710385e-12,-0.23594623540843232,868,2.8803013628543856e-12,,aging,soundlife,CD8T
ELF4,0.019900428520136248,0.07901521485936533,868,0.020565006838062876,,aging,soundlife,CD8T
ELK3,6.275604227764117e-17,-0.27852229609959056,868,1.5466865287011564e-16,,aging,soundlife,CD8T
ELK4,1.723809923787166e-86,-0.6013932312049217,868,1.3915393152890602e-85,,aging,soundlife,CD8T
EOMES,1.5914017940736875e-23,0.33019136708653013,868,4.545696406661764e-23,,aging,soundlife,CD8T
ETS1,6.342240244026589e-78,-0.5761865732367502,868,4.014349790821376e-77,,aging,soundlife,CD8T
ETV3,7.555452909957995e-14,-0.25012952586783255,868,1.502995453873787e-13,,aging,soundlife,CD8T
ETV6,1.1543254919943106e-12,-0.23821434381708254,868,1.7761306603337873e-12,,aging,soundlife,CD8T
FAM200B,5.985861570984117e-41,-0.43286773056721545,868,2.2681121734953422e-40,,aging,soundlife,CD8T
FLI1,8.634206325436181e-13,-0.2395140906669614,868,1.3740722637908437e-12,,aging,soundlife,CD8T
FOS,2.9566630171345865e-32,-0.38619351547767106,868,9.519429482913091e-32,,aging,soundlife,CD8T
FOSB,4.0767853230953045e-57,-0.50404208007968,868,1.9745821086644216e-56,,aging,soundlife,CD8T
FOSL2,4.870696023593682e-10,0.20918982415704077,868,6.028839300314847e-10,,aging,soundlife,CD8T
FOXJ3,8.45318653790824e-31,-0.3775909554127288,868,2.6752414213720966e-30,,aging,soundlife,CD8T
FOXK1,2.532148379792928e-65,-0.5346178411564735,868,1.3561602380237124e-64,,aging,soundlife,CD8T
FOXK2,1.089541865027718e-07,-0.1790701300776943,868,1.2235379411702399e-07,,aging,soundlife,CD8T
FOXN2,3.7237248663725885e-11,-0.2220284849243625,868,4.880270001340074e-11,,aging,soundlife,CD8T
FOXN3,1.459373222205865e-33,-0.3937003499627412,868,4.8674903279560885e-33,,aging,soundlife,CD8T
FOXO1,6.716176727675499e-75,-0.5667314596342421,868,4.022484341199197e-74,,aging,soundlife,CD8T
FOXO3,4.00155811908537e-09,-0.19802469815035198,868,4.672678977632183e-09,,aging,soundlife,CD8T
FOXP1,1.9279503117931828e-53,-0.4892749360452971,868,8.874944823709114e-53,,aging,soundlife,CD8T
FOXP4,4.457123284229998e-10,-0.20964668115130103,868,5.529215299145008e-10,,aging,soundlife,CD8T
GABPA,2.9136837034533137e-13,-0.24431009701767312,868,5.185053747039923e-13,,aging,soundlife,CD8T
GATA3,0.003436812815656741,-0.09920266481907522,868,0.003605093669154058,,aging,soundlife,CD8T
GATAD2A,4.948852759859291e-11,-0.22064693666028232,868,6.366076183006062e-11,,aging,soundlife,CD8T
GATAD2B,2.903499909293959e-18,-0.289856086425892,868,7.52209046268249e-18,,aging,soundlife,CD8T
GFI1,1.9506830563435686e-09,0.20190578714530447,868,2.3166960818408693e-09,,aging,soundlife,CD8T
GLMP,6.893368241437121e-06,-0.1519682238246716,868,7.441097113334257e-06,,aging,soundlife,CD8T
GLYR1,3.1117252321945437e-12,-0.2337164785892588,868,4.525407191468305e-12,,aging,soundlife,CD8T
GMEB1,3.791890816106319e-13,-0.2431564536481841,868,6.518775261022284e-13,,aging,soundlife,CD8T
GPBP1,3.273918626014644e-23,-0.32795498715453925,868,9.256714084721608e-23,,aging,soundlife,CD8T
GPBP1L1,6.925948759063192e-13,-0.24049580868348108,868,1.1413471771592301e-12,,aging,soundlife,CD8T
GTF2B,7.357607327427091e-17,-0.2779212555009166,868,1.805368846421537e-16,,aging,soundlife,CD8T
GTF2I,4.167308701943911e-14,-0.2526482194284196,868,8.661160249935666e-14,,aging,soundlife,CD8T
GTF2IRD2,1.2371687550470075e-40,-0.4312975200409381,868,4.533572345797258e-40,,aging,soundlife,CD8T
GTF2IRD2B,9.224398288594805e-41,-0.4319334215454957,868,3.4253265644982043e-40,,aging,soundlife,CD8T
GTF3A,1.67566227576791e-17,-0.28345566084969054,868,4.242472216376026e-17,,aging,soundlife,CD8T
HBP1,1.4933684085713483e-32,-0.38791486341751996,868,4.8360825789200063e-32,,aging,soundlife,CD8T
HES6,0.07482455822374916,-0.06050113431211819,868,0.07675373652049407,,aging,soundlife,CD8T
HHEX,0.8739426841888587,-0.005392747896960478,868,0.8739426841888587,,aging,soundlife,CD8T
HIC2,4.467820630773684e-65,-0.5337431309641011,868,2.34771329371787e-64,,aging,soundlife,CD8T
HIF1A,8.882695003275043e-91,-0.6132181423407524,868,7.980098575522902e-90,,aging,soundlife,CD8T
HIVEP1,1.689653272352231e-78,-0.5779479170617683,868,1.0943452008141774e-77,,aging,soundlife,CD8T
HIVEP2,1.001733996627605e-83,-0.5934989308410182,868,7.540078866507785e-83,,aging,soundlife,CD8T
HIVEP3,2.0052424952549173e-13,0.24593621359749673,868,3.686204851013165e-13,,aging,soundlife,CD8T
HMBOX1,1.3185251926599686e-17,-0.2843406777446721,868,3.353509279961655e-17,,aging,soundlife,CD8T
HMG20A,6.510315331070275e-12,-0.2303066594374023,868,9.043006582060208e-12,,aging,soundlife,CD8T
HMG20B,3.732647337793159e-13,-0.24322557836933684,868,6.456784370033508e-13,,aging,soundlife,CD8T
HMGA1,6.505094190175967e-72,-0.5570874265612721,868,3.774309858258347e-71,,aging,soundlife,CD8T
HMGN3,0.6671306715770845,-0.014618468471345486,868,0.6695347460692541,,aging,soundlife,CD8T
HOXB2,1.877088061503022e-09,-0.20211135166489985,868,2.2388395080453604e-09,,aging,soundlife,CD8T
HOXB4,1.319833792620829e-13,-0.2477426147988942,868,2.509035571637549e-13,,aging,soundlife,CD8T
HSF1,1.167019918725078e-16,-0.2761697498920253,868,2.8139830940686944e-16,,aging,soundlife,CD8T
HSF2,2.709881316776468e-75,-0.5679810784305224,868,1.6406564059179265e-74,,aging,soundlife,CD8T
IKZF1,4.206906547860839e-122,-0.686761306483528,868,1.9527057892987396e-120,,aging,soundlife,CD8T
IKZF2,3.9312066005336903e-05,0.13907463072080592,868,4.210927070187049e-05,,aging,soundlife,CD8T
IKZF3,0.21866932619014304,0.04179342187155839,868,0.22261313001035682,,aging,soundlife,CD8T
IKZF5,3.169334555267996e-69,-0.5481283482833522,868,1.7653193472842735e-68,,aging,soundlife,CD8T
IRF1,3.7957672198813946e-17,0.2804124461491939,868,9.438581881580074e-17,,aging,soundlife,CD8T
IRF2,2.154648484026933e-12,-0.23539439507640206,868,3.192562438441239e-12,,aging,soundlife,CD8T
IRF3,6.852066121530501e-13,-0.24054345651452677,868,1.13252250139243e-12,,aging,soundlife,CD8T
IRF4,0.004769057774869201,-0.09571075030071483,868,0.004993167632710799,,aging,soundlife,CD8T
IRF5,4.3548635552831303e-07,-0.170490195154041,868,4.831990040423712e-07,,aging,soundlife,CD8T
IRF7,1.6119333632417372e-13,-0.24688095792595802,868,3.0301422324189446e-13,,aging,soundlife,CD8T
IRF8,4.408237711398858e-11,-0.22120992880779153,868,5.696956856726598e-11,,aging,soundlife,CD8T
IRF9,2.970274411384277e-11,-0.22312008598598898,868,3.9297929860832365e-11,,aging,soundlife,CD8T
JAZF1,2.8324710352410167e-25,0.3423524861684325,868,8.303612455943401e-25,,aging,soundlife,CD8T
JUN,4.063983880241857e-33,-0.39116671995077956,868,1.331552365467479e-32,,aging,soundlife,CD8T
JUNB,1.729214589592651e-29,-0.36962020907813653,868,5.380852102810652e-29,,aging,soundlife,CD8T
JUND,9.278196403597192e-29,-0.3650850027218762,868,2.83953593230969e-28,,aging,soundlife,CD8T
KAT7,4.780297283336967e-12,-0.23173997086476425,868,6.81870328211008e-12,,aging,soundlife,CD8T
KCMF1,8.510715793915307e-13,-0.23957837436113105,868,1.358300486306827e-12,,aging,soundlife,CD8T
KDM2A,8.481817140790599e-13,-0.23959354964875157,868,1.3575782032817136e-12,,aging,soundlife,CD8T
KDM2B,7.403369283607888e-12,-0.22970733662249657,868,1.0257902216342272e-11,,aging,soundlife,CD8T
KDM5B,4.853284344239215e-15,-0.26152731512201044,868,1.103379338669895e-14,,aging,soundlife,CD8T
KIN,1.1141625043748658e-12,-0.2383732709666723,868,1.7238569859355563e-12,,aging,soundlife,CD8T
KLF10,0.0016011520283313613,0.10695806353400203,868,0.001682720150529374,,aging,soundlife,CD8T
KLF11,5.950887725444085e-10,-0.20815468030952783,868,7.317095944972087e-10,,aging,soundlife,CD8T
KLF12,5.4796431955367446e-05,-0.13648398314815388,868,5.858274971044082e-05,,aging,soundlife,CD8T
KLF13,4.3945734204847344e-83,-0.5916332339485854,868,3.1049795847210944e-82,,aging,soundlife,CD8T
KLF2,2.5422891822602783e-20,-0.3063848774236051,868,6.874053759800849e-20,,aging,soundlife,CD8T
KLF3,7.995166473230317e-05,0.13347938643140822,868,8.514928729616228e-05,,aging,soundlife,CD8T
KLF6,1.372950048008035e-34,0.3994649107784229,868,4.691614581229911e-34,,aging,soundlife,CD8T
KLF7,2.7272751903391354e-49,-0.4716781152862203,868,1.177590915518526e-48,,aging,soundlife,CD8T
KLF9,1.1980199372651021e-95,-0.6260666229521821,868,1.2132674637393852e-94,,aging,soundlife,CD8T
KMT2A,7.292183016899382e-15,-0.25987186761399533,868,1.6511162359402257e-14,,aging,soundlife,CD8T
KMT2B,5.766776226676257e-10,-0.20831744721106998,868,7.106403447474946e-10,,aging,soundlife,CD8T
L3MBTL3,1.8279918616945134e-14,-0.25609143891065633,868,3.96183450180484e-14,,aging,soundlife,CD8T
LCOR,7.998225512698292e-12,-0.22934620703277211,868,1.1027256461814229e-11,,aging,soundlife,CD8T
LCORL,5.068211793666335e-12,-0.23146931428216716,868,7.183190760997833e-12,,aging,soundlife,CD8T
LEF1,3.001767824305841e-55,-0.4966295950977273,868,1.405029141292734e-54,,aging,soundlife,CD8T
LIN54,4.615516855729067e-14,-0.25221776302533444,868,9.557036760747547e-14,,aging,soundlife,CD8T
MAF,2.0186708895806369e-16,0.27407257474732316,868,4.846550368519029e-16,,aging,soundlife,CD8T
MAFF,0.0011769937594049134,-0.10994645613006816,868,0.0012416392499782893,,aging,soundlife,CD8T
MAX,3.1909906714771664e-126,-0.6950373774004023,868,5.924606013375939e-124,,aging,soundlife,CD8T
MAZ,6.968051670841308e-10,-0.20733541687022883,868,8.548909208499138e-10,,aging,soundlife,CD8T
MBD1,8.93928045555978e-14,-0.24941250271377333,868,1.7719498981305332e-13,,aging,soundlife,CD8T
MBD2,1.4798646617616034e-12,-0.23709617681611073,868,2.246007129703578e-12,,aging,soundlife,CD8T
MBD4,3.1694070941058e-12,-0.23363228881259906,868,4.597291019314923e-12,,aging,soundlife,CD8T
MBNL2,1.599644669201584e-08,-0.19030990159721853,868,1.8409133899695913e-08,,aging,soundlife,CD8T
MECP2,0.03541242720887507,-0.07141292855004293,868,0.036459744834276185,,aging,soundlife,CD8T
MEF2A,1.787498910681833e-67,-0.5421412839466393,868,9.761146012252756e-67,,aging,soundlife,CD8T
MEF2D,4.2807820373232054e-06,-0.15531721322191375,868,4.638901935387209e-06,,aging,soundlife,CD8T
MGA,4.753470286702258e-15,-0.26161149571266074,868,1.085115962988999e-14,,aging,soundlife,CD8T
MLX,3.5948766637265685e-12,-0.23305402033136532,868,5.1740214514100746e-12,,aging,soundlife,CD8T
MLXIP,2.163495639166237e-44,-0.4494935441967977,868,8.607621935825672e-44,,aging,soundlife,CD8T
MTERF1,4.375841068802394e-07,-0.17045968841663925,868,4.845613271019748e-07,,aging,soundlife,CD8T
MTERF2,4.1000397670226184e-14,-0.25271671950092933,868,8.553266480268159e-14,,aging,soundlife,CD8T
MTERF4,1.3320607458938254e-78,-0.5782634381145461,868,8.728915711327772e-78,,aging,soundlife,CD8T
MTF1,2.887454960777719e-14,-0.2541876200789832,868,6.115256323776386e-14,,aging,soundlife,CD8T
MTF2,1.1103635087465754e-12,-0.2383885932304441,868,1.7227645525678065e-12,,aging,soundlife,CD8T
MXD1,2.6171293637139206e-10,-0.2123663737847841,868,3.2980566868521577e-10,,aging,soundlife,CD8T
MXD4,8.429202160590461e-16,0.2685152778629861,868,1.9810403390079694e-15,,aging,soundlife,CD8T
MXI1,1.6626497747945487e-12,-0.23657002975252756,868,2.5165650123928357e-12,,aging,soundlife,CD8T
MYBL1,3.400763983767229e-33,0.39160906305010007,868,1.1275152017609205e-32,,aging,soundlife,CD8T
MYC,3.8603183531632465e-49,-0.47101867003942827,868,1.653997940547637e-48,,aging,soundlife,CD8T
MYNN,1.6019030111201097e-13,-0.24690790967770046,868,3.0246100921827157e-13,,aging,soundlife,CD8T
MYSM1,2.1378492150905964e-14,-0.25544112455726303,868,4.579930818482547e-14,,aging,soundlife,CD8T
MZF1,2.3873966194176142e-88,-0.6065798450497005,868,1.9847461447994196e-87,,aging,soundlife,CD8T
NACC2,2.6730692986028245e-12,-0.234411721714899,868,3.89764293016171e-12,,aging,soundlife,CD8T
NCOA1,0.8722141777459115,0.005467329107729754,868,0.8737829082814257,,aging,soundlife,CD8T
NCOA2,3.4616328387716177e-06,-0.1567878657777123,868,3.7658779124917794e-06,,aging,soundlife,CD8T
NCOA3,6.535121768573964e-126,-0.6944217034886657,868,9.100157062739245e-124,,aging,soundlife,CD8T
NFAT5,0.007629793505561995,-0.09050328421447196,868,0.007973348935455968,,aging,soundlife,CD8T
NFATC1,6.191564954169223e-108,-0.6560152643494576,868,9.075530735453308e-107,,aging,soundlife,CD8T
NFATC2,9.176222084996117e-22,0.31737147333652604,868,2.5555778506714184e-21,,aging,soundlife,CD8T
NFATC3,0.2190161494536365,-0.041761996533211096,868,0.22261313001035682,,aging,soundlife,CD8T
NFE2L1,5.767223921058748e-14,-0.25127624298619206,868,1.181008722069751e-13,,aging,soundlife,CD8T
NFE2L2,2.1166728911685254e-20,-0.30700311423197973,868,5.751155123809116e-20,,aging,soundlife,CD8T
NFIC,1.5111573525398004e-108,-0.6574234428549492,868,2.33809623712408e-107,,aging,soundlife,CD8T
NFIL3,7.525996890234573e-14,-0.250146152544947,868,1.5025018881220993e-13,,aging,soundlife,CD8T
NFKB1,1.991831693806919e-58,-0.5091403612575346,868,9.818143835844725e-58,,aging,soundlife,CD8T
NFKB2,6.153133545090597e-93,-0.6189890690609867,868,5.9091299734749355e-92,,aging,soundlife,CD8T
NFX1,6.520367076156007e-41,-0.4326831744512449,868,2.453948960418173e-40,,aging,soundlife,CD8T
NFXL1,1.438112818810457e-10,-0.21538184673672506,868,1.820520091085056e-10,,aging,soundlife,CD8T
NFYA,1.4192992763527596e-09,-0.20359918205838023,868,1.7111465301482404e-09,,aging,soundlife,CD8T
NFYB,1.7558486203618686e-11,-0.22563678618252417,868,2.368057340294336e-11,,aging,soundlife,CD8T
NFYC,9.398571602590853e-13,-0.23913518614894058,868,1.483004074403146e-12,,aging,soundlife,CD8T
NME2,4.476788912304744e-15,-0.2618542543845414,868,1.0261610798986595e-14,,aging,soundlife,CD8T
NR1D1,1.8663374598902224e-48,-0.46800959973607775,868,7.700370112287806e-48,,aging,soundlife,CD8T
NR1D2,2.803781921874345e-09,-0.19995585454616469,868,3.301705138443996e-09,,aging,soundlife,CD8T
NR1H2,3.78306264345946e-13,-0.24316668686271756,868,6.518775261022284e-13,,aging,soundlife,CD8T
NR2C1,3.448040534158298e-13,-0.24357340661736968,868,6.001745554769287e-13,,aging,soundlife,CD8T
NR2C2,1.9732866855465332e-13,-0.2460058619211884,868,3.6394724630775464e-13,,aging,soundlife,CD8T
NR3C1,0.27782349153739394,-0.036875434501286976,868,0.28187192128657274,,aging,soundlife,CD8T
NR3C2,4.403831008850385e-83,-0.5916305700058433,868,3.1049795847210944e-82,,aging,soundlife,CD8T
NR4A1,2.530049196782084e-35,-0.4035211034856163,868,8.698996312392721e-35,,aging,soundlife,CD8T
NR4A2,1.0009039411410681e-25,-0.3454067057082568,868,2.9497539429395496e-25,,aging,soundlife,CD8T
NR4A3,2.998551604396248e-10,-0.2116748877370112,868,3.7616964947043023e-10,,aging,soundlife,CD8T
PA2G4,9.112983827618153e-125,-0.6921450704632409,868,8.459886653305519e-123,,aging,soundlife,CD8T
PATZ1,1.4123372418156009e-101,-0.6409352356470106,868,1.710156181937586e-100,,aging,soundlife,CD8T
PBX2,6.1918549723328446e-117,-0.6759729813986947,868,1.6423158188520925e-115,,aging,soundlife,CD8T
PBX4,1.3040003261737872e-23,-0.3308055987947822,868,3.743959699375255e-23,,aging,soundlife,CD8T
PCGF6,5.340277038737968e-12,-0.23122704246878756,868,7.530466609055818e-12,,aging,soundlife,CD8T
PHF1,3.169493659836432e-71,-0.5548207327980782,868,1.8200082149782398e-70,,aging,soundlife,CD8T
PHF19,9.802958868265497e-14,-0.24901834023404687,868,1.9226225667689724e-13,,aging,soundlife,CD8T
PHF20,1.1594873864537285e-38,-0.42128554135922774,868,4.1399645785559407e-38,,aging,soundlife,CD8T
PHF21A,0.4560602560784143,-0.025331266186435542,868,0.4601912366588347,,aging,soundlife,CD8T
PIN1,0.6099085923147503,0.017341137371892117,868,0.6143202277021987,,aging,soundlife,CD8T
PKNOX1,5.171443007339946e-13,-0.24178999799763934,868,8.702398051626434e-13,,aging,soundlife,CD8T
PLAG1,6.420647787324946e-42,-0.43764504338868526,868,2.4835422344027744e-41,,aging,soundlife,CD8T
PLSCR1,2.0416764008031296e-12,-0.23563917467036302,868,3.073550689857684e-12,,aging,soundlife,CD8T
POGK,5.498121550957121e-10,-0.20856427528513952,868,6.790362979785181e-10,,aging,soundlife,CD8T
POU2F1,1.7502696265736834e-13,-0.24652514703570833,868,3.2388710365499724e-13,,aging,soundlife,CD8T
POU2F2,1.178993124165448e-120,-0.6837861968571344,868,4.3779944677343634e-119,,aging,soundlife,CD8T
PPARA,1.0760725658345835e-12,-0.23852926777924574,868,1.67422463455269e-12,,aging,soundlife,CD8T
PPARD,1.3360596683665387e-99,-0.6360698473668814,868,1.4311254524618502e-98,,aging,soundlife,CD8T
PRDM1,1.8474381249915506e-31,0.3815244230335967,868,5.913925492070653e-31,,aging,soundlife,CD8T
PRDM2,1.7694522414747265e-44,-0.4499035617288444,868,7.090538838139732e-44,,aging,soundlife,CD8T
PRDM4,1.975040388941953e-14,-0.2557703327641295,868,4.2639437854289454e-14,,aging,soundlife,CD8T
PREB,3.2334283134148627e-12,-0.23354058488020474,868,4.665853809772224e-12,,aging,soundlife,CD8T
PRMT3,1.4129745412183752e-19,-0.30052420339099045,868,3.71239065782375e-19,,aging,soundlife,CD8T
PURA,5.638778986197092e-17,-0.27892578237891436,868,1.3959110645830135e-16,,aging,soundlife,CD8T
PURB,7.792569686423666e-12,-0.22946799514613328,868,1.0770375472302685e-11,,aging,soundlife,CD8T
RARA,3.0863122580141725e-17,-0.2811860826795274,868,7.743585259972496e-17,,aging,soundlife,CD8T
RBAK,1.2749501543863966e-09,-0.204167024418882,868,1.543798339115702e-09,,aging,soundlife,CD8T
RBCK1,8.65963135128678e-05,-0.1328363198394753,868,9.204989814249497e-05,,aging,soundlife,CD8T
RBPJ,1.0194156419425614e-48,-0.46916793715639854,868,4.2374217355373635e-48,,aging,soundlife,CD8T
RBSN,9.599486217965178e-17,-0.27691292561500436,868,2.334896866116421e-16,,aging,soundlife,CD8T
REL,0.01715953320789325,0.08087750374229008,868,0.017831828352232352,,aging,soundlife,CD8T
RELA,3.640508895752803e-12,-0.2329960290536727,868,5.226194471480184e-12,,aging,soundlife,CD8T
RELB,2.7970004700742746e-09,-0.19996893542362934,868,3.300697588625786e-09,,aging,soundlife,CD8T
REPIN1,1.970796697202208e-88,-0.6068100372606462,868,1.6632329702145907e-87,,aging,soundlife,CD8T
REST,1.432894903940875e-21,-0.3159238684784513,868,3.970758514900833e-21,,aging,soundlife,CD8T
REXO4,4.2620995651772365e-124,-0.6908023514611291,868,3.3914135111481725e-122,,aging,soundlife,CD8T
RFX2,1.3269794208225804e-75,-0.5689603805265553,868,8.122280630749201e-75,,aging,soundlife,CD8T
RFX3,4.3328510073253577e-23,-0.3270811588190745,868,1.2188878843839518e-22,,aging,soundlife,CD8T
RFX5,3.22832270404048e-12,-0.23354783264166512,868,4.665853809772224e-12,,aging,soundlife,CD8T
RFX7,3.202878358030343e-14,-0.25375367299230495,868,6.706779118131208e-14,,aging,soundlife,CD8T
RLF,1.3332554678923845e-19,-0.30072483502350816,868,3.519541685384162e-19,,aging,soundlife,CD8T
RORA,8.363516473955068e-11,0.21807389866775648,868,1.0684584119249939e-10,,aging,soundlife,CD8T
RREB1,7.368596565441832e-20,-0.30276452412103777,868,1.9637838693545934e-19,,aging,soundlife,CD8T
RUNX1,6.128595863568839e-07,-0.16830747988928918,868,6.759659200015531e-07,,aging,soundlife,CD8T
RUNX2,2.548266676963982e-41,-0.4347042251355892,868,9.721811911431081e-41,,aging,soundlife,CD8T
RUNX3,7.143149711567572e-20,0.3028709624125987,868,1.9128530717995854e-19,,aging,soundlife,CD8T
RXRA,7.625300441725767e-13,-0.24006797029309077,868,1.2418983467956877e-12,,aging,soundlife,CD8T
RXRB,3.215866658672964e-13,-0.24387867608359515,868,5.668473825572282e-13,,aging,soundlife,CD8T
SAFB,2.7758505178998106e-21,-0.3137611970863314,868,7.616496248621648e-21,,aging,soundlife,CD8T
SAFB2,1.373904120176732e-20,-0.30845563360511313,868,3.751297034011959e-20,,aging,soundlife,CD8T
SATB1,8.535601366099364e-52,-0.48241819544939324,868,3.834137065255924e-51,,aging,soundlife,CD8T
SCML4,3.0518290285416438e-83,-0.5920944451113276,868,2.266491691863594e-82,,aging,soundlife,CD8T
SETBP1,1.7959546063808446e-11,0.22552928231386637,868,2.4162964148650494e-11,,aging,soundlife,CD8T
SETDB1,4.0626384137822365e-11,-0.22160635104584406,868,5.2995072517018866e-11,,aging,soundlife,CD8T
SETDB2,1.1232095520624383e-13,-0.24843546956207593,868,2.1648018010338346e-13,,aging,soundlife,CD8T
SGSM2,6.979971859645123e-98,-0.6317670103058075,868,7.199711714485804e-97,,aging,soundlife,CD8T
SKIL,1.7774132110756352e-14,-0.2562077797204103,868,3.8824280728201135e-14,,aging,soundlife,CD8T
SLC2A4RG,1.8065182954433816e-11,-0.22550135684512163,868,2.42465226641437e-11,,aging,soundlife,CD8T
SMAD3,1.1688557278874952e-06,0.1641045682390724,868,1.2815996858923915e-06,,aging,soundlife,CD8T
SMAD4,1.5751495584316434e-15,-0.2660430287662062,868,3.670955247056173e-15,,aging,soundlife,CD8T
SMAD5,0.03974863711738713,-0.06981255116871364,868,0.04084869165015615,,aging,soundlife,CD8T
SMYD3,7.349365259862412e-10,-0.20705803612871027,868,8.996915274161238e-10,,aging,soundlife,CD8T
SNAI3,1.3697187307741514e-06,-0.16305594851568825,868,1.4988867053854664e-06,,aging,soundlife,CD8T
SNAPC2,4.335798781588971e-09,-0.1975864887552864,868,5.041836996545004e-09,,aging,soundlife,CD8T
SNAPC5,3.08540958763551e-10,-0.2115294548353116,868,3.8619621130628744e-10,,aging,soundlife,CD8T
SON,2.203844920187713e-12,-0.23529170467669894,868,3.256078569083703e-12,,aging,soundlife,CD8T
SOX13,7.272438933614781e-06,0.1515874545467313,868,7.83510345459078e-06,,aging,soundlife,CD8T
SOX4,1.4393060674617811e-27,-0.3575237686888105,868,4.3334782679795246e-27,,aging,soundlife,CD8T
SP1,4.267473708598001e-11,-0.22136759747408594,868,5.52786710625369e-11,,aging,soundlife,CD8T
SP100,3.13894440668063e-07,-0.17255606437851878,868,3.489804460121978e-07,,aging,soundlife,CD8T
SP110,1.5332351537825727e-137,-0.7164061849201285,868,8.54011980656893e-135,,aging,soundlife,CD8T
SP140,1.5461767622286998e-09,0.20314469505455948,868,1.8560785701754004e-09,,aging,soundlife,CD8T
SP140L,9.743329327815352e-49,-0.46925439587739376,868,4.080477019242971e-48,,aging,soundlife,CD8T
SP2,9.851010152825075e-14,-0.24899742369051672,868,1.9252675982889707e-13,,aging,soundlife,CD8T
SP3,8.231291119157324e-13,-0.2397272703883954,868,1.3289359864842405e-12,,aging,soundlife,CD8T
SP4,4.350121565909987e-10,-0.20977161087989596,868,5.408521679044337e-10,,aging,soundlife,CD8T
SPEN,5.512067184244241e-13,-0.241508042623412,868,9.219884149021148e-13,,aging,soundlife,CD8T
SRCAP,2.915855091078845e-14,-0.2541466872208495,868,6.152012445950441e-14,,aging,soundlife,CD8T
SREBF1,3.1817834077538538e-43,-0.4439567688575843,868,1.2393380126705571e-42,,aging,soundlife,CD8T
SREBF2,1.7833844359889684e-08,-0.1896909574661158,868,2.0481342904038254e-08,,aging,soundlife,CD8T
STAT1,4.1066559123064745e-58,-0.5079262463878,868,2.006497669433953e-57,,aging,soundlife,CD8T
STAT2,5.753932295028292e-13,-0.24131802083181533,868,9.538512762889164e-13,,aging,soundlife,CD8T
STAT3,5.999085881679147e-78,-0.5762608604952169,868,3.840794064477339e-77,,aging,soundlife,CD8T
STAT4,0.3364593138258174,0.03266309800536884,868,0.34074152327450963,,aging,soundlife,CD8T
STAT5A,1.3741397725269957e-117,-0.6773637799742964,868,3.826979266487683e-116,,aging,soundlife,CD8T
STAT5B,1.4613191377628695e-12,-0.23715307495867816,868,2.2239201085626184e-12,,aging,soundlife,CD8T
STAT6,3.124303336686495e-14,-0.25385771373539806,868,6.566931918997651e-14,,aging,soundlife,CD8T
TBP,1.4152044321781843e-11,-0.22666069554047302,868,1.9273077474896055e-11,,aging,soundlife,CD8T
TBPL1,0.0013359338820635351,-0.1087253139631001,868,0.0014066449382030039,,aging,soundlife,CD8T
TBX21,4.616745178901178e-37,0.41290558586142084,868,1.6275487750936433e-36,,aging,soundlife,CD8T
TCF12,8.03601722601192e-12,-0.22932416061007893,868,1.1052003937996638e-11,,aging,soundlife,CD8T
TCF20,2.609926605475621e-12,-0.23452089743727772,868,3.815561992781945e-12,,aging,soundlife,CD8T
TCF7,3.7216523642621825e-53,-0.4880962516140323,868,1.685333631621167e-52,,aging,soundlife,CD8T
TCF7L2,5.074641467747472e-13,-0.24187345289354265,868,8.565379689501036e-13,,aging,soundlife,CD8T
TERF1,4.543685881707014e-06,-0.1549020790826004,868,4.914238905069528e-06,,aging,soundlife,CD8T
TERF2,2.7457206578616565e-11,-0.22349833829733848,868,3.6413485867355775e-11,,aging,soundlife,CD8T
TET2,1.1969387353224117e-14,-0.25784100627155254,868,2.677489460138889e-14,,aging,soundlife,CD8T
TFAP4,9.203031084676597e-40,-0.4269139379567504,868,3.350384519062003e-39,,aging,soundlife,CD8T
TFCP2,2.7295346025989347e-11,-0.2235267598105938,868,3.628522132810517e-11,,aging,soundlife,CD8T
TFDP1,1.2073964954689915e-13,-0.24812530395281068,868,2.319033958538718e-13,,aging,soundlife,CD8T
TFDP2,1.0462280622362054e-05,0.14897576182641667,868,1.1228305022457926e-05,,aging,soundlife,CD8T
TFE3,3.3414650186849264e-10,-0.2111228544987824,868,4.1730852363396956e-10,,aging,soundlife,CD8T
TFEB,1.3644686704165282e-07,0.17770494209645438,868,1.5261225892008157e-07,,aging,soundlife,CD8T
TGIF1,2.0567117319664173e-09,-0.20162251817172494,868,2.4374222015006263e-09,,aging,soundlife,CD8T
TGIF2,1.1177523636702408e-115,-0.6732783022689589,868,2.4903522662572964e-114,,aging,soundlife,CD8T
THAP1,1.742627879336999e-13,-0.24654407021518665,868,3.2354790959690284e-13,,aging,soundlife,CD8T
THAP11,5.328575593959013e-12,-0.2312372113812548,868,7.530466609055818e-12,,aging,soundlife,CD8T
THAP12,2.4086413735023755e-12,-0.23488704258816487,868,3.540497331472281e-12,,aging,soundlife,CD8T
THAP4,4.163372841247423e-11,-0.22148750245550866,868,5.418221197604707e-11,,aging,soundlife,CD8T
THAP5,2.670879647177347e-08,-0.1873735936747651,868,3.029898092622775e-08,,aging,soundlife,CD8T
THAP6,1.9500632912114736e-09,-0.2019074865570537,868,2.3166960818408693e-09,,aging,soundlife,CD8T
THAP7,2.131776839312616e-119,-0.6811730160032881,868,6.596664997206263e-118,,aging,soundlife,CD8T
THRA,1.673680124449751e-56,-0.5016270138917605,868,7.967861789047105e-56,,aging,soundlife,CD8T
THYN1,1.964292390350206e-121,-0.6853902670142648,868,8.41623739557742e-120,,aging,soundlife,CD8T
TIGD1,2.993168628874354e-91,-0.614490900694851,868,2.7331064365295334e-90,,aging,soundlife,CD8T
TMF1,9.948400340179761e-11,-0.2172158702685552,868,1.2651276231689787e-10,,aging,soundlife,CD8T
TOPORS,2.927195664713608e-13,-0.24428988779687097,868,5.192509507151209e-13,,aging,soundlife,CD8T
TP53,1.3531502201715171e-14,-0.25733553691525374,868,3.0148186905421403e-14,,aging,soundlife,CD8T
TRAFD1,2.34365995530009e-13,-0.2452589658643799,868,4.2521778342089585e-13,,aging,soundlife,CD8T
TRERF1,1.719103431484512e-11,-0.22573740973009984,868,2.324127697419595e-11,,aging,soundlife,CD8T
TRPS1,3.3174621329220917e-13,-0.24374252105144556,868,5.810774868042782e-13,,aging,soundlife,CD8T
TSC22D1,3.2550963346726635e-13,-0.24382560850697066,868,5.71952258174345e-13,,aging,soundlife,CD8T
TSHZ1,1.0314120577610672e-12,-0.23871921608276675,868,1.6183000455575055e-12,,aging,soundlife,CD8T
TSHZ2,2.0532052989218726e-54,-0.49325444394555584,868,9.530294595829026e-54,,aging,soundlife,CD8T
TTF1,4.907005427227056e-12,-0.23161894519018794,868,6.972454140218036e-12,,aging,soundlife,CD8T
UBP1,5.746844246144688e-13,-0.24132347732143186,868,9.538512762889164e-13,,aging,soundlife,CD8T
USF1,1.557913418020254e-06,-0.1621997389463592,868,1.7014858310534932e-06,,aging,soundlife,CD8T
USF2,4.5277364232440875e-11,-0.2210798916579394,868,5.837845342006845e-11,,aging,soundlife,CD8T
USF3,1.2797444814140097e-13,-0.24787526077543173,868,2.449545278857744e-13,,aging,soundlife,CD8T
VEZF1,2.0850062096185917e-11,-0.22481753192923462,868,2.7850082943826273e-11,,aging,soundlife,CD8T
XBP1,8.113338925816742e-10,0.20654213146566996,868,9.86709559318761e-10,,aging,soundlife,CD8T
XPA,3.587403722278734e-16,-0.27185231626192674,868,8.539247321834422e-16,,aging,soundlife,CD8T
YBX1,0.08582518639823208,0.05834180662744009,868,0.08787615592613102,,aging,soundlife,CD8T
YBX3,1.0276564720570194e-40,-0.43169960086081516,868,3.79075930421033e-40,,aging,soundlife,CD8T
YY1,3.918426027012989e-09,-0.19813921094422435,868,4.5852170106013336e-09,,aging,soundlife,CD8T
ZBED1,2.409063713874317e-12,-0.23488624340534223,868,3.540497331472281e-12,,aging,soundlife,CD8T
ZBED3,5.351332002213574e-59,-0.5113332821787915,868,2.685308040750415e-58,,aging,soundlife,CD8T
ZBED4,1.3125985535950938e-13,-0.24776625958723267,868,2.503826692987901e-13,,aging,soundlife,CD8T
ZBED5,2.7716653755036727e-89,-0.6091539026892759,868,2.41221502211804e-88,,aging,soundlife,CD8T
ZBED6,2.679267939716014e-09,-0.20020108425458896,868,3.168476098560127e-09,,aging,soundlife,CD8T
ZBTB1,0.0003648180810904342,-0.12071178863323428,868,0.0003863187664778933,,aging,soundlife,CD8T
ZBTB10,1.1745390132713985e-89,-0.6101736691569604,868,1.0384416355431254e-88,,aging,soundlife,CD8T
ZBTB11,5.198730736856581e-14,-0.25171533423816533,868,1.0685214097524412e-13,,aging,soundlife,CD8T
ZBTB16,0.4306155617695354,0.02678497055478873,868,0.4353046604457917,,aging,soundlife,CD8T
ZBTB17,2.0883014366975443e-08,-0.18878879947749028,868,2.393382510782988e-08,,aging,soundlife,CD8T
ZBTB18,1.8992654277758973e-46,-0.45900528036158944,868,7.721830972782298e-46,,aging,soundlife,CD8T
ZBTB2,1.1236582749516133e-12,-0.2383351949574792,868,1.7337331278339294e-12,,aging,soundlife,CD8T
ZBTB20,4.2294255827731356e-116,-0.674186642441948,868,1.0242565433063637e-114,,aging,soundlife,CD8T
ZBTB21,7.861279842302823e-18,-0.28623942589912577,868,2.008593060625079e-17,,aging,soundlife,CD8T
ZBTB24,1.7554341579798504e-34,-0.3988708239889068,868,5.962053817041321e-34,,aging,soundlife,CD8T
ZBTB25,1.0613099010589833e-82,-0.5905148832274245,868,7.298143393701899e-82,,aging,soundlife,CD8T
ZBTB33,9.012923112295078e-14,-0.24937746727371002,868,1.78021211827956e-13,,aging,soundlife,CD8T
ZBTB37,1.615713183174913e-13,-0.2468708441295475,868,3.0301422324189446e-13,,aging,soundlife,CD8T
ZBTB38,1.0393259560079505e-18,0.29353251113017576,868,2.7051614836281703e-18,,aging,soundlife,CD8T
ZBTB4,5.051735156656828e-112,-0.6652736136294285,868,9.702815456061563e-111,,aging,soundlife,CD8T
ZBTB40,2.093771209589751e-15,-0.26490903427094253,868,4.8592940155895475e-15,,aging,soundlife,CD8T
ZBTB43,8.173198206308707e-12,-0.22924497720857243,868,1.1212983746093471e-11,,aging,soundlife,CD8T
ZBTB44,0.18635336104975522,-0.04489481156993674,868,0.19010773279251586,,aging,soundlife,CD8T
ZBTB49,7.483714611340007e-08,-0.18132607620982544,868,8.421068764679563e-08,,aging,soundlife,CD8T
ZBTB7A,0.0177966055104358,0.08042260336804383,868,0.018459421358124287,,aging,soundlife,CD8T
ZBTB7B,8.364693038284468e-06,-0.15058776869571663,868,8.994467224564573e-06,,aging,soundlife,CD8T
ZC3H8,4.375367635235799e-121,-0.6846747228077279,868,1.7407712663045284e-119,,aging,soundlife,CD8T
ZEB1,1.039211542412213e-68,-0.5463777337173782,868,5.731097318055472e-68,,aging,soundlife,CD8T
ZEB2,4.5010160178536637e-36,0.40760470724502496,868,1.5669162012153066e-35,,aging,soundlife,CD8T
ZFP14,4.72492898319528e-109,-0.6585786111020079,868,7.740545422469915e-108,,aging,soundlife,CD8T
ZFP62,5.412869475660594e-71,-0.5540506879974417,868,3.076498263207093e-70,,aging,soundlife,CD8T
ZFP90,1.0117732752311498e-12,-0.2388053073633838,868,1.5919709443608768e-12,,aging,soundlife,CD8T
ZFP91,2.8253719122870227e-13,-0.2444444883360072,868,5.04401331776882e-13,,aging,soundlife,CD8T
ZFX,8.439101158191532e-13,-0.23961607374393645,868,1.3546338170353554e-12,,aging,soundlife,CD8T
ZGPAT,6.16934476838281e-14,-0.250990604022173,868,1.2541332248135857e-13,,aging,soundlife,CD8T
ZHX1,1.6260081721693698e-13,-0.24684341470531332,868,3.03921661710852e-13,,aging,soundlife,CD8T
ZHX2,3.7385260133870084e-27,-0.35484274915513514,868,1.1135609569286438e-26,,aging,soundlife,CD8T
ZKSCAN1,1.4008464691826898e-87,-0.6044468812121597,868,1.1474580637275856e-86,,aging,soundlife,CD8T
ZKSCAN8,5.594964254434058e-12,-0.23101095078235617,868,7.869684569999421e-12,,aging,soundlife,CD8T
ZMAT1,4.279077646418651e-83,-0.5916669466032872,868,3.0953847390327127e-82,,aging,soundlife,CD8T
ZNF10,3.6224035534840253e-56,-0.5002984597162292,868,1.709897270585256e-55,,aging,soundlife,CD8T
ZNF100,8.246671050658538e-09,-0.19403790574459495,868,9.529866753561838e-09,,aging,soundlife,CD8T
ZNF101,3.999149278720257e-48,-0.4665435034409691,868,1.637886873711164e-47,,aging,soundlife,CD8T
ZNF107,3.1881396506998586e-103,-0.6449230109557793,868,4.228080441523384e-102,,aging,soundlife,CD8T
ZNF12,2.3538533270164196e-08,-0.18810167678420875,868,2.6757067411186646e-08,,aging,soundlife,CD8T
ZNF121,1.8204842840272526e-14,-0.25610850651622463,868,3.960975571106171e-14,,aging,soundlife,CD8T
ZNF124,3.4877523725675623e-15,-0.26286216171401877,868,8.02759533686005e-15,,aging,soundlife,CD8T
ZNF131,1.0793575478143826e-51,-0.4819884555550456,868,4.809617233060889e-51,,aging,soundlife,CD8T
ZNF134,2.0718403940059848e-110,-0.6616604070422176,868,3.7226293531010763e-109,,aging,soundlife,CD8T
ZNF138,7.921883809404587e-101,-0.6391015152534925,868,9.192686003829907e-100,,aging,soundlife,CD8T
ZNF14,5.325340289849247e-110,-0.6607338601984876,868,9.269420442018846e-109,,aging,soundlife,CD8T
ZNF141,6.21073547562577e-120,-0.6822896213826524,868,2.162112287452221e-118,,aging,soundlife,CD8T
ZNF142,9.311430889563616e-14,-0.2492382716724307,868,1.8326738535289517e-13,,aging,soundlife,CD8T
ZNF143,1.5901124573466574e-11,-0.226108092769658,868,2.1602259481514346e-11,,aging,soundlife,CD8T
ZNF146,2.815440047974102e-14,-0.2542932132576743,868,5.985496590540362e-14,,aging,soundlife,CD8T
ZNF148,2.846308784710574e-29,-0.3682824321491119,868,8.807744406021054e-29,,aging,soundlife,CD8T
ZNF160,1.1423984102806067e-14,-0.2580328928230686,868,2.5657899779286208e-14,,aging,soundlife,CD8T
ZNF195,4.786558318321439e-12,-0.23173391728453308,868,6.81870328211008e-12,,aging,soundlife,CD8T
ZNF207,3.7325813169406404e-11,-0.2220169840405242,868,4.8803938815397574e-11,,aging,soundlife,CD8T
ZNF217,4.034358317927643e-29,-0.36734229001138785,868,1.2415124768429265e-28,,aging,soundlife,CD8T
ZNF22,1.9608407012894734e-129,-0.7012984144691259,868,5.460941353091183e-127,,aging,soundlife,CD8T
ZNF224,7.856401327872897e-13,-0.23993501199223172,868,1.2720975405887219e-12,,aging,soundlife,CD8T
ZNF226,3.239570380152745e-08,-0.18625571144008646,868,3.660123127271965e-08,,aging,soundlife,CD8T
ZNF236,2.5865842520453952e-12,-0.23456191296949655,868,3.7913879694454875e-12,,aging,soundlife,CD8T
ZNF24,4.036000867491019e-65,-0.5338998994014688,868,2.1410023649452357e-64,,aging,soundlife,CD8T
ZNF25,3.0482507995988456e-08,-0.18660896861970747,868,3.450966860521457e-08,,aging,soundlife,CD8T
ZNF253,8.086913064919381e-77,-0.5727664106382466,868,5.061135479955163e-76,,aging,soundlife,CD8T
ZNF254,5.939609281492731e-09,-0.19585750724157996,868,6.878092244888672e-09,,aging,soundlife,CD8T
ZNF263,7.12095107742286e-27,-0.35301828825914816,868,2.109771143683262e-26,,aging,soundlife,CD8T
ZNF264,6.145953205724022e-93,-0.6189904102183672,868,5.9091299734749355e-92,,aging,soundlife,CD8T
ZNF266,2.331144712165824e-13,-0.2452822523983496,868,4.243292825739752e-13,,aging,soundlife,CD8T
ZNF267,2.0978489901641043e-13,-0.24574035868989583,868,3.8311537295783803e-13,,aging,soundlife,CD8T
ZNF273,9.737383623341098e-49,-0.46925556250059464,868,4.080477019242971e-48,,aging,soundlife,CD8T
ZNF274,2.481389007949659e-85,-0.5981122550216881,868,1.9196301075388336e-84,,aging,soundlife,CD8T
ZNF276,0.11717498511595673,-0.053217694390996516,868,0.11975498478823468,,aging,soundlife,CD8T
ZNF277,2.45107329324025e-122,-0.6872401364124058,868,1.2411343857589268e-120,,aging,soundlife,CD8T
ZNF28,2.0157406242627103e-13,-0.2459135700841889,868,3.6933142359024e-13,,aging,soundlife,CD8T
ZNF280D,9.261888987952612e-19,-0.29394161006127684,868,2.4220057118730538e-18,,aging,soundlife,CD8T
ZNF281,1.7471628763564787e-14,-0.2562789253636432,868,3.847680434143179e-14,,aging,soundlife,CD8T
ZNF292,2.1435267622223227e-15,-0.2648152175563734,868,4.954126168289767e-15,,aging,soundlife,CD8T
ZNF296,6.279126165916552e-11,-0.21948346426067597,868,8.040168446932228e-11,,aging,soundlife,CD8T
ZNF302,6.772662523101922e-103,-0.6441351636688181,868,8.573575057654024e-102,,aging,soundlife,CD8T
ZNF317,4.148769387743175e-09,-0.1978274745273422,868,4.834444663123323e-09,,aging,soundlife,CD8T
ZNF318,5.481026451667013e-13,-0.2415330193831215,868,9.195577510778693e-13,,aging,soundlife,CD8T
ZNF319,4.86179489194198e-14,-0.25199840111953686,868,1.0029702795598824e-13,,aging,soundlife,CD8T
ZNF32,2.0682267501755506e-12,-0.23558047606994234,868,3.1051274928511637e-12,,aging,soundlife,CD8T
ZNF326,2.358256978014691e-21,-0.3142960616728878,868,6.502718498783083e-21,,aging,soundlife,CD8T
ZNF331,6.850891542114305e-61,-0.5184925639961125,868,3.500868430236393e-60,,aging,soundlife,CD8T
ZNF333,3.060482597912834e-09,-0.19948204936445899,868,3.5888185411314703e-09,,aging,soundlife,CD8T
ZNF335,7.605229640363451e-10,-0.2068796621971032,868,9.28972129316325e-10,,aging,soundlife,CD8T
ZNF33A,1.0420007991000934e-33,-0.39452890964360926,868,3.517542091507588e-33,,aging,soundlife,CD8T
ZNF33B,3.301006417096707e-118,-0.6786743387573044,868,9.677160917488766e-117,,aging,soundlife,CD8T
ZNF350,1.633495395331352e-13,-0.24682357292488943,868,3.04299978327613e-13,,aging,soundlife,CD8T
ZNF354A,3.6529738483022176e-12,-0.23298031179149434,868,5.230607798211659e-12,,aging,soundlife,CD8T
ZNF362,2.822341192023647e-13,-0.24444917320082948,868,5.04401331776882e-13,,aging,soundlife,CD8T
ZNF37A,7.457115754541484e-24,-0.33252158210510907,868,2.152131334341765e-23,,aging,soundlife,CD8T
ZNF384,1.0590470769162246e-10,-0.21690575058933723,868,1.3437112114859616e-10,,aging,soundlife,CD8T
ZNF394,3.0346294461808847e-13,-0.24413238447874686,868,5.365995560389692e-13,,aging,soundlife,CD8T
ZNF397,1.2322186154009033e-99,-0.6361571420147372,868,1.345776017212359e-98,,aging,soundlife,CD8T
ZNF407,2.126729441487041e-14,-0.2554628127255875,868,4.573699995784872e-14,,aging,soundlife,CD8T
ZNF410,5.637845181167579e-13,-0.24140822744466844,868,9.402035227276472e-13,,aging,soundlife,CD8T
ZNF414,1.1726535960036134e-85,-0.5990382507048508,868,9.199550041887502e-85,,aging,soundlife,CD8T
ZNF428,3.6193523253778117e-10,-0.21071460986656068,868,4.5100206828533355e-10,,aging,soundlife,CD8T
ZNF429,3.183050524001178e-115,-0.6722965107643636,868,6.819073622571755e-114,,aging,soundlife,CD8T
ZNF43,1.1890598800009747e-103,-0.6459507968097183,868,1.6557658829013572e-102,,aging,soundlife,CD8T
ZNF430,2.1843310894801604e-53,-0.48905154148134855,868,9.972724728200404e-53,,aging,soundlife,CD8T
ZNF431,1.6548124034112462e-51,-0.4812044663920557,868,7.315321497619556e-51,,aging,soundlife,CD8T
ZNF439,7.115287253957933e-41,-0.43249464997918946,868,2.659875839231254e-40,,aging,soundlife,CD8T
ZNF44,1.173267836253773e-15,-0.26721094719438904,868,2.745841112577107e-15,,aging,soundlife,CD8T
ZNF451,1.0888383312296772e-16,-0.27643383847786174,868,2.636882393456218e-16,,aging,soundlife,CD8T
ZNF460,2.5487253530172632e-30,-0.3747021942752171,868,7.97550573949784e-30,,aging,soundlife,CD8T
ZNF468,4.676390251119332e-07,-0.17003742593398843,868,5.168153511653707e-07,,aging,soundlife,CD8T
ZNF480,3.4322829430886235e-11,-0.2224226657761078,868,4.508918866274442e-11,,aging,soundlife,CD8T
ZNF483,1.9361197357100958e-39,-0.4252727471354103,868,7.002718784354048e-39,,aging,soundlife,CD8T
ZNF487,1.520094054706657e-09,-0.20323508538760168,868,1.8287092623576846e-09,,aging,soundlife,CD8T
ZNF490,2.1373958543678586e-08,-0.18865561152639482,868,2.44461907778829e-08,,aging,soundlife,CD8T
ZNF493,6.412026742273794e-63,-0.5259814490187067,868,3.337849434996732e-62,,aging,soundlife,CD8T
ZNF496,3.774027626227213e-83,-0.591825873752877,868,2.7659649839586286e-82,,aging,soundlife,CD8T
ZNF506,3.299052506395174e-114,-0.6700889749020629,868,6.805823133563378e-113,,aging,soundlife,CD8T
ZNF507,1.2598399087600495e-24,-0.337910425948051,868,3.673983398844752e-24,,aging,soundlife,CD8T
ZNF511,1.656483060287163e-11,-0.22591383622770234,868,2.2449174320680044e-11,,aging,soundlife,CD8T
ZNF512,5.868953896116044e-103,-0.6442850977151509,868,7.602342604968923e-102,,aging,soundlife,CD8T
ZNF516,4.384849236623304e-80,-0.5827554242963183,868,2.9426036443363624e-79,,aging,soundlife,CD8T
ZNF518A,1.4899905236866153e-13,-0.24722038097533905,868,2.822873203038928e-13,,aging,soundlife,CD8T
ZNF518B,1.8219786515221566e-103,-0.64550656139245,868,2.4752246558483932e-102,,aging,soundlife,CD8T
ZNF524,6.14575352026859e-11,-0.219588653254951,868,7.887522375091255e-11,,aging,soundlife,CD8T
ZNF529,1.325754090004799e-60,-0.517418949141,868,6.713136619387936e-60,,aging,soundlife,CD8T
ZNF540,5.301341026895395e-105,-0.6491663043035625,868,7.571402440976242e-104,,aging,soundlife,CD8T
ZNF550,3.438734640774407e-100,-0.6375304596143451,868,3.908928969206825e-99,,aging,soundlife,CD8T
ZNF563,8.36149612608158e-92,-0.6159756813331922,868,7.762255570379067e-91,,aging,soundlife,CD8T
ZNF569,2.3053834988926433e-07,-0.17448122231015703,868,2.57334390557756e-07,,aging,soundlife,CD8T
ZNF580,4.940376462847036e-85,-0.5972588563712524,868,3.7695749175421907e-84,,aging,soundlife,CD8T
ZNF581,8.394932638209919e-49,-0.4695389417062876,868,3.569448457620554e-48,,aging,soundlife,CD8T
ZNF585A,7.996077673851422e-20,-0.30248437839067305,868,2.1208644115882105e-19,,aging,soundlife,CD8T
ZNF586,2.320481522240566e-76,-0.5713382801202177,868,1.4361202309866614e-75,,aging,soundlife,CD8T
ZNF592,7.458658939823436e-14,-0.25018440308831974,868,1.4944147588063502e-13,,aging,soundlife,CD8T
ZNF600,7.565498608512284e-17,0.2778158184843863,868,1.8482380372549746e-16,,aging,soundlife,CD8T
ZNF606,5.398972993247058e-100,-0.6370458608715291,868,6.014455914477223e-99,,aging,soundlife,CD8T
ZNF609,2.1065299392858073e-73,-0.5619381631563198,868,1.2350917644023102e-72,,aging,soundlife,CD8T
ZNF611,2.15512293869642e-12,-0.2353933938013714,868,3.192562438441239e-12,,aging,soundlife,CD8T
ZNF626,2.815764543629793e-09,-0.19993281603445026,868,3.3088203603413395e-09,,aging,soundlife,CD8T
ZNF639,1.6650671579697883e-50,-0.4769331189713954,868,7.302696118024977e-50,,aging,soundlife,CD8T
ZNF641,3.381067463245964e-11,-0.22249529955287253,868,4.4626885711564024e-11,,aging,soundlife,CD8T
ZNF644,4.263727946505934e-20,-0.30463208577338996,868,1.147292978842418e-19,,aging,soundlife,CD8T
ZNF652,6.864497372887436e-14,-0.2505373938736665,868,1.3903727406175643e-13,,aging,soundlife,CD8T
ZNF654,1.8206298492613623e-11,-0.2254643004829781,868,2.4377183318235067e-11,,aging,soundlife,CD8T
ZNF655,8.995987013989586e-10,-0.20600197573766715,868,1.0916698838327233e-09,,aging,soundlife,CD8T
ZNF658,8.418177137059571e-99,-0.6340762444787901,868,8.847027670456946e-98,,aging,soundlife,CD8T
ZNF664,2.8027466701766234e-14,-0.2543120996931148,868,5.981340594974633e-14,,aging,soundlife,CD8T
ZNF672,2.230760030931217e-08,-0.18841030832989494,868,2.546174871370262e-08,,aging,soundlife,CD8T
ZNF675,7.159290127696251e-13,-0.24034852939388093,868,1.1763199413353428e-12,,aging,soundlife,CD8T
ZNF677,5.279643400284864e-24,-0.33357645750093246,868,1.5316465489368067e-23,,aging,soundlife,CD8T
ZNF680,1.3543088781119105e-61,-0.5211126435430601,868,6.984722639891983e-61,,aging,soundlife,CD8T
ZNF681,3.150484766643081e-89,-0.609001424118324,868,2.699723100031071e-88,,aging,soundlife,CD8T
ZNF683,1.0483140774457636e-27,0.35840842732942324,868,3.173429027920056e-27,,aging,soundlife,CD8T
ZNF684,1.049322460794657e-12,-0.2386420903473783,868,1.6417769962433255e-12,,aging,soundlife,CD8T
ZNF688,2.7249683281958843e-13,-0.2446023774665285,868,4.896152770339057e-13,,aging,soundlife,CD8T
ZNF699,1.2743045849654172e-12,-0.23776996142366286,868,1.949966081938839e-12,,aging,soundlife,CD8T
ZNF7,6.466019389662223e-12,-0.23033844303011838,868,9.026498245718943e-12,,aging,soundlife,CD8T
ZNF701,1.1037513361594364e-06,-0.16448192032149525,868,1.2126025527432072e-06,,aging,soundlife,CD8T
ZNF706,1.1010732432792033e-116,-0.6754391364591877,868,2.787717256847801e-115,,aging,soundlife,CD8T
ZNF708,8.192124228982355e-33,-0.3894196879284931,868,2.668428769323492e-32,,aging,soundlife,CD8T
ZNF714,2.0493864695889878e-35,-0.40402250343972634,868,7.090113438267492e-35,,aging,soundlife,CD8T
ZNF717,5.903369158829812e-109,-0.6583577610626785,868,9.394790347052016e-108,,aging,soundlife,CD8T
ZNF721,2.4168574061773678e-123,-0.6892831049153109,868,1.4957661947119933e-121,,aging,soundlife,CD8T
ZNF736,9.854965827383155e-42,-0.4367340760169919,868,3.7856661833464946e-41,,aging,soundlife,CD8T
ZNF737,2.3670876594588673e-45,-0.45397537983812153,868,9.554114683468037e-45,,aging,soundlife,CD8T
ZNF740,5.79816457641009e-14,-0.2512535811008653,868,1.1829954831723153e-13,,aging,soundlife,CD8T
ZNF749,4.742058036129171e-83,-0.5915368818954067,868,3.301657907654935e-82,,aging,soundlife,CD8T
ZNF75A,9.95406260052258e-124,-0.6900609118939373,868,6.930516085613847e-122,,aging,soundlife,CD8T
ZNF76,8.05090803495815e-10,-0.20658247641919858,868,9.81259469468641e-10,,aging,soundlife,CD8T
ZNF766,8.991018818944333e-126,-0.6941471979681069,868,1.0015994964303985e-123,,aging,soundlife,CD8T
ZNF770,4.0930521150870205e-102,-0.6422446186208083,868,5.066288951341046e-101,,aging,soundlife,CD8T
ZNF778,1.0668506814994558e-12,-0.23856784901895892,868,1.664526133319879e-12,,aging,soundlife,CD8T
ZNF780B,6.657342350520231e-110,-0.6605142686424538,868,1.123678693709021e-108,,aging,soundlife,CD8T
ZNF791,7.209173381293692e-13,-0.24031765521610093,868,1.1810322274648784e-12,,aging,soundlife,CD8T
ZNF800,1.7768539876340052e-14,-0.25620908413375304,868,3.8824280728201135e-14,,aging,soundlife,CD8T
ZNF808,9.887224700415165e-12,-0.2283523359257428,868,1.3498000387576587e-11,,aging,soundlife,CD8T
ZNF814,1.3045952255287234e-92,-0.6181245094090626,868,1.231626340033049e-91,,aging,soundlife,CD8T
ZNF821,2.5702042676365435e-06,-0.1588272425509204,868,2.8015729492633163e-06,,aging,soundlife,CD8T
ZNF827,2.7816557916342764e-23,-0.3284617609241807,868,7.905011611940265e-23,,aging,soundlife,CD8T
ZNF83,9.381973722891585e-28,-0.35871749980356327,868,2.855606209645144e-27,,aging,soundlife,CD8T
ZNF830,3.571633389316651e-13,-0.2434190265424604,868,6.197507158409266e-13,,aging,soundlife,CD8T
ZNF831,6.940940862703298e-14,-0.250490333947226,868,1.4007623407701946e-13,,aging,soundlife,CD8T
ZNF84,2.289281508946742e-39,-0.42490176095754006,868,8.226643874086034e-39,,aging,soundlife,CD8T
ZNF844,1.1393232470713282e-73,-0.5627989106143201,868,6.751096261901381e-73,,aging,soundlife,CD8T
ZNF880,4.468095414180318e-86,-0.6002258455652872,868,3.555327350997768e-85,,aging,soundlife,CD8T
ZNF891,2.7076586818016533e-112,-0.6658754258528967,868,5.386306734869717e-111,,aging,soundlife,CD8T
ZNF91,3.032951060029727e-101,-0.640124028338004,868,3.5943696605033145e-100,,aging,soundlife,CD8T
ZNF92,1.7476896765497744e-14,-0.2562776760663573,868,3.847680434143179e-14,,aging,soundlife,CD8T
ZSCAN18,5.00491688221162e-38,-0.41798752512845416,868,1.7756297473833582e-37,,aging,soundlife,CD8T
ZSCAN25,2.4702256895478134e-30,-0.37478448254791963,868,7.773535079537468e-30,,aging,soundlife,CD8T
ZXDC,5.485945083321016e-16,-0.27019888967599187,868,1.3002857069828962e-15,,aging,soundlife,CD8T
ZZZ3,5.825917476238079e-79,-0.579358070559293,868,3.863138136029298e-78,,aging,soundlife,CD8T
ADNP,0.013389663791550405,-0.08391982739986951,868,0.017368149959121733,,aging,soundlife,NK
ADNP2,0.07001552489952846,-0.06152723912632689,868,0.07524588669168339,,aging,soundlife,NK
AEBP2,0.006204436628688864,-0.09282539717271114,868,0.012311625034357525,,aging,soundlife,NK
AHCTF1,0.00756840033474566,-0.09059494221681903,868,0.012799329154832803,,aging,soundlife,NK
AHDC1,0.005491000347327626,-0.09417428917317695,868,0.012094753836144712,,aging,soundlife,NK
AHR,0.22839948994805964,-0.04092496735162513,868,0.23585134932646287,,aging,soundlife,NK
AKAP8,0.00018366083495792023,-0.12663161138073295,868,0.0011743162477612474,,aging,soundlife,NK
AKAP8L,0.0029506864490890833,-0.1007925793356347,868,0.009646087646304854,,aging,soundlife,NK
AKNA,0.00024761631485069156,-0.12408624164868709,868,0.0015217585174804637,,aging,soundlife,NK
ANKZF1,0.008064184207716355,-0.08987297698967277,868,0.012917486540166128,,aging,soundlife,NK
ARHGAP35,0.008903802691254594,-0.0887361991335441,868,0.013687666264032188,,aging,soundlife,NK
ARID2,0.0013052559437381696,-0.10895018747457096,868,0.005644990878853291,,aging,soundlife,NK
ARID3B,0.005128955228330849,-0.0949203952331723,868,0.01202988659755995,,aging,soundlife,NK
ARID5A,0.0005394170298780272,-0.11721669575560227,868,0.0027316078393023295,,aging,soundlife,NK
ARID5B,2.421231061924213e-06,-0.15923313556472152,868,5.9587636556983005e-05,,aging,soundlife,NK
ARNT,0.011289282835067721,-0.08596113323506324,868,0.015951151862941666,,aging,soundlife,NK
ASCL2,0.08466769723736144,0.05855808203406059,868,0.09022668746001648,,aging,soundlife,NK
ASH1L,0.00012179079953648126,-0.13005582500940624,868,0.0009288382663444895,,aging,soundlife,NK
ATF1,0.0131548613651603,-0.08413336537567226,868,0.017194974229254503,,aging,soundlife,NK
ATF2,0.00865169038346045,-0.08906711593816934,868,0.013488965548597203,,aging,soundlife,NK
ATF3,1.4724259268297564e-05,-0.14648105293651795,868,0.00018640912233664717,,aging,soundlife,NK
ATF4,4.034017602603541e-07,-0.17097530831338642,868,1.9642562634215706e-05,,aging,soundlife,NK
ATF5,0.012450354289081578,-0.0847949050326202,868,0.01678113669793271,,aging,soundlife,NK
ATF6,0.0022140280780937618,-0.10372933737255141,868,0.008148138217635763,,aging,soundlife,NK
ATF6B,0.008771300136902537,-0.08890906145947786,868,0.013585450560115472,,aging,soundlife,NK
ATF7,0.008010889217792057,-0.08994865133556726,868,0.012917486540166128,,aging,soundlife,NK
ATMIN,0.0055685509863350885,-0.09402025816662699,868,0.012094753836144712,,aging,soundlife,NK
BACH1,0.0013478292234403108,-0.10863939721666271,868,0.005764702016471059,,aging,soundlife,NK
BACH2,0.01170782321967346,-0.08552898660623828,868,0.016288026589128136,,aging,soundlife,NK
BATF,0.9088098032001216,-0.00389333394555668,868,0.9102477933950586,,aging,soundlife,NK
BAZ2A,6.966903125736454e-05,-0.13458152384588015,868,0.0005727337244923604,,aging,soundlife,NK
BAZ2B,2.990740342030687e-06,-0.15779255800388026,868,6.420749496823638e-05,,aging,soundlife,NK
BBX,0.00011880479772129006,-0.13026006674364005,868,0.0009171150848484953,,aging,soundlife,NK
BCL11B,0.26449918074077,-0.03791441810075231,868,0.27268400880929544,,aging,soundlife,NK
BCL6,3.144442881540802e-06,-0.15744890939014966,868,6.420749496823638e-05,,aging,soundlife,NK
BHLHE40,1.8935087467922317e-05,-0.1446185344033568,868,0.0002140341136999076,,aging,soundlife,NK
BPTF,0.00013483455685989632,-0.12921555316648248,868,0.0009934045364556688,,aging,soundlife,NK
BRF2,0.02419328552888467,-0.07650539498391228,868,0.02784427225415272,,aging,soundlife,NK
CAMTA1,0.02218727415467553,-0.07762550941888867,868,0.025769806495246992,,aging,soundlife,NK
CAMTA2,0.006453131243567885,-0.0923878767283547,868,0.012496712923278766,,aging,soundlife,NK
CARF,0.007458136981633503,-0.09076124573200156,868,0.012794039862802187,,aging,soundlife,NK
CASZ1,0.006134804772203357,-0.09295072189971264,868,0.012303897436847563,,aging,soundlife,NK
CC2D1A,0.006947755036354477,-0.09156093378515087,868,0.012496712923278766,,aging,soundlife,NK
CDC5L,0.0034386297681635084,-0.09919711646936409,868,0.010308848780522132,,aging,soundlife,NK
CEBPB,0.003956524811253954,-0.09771478849554754,868,0.01074884208379293,,aging,soundlife,NK
CEBPD,5.543406815668517e-13,-0.24148296481759843,868,3.5089765143181715e-10,,aging,soundlife,NK
CEBPG,0.006819992283238593,-0.09176934596767747,868,0.012496712923278766,,aging,soundlife,NK
CEBPZ,1.521573858945234e-05,-0.1462392036795733,868,0.00018813704333572114,,aging,soundlife,NK
CENPT,0.010013227989897271,-0.08737251765785489,868,0.014799115066620471,,aging,soundlife,NK
CENPX,0.7792267767724382,-0.009528427143972392,868,0.7829373804713546,,aging,soundlife,NK
CGGBP1,0.0008819264853659473,-0.11268473206067971,868,0.0041661154122137655,,aging,soundlife,NK
CHAMP1,0.0038289496396075634,-0.0980628188357884,868,0.010594622116152759,,aging,soundlife,NK
CHCHD3,0.028891471461725604,-0.07416723406715435,868,0.03289262848070559,,aging,soundlife,NK
CIC,0.005876778149929269,-0.093426557189508,868,0.01218069999381495,,aging,soundlife,NK
CLOCK,0.006805124055116765,-0.0917938266828764,868,0.012496712923278766,,aging,soundlife,NK
CREB1,0.006234588439582712,-0.09277152122725457,868,0.012332795257049554,,aging,soundlife,NK
CREB3,0.011153087154304334,-0.0861048207949663,868,0.01582938154411355,,aging,soundlife,NK
CREB3L2,0.007802065928777891,-0.09024956663331081,868,0.012872741699523302,,aging,soundlife,NK
CREBL2,0.017993337724758966,-0.08028500613240977,868,0.021694824342423667,,aging,soundlife,NK
CREBZF,0.0041866735924156505,-0.09711189232296358,868,0.01099653271368924,,aging,soundlife,NK
CREM,1.7330014185710137e-05,-0.14527705186319384,868,0.00019945270871917303,,aging,soundlife,NK
CSRNP1,0.00015808362042769004,-0.12789153687962218,868,0.001087684040551389,,aging,soundlife,NK
CTCF,0.004297377001318221,-0.0968325182173932,868,0.011188614426710953,,aging,soundlife,NK
CUX1,6.062807433639062e-05,-0.1356858016005552,868,0.0005117009473991368,,aging,soundlife,NK
CXXC1,0.0066229141524933,-0.09209780092176865,868,0.012496712923278766,,aging,soundlife,NK
CXXC5,4.998661438456108e-05,-0.13720526861060042,868,0.00044565530852714317,,aging,soundlife,NK
DBP,0.005589128745015491,-0.09397971112089036,868,0.012094753836144712,,aging,soundlife,NK
DDIT3,7.69801742719681e-06,-0.15118191978729897,868,0.00012823276398462054,,aging,soundlife,NK
DEAF1,0.0025336365767930445,-0.10235976766480125,868,0.00876389045415299,,aging,soundlife,NK
DMTF1,0.0004088625396998461,-0.11970275142459391,868,0.0022940712785234937,,aging,soundlife,NK
DNMT1,0.028142009085858555,-0.07451713835332413,868,0.032097102254681924,,aging,soundlife,NK
DNTTIP1,0.016417354524979083,-0.08142649641138912,868,0.02010093890582545,,aging,soundlife,NK
DOT1L,0.005965271718929912,-0.09326128250738448,868,0.01218069999381495,,aging,soundlife,NK
DR1,0.015182873734952501,-0.08238984240899777,868,0.0190516068871422,,aging,soundlife,NK
DRAP1,0.41168786681371816,-0.02789885687535428,868,0.4196431879115678,,aging,soundlife,NK
E2F3,0.005422947960921583,-0.09431107803997893,868,0.012094753836144712,,aging,soundlife,NK
E2F4,0.004667277665461077,-0.09594403819684694,868,0.01154057328998774,,aging,soundlife,NK
E2F5,0.00794572820766927,-0.09004178828543666,868,0.012884022711153284,,aging,soundlife,NK
E4F1,0.015220337251428713,-0.08235961125187971,868,0.0190516068871422,,aging,soundlife,NK
EEA1,0.003947027650734439,-0.09774034397385277,868,0.01074884208379293,,aging,soundlife,NK
EGR1,0.00013676869960347663,-0.12909752213098866,868,0.0009934045364556688,,aging,soundlife,NK
ELF1,7.092565025561194e-08,-0.18164619026733103,868,1.093877466015801e-05,,aging,soundlife,NK
ELF2,4.224360285619505e-05,-0.13851745331728202,868,0.00038753913924596323,,aging,soundlife,NK
ELF4,0.011792635483629917,-0.08544308823181981,868,0.016370040046354686,,aging,soundlife,NK
ELK3,0.009431565886074984,-0.0880696806594713,868,0.014189459278968438,,aging,soundlife,NK
ELK4,0.0014187894164514941,-0.108140927599569,868,0.005908511188248656,,aging,soundlife,NK
EOMES,2.040974327482179e-05,-0.14405873898713809,868,0.0002227477153958999,,aging,soundlife,NK
ESRRA,0.08677394430401572,-0.058166280358764234,868,0.0923158096545243,,aging,soundlife,NK
ETS1,4.648786992974398e-06,-0.15474251809835818,868,8.407663333007983e-05,,aging,soundlife,NK
ETV3,1.3123155814277741e-05,-0.1473259912722451,868,0.00017674377937101725,,aging,soundlife,NK
ETV6,0.0009388135204960096,-0.1120967355954326,868,0.004337729623897621,,aging,soundlife,NK
FAM200B,0.011977382805823769,-0.08525785235114948,868,0.016525270927242906,,aging,soundlife,NK
FLI1,3.4647990639713125e-06,-0.15678156417522587,868,6.853805648418252e-05,,aging,soundlife,NK
FLYWCH1,0.03478558366696694,-0.07165791023621189,868,0.038972167187947035,,aging,soundlife,NK
FOS,0.0018016968918477079,-0.10579246916621143,868,0.007083690264221113,,aging,soundlife,NK
FOSB,3.103130602450801e-06,-0.1575396671635701,868,6.420749496823638e-05,,aging,soundlife,NK
FOSL2,5.667509706862156e-06,-0.15335322602830703,868,9.696036876874985e-05,,aging,soundlife,NK
FOXJ2,0.015206462533051246,-0.08237079981139651,868,0.0190516068871422,,aging,soundlife,NK
FOXJ3,0.0013729505203283806,-0.10846022410223302,868,0.005832736103140033,,aging,soundlife,NK
FOXK1,2.9437744084215053e-05,-0.14129448502178638,868,0.0002934528121207916,,aging,soundlife,NK
FOXN2,0.007241997825325884,-0.09109372415823425,868,0.012583489656325475,,aging,soundlife,NK
FOXN3,3.152824066447277e-05,-0.1407709743429169,868,0.0003023844900092616,,aging,soundlife,NK
FOXO1,0.0022508905495334536,-0.1035624735107921,868,0.008178271838629195,,aging,soundlife,NK
FOXO3,0.004007885513335124,-0.09757754032827279,868,0.010781696566356093,,aging,soundlife,NK
FOXP1,2.7096852092824424e-06,-0.15846715098026445,868,6.125824062413522e-05,,aging,soundlife,NK
GABPA,0.00733571625519838,-0.0909484841627332,868,0.012687181392187363,,aging,soundlife,NK
GATA3,0.02599347844976509,-0.0755666858636633,868,0.02980773887445888,,aging,soundlife,NK
GATAD2A,0.0017920177021139953,-0.10584592255523304,868,0.007083690264221113,,aging,soundlife,NK
GATAD2B,0.0013854226450152542,-0.10837238747981946,868,0.005846483561964372,,aging,soundlife,NK
GFI1,0.017597291697525264,-0.08056336977694005,868,0.021339244529757648,,aging,soundlife,NK
GLI4,0.005099063542479417,-0.09498410020874626,868,0.01202988659755995,,aging,soundlife,NK
GLMP,0.02122267734948291,-0.07819574932785829,868,0.024921639731460117,,aging,soundlife,NK
GLYR1,0.010125573729279665,-0.08724203039353941,868,0.01487120225205111,,aging,soundlife,NK
GMEB1,0.004894794457727594,-0.09542868469437396,868,0.011767294161517781,,aging,soundlife,NK
GPBP1,0.0004030308869472654,-0.11983035428194039,868,0.0022940712785234937,,aging,soundlife,NK
GPBP1L1,0.005807389625775064,-0.09355772421852321,868,0.012132269416223154,,aging,soundlife,NK
GTF2B,2.095789206356338e-06,-0.16021022383247563,868,5.9587636556983005e-05,,aging,soundlife,NK
GTF2I,0.002410860511678992,-0.10286612806401724,868,0.008385025845564846,,aging,soundlife,NK
GTF2IRD2,5.9792979582001445e-05,-0.1357955284835013,868,0.0005114723793973907,,aging,soundlife,NK
GTF2IRD2B,0.0021722715138415933,-0.10392145357430393,868,0.008136377918708453,,aging,soundlife,NK
GTF3A,0.18100822633663727,-0.04544507190834063,868,0.18814155545335204,,aging,soundlife,NK
GZF1,0.003166924917234053,-0.10005799253149657,868,0.009875189520242146,,aging,soundlife,NK
HBP1,1.3148671879218257e-06,-0.16332683474852172,868,4.623949610858421e-05,,aging,soundlife,NK
HES4,0.0388973493093221,-0.07011462390364859,868,0.04327244659543214,,aging,soundlife,NK
HES6,0.16100736771097504,-0.04761814186316417,868,0.1676277364490908,,aging,soundlife,NK
HIF1A,4.6581806445196216e-07,-0.17006225571754668,868,2.1061631057006574e-05,,aging,soundlife,NK
HINFP,0.017094264079454587,-0.08092494029511833,868,0.02084907353043305,,aging,soundlife,NK
HIVEP1,0.0001668000230622388,-0.1274419460188412,868,0.0011172418685926264,,aging,soundlife,NK
HIVEP2,0.00013810363224028255,-0.1290169700140733,868,0.0009934045364556688,,aging,soundlife,NK
HIVEP3,0.011056078514762887,-0.0862081174712935,868,0.015726961123246983,,aging,soundlife,NK
HMBOX1,0.004426958015605248,-0.09651366264318303,868,0.011299453322089202,,aging,soundlife,NK
HMG20A,0.004863492584654817,-0.09549828708801837,868,0.01175034658811641,,aging,soundlife,NK
HMG20B,0.007255882661230329,-0.09107210029197597,868,0.012583489656325475,,aging,soundlife,NK
HMGA1,0.5061589068199501,-0.022595498036405356,868,0.5142834478603987,,aging,soundlife,NK
HMGN3,0.057050658663664204,-0.06461500597268273,868,0.061731738348887934,,aging,soundlife,NK
HOXB2,0.07432319514206857,-0.060605551681598965,868,0.07973997038123629,,aging,soundlife,NK
HOXB4,0.007155793508642015,-0.09122881361328695,868,0.01257882733347202,,aging,soundlife,NK
HSF1,0.00021168126678755567,-0.1254279318177398,868,0.0013220272921687416,,aging,soundlife,NK
HSF2,0.010189632519487209,-0.08716820243554546,868,0.014930642094526395,,aging,soundlife,NK
IKZF1,0.0023072178142865356,-0.10331226498524294,868,0.008178271838629195,,aging,soundlife,NK
IKZF2,0.0009780539357950944,-0.11171005052740295,868,0.004438575968143985,,aging,soundlife,NK
IKZF3,0.01832506330381772,-0.0800559438006272,868,0.021969252029008745,,aging,soundlife,NK
IKZF5,0.004019716255387105,-0.09754615173396332,868,0.010781696566356093,,aging,soundlife,NK
IRF1,1.3649914748984825e-07,-0.1777026088500527,868,1.093877466015801e-05,,aging,soundlife,NK
IRF2,0.04649290036589073,-0.06759534243845639,868,0.05082902578861629,,aging,soundlife,NK
IRF3,0.0037251940822834637,-0.09835371219721602,868,0.010594622116152759,,aging,soundlife,NK
IRF7,0.002312655069691352,-0.10328840891868699,868,0.008178271838629195,,aging,soundlife,NK
IRF8,1.787808070728514e-06,-0.1612794018450212,868,5.6584125438557476e-05,,aging,soundlife,NK
IRF9,0.0008148091724853799,-0.1134254000030774,868,0.003998249660335237,,aging,soundlife,NK
JAZF1,0.016018776975208874,-0.08173036960417736,868,0.019689098689916924,,aging,soundlife,NK
JUN,0.00041436436123049383,-0.11958391202026801,868,0.002300755184914139,,aging,soundlife,NK
JUNB,0.11940178066804094,-0.05289706591696143,868,0.12534216776595344,,aging,soundlife,NK
JUND,0.004953834349548859,-0.09529849138236106,868,0.011833121295337465,,aging,soundlife,NK
KAT7,0.0037576046545448947,-0.0982620633808784,868,0.010594622116152759,,aging,soundlife,NK
KCMF1,0.006181104873487401,-0.09286724863179042,868,0.012303897436847563,,aging,soundlife,NK
KDM2A,5.4670207803097455e-06,-0.15360665884317504,868,9.612844872044636e-05,,aging,soundlife,NK
KDM2B,0.004288450068110827,-0.09685480347633227,868,0.011188614426710953,,aging,soundlife,NK
KDM5B,1.1366654429344465e-05,-0.14837419762520376,868,0.0001598909389727788,,aging,soundlife,NK
KIN,0.003086610351185412,-0.10032534215068971,868,0.009769121761501829,,aging,soundlife,NK
KLF10,3.8339873729681046e-08,-0.1852745170261057,868,8.0897133569627e-06,,aging,soundlife,NK
KLF11,0.005924782613579367,-0.09333662615693857,868,0.01218069999381495,,aging,soundlife,NK
KLF12,0.0016388448304432532,-0.10672912062034239,868,0.006607571832296683,,aging,soundlife,NK
KLF13,0.002689100392475562,-0.10174980745094599,868,0.00910267672960979,,aging,soundlife,NK
KLF2,0.6570848911452936,0.015089242269930858,868,0.6633727848404638,,aging,soundlife,NK
KLF3,1.7637460879748692e-06,-0.1613702331065173,868,5.6584125438557476e-05,,aging,soundlife,NK
KLF4,2.0031391841071736e-06,-0.16051508911428505,868,5.9587636556983005e-05,,aging,soundlife,NK
KLF6,2.986668495159996e-05,-0.14118425290832026,868,0.0002934528121207916,,aging,soundlife,NK
KLF7,0.005622038855700658,-0.0939151426604276,868,0.012094753836144712,,aging,soundlife,NK
KLF9,0.0016584303150434434,-0.10661206330185084,868,0.006644217654572783,,aging,soundlife,NK
KMT2A,0.0004013390659784198,-0.11986769541037702,868,0.0022940712785234937,,aging,soundlife,NK
KMT2B,0.07989013524730444,-0.0594768850718195,868,0.0854230669113914,,aging,soundlife,NK
L3MBTL3,0.020503426024866524,-0.07863580511082445,868,0.02425919378269254,,aging,soundlife,NK
LCOR,0.0008336629428672872,-0.11321179772520844,868,0.0040283102506488,,aging,soundlife,NK
LCORL,0.007958377377663403,-0.09002365510277147,868,0.012884022711153284,,aging,soundlife,NK
LEF1,0.3412995617822303,-0.03233758257430343,868,0.34958353172840095,,aging,soundlife,NK
LIN54,0.00782847007183417,-0.0902111231837395,868,0.012872741699523302,,aging,soundlife,NK
MAF,0.042855027015934015,-0.0687547821799118,868,0.04717779495841084,,aging,soundlife,NK
MAFF,1.732111067571359e-05,-0.14528086405711788,868,0.00019945270871917303,,aging,soundlife,NK
MAX,0.0016197774765876357,-0.10684432236492392,868,0.006572558606922906,,aging,soundlife,NK
MAZ,0.11878636826780509,-0.052985205677687046,868,0.1249032742749512,,aging,soundlife,NK
MBD1,0.015454184905456948,-0.08217237282114806,868,0.019219055098534867,,aging,soundlife,NK
MBD2,0.013326771426815334,-0.08397669798440857,868,0.01732206635148687,,aging,soundlife,NK
MBD4,0.00414357695516987,-0.09722246431877955,868,0.010928853402063008,,aging,soundlife,NK
MBD6,0.01137249724235743,-0.08587409579547228,868,0.015997312787582783,,aging,soundlife,NK
MBNL2,0.012062871545010638,-0.08517299199579949,868,0.016534086732456245,,aging,soundlife,NK
MECP2,0.020360106894307322,-0.07872509312273199,868,0.024134733453364296,,aging,soundlife,NK
MEF2A,2.6859396389564484e-05,-0.14199106930480704,868,0.0002742257728160374,,aging,soundlife,NK
MEF2C,1.4219480444103193e-05,-0.14673758143657248,868,0.00018369247185953715,,aging,soundlife,NK
MEF2D,0.0007897227851951572,-0.11371682615305342,868,0.003905425961160426,,aging,soundlife,NK
MGA,0.0036140801950172593,-0.09867350474439064,868,0.010409958752116142,,aging,soundlife,NK
MLX,0.02199536454889132,-0.0777372204798771,868,0.025641005081856735,,aging,soundlife,NK
MLXIP,9.63887714013422e-06,-0.14956825025028753,868,0.0001452716483263086,,aging,soundlife,NK
MNT,0.007635896706521855,-0.09049420843712991,868,0.012799329154832803,,aging,soundlife,NK
MTERF1,0.06701322790305031,-0.06219748712023864,868,0.07214179126297762,,aging,soundlife,NK
MTERF2,0.004861878095394796,-0.09550188800372492,868,0.01175034658811641,,aging,soundlife,NK
MTERF3,0.0054162441673959935,-0.09432463658993527,868,0.012094753836144712,,aging,soundlife,NK
MTERF4,0.003155176769726484,-0.10009671156135153,868,0.009875189520242146,,aging,soundlife,NK
MTF1,0.00899298813318998,-0.0886211351791044,868,0.013687666264032188,,aging,soundlife,NK
MTF2,7.38075348908515e-05,-0.13412057907741218,868,0.0005989765331526794,,aging,soundlife,NK
MXD1,0.007008425099153179,-0.0914631670865159,868,0.012496712923278766,,aging,soundlife,NK
MXD4,0.018287965174626147,-0.0800813798608095,868,0.02196637942227391,,aging,soundlife,NK
MXI1,0.022618219468500504,-0.0773776800697885,868,0.02607893064400878,,aging,soundlife,NK
MYBL1,0.00010664229459570506,-0.13114524898679175,868,0.0008438071559885164,,aging,soundlife,NK
MYC,0.6031227806914621,-0.01767115394759073,868,0.6118216669514351,,aging,soundlife,NK
MYNN,0.004723368969676589,-0.09581491046193084,868,0.01157080212973364,,aging,soundlife,NK
MYSM1,0.0044707196632326205,-0.09640788574430285,868,0.011365323481229914,,aging,soundlife,NK
MZF1,2.553387142365844e-05,-0.14237429124727194,868,0.000264966239527472,,aging,soundlife,NK
NACC2,0.004562489484264667,-0.09618907499907263,868,0.011415240488298554,,aging,soundlife,NK
NCOA1,0.00027108474983046204,-0.12330531142684592,868,0.001649967756179639,,aging,soundlife,NK
NCOA2,0.0013109220524351246,-0.10890829008544439,868,0.005644990878853291,,aging,soundlife,NK
NCOA3,0.0009085788957235509,-0.11240500888675002,868,0.004228900301419174,,aging,soundlife,NK
NFAT5,0.00041822472229605047,-0.11950140328333861,868,0.002300755184914139,,aging,soundlife,NK
NFATC1,0.007207982519010549,-0.0911468560369249,868,0.012583489656325475,,aging,soundlife,NK
NFATC2,0.010509697672892396,-0.08680539180609069,868,0.015155352539693792,,aging,soundlife,NK
NFATC3,0.0032700709931364263,-0.09972354829924039,868,0.010097341164172477,,aging,soundlife,NK
NFE2L1,0.012793817344380108,-0.08446836995450524,868,0.01704944500840549,,aging,soundlife,NK
NFE2L2,1.754439545781725e-07,-0.17616717655557385,868,1.2021525248938247e-05,,aging,soundlife,NK
NFE2L3,0.36851152972012335,-0.030559951954520635,868,0.37684620082849446,,aging,soundlife,NK
NFIC,0.0001724906271628601,-0.12716018355081238,868,0.001125634711279283,,aging,soundlife,NK
NFIL3,0.012221254474156614,-0.0850171697174057,868,0.016672530349442105,,aging,soundlife,NK
NFKB1,1.942891332242649e-05,-0.14442659273578395,868,0.00021576319531747313,,aging,soundlife,NK
NFKB2,1.3562487080904183e-07,-0.17774174125033312,868,1.093877466015801e-05,,aging,soundlife,NK
NFX1,0.005616712944742843,-0.0939255687811596,868,0.012094753836144712,,aging,soundlife,NK
NFYA,0.00409433853194664,-0.09735007636213548,868,0.01088956424673203,,aging,soundlife,NK
NFYB,0.008865852654104922,-0.08878547288826344,868,0.013687666264032188,,aging,soundlife,NK
NFYC,0.011695822350849613,-0.0855411856267952,868,0.016288026589128136,,aging,soundlife,NK
NME2,0.31693491373077537,0.03400774606946622,868,0.3251536473121245,,aging,soundlife,NK
NR1D2,2.1513698902460298e-05,-0.14366429174111853,868,0.00023081646449588762,,aging,soundlife,NK
NR1H2,0.001397246374340741,-0.10828978688279553,868,0.005857330827534364,,aging,soundlife,NK
NR2C1,0.005360466652485399,-0.09443803787666354,868,0.012094753836144712,,aging,soundlife,NK
NR2C2,0.008574019922867418,-0.08917079842689367,868,0.013400875583148337,,aging,soundlife,NK
NR3C1,5.820477693159644e-05,-0.1360082672764814,868,0.0005047071753109663,,aging,soundlife,NK
NR3C2,0.0367605141885273,-0.0708983374863548,868,0.0410395158401019,,aging,soundlife,NK
NR4A1,0.00017644482416975175,-0.12696949118052547,868,0.0011396895275454374,,aging,soundlife,NK
NR4A2,1.4030051410581771e-05,-0.14683609220197336,868,0.00018369247185953715,,aging,soundlife,NK
NR4A3,2.5179728042641365e-05,-0.1424798752399536,868,0.000264966239527472,,aging,soundlife,NK
NRF1,0.004734340839812026,-0.0957898142840984,868,0.01157080212973364,,aging,soundlife,NK
PA2G4,0.0962924739351912,-0.05648560806878433,868,0.10209905527801681,,aging,soundlife,NK
PATZ1,0.002944744179300638,-0.1008134499491176,868,0.009646087646304854,,aging,soundlife,NK
PBX2,0.0069850085810207385,-0.09150081135326459,868,0.012496712923278766,,aging,soundlife,NK
PBX3,0.00722084488315046,-0.09112673867621736,868,0.012583489656325475,,aging,soundlife,NK
PCGF6,0.04320469420396004,-0.06863981008556666,868,0.047480158734560254,,aging,soundlife,NK
PHF1,3.6515110341669165e-07,-0.1716047520532968,868,1.9261720705230484e-05,,aging,soundlife,NK
PHF19,0.8347601951775487,-0.007090487792508711,868,0.8374060278088563,,aging,soundlife,NK
PHF20,1.3464218582839066e-07,-0.17778601781590872,868,1.093877466015801e-05,,aging,soundlife,NK
PHF21A,0.0027608884679143288,-0.10147893959013142,868,0.00924678518618926,,aging,soundlife,NK
PIN1,0.01792405115442158,-0.08033331535613629,868,0.021652527444177214,,aging,soundlife,NK
PKNOX1,0.015168631371082245,-0.08240135247884554,868,0.0190516068871422,,aging,soundlife,NK
PLSCR1,0.0009959202533607763,-0.11153872226504825,868,0.004471046243811145,,aging,soundlife,NK
POGK,0.015820039029166972,-0.08188437305269895,868,0.019520632954118308,,aging,soundlife,NK
POU2F1,0.0052746520335533315,-0.09461460216440787,868,0.012094753836144712,,aging,soundlife,NK
POU2F2,0.01490402999589425,-0.08261693893475687,868,0.018888665857652108,,aging,soundlife,NK
PRDM1,0.6789292431808044,-0.01406909917585878,868,0.6843347307857471,,aging,soundlife,NK
PRDM10,0.00643195375303644,-0.09242453809209164,868,0.012496712923278766,,aging,soundlife,NK
PRDM2,4.8266380790947665e-05,-0.1374792780866488,868,0.00043646598629528386,,aging,soundlife,NK
PRDM4,0.010534526251919855,-0.08677765924354451,868,0.015155352539693792,,aging,soundlife,NK
PRDM8,0.633023145519944,-0.016228913719038018,868,0.6411258417825992,,aging,soundlife,NK
PREB,0.015741609783511298,-0.08194561617773885,868,0.019499137197366827,,aging,soundlife,NK
PRMT3,0.016060028836798582,-0.08169861356948965,868,0.019701547003281982,,aging,soundlife,NK
PRR12,0.012751234750421482,-0.0845084301417407,868,0.01702854767303122,,aging,soundlife,NK
PURA,0.00032066707426224827,-0.1218445522032309,868,0.0019149269623396526,,aging,soundlife,NK
PURB,0.010043346251581448,-0.08733740872971593,868,0.014799115066620471,,aging,soundlife,NK
RARA,3.45542653845444e-05,-0.14006874985009052,868,0.0003264604475883075,,aging,soundlife,NK
RBAK,0.00832904757560137,-0.08950339627124929,868,0.013147848167969245,,aging,soundlife,NK
RBCK1,0.0030108513914755292,-0.10058339552831384,868,0.009646087646304854,,aging,soundlife,NK
RBPJ,0.00028069132054837686,-0.12300377148045938,868,0.001692167675305929,,aging,soundlife,NK
RBSN,0.007170377098596043,-0.09120585777565765,868,0.01257882733347202,,aging,soundlife,NK
REL,5.673759804493284e-07,-0.16880255068288438,868,2.394326637496166e-05,,aging,soundlife,NK
RELA,0.004532496541424556,-0.0962601471542299,868,0.01138860780330339,,aging,soundlife,NK
RELB,8.571783167904256e-06,-0.15041238940319204,868,0.00013564846863208487,,aging,soundlife,NK
REPIN1,0.0003617517989061358,-0.12078620449583337,868,0.0021202674880331845,,aging,soundlife,NK
REST,0.00042162338301744094,-0.1194293482251696,868,0.002300755184914139,,aging,soundlife,NK
REXO4,0.0022004515285361155,-0.10379143479647066,868,0.008145531096861761,,aging,soundlife,NK
RFX1,0.19390161837485612,-0.04413723218413148,868,0.2005551052798757,,aging,soundlife,NK
RFX2,0.42327079061925466,-0.02721373673213406,868,0.43075628691637974,,aging,soundlife,NK
RFX3,0.014919957233532472,-0.0826038672433017,868,0.018888665857652108,,aging,soundlife,NK
RFX5,0.00895697939155676,-0.08866746941079798,868,0.013687666264032188,,aging,soundlife,NK
RFX7,0.006564125538226063,-0.09219747831037037,868,0.012496712923278766,,aging,soundlife,NK
RLF,0.00021302809447268822,-0.1253739180821414,868,0.0013220272921687416,,aging,soundlife,NK
RORA,0.0009816755695737092,-0.11167508857541529,868,0.004438575968143985,,aging,soundlife,NK
RREB1,0.002144488618195943,-0.10405116002781573,868,0.008080126757845429,,aging,soundlife,NK
RUNX1,0.030576042130590394,-0.07340835945401585,868,0.034685725212658995,,aging,soundlife,NK
RUNX2,0.12258906426258345,-0.05244617982884724,868,0.12826260773258732,,aging,soundlife,NK
RUNX3,1.163752746897126e-05,-0.14820288773486798,868,0.000160142497562148,,aging,soundlife,NK
RXRB,0.007933717276876587,-0.09005903042518465,868,0.012884022711153284,,aging,soundlife,NK
SAFB,0.0056159296921012725,-0.09392710284473868,868,0.012094753836144712,,aging,soundlife,NK
SAFB2,0.000478317956682305,-0.11830099393971162,868,0.002481764480163107,,aging,soundlife,NK
SATB1,3.0133385130886974e-05,-0.14111646934454805,868,0.0002934528121207916,,aging,soundlife,NK
SCMH1,0.6557600628645166,-0.015151541786058119,868,0.6630928431201901,,aging,soundlife,NK
SCML4,3.4991420948918367e-07,-0.17187336015578536,868,1.9261720705230484e-05,,aging,soundlife,NK
SETBP1,0.038630413705063954,-0.07021049828433573,868,0.04305114766779134,,aging,soundlife,NK
SETDB1,0.008980130427246588,-0.08863766081011484,868,0.013687666264032188,,aging,soundlife,NK
SETDB2,0.015717433780081558,-0.08196454854322663,868,0.019499137197366827,,aging,soundlife,NK
SGSM2,0.032776072895972876,-0.07246950335761555,868,0.03698262770615121,,aging,soundlife,NK
SKI,0.015928485282727726,-0.0818001281599825,868,0.019616208529118,,aging,soundlife,NK
SKIL,2.541652744136716e-06,-0.15890325677916475,868,5.9587636556983005e-05,,aging,soundlife,NK
SLC2A4RG,0.184325095479413,-0.045102222477432674,868,0.19127505809584988,,aging,soundlife,NK
SMAD3,2.0635451785252525e-08,-0.18885711582981088,868,6.531120490032424e-06,,aging,soundlife,NK
SMAD4,0.00918759221939611,-0.0883735538522595,868,0.013913267643248177,,aging,soundlife,NK
SMAD5,0.0038328095807250895,-0.09805213550679166,868,0.010594622116152759,,aging,soundlife,NK
SMYD3,0.0021941132797690965,-0.10382054526043517,868,0.008145531096861761,,aging,soundlife,NK
SNAI1,0.0004366251012633047,-0.11911763018030637,868,0.002362253752988649,,aging,soundlife,NK
SNAPC2,0.012486438206518652,-0.08476022784692566,868,0.01678113669793271,,aging,soundlife,NK
SNAPC5,0.013493658781965014,-0.08382630463760299,868,0.01743160409996705,,aging,soundlife,NK
SON,0.01964584711160511,-0.07917841350335189,868,0.023419625652817393,,aging,soundlife,NK
SOX13,0.009650716979355661,-0.08780263417859019,868,0.01440779209417956,,aging,soundlife,NK
SOX4,0.03083444832880942,-0.07329514188747668,868,0.034853938914529224,,aging,soundlife,NK
SP1,0.005610660538358058,-0.09393742791936667,868,0.012094753836144712,,aging,soundlife,NK
SP100,2.4025848564399407e-06,-0.15928561523674087,868,5.9587636556983005e-05,,aging,soundlife,NK
SP110,0.0004926062443827221,-0.11803633582128896,868,0.0025146754249537346,,aging,soundlife,NK
SP140,0.015174506485239067,-0.08239660331195703,868,0.0190516068871422,,aging,soundlife,NK
SP140L,0.00016534182004945936,-0.12751559944265548,868,0.0011172418685926264,,aging,soundlife,NK
SP2,0.003385211079575453,-0.09936136231842858,868,0.010252816331919913,,aging,soundlife,NK
SP3,0.00045559250144533366,-0.1187374947370185,868,0.0024234458270159347,,aging,soundlife,NK
SP4,0.01525363403036786,-0.08233279729027908,868,0.0190516068871422,,aging,soundlife,NK
SPEN,0.0011845039530195675,-0.10988542428324578,868,0.005273690643709635,,aging,soundlife,NK
SPI1,0.28750882480122747,-0.03614130699762162,868,0.2959237172344341,,aging,soundlife,NK
SRCAP,0.01197674630021016,-0.0852584861858019,868,0.016525270927242906,,aging,soundlife,NK
SREBF1,0.007914541205585433,-0.09008660682557007,868,0.012884022711153284,,aging,soundlife,NK
SREBF2,0.006137837011429341,-0.09294523785206771,868,0.012303897436847563,,aging,soundlife,NK
STAT1,0.0008936518795045492,-0.11256072093303035,868,0.004190234368343553,,aging,soundlife,NK
STAT2,0.00573781169285379,-0.09369067333337279,868,0.012106782671921496,,aging,soundlife,NK
STAT3,0.0005840659617429972,-0.1164943814600967,868,0.0029111319195536793,,aging,soundlife,NK
STAT4,0.000486067931339474,-0.11815654394102376,868,0.0025014715490885124,,aging,soundlife,NK
STAT5A,0.00019954005708136465,-0.1259299380484739,868,0.0012630885613250382,,aging,soundlife,NK
STAT5B,0.01423417469677438,-0.08317814899643172,868,0.018239337212668384,,aging,soundlife,NK
STAT6,0.002653536132266561,-0.10188644934159669,868,0.009079396603917477,,aging,soundlife,NK
TBP,0.004399472597315387,-0.0965805827220664,868,0.01127476175749247,,aging,soundlife,NK
TBPL1,0.006181089536190081,-0.0928672761898188,868,0.012303897436847563,,aging,soundlife,NK
TBX21,0.12698985210684524,-0.051838415071251864,868,0.13264781581457596,,aging,soundlife,NK
TCF12,0.0071372800096800165,-0.09125801593734603,868,0.01257882733347202,,aging,soundlife,NK
TCF20,0.008928969928179703,-0.08870362554401487,868,0.013687666264032188,,aging,soundlife,NK
TCF4,0.053493930240056616,-0.06556337877487892,868,0.05808174586956404,,aging,soundlife,NK
TCF7,0.05528857574524775,-0.06507850445177933,868,0.059927514463599015,,aging,soundlife,NK
TERF1,0.0023525434237425813,-0.10311494950213862,868,0.00827311104016141,,aging,soundlife,NK
TERF2,0.007634080115418439,-0.09049690912390984,868,0.012799329154832803,,aging,soundlife,NK
TET2,0.00015200613883553592,-0.1282190089307016,868,0.0010691098431432693,,aging,soundlife,NK
TET3,0.0020411902817859154,-0.10454730558451722,868,0.0077835749901836405,,aging,soundlife,NK
TFCP2,0.007645536047853112,-0.09047988744838878,868,0.012799329154832803,,aging,soundlife,NK
TFDP1,0.9561865926268862,0.001867460606248215,868,0.9561865926268862,,aging,soundlife,NK
TFDP2,0.011339172834400852,-0.0859088832132803,868,0.015985960811081827,,aging,soundlife,NK
TFE3,0.0037804509440328175,-0.09819788991882221,868,0.010594622116152759,,aging,soundlife,NK
TFEB,0.008422310556455908,-0.089375756669865,868,0.013227215274936721,,aging,soundlife,NK
TGIF1,1.0578295354640214e-05,-0.14889588028819153,868,0.00015218320362471034,,aging,soundlife,NK
TGIF2,0.044885621848509694,-0.06809782634168217,868,0.04915674503478657,,aging,soundlife,NK
THAP1,0.0067081995827152924,-0.09195460022036672,868,0.012496712923278766,,aging,soundlife,NK
THAP11,0.006693566706059674,-0.09197905337753728,868,0.012496712923278766,,aging,soundlife,NK
THAP12,0.00601428485028971,-0.09317069008213426,868,0.01220205868664547,,aging,soundlife,NK
THAP3,0.034183595845879954,-0.07189674648205514,868,0.0384337765016732,,aging,soundlife,NK
THAP4,0.006977714581079593,-0.09151256025935818,868,0.012496712923278766,,aging,soundlife,NK
THAP5,0.022608734171720424,-0.07738309062935779,868,0.02607893064400878,,aging,soundlife,NK
THAP6,0.00804569769841963,-0.08989917548863989,868,0.012917486540166128,,aging,soundlife,NK
THAP7,0.0029987361487856553,-0.10062521024335531,868,0.009646087646304854,,aging,soundlife,NK
THRA,0.010460940866724045,-0.08686002100432261,868,0.015152804504888606,,aging,soundlife,NK
THYN1,0.021260166595558395,-0.07817317011661665,868,0.024921639731460117,,aging,soundlife,NK
TMF1,9.037223857702238e-05,-0.1324913392543737,868,0.00072412186100323,,aging,soundlife,NK
TOPORS,5.5622924485984535e-05,-0.13636610827482076,868,0.0004890182111059474,,aging,soundlife,NK
TP53,0.1162621858528682,-0.05335050571570426,868,0.1224525185438695,,aging,soundlife,NK
TRAFD1,0.009235514798793495,-0.08831330281624084,868,0.013952460304621198,,aging,soundlife,NK
TRERF1,0.0047750262711781085,-0.0956972101227774,868,0.011625352421752857,,aging,soundlife,NK
TRPS1,0.013978141065080787,-0.08339881531557197,868,0.018020699173515557,,aging,soundlife,NK
TSC22D1,0.1933218489824058,-0.0441946447432284,868,0.20028270115525837,,aging,soundlife,NK
TSHZ1,0.007064668889355456,-0.09137320849591811,868,0.012561616311691021,,aging,soundlife,NK
TTF1,0.018059733580917302,-0.08023886480691474,868,0.021733481666769302,,aging,soundlife,NK
UBP1,0.006909261453332832,-0.09162336190541052,868,0.012496712923278766,,aging,soundlife,NK
USF1,0.005616530020650675,-0.09392592703552836,868,0.012094753836144712,,aging,soundlife,NK
USF2,0.0008721343829430046,-0.11278947094049142,868,0.004150835070698661,,aging,soundlife,NK
USF3,0.002310849030429429,-0.10329632725883765,868,0.008178271838629195,,aging,soundlife,NK
VEZF1,0.0033672868018289654,-0.0994170019777006,868,0.010252816331919913,,aging,soundlife,NK
XBP1,0.020849299651797378,-0.07842254271530535,868,0.024576548751560037,,aging,soundlife,NK
XPA,0.0018587726133450836,-0.1054825240211731,868,0.007262981878070605,,aging,soundlife,NK
YBX1,0.02209059397182162,0.07768168186670911,868,0.025704680117946844,,aging,soundlife,NK
YBX3,0.701969951160276,0.013006608578196804,868,0.7064339890054925,,aging,soundlife,NK
YY1,0.0033148306122380844,-0.0995813948029164,868,0.01018586299779955,,aging,soundlife,NK
ZBED1,0.005709778080069049,-0.09374465032493336,868,0.012106782671921496,,aging,soundlife,NK
ZBED4,1.8991351104167846e-07,-0.17567960154569434,868,1.2021525248938247e-05,,aging,soundlife,NK
ZBED5,0.0069354713240632835,-0.09158082149562205,868,0.012496712923278766,,aging,soundlife,NK
ZBED6,0.002939553637945343,-0.10083171173591517,868,0.009646087646304854,,aging,soundlife,NK
ZBTB1,9.206534987422028e-06,-0.14989896496270477,868,0.00014213991822044255,,aging,soundlife,NK
ZBTB10,1.3824675715839508e-07,-0.17762510648827656,868,1.093877466015801e-05,,aging,soundlife,NK
ZBTB11,0.0065234067089119845,-0.0922669888439202,868,0.012496712923278766,,aging,soundlife,NK
ZBTB14,0.04273036498401708,-0.06879596306030084,868,0.047122510513733125,,aging,soundlife,NK
ZBTB16,4.0300531367983065e-06,-0.155736499437501,868,7.503010692921553e-05,,aging,soundlife,NK
ZBTB17,0.012479051415136678,-0.08476731944622531,868,0.01678113669793271,,aging,soundlife,NK
ZBTB2,0.006774003713421542,-0.09184522240577997,868,0.012496712923278766,,aging,soundlife,NK
ZBTB20,0.00011262146501503552,-0.1306988364852824,868,0.000880115893265648,,aging,soundlife,NK
ZBTB21,0.005374460316819046,-0.09440948775927581,868,0.012094753836144712,,aging,soundlife,NK
ZBTB24,0.002282555887693034,-0.10342111919729072,868,0.008178271838629195,,aging,soundlife,NK
ZBTB25,0.002739755619234281,-0.10155800357351497,868,0.009224815462634574,,aging,soundlife,NK
ZBTB33,0.007533411839659904,-0.09064747700489509,868,0.012799329154832803,,aging,soundlife,NK
ZBTB37,0.007805701616425359,-0.09024426630585498,868,0.012872741699523302,,aging,soundlife,NK
ZBTB38,0.30341614567002284,-0.03497083485881014,868,0.3117896431966306,,aging,soundlife,NK
ZBTB4,0.006776824016458094,-0.09184055591297657,868,0.012496712923278766,,aging,soundlife,NK
ZBTB40,0.0076343334263452006,-0.09049653249752215,868,0.012799329154832803,,aging,soundlife,NK
ZBTB41,0.007545527281865593,-0.09062926114814482,868,0.012799329154832803,,aging,soundlife,NK
ZBTB43,0.002019800603879581,-0.10465290794921774,868,0.007748689589428937,,aging,soundlife,NK
ZBTB44,0.01777347026849729,-0.08043887179078954,868,0.021511676252311252,,aging,soundlife,NK
ZBTB5,0.005421884665841466,-0.09431322756619152,868,0.012094753836144712,,aging,soundlife,NK
ZBTB7A,0.005535520355138586,-0.0940856258099124,868,0.012094753836144712,,aging,soundlife,NK
ZBTB7B,0.014761844604108077,-0.08273417997343754,868,0.018801303087324774,,aging,soundlife,NK
ZC3H8,0.008085381351341674,-0.08984300304081945,868,0.012917486540166128,,aging,soundlife,NK
ZEB1,0.06110888442071348,-0.06359110580074334,868,0.06589765560189376,,aging,soundlife,NK
ZEB2,0.3698419734259253,-0.030475183459265195,868,0.3775967244816302,,aging,soundlife,NK
ZFAT,0.09055906011173927,-0.057481031611411645,868,0.0961810151857902,,aging,soundlife,NK
ZFHX3,0.10736182157223534,-0.054690468914979334,868,0.1134558147833472,,aging,soundlife,NK
ZFP14,0.02229459522047778,-0.07756340280895997,868,0.02584703072264182,,aging,soundlife,NK
ZFP62,0.034617795424786,-0.0717241229923672,868,0.03885295124803109,,aging,soundlife,NK
ZFP64,0.017491390114700356,-0.08063873179851304,868,0.021251535398474714,,aging,soundlife,NK
ZFP90,0.012311087620851195,-0.08492958111724741,868,0.01668719157173192,,aging,soundlife,NK
ZFP91,0.008442014172313484,-0.0893489518942738,868,0.013227215274936721,,aging,soundlife,NK
ZFX,0.009943725568340687,-0.08745389651562124,868,0.014740932751193571,,aging,soundlife,NK
ZFY,0.005150235810329773,-0.09487524599669847,868,0.01202988659755995,,aging,soundlife,NK
ZGPAT,0.0074288129597914285,-0.09080584380790807,868,0.012794039862802187,,aging,soundlife,NK
ZHX1,0.006804432958629348,-0.09179496574804888,868,0.012496712923278766,,aging,soundlife,NK
ZHX2,0.0004095261524062477,-0.11968833857575822,868,0.0022940712785234937,,aging,soundlife,NK
ZKSCAN1,0.00036545471807249955,-0.12069641125340576,868,0.0021223196012834147,,aging,soundlife,NK
ZKSCAN5,0.004907686664519264,-0.09540013457698625,868,0.011767294161517781,,aging,soundlife,NK
ZKSCAN8,0.004626135536869462,-0.09603964618325986,868,0.0114837011562289,,aging,soundlife,NK
ZMAT1,2.483084941865856e-06,-0.15906177974433844,868,5.9587636556983005e-05,,aging,soundlife,NK
ZNF10,3.7118874421230864e-05,-0.13951784649102478,868,0.00034553305159763434,,aging,soundlife,NK
ZNF100,0.025475003118981873,-0.07583113270386849,868,0.029266201405291337,,aging,soundlife,NK
ZNF101,0.0015155592650382028,-0.10749691484866218,868,0.006229539056942743,,aging,soundlife,NK
ZNF107,0.012686600700007598,-0.0845694619885631,868,0.017014021701493243,,aging,soundlife,NK
ZNF12,0.010367040324363181,-0.08696587139127843,868,0.015051230562664893,,aging,soundlife,NK
ZNF121,0.0038172553217773833,-0.09809524544916635,868,0.010594622116152759,,aging,soundlife,NK
ZNF124,0.014450852571229529,-0.08299411648300008,868,0.018479575106238974,,aging,soundlife,NK
ZNF131,0.00047028961517287627,-0.11845294890812466,868,0.0024602754248300054,,aging,soundlife,NK
ZNF134,0.007663421405500209,-0.09045335825308128,868,0.012799329154832803,,aging,soundlife,NK
ZNF136,0.0029968664072697448,-0.10063167719401199,868,0.009646087646304854,,aging,soundlife,NK
ZNF138,0.05131622541051277,-0.06617030760561385,868,0.055813008049578325,,aging,soundlife,NK
ZNF14,0.010326836317723074,-0.08701145237019665,868,0.01503157684199448,,aging,soundlife,NK
ZNF141,0.005776461612102213,-0.09361664328317085,868,0.01210761655781689,,aging,soundlife,NK
ZNF142,0.0063867526341720784,-0.09250315196101187,868,0.012496712923278766,,aging,soundlife,NK
ZNF143,0.00816270871416501,-0.08973424987487567,868,0.012917486540166128,,aging,soundlife,NK
ZNF146,0.014513193135381167,-0.08294161843896183,868,0.018521877529629593,,aging,soundlife,NK
ZNF148,0.0009640560681382745,-0.11184631579166597,868,0.004422083269069042,,aging,soundlife,NK
ZNF16,0.007829392660847506,-0.090209782026359,868,0.012872741699523302,,aging,soundlife,NK
ZNF160,0.012375423986061191,-0.08486719892703505,868,0.016738554237557126,,aging,soundlife,NK
ZNF18,0.0076178221867728374,-0.09052110507281566,868,0.012799329154832803,,aging,soundlife,NK
ZNF184,0.040522380730983375,-0.06954271214095806,868,0.04484382343131552,,aging,soundlife,NK
ZNF189,0.0031036201822632536,-0.10026819598586698,868,0.009774087439664873,,aging,soundlife,NK
ZNF195,0.014865633451872376,-0.082648502063246,868,0.018888665857652108,,aging,soundlife,NK
ZNF197,0.006426286620376293,-0.09243436712220904,868,0.012496712923278766,,aging,soundlife,NK
ZNF207,0.0014679272414707897,-0.107809027891932,868,0.0060731891754967965,,aging,soundlife,NK
ZNF211,0.005125369399216236,-0.09492801962102038,868,0.01202988659755995,,aging,soundlife,NK
ZNF217,1.0500115385812177e-05,-0.1489496184435063,868,0.00015218320362471034,,aging,soundlife,NK
ZNF22,0.001278721457693656,-0.10914865120885722,868,0.00558228057048334,,aging,soundlife,NK
ZNF224,0.00549765403471467,-0.09416099701749485,868,0.012094753836144712,,aging,soundlife,NK
ZNF226,0.013056320823973148,-0.08422398535895087,868,0.017194974229254503,,aging,soundlife,NK
ZNF227,0.07616689664331619,-0.06022435066121425,868,0.08157977254690212,,aging,soundlife,NK
ZNF236,0.006525215305209651,-0.0922638931587337,868,0.012496712923278766,,aging,soundlife,NK
ZNF24,0.001674639264660805,-0.10651614299111642,868,0.006666960091385469,,aging,soundlife,NK
ZNF250,0.008677170120010168,-0.0890332838653447,868,0.01349545131687085,,aging,soundlife,NK
ZNF251,0.12081122221208121,-0.052696535330547675,868,0.12661176102689967,,aging,soundlife,NK
ZNF253,0.04337910632632362,-0.06858275578083849,868,0.04758921023321118,,aging,soundlife,NK
ZNF254,0.012008885665926913,-0.08522651887289673,868,0.016525270927242906,,aging,soundlife,NK
ZNF26,0.005547559086648611,-0.09406176055734698,868,0.012094753836144712,,aging,soundlife,NK
ZNF263,0.012007138207903483,-0.08522825502868382,868,0.016525270927242906,,aging,soundlife,NK
ZNF264,0.020002623258988828,-0.07895021465645816,868,0.023755460643414498,,aging,soundlife,NK
ZNF266,0.005504904555795128,-0.09414652905260243,868,0.012094753836144712,,aging,soundlife,NK
ZNF267,0.004533853343495188,-0.09625692286491101,868,0.01138860780330339,,aging,soundlife,NK
ZNF274,0.00013332712828106926,-0.12930865337231406,868,0.0009934045364556688,,aging,soundlife,NK
ZNF276,0.013184224902288988,-0.084106477925996,868,0.017194974229254503,,aging,soundlife,NK
ZNF277,0.0054429309700502965,-0.09427075145846928,868,0.012094753836144712,,aging,soundlife,NK
ZNF28,0.013201828555162226,-0.08409038403742994,868,0.017194974229254503,,aging,soundlife,NK
ZNF280D,0.00047024531773875663,-0.11845379402099457,868,0.0024602754248300054,,aging,soundlife,NK
ZNF281,0.003452568627915785,-0.09915464036164183,868,0.010308848780522132,,aging,soundlife,NK
ZNF282,0.018702979762277378,-0.07979936018451593,868,0.022379936086052137,,aging,soundlife,NK
ZNF292,0.00013589167181749057,-0.1291508469158779,868,0.0009934045364556688,,aging,soundlife,NK
ZNF296,0.059931624975118225,-0.06388218288236006,868,0.0647384276608359,,aging,soundlife,NK
ZNF3,0.007642863889615846,-0.09048385580447357,868,0.012799329154832803,,aging,soundlife,NK
ZNF302,0.011438157756162914,-0.0858058161871895,868,0.016053999688805155,,aging,soundlife,NK
ZNF316,0.006154276156291401,-0.09291554866950749,868,0.012303897436847563,,aging,soundlife,NK
ZNF317,0.007932438433481941,-0.09006086762707574,868,0.012884022711153284,,aging,soundlife,NK
ZNF318,0.0067467710584405,-0.09189037164225379,868,0.012496712923278766,,aging,soundlife,NK
ZNF319,0.0037585081362166155,-0.09825951885625922,868,0.010594622116152759,,aging,soundlife,NK
ZNF32,0.0008512217484408048,-0.11301685223254362,868,0.0040819952027502234,,aging,soundlife,NK
ZNF322,0.021883378682493147,-0.07780279940138,868,0.025557525287856386,,aging,soundlife,NK
ZNF324,0.013051184532416675,-0.0842287253398299,868,0.017194974229254503,,aging,soundlife,NK
ZNF326,1.5494800924136896e-05,-0.146105170615608,868,0.00018813704333572114,,aging,soundlife,NK
ZNF331,1.5752390674238895e-05,-0.14598347436234138,868,0.00018813704333572114,,aging,soundlife,NK
ZNF333,0.003801132136313837,-0.0981401007333376,868,0.010594622116152759,,aging,soundlife,NK
ZNF335,0.007134459298813943,-0.09126247115193195,868,0.01257882733347202,,aging,soundlife,NK
ZNF337,0.08379313953632367,-0.05872308113590045,868,0.08944529060116843,,aging,soundlife,NK
ZNF33A,0.002972395281263027,-0.10071665696748491,868,0.009646087646304854,,aging,soundlife,NK
ZNF33B,0.002053678600473502,-0.10448611757553405,868,0.00778430271916004,,aging,soundlife,NK
ZNF346,0.01408159798124287,-0.08330922416535239,868,0.01808042905096701,,aging,soundlife,NK
ZNF350,8.25031441312537e-06,-0.15068641725125934,868,0.00013390894932072716,,aging,soundlife,NK
ZNF354A,0.006990567782997463,-0.09149186418005491,868,0.012496712923278766,,aging,soundlife,NK
ZNF354B,0.013431305245434321,-0.08388230255124376,868,0.017386536237954858,,aging,soundlife,NK
ZNF362,0.017374332190622285,-0.08072249901873782,868,0.021149908224353666,,aging,soundlife,NK
ZNF37A,0.0039065924762680115,-0.09784977690449626,868,0.010705078084318836,,aging,soundlife,NK
ZNF384,0.005709311582418663,-0.09374555055386,868,0.012106782671921496,,aging,soundlife,NK
ZNF394,6.057682411557578e-07,-0.16838229075029487,868,2.396570604072467e-05,,aging,soundlife,NK
ZNF397,0.003407409352570484,-0.09929282550188105,868,0.010270905334176744,,aging,soundlife,NK
ZNF398,0.008378755231121084,-0.08943520852306104,868,0.013193413087810064,,aging,soundlife,NK
ZNF407,0.005141714037255955,-0.09489330569128801,868,0.01202988659755995,,aging,soundlife,NK
ZNF41,0.012724573558063432,-0.08453357224962042,868,0.01702854767303122,,aging,soundlife,NK
ZNF410,0.0035166095885780183,-0.09896146776880194,868,0.01037022791332482,,aging,soundlife,NK
ZNF414,0.0036068305538007653,-0.09869467849618559,868,0.010409958752116142,,aging,soundlife,NK
ZNF417,0.002675325566714651,-0.10180253514522061,868,0.00910267672960979,,aging,soundlife,NK
ZNF426,0.013123695245257302,-0.08416196142310728,868,0.017194974229254503,,aging,soundlife,NK
ZNF428,0.030831986532195117,-0.07329621665058299,868,0.034853938914529224,,aging,soundlife,NK
ZNF429,0.015771813973225617,-0.08192199894742873,868,0.019499137197366827,,aging,soundlife,NK
ZNF43,0.010516699343358643,-0.0867975653260346,868,0.015155352539693792,,aging,soundlife,NK
ZNF430,0.005576570697222688,-0.0940044398583446,868,0.012094753836144712,,aging,soundlife,NK
ZNF431,0.003987329039442406,-0.09763227975861816,868,0.010781696566356093,,aging,soundlife,NK
ZNF439,0.007449543485212201,-0.09077429905143784,868,0.012794039862802187,,aging,soundlife,NK
ZNF44,0.0022363713925146697,-0.10362789627013423,868,0.008178271838629195,,aging,soundlife,NK
ZNF441,0.03302766805910277,-0.0723656004046643,868,0.037200202635964505,,aging,soundlife,NK
ZNF444,0.04855712014890775,-0.06697098774778434,868,0.05299423630044588,,aging,soundlife,NK
ZNF445,0.006267376863011248,-0.09271319925322155,868,0.012359032879396013,,aging,soundlife,NK
ZNF45,0.004491851657272228,-0.09635714222807061,868,0.011373368396213281,,aging,soundlife,NK
ZNF451,0.0012004430842599285,-0.10975706817312395,868,0.005276947724559269,,aging,soundlife,NK
ZNF460,0.013138494269132479,-0.08414837531512259,868,0.017194974229254503,,aging,soundlife,NK
ZNF468,0.012303131353205357,-0.08493731573720895,868,0.01668719157173192,,aging,soundlife,NK
ZNF480,0.005940984013760164,-0.09330642255784886,868,0.01218069999381495,,aging,soundlife,NK
ZNF484,0.0059534033981988475,-0.09328331974406825,868,0.01218069999381495,,aging,soundlife,NK
ZNF487,0.00460637395153061,-0.09608584262481162,868,0.01147966421779085,,aging,soundlife,NK
ZNF490,0.011050571333041673,-0.08621400570335448,868,0.015726961123246983,,aging,soundlife,NK
ZNF493,0.006402370029121223,-0.0924759338149952,868,0.012496712923278766,,aging,soundlife,NK
ZNF496,0.0005726249152616234,-0.11667444561744358,868,0.0028767585028619653,,aging,soundlife,NK
ZNF506,0.008147726249942496,-0.08975524909249097,868,0.012917486540166128,,aging,soundlife,NK
ZNF507,0.0061626380288422045,-0.09290047442799101,868,0.012303897436847563,,aging,soundlife,NK
ZNF511,0.010053111340674253,-0.08732604563601948,868,0.014799115066620471,,aging,soundlife,NK
ZNF512,0.0033794221812222408,-0.09937930259489519,868,0.010252816331919913,,aging,soundlife,NK
ZNF516,0.00358479827971486,-0.09875926532866727,868,0.010409958752116142,,aging,soundlife,NK
ZNF518A,0.011476917406511687,-0.08576567332586893,868,0.01607276265115464,,aging,soundlife,NK
ZNF518B,0.0037663117102429175,-0.09823756429366055,868,0.010594622116152759,,aging,soundlife,NK
ZNF524,0.005425957104292626,-0.0943049969017194,868,0.012094753836144712,,aging,soundlife,NK
ZNF529,0.0032235683826375874,-0.09987312409120444,868,0.010002543069654866,,aging,soundlife,NK
ZNF544,0.02124020990824136,-0.07818518541698447,868,0.024921639731460117,,aging,soundlife,NK
ZNF548,0.003901534628714864,-0.0978635375466606,868,0.010705078084318836,,aging,soundlife,NK
ZNF549,0.0035222733038938955,-0.09894453795337542,868,0.01037022791332482,,aging,soundlife,NK
ZNF550,0.004367157355058944,-0.09665974775155399,868,0.011237441486798014,,aging,soundlife,NK
ZNF557,0.008777960946425321,-0.08890031637847622,868,0.013585450560115472,,aging,soundlife,NK
ZNF559,0.0065919523281030195,-0.09215019791970286,868,0.012496712923278766,,aging,soundlife,NK
ZNF561,0.02693290897759335,-0.07509891589016988,868,0.03082917067417105,,aging,soundlife,NK
ZNF562,0.0056961448179930095,-0.0937709866140423,868,0.012106782671921496,,aging,soundlife,NK
ZNF564,0.0036179951429155628,-0.09866208653463744,868,0.010409958752116142,,aging,soundlife,NK
ZNF567,0.010839486957715725,-0.08644168094770927,868,0.015488476849286803,,aging,soundlife,NK
ZNF568,0.008042959063253158,-0.08990306117063956,868,0.012917486540166128,,aging,soundlife,NK
ZNF569,0.03993685703952824,-0.06974650376072854,868,0.04435093071231821,,aging,soundlife,NK
ZNF570,0.007173707215455608,-0.091200621750268,868,0.01257882733347202,,aging,soundlife,NK
ZNF571,0.010782808076584893,-0.08650348441932594,868,0.015442347313299179,,aging,soundlife,NK
ZNF574,0.019769943575631003,-0.0790986330112308,868,0.023523259931154932,,aging,soundlife,NK
ZNF580,0.002295012650523572,-0.10336600314055767,868,0.008178271838629195,,aging,soundlife,NK
ZNF581,0.008143660456825852,-0.08976095360436284,868,0.012917486540166128,,aging,soundlife,NK
ZNF585A,0.012848917825894758,-0.08441670783732744,868,0.017086901226452483,,aging,soundlife,NK
ZNF585B,0.03514994338915232,-0.07151505860316928,868,0.03931080241224985,,aging,soundlife,NK
ZNF587,0.004355302457157677,-0.0966889225175847,868,0.011237441486798014,,aging,soundlife,NK
ZNF587B,0.005147390914168651,-0.09488127201890129,868,0.01202988659755995,,aging,soundlife,NK
ZNF592,0.005928607638273155,-0.09332948862759163,868,0.01218069999381495,,aging,soundlife,NK
ZNF595,0.0015868188372861365,-0.10704642375895457,868,0.0064803633806588675,,aging,soundlife,NK
ZNF600,0.009882575781200635,-0.08752591482975244,868,0.014710802539280981,,aging,soundlife,NK
ZNF606,0.006804650312834019,-0.09179460749368011,868,0.012496712923278766,,aging,soundlife,NK
ZNF609,0.0008235656821388546,-0.11332563075438111,868,0.004010131359953038,,aging,soundlife,NK
ZNF611,0.0035816527787093746,-0.09876851564018897,868,0.010409958752116142,,aging,soundlife,NK
ZNF614,0.006979932283412336,-0.09150898690167998,868,0.012496712923278766,,aging,soundlife,NK
ZNF615,0.006586846174261392,-0.09215886032661942,868,0.012496712923278766,,aging,soundlife,NK
ZNF621,0.013069338757973205,-0.08421197924459253,868,0.017194974229254503,,aging,soundlife,NK
ZNF623,0.02083183817366118,-0.07843323523031155,868,0.024576548751560037,,aging,soundlife,NK
ZNF626,0.029154779727064567,-0.07404615327652128,868,0.033132810713163145,,aging,soundlife,NK
ZNF639,3.959479467237206e-06,-0.15585902243161856,868,7.503010692921553e-05,,aging,soundlife,NK
ZNF641,0.00673988294332166,-0.09190181741003536,868,0.012496712923278766,,aging,soundlife,NK
ZNF644,6.398209432314479e-05,-0.13525902878726173,868,0.0005329034961388244,,aging,soundlife,NK
ZNF649,0.01697319137020182,-0.0810133556361276,868,0.02074137092150145,,aging,soundlife,NK
ZNF652,0.00015057622156794124,-0.12829784326384877,868,0.0010691098431432693,,aging,soundlife,NK
ZNF654,0.012255460927859384,-0.08498375101500656,868,0.016683240359860192,,aging,soundlife,NK
ZNF655,0.007926366443841502,-0.09006959433605848,868,0.012884022711153284,,aging,soundlife,NK
ZNF66,0.10854694127376663,-0.054507106980237925,868,0.11451702304382379,,aging,soundlife,NK
ZNF664,0.012171010707147292,-0.08506640672808723,868,0.016639848331801804,,aging,soundlife,NK
ZNF669,0.007688348462719088,-0.0904164764251174,868,0.012807169939213638,,aging,soundlife,NK
ZNF672,0.0025718654798687532,-0.10220667363121573,868,0.008847776351939788,,aging,soundlife,NK
ZNF675,0.011703276427557719,-0.08553360716899441,868,0.016288026589128136,,aging,soundlife,NK
ZNF677,0.01307319553961476,-0.08420842425893323,868,0.017194974229254503,,aging,soundlife,NK
ZNF678,0.0065808835669358004,-0.09216898330903939,868,0.012496712923278766,,aging,soundlife,NK
ZNF680,0.01120015698397779,-0.08605498669367016,868,0.015860624990733648,,aging,soundlife,NK
ZNF682,0.012067532496674225,-0.08516838061905282,868,0.016534086732456245,,aging,soundlife,NK
ZNF683,0.014038470258083642,0.08334650099172283,868,0.018061690393022245,,aging,soundlife,NK
ZNF687,0.0030818162012608576,-0.10034150034132193,868,0.009769121761501829,,aging,soundlife,NK
ZNF688,0.005773479872908087,-0.09362233860903327,868,0.01210761655781689,,aging,soundlife,NK
ZNF692,0.003017259642920002,-0.10056133991961118,868,0.009646087646304854,,aging,soundlife,NK
ZNF699,0.009627832919071969,-0.08783026569503236,868,0.014407608127121883,,aging,soundlife,NK
ZNF7,0.006863519384510465,-0.09169795230218926,868,0.012496712923278766,,aging,soundlife,NK
ZNF700,0.010298319301838598,-0.08704387898357462,868,0.01503157684199448,,aging,soundlife,NK
ZNF701,0.021775005075644557,-0.07786654112099177,868,0.025477963424922374,,aging,soundlife,NK
ZNF706,0.00240769034729375,-0.10287951207979391,868,0.008385025845564846,,aging,soundlife,NK
ZNF708,0.004312830837468361,-0.09679403802378407,868,0.011188614426710953,,aging,soundlife,NK
ZNF710,0.006701467756617123,-0.09196584389594027,868,0.012496712923278766,,aging,soundlife,NK
ZNF714,0.010329756597579145,-0.08700813622078322,868,0.01503157684199448,,aging,soundlife,NK
ZNF717,0.013148027868770439,-0.08413963023412092,868,0.017194974229254503,,aging,soundlife,NK
ZNF718,0.0047305591320715165,-0.09579845831899603,868,0.01157080212973364,,aging,soundlife,NK
ZNF721,0.002016226106785844,-0.10467065531948577,868,0.007748689589428937,,aging,soundlife,NK
ZNF736,0.004046834028921103,-0.09747451923222925,868,0.010808632659523454,,aging,soundlife,NK
ZNF737,0.010593751598529558,-0.08671174043969178,868,0.015205997192447189,,aging,soundlife,NK
ZNF740,0.009437223311920557,-0.088062717664304,868,0.014189459278968438,,aging,soundlife,NK
ZNF746,0.01907284936249847,-0.07955258722650313,868,0.02277945971030478,,aging,soundlife,NK
ZNF75A,0.0035083884521885833,-0.0989860862741427,868,0.01037022791332482,,aging,soundlife,NK
ZNF75D,0.009162859624048189,-0.08840475872637987,868,0.013909089069598328,,aging,soundlife,NK
ZNF76,0.015259343904867448,-0.08232820428555132,868,0.0190516068871422,,aging,soundlife,NK
ZNF765,0.050053887827404726,-0.06653204347196233,868,0.05453375386359241,,aging,soundlife,NK
ZNF766,0.005604941708175867,-0.09394864403691183,868,0.012094753836144712,,aging,soundlife,NK
ZNF770,0.007792986481600781,-0.09026281285894565,868,0.012872741699523302,,aging,soundlife,NK
ZNF780A,0.01530822862270958,-0.08228894328113848,868,0.019075017161762135,,aging,soundlife,NK
ZNF780B,0.04179597482596521,-0.06910790156939102,868,0.046172516692558424,,aging,soundlife,NK
ZNF782,0.028001833720836703,-0.07458347052760235,868,0.03199487499149753,,aging,soundlife,NK
ZNF790,0.006759219931302052,-0.09186971230698836,868,0.012496712923278766,,aging,soundlife,NK
ZNF791,0.0004489838756496358,-0.11886823920959876,868,0.0024085321464933853,,aging,soundlife,NK
ZNF800,0.00015640446069453513,-0.12798081570552028,868,0.001087684040551389,,aging,soundlife,NK
ZNF805,0.005320804035286512,-0.09451932487433533,868,0.012094753836144712,,aging,soundlife,NK
ZNF808,0.0059179356109416185,-0.09334941308210062,868,0.01218069999381495,,aging,soundlife,NK
ZNF814,0.0019216588643460176,-0.10515097338189543,868,0.0074626384118468055,,aging,soundlife,NK
ZNF827,0.0011913708721176584,-0.10982993160012504,868,0.005273690643709635,,aging,soundlife,NK
ZNF83,0.00016767453004154742,-0.12739806445167223,868,0.0011172418685926264,,aging,soundlife,NK
ZNF830,0.009488448812496702,-0.08799983942958105,868,0.014232673218745053,,aging,soundlife,NK
ZNF831,0.00017145963326660184,-0.1272105779986853,868,0.001125634711279283,,aging,soundlife,NK
ZNF836,0.006913019655095805,-0.0916172532091226,868,0.012496712923278766,,aging,soundlife,NK
ZNF84,0.04045563985999749,-0.06956581495473868,868,0.04484382343131552,,aging,soundlife,NK
ZNF841,0.005729621654440392,-0.09370641815357952,868,0.012106782671921496,,aging,soundlife,NK
ZNF844,0.0028178383962256747,-0.10126858915960972,868,0.009387851077951852,,aging,soundlife,NK
ZNF846,0.13908996058939435,-0.05024761869778467,868,0.1450476854251839,,aging,soundlife,NK
ZNF880,0.008131513174131947,-0.08977801202392172,868,0.012917486540166128,,aging,soundlife,NK
ZNF91,0.0059923080913822455,-0.09321122794186142,868,0.012196562771205665,,aging,soundlife,NK
ZNF92,1.0998284657715312e-06,-0.16450533545959736,868,4.0952436401963486e-05,,aging,soundlife,NK
ZSCAN18,2.452153469108417e-06,-0.15914695242400995,868,5.9587636556983005e-05,,aging,soundlife,NK
ZSCAN25,0.009900160950606158,-0.08750516363439245,868,0.014710802539280981,,aging,soundlife,NK
ZSCAN26,0.022425378747094677,-0.07748806834541534,868,0.02595112385175673,,aging,soundlife,NK
ZSCAN29,0.005636575642437109,-0.09388673033318172,868,0.012094753836144712,,aging,soundlife,NK
ZSCAN30,0.0041436411003082495,-0.09722229897060936,868,0.010928853402063008,,aging,soundlife,NK
ZSCAN32,0.1023503952151784,-0.055484020713812386,868,0.10834080296188617,,aging,soundlife,NK
ZXDC,0.008995369930232843,-0.0886180762379557,868,0.013687666264032188,,aging,soundlife,NK
ZZZ3,0.0003487428051620547,-0.12110861505570279,868,0.0020631233239960804,,aging,soundlife,NK
ADNP,2.5894689555731318e-05,-0.1422681377220041,868,5.7654030056140466e-05,,aging,soundlife,B
ADNP2,1.2907449450880852e-05,-0.14744725578306728,868,4.857862523580654e-05,,aging,soundlife,B
AEBP1,5.951328224301616e-05,-0.13583260321766372,868,7.456664186919085e-05,,aging,soundlife,B
AEBP2,4.8143788032693634e-05,-0.1374991566111105,868,6.531609459212575e-05,,aging,soundlife,B
AHCTF1,2.0711133175841444e-05,-0.14394907640625823,868,5.6255355491254946e-05,,aging,soundlife,B
AHDC1,0.00011448292357576546,-0.1305644084229105,868,0.00013480297000433136,,aging,soundlife,B
AHR,2.837931319739317e-07,-0.17318722590219732,868,5.495267010040677e-06,,aging,soundlife,B
AKAP8,2.132173600394958e-05,-0.14373147821427612,868,5.6255355491254946e-05,,aging,soundlife,B
AKAP8L,2.5547583939238175e-05,-0.14237023103109264,868,5.7609132192137374e-05,,aging,soundlife,B
AKNA,1.1111967952846581e-05,-0.14853885684469376,868,4.752235512151241e-05,,aging,soundlife,B
ANKZF1,4.5293811361443656e-05,-0.13797532259724624,868,6.417460190679045e-05,,aging,soundlife,B
ARHGAP35,3.979656210878488e-05,-0.1389798862192818,868,6.169125227244553e-05,,aging,soundlife,B
ARID2,2.6022633544249925e-05,-0.14223083333760528,868,5.773771817630452e-05,,aging,soundlife,B
ARID3A,1.3203586945849347e-06,-0.16329923079010797,868,1.514239180966956e-05,,aging,soundlife,B
ARID3B,3.543578135094091e-06,-0.1566265227076358,868,2.6026970440518673e-05,,aging,soundlife,B
ARID5A,6.083676870807093e-08,-0.18255803949593208,868,2.433087972247311e-06,,aging,soundlife,B
ARID5B,2.8755761588215417e-06,-0.15806131308252008,868,2.403191314176113e-05,,aging,soundlife,B
ARNT,4.436873197391078e-05,-0.13813599508863256,868,6.364658854326379e-05,,aging,soundlife,B
ASCL2,0.007000297357006194,-0.09147622040595217,868,0.007297210458608414,,aging,soundlife,B
ASH1L,3.518347665390522e-05,-0.13993008703735962,868,5.937232344886572e-05,,aging,soundlife,B
ATF1,4.4675331656489003e-05,-0.13808239472345965,868,6.372218064396535e-05,,aging,soundlife,B
ATF2,3.6111416207114706e-05,-0.13972982284522006,868,5.937232344886572e-05,,aging,soundlife,B
ATF4,1.8206750914485591e-09,-0.20227430228663112,868,2.9085284585890733e-07,,aging,soundlife,B
ATF5,1.7133785003256927e-07,-0.1763126186432829,868,4.651581926671565e-06,,aging,soundlife,B
ATF6,3.235168101246262e-05,-0.1405737599059166,868,5.937232344886572e-05,,aging,soundlife,B
ATF6B,3.882457645719765e-05,-0.13917108382008875,868,6.125655396580073e-05,,aging,soundlife,B
ATF7,5.3186495974847064e-05,-0.136718501969553,868,6.893130316998988e-05,,aging,soundlife,B
ATMIN,9.887551302584315e-05,-0.13176172208135098,868,0.00011765633672907592,,aging,soundlife,B
BACH1,6.454396665058641e-05,-0.13518961011380648,868,8.024045659479517e-05,,aging,soundlife,B
BACH2,0.2192672108203044,0.04173927034581817,868,0.2231078785257556,,aging,soundlife,B
BATF,1.576409473119693e-06,-0.16212102403133494,868,1.660009334665178e-05,,aging,soundlife,B
BAZ2A,9.073974589511545e-06,-0.15000333640213825,868,4.4947827617813e-05,,aging,soundlife,B
BAZ2B,5.874808725901008e-05,-0.13593488024694136,868,7.389769243800677e-05,,aging,soundlife,B
BBX,1.1985782306546665e-05,-0.1479881372058171,868,4.8169276062159236e-05,,aging,soundlife,B
BCL11A,0.0007734937189653582,-0.11390996200185548,868,0.0008292994738571541,,aging,soundlife,B
BCL11B,2.2397025786099964e-06,-0.15976139541047943,868,2.168439314745133e-05,,aging,soundlife,B
BCL6,0.020611372138551645,-0.07856891258996943,868,0.021311758570444178,,aging,soundlife,B
BHLHE40,9.150948124980003e-09,-0.19345732238897842,868,7.406514040409666e-07,,aging,soundlife,B
BPTF,0.0002942837345890096,-0.12259321197385487,868,0.0003259052104027333,,aging,soundlife,B
CAMTA1,3.847038399750697e-06,-0.15605861604506785,868,2.6531399697905508e-05,,aging,soundlife,B
CAMTA2,1.9331821656140518e-05,-0.14446396142224896,868,5.6255355491254946e-05,,aging,soundlife,B
CARF,4.6018476738670593e-05,-0.13785161460790896,868,6.462814645277035e-05,,aging,soundlife,B
CC2D1A,2.8199485139305616e-05,-0.14162147021436466,868,5.8617081388793056e-05,,aging,soundlife,B
CDC5L,2.3497583875134546e-05,-0.14300147522885626,868,5.7609132192137374e-05,,aging,soundlife,B
CEBPB,3.497298962929108e-06,-0.1567171978069711,868,2.598574461990349e-05,,aging,soundlife,B
CEBPD,1.042170627158341e-05,-0.1490038985733789,868,4.622164761938191e-05,,aging,soundlife,B
CEBPG,1.6070671651166848e-07,-0.1767054124076005,868,4.651581926671565e-06,,aging,soundlife,B
CEBPZ,3.083095043508632e-05,-0.14094183411878938,868,5.937232344886572e-05,,aging,soundlife,B
CENPT,2.7459438941079775e-05,-0.14182346137628182,868,5.8320054408921816e-05,,aging,soundlife,B
CENPX,8.066972075990742e-06,-0.15084730102086313,868,4.1238361252464677e-05,,aging,soundlife,B
CGGBP1,3.972711824960625e-05,-0.13899339883919085,868,6.169125227244553e-05,,aging,soundlife,B
CHAMP1,4.914328029798567e-05,-0.13733846574770528,868,6.583345096522608e-05,,aging,soundlife,B
CHCHD3,2.301955306665554e-06,-0.1595757553453931,868,2.195446926804909e-05,,aging,soundlife,B
CIC,2.4450477401463083e-05,-0.1427018092283987,868,5.7609132192137374e-05,,aging,soundlife,B
CLOCK,3.1375752579165006e-05,-0.14080803070506043,868,5.937232344886572e-05,,aging,soundlife,B
CREB1,6.276637528128042e-05,-0.13541122259192062,868,7.818267798194578e-05,,aging,soundlife,B
CREB3,1.6125155652554487e-05,-0.14581067633847383,868,5.221364399846675e-05,,aging,soundlife,B
CREB3L2,0.00024636734257524497,-0.12412971903144002,868,0.00027522505577898867,,aging,soundlife,B
CREBL2,1.6260587098114058e-05,-0.14574883612281933,868,5.221364399846675e-05,,aging,soundlife,B
CREBZF,4.645250159126515e-05,-0.13777840211254852,868,6.490717188337386e-05,,aging,soundlife,B
CREM,2.8297500024759576e-07,-0.17320526722476795,868,5.495267010040677e-06,,aging,soundlife,B
CSRNP1,2.322185631449326e-05,-0.14309034068432888,868,5.7609132192137374e-05,,aging,soundlife,B
CTCF,3.64648859477461e-05,-0.13965481907801586,868,5.940453535294781e-05,,aging,soundlife,B
CUX1,2.8528787277954896e-05,-0.14153320184950666,868,5.8617081388793056e-05,,aging,soundlife,B
CXXC1,1.3075936683190492e-05,-0.14735237349140134,868,4.857862523580654e-05,,aging,soundlife,B
CXXC5,2.6562675882009324e-09,-0.2002475930204622,868,3.3947099777207913e-07,,aging,soundlife,B
DBP,1.2423244331118978e-05,-0.14772664826065657,868,4.857862523580654e-05,,aging,soundlife,B
DDIT3,3.928666211051258e-06,-0.15591317395735876,868,2.6531399697905508e-05,,aging,soundlife,B
DEAF1,1.3619132711297771e-05,-0.1470542139964944,868,4.861802124312445e-05,,aging,soundlife,B
DMTF1,5.222531194218121e-05,-0.13686173941499274,868,6.810607006337509e-05,,aging,soundlife,B
DNMT1,1.784389001154833e-05,-0.145060124249902,868,5.525990809553865e-05,,aging,soundlife,B
DNTTIP1,3.8648142859868365e-05,-0.13920627542231281,868,6.125655396580073e-05,,aging,soundlife,B
DOT1L,2.4401055717819565e-05,-0.14271707637611372,868,5.7609132192137374e-05,,aging,soundlife,B
DR1,6.23748158634917e-06,-0.15267694282618302,868,3.725319452101022e-05,,aging,soundlife,B
DRAP1,7.577524338802349e-06,-0.15129452189120457,868,3.904869397173146e-05,,aging,soundlife,B
E2F3,0.00023045850788688447,-0.12470234730286806,868,0.00025835611673634943,,aging,soundlife,B
E2F4,1.5848377612284843e-05,-0.14593860989216068,868,5.1720505795699994e-05,,aging,soundlife,B
E2F5,0.0001291926607346073,-0.12956917778648175,868,0.0001498259713419493,,aging,soundlife,B
E4F1,7.104379059709569e-05,-0.13442560052138233,868,8.680111317694865e-05,,aging,soundlife,B
EBF1,3.247648068550333e-07,-0.17234239779858365,868,5.875791528304874e-06,,aging,soundlife,B
EEA1,5.862076755139402e-07,-0.16859310048128934,868,8.918731063176376e-06,,aging,soundlife,B
EGR1,4.102676227986223e-07,-0.1708684474653905,868,6.394170999227309e-06,,aging,soundlife,B
ELF1,2.6873001376161615e-06,-0.15852372761250094,868,2.403191314176113e-05,,aging,soundlife,B
ELF2,3.399415979839599e-05,-0.1401942123672339,868,5.937232344886572e-05,,aging,soundlife,B
ELF4,3.3519761150920384e-05,-0.14030201937420372,868,5.937232344886572e-05,,aging,soundlife,B
ELK1,0.00011623736244734226,-0.1304395797404196,868,0.000136536166551198,,aging,soundlife,B
ELK3,2.7511327708275777e-05,-0.1418091312015312,868,5.8320054408921816e-05,,aging,soundlife,B
ELK4,1.2691373246107692e-05,-0.14757067900611148,868,4.857862523580654e-05,,aging,soundlife,B
ETS1,0.0011099737546434029,-0.11050759270366738,868,0.0011762408444728598,,aging,soundlife,B
ETV3,7.38926045472737e-06,-0.15147392465587067,868,3.904869397173146e-05,,aging,soundlife,B
ETV6,1.8747950239394084e-08,-0.1894057226865128,868,1.197994020297282e-06,,aging,soundlife,B
FAM200B,2.5200579787993328e-05,-0.1424736195675144,868,5.7609132192137374e-05,,aging,soundlife,B
FLI1,1.0538762078641645e-05,-0.1489230065741137,868,4.622164761938191e-05,,aging,soundlife,B
FOS,0.9396990419951007,0.0025713661388049465,868,0.9396990419951007,,aging,soundlife,B
FOSB,0.00011763343364478258,-0.13034150990347257,868,0.00013766989761724555,,aging,soundlife,B
FOSL2,2.785101474689265e-05,-0.14171594832161458,868,5.839258372862037e-05,,aging,soundlife,B
FOXJ2,1.514683269101932e-05,-0.14627265912601028,868,5.0941189945059714e-05,,aging,soundlife,B
FOXJ3,4.38984348266741e-05,-0.13821889882396854,868,6.337296861985467e-05,,aging,soundlife,B
FOXK1,1.1039456927003023e-05,-0.148586394443626,868,4.752235512151241e-05,,aging,soundlife,B
FOXN2,4.1055877053639254e-05,-0.1387386432389612,868,6.172912543174689e-05,,aging,soundlife,B
FOXN3,4.352765707019922e-05,-0.13828485437185908,868,6.337296861985467e-05,,aging,soundlife,B
FOXO1,0.26424386750906426,-0.0379346732516017,868,0.2671706192061583,,aging,soundlife,B
FOXO3,8.170020420279508e-06,-0.15075645138734814,868,4.143367498856037e-05,,aging,soundlife,B
FOXP1,0.2901383598978166,0.03594488255743447,868,0.29196600310977133,,aging,soundlife,B
GABPA,4.890026697276426e-05,-0.13737724907962642,868,6.583345096522608e-05,,aging,soundlife,B
GATAD2A,1.968447552273401e-05,-0.14432907405940423,868,5.6255355491254946e-05,,aging,soundlife,B
GATAD2B,4.7600292388673404e-05,-0.13758786590442235,868,6.510247395645334e-05,,aging,soundlife,B
GLI4,3.440780538107523e-05,-0.14010136936966705,868,5.937232344886572e-05,,aging,soundlife,B
GLMP,1.0683920503304038e-06,-0.16469592678378023,868,1.2642639262243111e-05,,aging,soundlife,B
GLYR1,6.70596826558628e-05,-0.13488563587491423,868,8.2884211251637e-05,,aging,soundlife,B
GMEB1,4.096371047247336e-05,-0.13875605991288886,868,6.172912543174689e-05,,aging,soundlife,B
GPBP1,2.787126453400503e-05,-0.14171042752993182,868,5.839258372862037e-05,,aging,soundlife,B
GPBP1L1,3.249368921995547e-05,-0.140540230971404,868,5.937232344886572e-05,,aging,soundlife,B
GTF2B,1.4613580579453994e-06,-0.1626258044369246,868,1.6100134465984657e-05,,aging,soundlife,B
GTF2I,0.00013345264528118384,-0.12930086363629578,868,0.0001542065828836826,,aging,soundlife,B
GTF2IRD2,1.5027607889371919e-05,-0.14633088923994872,868,5.0941189945059714e-05,,aging,soundlife,B
GTF2IRD2B,3.485708537208041e-05,-0.1400017195390937,868,5.937232344886572e-05,,aging,soundlife,B
GTF3A,3.957732385258705e-07,-0.17109611352373583,868,6.394170999227309e-06,,aging,soundlife,B
GZF1,6.972024913592051e-06,-0.1518875982196806,868,3.874020799813323e-05,,aging,soundlife,B
HBP1,1.445302843758671e-05,-0.14661783261731048,868,5.019285419357558e-05,,aging,soundlife,B
HES1,1.2899410927046342e-05,-0.1474518120437572,868,4.857862523580654e-05,,aging,soundlife,B
HHEX,0.0008769679767401608,-0.112737634289134,868,0.0009386642163098204,,aging,soundlife,B
HIF1A,5.515137083899026e-05,-0.13643315695783653,868,7.02026413667625e-05,,aging,soundlife,B
HIVEP1,3.369963924033099e-08,-0.18602634596999182,868,1.9576426795065003e-06,,aging,soundlife,B
HIVEP2,3.564307316148673e-05,-0.13983028104462553,868,5.937232344886572e-05,,aging,soundlife,B
HIVEP3,0.00026084122178593407,-0.12363806543336225,868,0.000290378990803505,,aging,soundlife,B
HMBOX1,6.655817513554866e-05,-0.13494536330839396,868,8.242378665041783e-05,,aging,soundlife,B
HMG20A,2.4603055848693195e-05,-0.14265485953407156,868,5.7609132192137374e-05,,aging,soundlife,B
HMG20B,1.0633148982862505e-05,-0.1488584013696131,868,4.622164761938191e-05,,aging,soundlife,B
HMGA1,4.733220271705234e-05,-0.1376319771218277,868,6.510247395645334e-05,,aging,soundlife,B
HMGN3,6.184511350133286e-06,-0.15273724897825844,868,3.725319452101022e-05,,aging,soundlife,B
HOXB2,0.15655969110992282,0.04812869108269189,868,0.15955604883451466,,aging,soundlife,B
HSF1,1.5846724478024391e-06,-0.16208614475343236,868,1.660009334665178e-05,,aging,soundlife,B
IKZF1,8.465698051226789e-05,-0.13301905712557374,868,0.00010187534943001729,,aging,soundlife,B
IKZF2,0.11123206980089206,-0.054097438516550606,868,0.11354200096289141,,aging,soundlife,B
IKZF3,2.109968133371599e-05,-0.14380991754901673,868,5.6255355491254946e-05,,aging,soundlife,B
IKZF5,3.229775609075204e-05,-0.14058652845905975,868,5.937232344886572e-05,,aging,soundlife,B
IRF1,2.9609272404927682e-06,-0.15786116830850344,868,2.403191314176113e-05,,aging,soundlife,B
IRF2,0.00013218499612541426,-0.1293798541316037,868,0.00015301850094952846,,aging,soundlife,B
IRF3,1.5111342128300372e-05,-0.14628994719580554,868,5.0941189945059714e-05,,aging,soundlife,B
IRF4,4.2348165241475154e-05,-0.13849826374352947,868,6.294488873678797e-05,,aging,soundlife,B
IRF5,2.1160043776213053e-06,-0.16014542572177645,868,2.146233011587324e-05,,aging,soundlife,B
IRF7,9.166570107629539e-05,-0.1323762844859434,868,0.00010968985578230853,,aging,soundlife,B
IRF8,0.0047347026765215605,-0.09578898754324738,868,0.004951677594594562,,aging,soundlife,B
IRF9,8.763069348570066e-06,-0.15025394911210344,868,4.374688526356463e-05,,aging,soundlife,B
JAZF1,0.015762034046327582,-0.0819296417072957,868,0.016324051467752555,,aging,soundlife,B
JDP2,1.663846122581445e-05,-0.14557884901784512,868,5.2895406583559376e-05,,aging,soundlife,B
JUN,0.040866015705151,0.06942426773503874,868,0.04198293253310529,,aging,soundlife,B
JUNB,0.05002125364659248,0.06654149587569204,868,0.05122368762848172,,aging,soundlife,B
JUND,0.2335421189475465,-0.04047657067207337,868,0.2372550302185727,,aging,soundlife,B
KAT7,2.6329329339411985e-05,-0.14214211485828399,868,5.798538570072103e-05,,aging,soundlife,B
KCMF1,9.34299015310377e-06,-0.14979301352964494,868,4.505128779887152e-05,,aging,soundlife,B
KDM2A,1.922529047384971e-07,-0.17560415685003625,868,4.913984245115985e-06,,aging,soundlife,B
KDM2B,1.7340832977134083e-05,-0.14527242211442828,868,5.458518360782601e-05,,aging,soundlife,B
KDM5B,1.4863743070705747e-05,-0.14641164344907212,868,5.0941189945059714e-05,,aging,soundlife,B
KIN,2.5320065105458213e-05,-0.14243786761871355,868,5.7609132192137374e-05,,aging,soundlife,B
KLF10,6.473003995024144e-08,-0.18218995609704988,868,2.433087972247311e-06,,aging,soundlife,B
KLF11,1.2868597628768819e-05,-0.1474693022057605,868,4.857862523580654e-05,,aging,soundlife,B
KLF12,2.5737577349608794e-07,-0.1737967819316365,868,5.495267010040677e-06,,aging,soundlife,B
KLF13,4.342950429533881e-08,-0.18454512031730994,868,2.1347271726708848e-06,,aging,soundlife,B
KLF16,0.04705123021959304,-0.06742420708230025,868,0.04825960852378804,,aging,soundlife,B
KLF2,0.030457060988873404,0.07346076563795953,868,0.03133987435086973,,aging,soundlife,B
KLF3,7.963761233721739e-05,-0.1335110138619635,868,9.619741830525881e-05,,aging,soundlife,B
KLF4,0.00044953989812551937,-0.11885717006820487,868,0.0004893628533257357,,aging,soundlife,B
KLF6,1.3959250038696018e-07,-0.177566068005506,868,4.459980387363378e-06,,aging,soundlife,B
KLF7,1.852949223162425e-05,-0.14477977642732934,868,5.525990809553865e-05,,aging,soundlife,B
KLF9,2.9384734287512556e-06,-0.15791328054014453,868,2.403191314176113e-05,,aging,soundlife,B
KMT2A,2.9649937376130926e-06,-0.15785177102083048,868,2.403191314176113e-05,,aging,soundlife,B
KMT2B,3.4129513418186076e-05,-0.14016371481584158,868,5.937232344886572e-05,,aging,soundlife,B
L3MBTL3,5.282110377418299e-05,-0.1367726626813027,868,6.860301892622546e-05,,aging,soundlife,B
LCOR,3.839384347977545e-05,-0.13925726696080035,868,6.118121192911848e-05,,aging,soundlife,B
LCORL,4.460021790510565e-05,-0.1380954939729432,868,6.372218064396535e-05,,aging,soundlife,B
LEF1,0.00012214959433058702,-0.13003160150247206,868,0.00014243355981249106,,aging,soundlife,B
LIN54,3.387058696828661e-05,-0.14022215620799755,868,5.937232344886572e-05,,aging,soundlife,B
LYL1,0.0003775506221954418,-0.12040889834345779,868,0.0004145272295238613,,aging,soundlife,B
MAX,2.087334487633015e-05,-0.14389068094414956,868,5.6255355491254946e-05,,aging,soundlife,B
MAZ,6.0869130594853035e-06,-0.15284966736197494,868,3.725319452101022e-05,,aging,soundlife,B
MBD1,4.828674704887068e-05,-0.13747598030925426,868,6.537125289031433e-05,,aging,soundlife,B
MBD2,4.890756032345814e-05,-0.1373760824564256,868,6.583345096522608e-05,,aging,soundlife,B
MBD4,1.1262937593856434e-05,-0.14844082375178458,868,4.752235512151241e-05,,aging,soundlife,B
MBD6,3.617006545441543e-05,-0.1397173298723606,868,5.937232344886572e-05,,aging,soundlife,B
MBNL2,4.390444958494492e-05,-0.1382178332468717,868,6.337296861985467e-05,,aging,soundlife,B
MECP2,3.0241306400965526e-06,-0.15771648865957918,868,2.4155243487771214e-05,,aging,soundlife,B
MEF2A,2.8720477109907074e-06,-0.1580697090951624,868,2.403191314176113e-05,,aging,soundlife,B
MEF2C,0.004510441228092528,0.09631268194230595,868,0.0047248720405756155,,aging,soundlife,B
MEF2D,2.85386546576111e-06,-0.1581131313618586,868,2.403191314176113e-05,,aging,soundlife,B
MGA,4.657830759948942e-05,-0.13775730184882923,868,6.490717188337386e-05,,aging,soundlife,B
MLX,2.33725261863729e-06,-0.15947262401723608,868,2.1963300342782772e-05,,aging,soundlife,B
MLXIP,2.995661046446061e-05,-0.14116133381472878,868,5.937232344886572e-05,,aging,soundlife,B
MNT,6.7969882057377434e-06,-0.15206822272360426,868,3.8098907574266825e-05,,aging,soundlife,B
MTERF1,2.686020996465325e-05,-0.14199083965457068,868,5.798538570072103e-05,,aging,soundlife,B
MTERF3,2.779176088217595e-05,-0.1417321248842657,868,5.839258372862037e-05,,aging,soundlife,B
MTERF4,3.94441779546326e-06,-0.15588544139481258,868,2.6531399697905508e-05,,aging,soundlife,B
MTF1,2.5257676669508077e-05,-0.14245651521790825,868,5.7609132192137374e-05,,aging,soundlife,B
MTF2,3.187263061284751e-05,-0.14068790525941074,868,5.937232344886572e-05,,aging,soundlife,B
MXD1,1.3370261676020195e-05,-0.14718938612563223,868,4.861802124312445e-05,,aging,soundlife,B
MXD3,0.01252382361171893,-0.08472439322403971,868,0.012991433908909734,,aging,soundlife,B
MXD4,3.840072478776175e-06,-0.15607116413398406,868,2.6531399697905508e-05,,aging,soundlife,B
MXI1,0.0004461161669902039,-0.11892553235057278,868,0.00048646455752003457,,aging,soundlife,B
MYBL1,1.636685309744819e-05,-0.1457006555032252,868,5.2292095646346956e-05,,aging,soundlife,B
MYC,3.3708551203228115e-07,-0.17210840257972346,868,5.875791528304874e-06,,aging,soundlife,B
MYNN,2.0322948678966506e-05,-0.1440906052539392,868,5.6255355491254946e-05,,aging,soundlife,B
MYSM1,4.119293314591418e-05,-0.13871281218037235,868,6.172912543174689e-05,,aging,soundlife,B
MZF1,2.7562842615797165e-05,-0.14179492963091306,868,5.8320054408921816e-05,,aging,soundlife,B
NCOA1,1.0489041296193628e-05,-0.1489572612033733,868,4.622164761938191e-05,,aging,soundlife,B
NCOA2,4.3848273119161094e-05,-0.13822779088112147,868,6.337296861985467e-05,,aging,soundlife,B
NCOA3,9.37687210837232e-06,-0.1497669344488007,868,4.505128779887152e-05,,aging,soundlife,B
NFAT5,6.683890331890606e-07,-0.16774891539833753,868,9.284795482778472e-06,,aging,soundlife,B
NFATC1,2.548528246839756e-05,-0.14238869491009823,868,5.7609132192137374e-05,,aging,soundlife,B
NFATC2,1.1321727505503335e-05,-0.14840298657883735,868,4.752235512151241e-05,,aging,soundlife,B
NFATC3,0.023572530459294652,-0.07684312780755351,868,0.024294914457240777,,aging,soundlife,B
NFE2L1,2.201147037965034e-06,-0.15987886609939653,868,2.163896857322549e-05,,aging,soundlife,B
NFE2L2,6.461943848531862e-06,-0.1524267067426055,868,3.742232807322905e-05,,aging,soundlife,B
NFIC,2.3486379575928362e-05,-0.1430050669585534,868,5.7609132192137374e-05,,aging,soundlife,B
NFKB1,2.6312139697253495e-06,-0.15866748866047964,868,2.4019224666492832e-05,,aging,soundlife,B
NFKB2,6.609458883297203e-07,-0.16782113580467672,868,9.284795482778472e-06,,aging,soundlife,B
NFX1,7.45928443539162e-06,-0.15140669225266581,868,3.904869397173146e-05,,aging,soundlife,B
NFXL1,2.2010161887085545e-05,-0.14349313801294347,868,5.659669227013681e-05,,aging,soundlife,B
NFYA,3.4176230698271914e-05,-0.14015321520703394,868,5.937232344886572e-05,,aging,soundlife,B
NFYB,5.947318966347241e-05,-0.13583793110314793,868,7.456664186919085e-05,,aging,soundlife,B
NFYC,2.917094191179373e-05,-0.14136382102115655,868,5.8617081388793056e-05,,aging,soundlife,B
NKRF,0.0030062497073293014,-0.10059925976664352,868,0.0031647340411588526,,aging,soundlife,B
NME2,0.24759569522111669,-0.03928575152231794,868,0.25073478485941925,,aging,soundlife,B
NR1D2,5.856860634357916e-06,-0.1531216191719053,868,3.6691509268183415e-05,,aging,soundlife,B
NR1H2,5.011177239341969e-08,-0.1837040401055541,868,2.2872444685282274e-06,,aging,soundlife,B
NR2C1,2.6767872421000015e-05,-0.1420169462934432,868,5.798538570072103e-05,,aging,soundlife,B
NR2C2,4.511097525641846e-05,-0.13800683060967867,868,6.414943826301718e-05,,aging,soundlife,B
NR3C1,1.5116221622657304e-05,-0.14628756801935655,868,5.0941189945059714e-05,,aging,soundlife,B
NR3C2,0.4457158069688968,0.025916543592883833,868,0.4471152286548274,,aging,soundlife,B
NR4A1,0.00043363544382676557,-0.11917894679342189,868,0.00047366333094923626,,aging,soundlife,B
NR4A2,2.91531375796843e-06,-0.15796743206588476,868,2.403191314176113e-05,,aging,soundlife,B
NR4A3,1.0542775978616444e-06,-0.16478325817567377,868,1.2642639262243111e-05,,aging,soundlife,B
NRF1,9.521857651297233e-05,-0.13206795607856928,868,0.00011351617610408455,,aging,soundlife,B
PA2G4,8.126270681683397e-07,-0.16648375387405867,868,1.059732033795039e-05,,aging,soundlife,B
PATZ1,1.9794278408205612e-05,-0.14428754411065592,868,5.6255355491254946e-05,,aging,soundlife,B
PAX5,0.023171148384975086,-0.07706563132858486,868,0.0239198123069452,,aging,soundlife,B
PBX2,2.576224397659924e-05,-0.1423069394259442,868,5.7654030056140466e-05,,aging,soundlife,B
PBX3,7.403412071207773e-05,-0.134096052432166,868,9.011010120955747e-05,,aging,soundlife,B
PBX4,0.0004271494378911894,-0.11931333811175598,868,0.0004673775527610788,,aging,soundlife,B
PHF1,2.1598755482601e-06,-0.1600068180251023,868,2.1565007427159437e-05,,aging,soundlife,B
PHF19,0.0003207071643301879,-0.12184345906810569,868,0.00035394106736958564,,aging,soundlife,B
PHF20,3.3948182735744973e-06,-0.156922146863933,868,2.5966894911691387e-05,,aging,soundlife,B
PHF21A,5.772799788898284e-05,-0.1360732031773224,868,7.27577724872979e-05,,aging,soundlife,B
PIN1,6.786205915265605e-06,-0.15207949395720616,868,3.8098907574266825e-05,,aging,soundlife,B
PKNOX1,1.8594413090841995e-05,-0.14475374327653245,868,5.525990809553865e-05,,aging,soundlife,B
PLAG1,0.0003234368312511515,-0.12176932797179975,868,0.00035633816408532035,,aging,soundlife,B
PLAGL1,0.00014112106167830308,-0.12883755806339775,868,0.0001621876949863951,,aging,soundlife,B
PLSCR1,2.228018965399805e-05,-0.14340158105670042,868,5.659669227013681e-05,,aging,soundlife,B
POGK,3.135430035251582e-05,-0.14081325754444063,868,5.937232344886572e-05,,aging,soundlife,B
POU2AF1,2.7588345350418793e-07,-0.17336379018994164,868,5.495267010040677e-06,,aging,soundlife,B
POU2F1,4.103067703838715e-05,-0.13874340159185916,868,6.172912543174689e-05,,aging,soundlife,B
POU2F2,3.943226102795838e-06,-0.15588753580496845,868,2.6531399697905508e-05,,aging,soundlife,B
PPARA,3.877130367095475e-05,-0.13918169366100985,868,6.125655396580073e-05,,aging,soundlife,B
PRDM1,1.847666617093843e-05,-0.14480102366719994,868,5.525990809553865e-05,,aging,soundlife,B
PRDM10,7.560783858843004e-05,-0.13392763613480868,868,9.185058718252242e-05,,aging,soundlife,B
PRDM15,0.000546585963398981,-0.11709705716845373,868,0.0005899804571147784,,aging,soundlife,B
PRDM2,2.5161645314150205e-05,-0.1424853041715418,868,5.7609132192137374e-05,,aging,soundlife,B
PRDM4,6.25556733616817e-07,-0.168175587165527,868,9.254661923487611e-06,,aging,soundlife,B
PRDM8,1.02292261675356e-07,-0.17945106470380476,868,3.4402502742396046e-06,,aging,soundlife,B
PREB,3.376696464750614e-05,-0.14024566320619417,868,5.937232344886572e-05,,aging,soundlife,B
PRMT3,3.602851272482019e-05,-0.13974751509943142,868,5.937232344886572e-05,,aging,soundlife,B
PRR12,3.725875740329631e-05,-0.1394888462591737,868,6.012208580986451e-05,,aging,soundlife,B
PURA,3.778351877473038e-05,-0.13938096576412823,868,6.051044736103437e-05,,aging,soundlife,B
PURB,1.8679405553421515e-05,-0.1447197917855849,868,5.525990809553865e-05,,aging,soundlife,B
RARA,2.152136776871494e-07,-0.17490739803283592,868,5.093390371929202e-06,,aging,soundlife,B
RBAK,4.276492567842195e-05,-0.13842222195725679,868,6.29609990040025e-05,,aging,soundlife,B
RBCK1,7.722651715396925e-07,-0.16681451451652315,868,1.0280780096122156e-05,,aging,soundlife,B
RBPJ,3.3089186739825e-05,-0.14040112723021922,868,5.937232344886572e-05,,aging,soundlife,B
RBSN,2.2147019909802448e-05,-0.14344660168904189,868,5.659669227013681e-05,,aging,soundlife,B
REL,0.006616677668651653,-0.09210833727461412,868,0.006908589918739226,,aging,soundlife,B
RELA,5.128777456992454e-06,-0.1540550738947457,868,3.338712855690409e-05,,aging,soundlife,B
RELB,9.272631036506625e-09,-0.19338348524497506,868,7.406514040409666e-07,,aging,soundlife,B
REPIN1,9.826477299224093e-07,-0.16524454282649162,868,1.2075228835008069e-05,,aging,soundlife,B
REST,5.007193811010874e-06,-0.15422319623980044,868,3.298553448696854e-05,,aging,soundlife,B
REXO4,3.375895951813233e-05,-0.14024748203606638,868,5.937232344886572e-05,,aging,soundlife,B
RFX1,0.00021597359445345716,-0.12525689750768768,868,0.0002433988127967533,,aging,soundlife,B
RFX3,5.067634890076846e-05,-0.1370979025320844,868,6.71829604721806e-05,,aging,soundlife,B
RFX5,5.116657228592805e-05,-0.13702243027839797,868,6.741327771280005e-05,,aging,soundlife,B
RFX7,1.4094729727126504e-05,-0.14680231524520546,868,4.921602347340894e-05,,aging,soundlife,B
RLF,1.0383310812780954e-05,-0.14903062067488498,868,4.622164761938191e-05,,aging,soundlife,B
RORA,1.8172786553720845e-09,-0.20228426910689035,868,2.9085284585890733e-07,,aging,soundlife,B
RREB1,1.16746277488089e-05,-0.14817972061902115,868,4.752235512151241e-05,,aging,soundlife,B
RUNX1,0.0004968604709902539,-0.11795891613359794,868,0.0005389617113494597,,aging,soundlife,B
RUNX2,3.302458283925754e-07,-0.17223726392036534,868,5.875791528304874e-06,,aging,soundlife,B
RUNX3,1.6268593979139617e-09,-0.20287419463412312,868,2.9085284585890733e-07,,aging,soundlife,B
RXRB,2.1337605150778076e-05,-0.14372590230653665,868,5.6255355491254946e-05,,aging,soundlife,B
SAFB,2.817904314936187e-05,-0.14162698182003797,868,5.8617081388793056e-05,,aging,soundlife,B
SAFB2,1.0064172236410263e-05,-0.14925644953133924,868,4.622164761938191e-05,,aging,soundlife,B
SATB1,0.24045801575243228,-0.039884440502571276,868,0.2438931302631813,,aging,soundlife,B
SCML4,4.862351291930614e-06,-0.15442865052728236,868,3.2365025786913145e-05,,aging,soundlife,B
SETBP1,3.402258005434747e-07,-0.17205008060569044,868,5.875791528304874e-06,,aging,soundlife,B
SETDB1,4.124935298803744e-05,-0.1387022023394512,868,6.172912543174689e-05,,aging,soundlife,B
SETDB2,5.5798192605863716e-05,-0.13634132442130983,868,7.088478146152468e-05,,aging,soundlife,B
SGSM2,0.00041945011735835505,-0.11947536094653224,868,0.0004597403516157614,,aging,soundlife,B
SKI,3.432208458586585e-05,-0.1401205221993818,868,5.937232344886572e-05,,aging,soundlife,B
SKIL,1.1234198644489537e-05,-0.14845938867689415,868,4.752235512151241e-05,,aging,soundlife,B
SLC2A4RG,2.2781906096317484e-07,-0.1745548114319051,868,5.199156426981025e-06,,aging,soundlife,B
SMAD3,0.00012249490199161696,-0.1300083517125402,868,0.00014257603346565253,,aging,soundlife,B
SMAD4,3.4249145500273265e-05,-0.14013685492419367,868,5.937232344886572e-05,,aging,soundlife,B
SMAD5,2.9953001299195305e-05,-0.14116225241567432,868,5.937232344886572e-05,,aging,soundlife,B
SMYD3,6.2690399840475395e-06,-0.15264124599343892,868,3.725319452101022e-05,,aging,soundlife,B
SNAPC2,3.0475633491739438e-05,-0.14103031376186487,868,5.937232344886572e-05,,aging,soundlife,B
SNAPC5,2.0673185000914002e-05,-0.14396280030438474,868,5.6255355491254946e-05,,aging,soundlife,B
SON,0.0011045407571723864,0.11055444135189048,868,0.001172427813676337,,aging,soundlife,B
SOX4,0.0005135737386738075,-0.1176606188485492,868,0.0005552853113579745,,aging,soundlife,B
SP1,3.9964721502362804e-05,-0.13894725751369583,868,6.169125227244553e-05,,aging,soundlife,B
SP100,0.0027670496014019306,-0.10145599293851155,868,0.0029177305202901546,,aging,soundlife,B
SP110,3.431101354050647e-06,-0.15684891599655362,868,2.5966894911691387e-05,,aging,soundlife,B
SP140,9.931712076295361e-10,-0.20548300294746874,868,2.9085284585890733e-07,,aging,soundlife,B
SP140L,0.0030765420362121997,-0.10035930282764671,868,0.003233405199242756,,aging,soundlife,B
SP2,1.3350577033960057e-05,-0.14720017968674246,868,4.861802124312445e-05,,aging,soundlife,B
SP3,3.4290437702996886e-05,-0.140127604612672,868,5.937232344886572e-05,,aging,soundlife,B
SP4,3.765279649602132e-05,-0.13940770623765322,868,6.045260542954176e-05,,aging,soundlife,B
SPEN,7.563381115000123e-06,-0.15130785079092451,868,3.904869397173146e-05,,aging,soundlife,B
SPI1,0.00018585529742565717,-0.12653132771550715,868,0.0002109441119982148,,aging,soundlife,B
SPIB,0.00010646964986872292,-0.13115848602641716,868,0.00012645744659128987,,aging,soundlife,B
SRCAP,3.9612417539598714e-05,-0.139015766772215,868,6.169125227244553e-05,,aging,soundlife,B
SREBF2,2.9710815934258673e-06,-0.15783772561237297,868,2.403191314176113e-05,,aging,soundlife,B
STAT1,7.451167734043106e-06,-0.15141445443065568,868,3.904869397173146e-05,,aging,soundlife,B
STAT2,6.818271601265804e-05,-0.13475340326880217,868,8.373728524895101e-05,,aging,soundlife,B
STAT3,1.3508352123588587e-06,-0.16314801070245136,868,1.5143573696444048e-05,,aging,soundlife,B
STAT4,6.233585932262889e-06,-0.15268136129673113,868,3.725319452101022e-05,,aging,soundlife,B
STAT5A,5.267785547904844e-05,-0.13679399259525837,868,6.855631293505489e-05,,aging,soundlife,B
STAT5B,1.7140956439827293e-06,-0.16156147663737153,868,1.7666243814596195e-05,,aging,soundlife,B
STAT6,5.7186276101033064e-06,-0.15328998035320585,868,3.6180228147089236e-05,,aging,soundlife,B
TBP,1.7603356139003034e-05,-0.14516091314564786,868,5.487094913572165e-05,,aging,soundlife,B
TBPL1,1.3594176228030721e-05,-0.1470676623143373,868,4.861802124312445e-05,,aging,soundlife,B
TBX21,1.3612360832558785e-05,-0.14705786084224823,868,4.861802124312445e-05,,aging,soundlife,B
TCF12,6.816714915515086e-05,-0.13475522209867438,868,8.373728524895101e-05,,aging,soundlife,B
TCF20,3.590068159100656e-05,-0.1397748710355899,868,5.937232344886572e-05,,aging,soundlife,B
TCF3,6.136148799872757e-05,-0.1355906069845678,868,7.661746426443263e-05,,aging,soundlife,B
TCF4,4.880203012973141e-09,-0.19693855357834208,868,5.197416208816395e-07,,aging,soundlife,B
TCF7,2.6682866725463345e-07,-0.17357200946626966,868,5.495267010040677e-06,,aging,soundlife,B
TERF1,3.621454370530678e-05,-0.13970786828262144,868,5.937232344886572e-05,,aging,soundlife,B
TERF2,7.218262454664202e-08,-0.18154149731756658,868,2.5624831714057915e-06,,aging,soundlife,B
TET2,3.887992845167146e-07,-0.17120853190745236,868,6.394170999227309e-06,,aging,soundlife,B
TET3,0.0002661957771695139,-0.12346263102478096,868,0.0002953109402974295,,aging,soundlife,B
TFAP4,0.05826193246881104,-0.06430324199777222,868,0.059566999756112404,,aging,soundlife,B
TFCP2,5.7473831851529096e-05,-0.13610802733916824,868,7.258059002594287e-05,,aging,soundlife,B
TFDP1,9.365724343071513e-06,-0.14977550499562273,868,4.505128779887152e-05,,aging,soundlife,B
TFDP2,3.259868638992927e-05,-0.14051552979197812,868,5.937232344886572e-05,,aging,soundlife,B
TFE3,6.138989311954539e-05,-0.13558694176679506,868,7.661746426443263e-05,,aging,soundlife,B
TFEB,2.0975749979504402e-07,-0.17506623332233112,868,5.093390371929202e-06,,aging,soundlife,B
TFEC,0.00011455088061400929,-0.13055953983789909,868,0.00013480297000433136,,aging,soundlife,B
TGIF1,4.332579453122234e-08,-0.18455913816773906,868,2.1347271726708848e-06,,aging,soundlife,B
TGIF2,5.1379594475010976e-05,-0.13698984750285928,868,6.755465199492184e-05,,aging,soundlife,B
THAP1,2.429891623392229e-05,-0.14274872217868798,868,5.7609132192137374e-05,,aging,soundlife,B
THAP11,7.3632644541815135e-06,-0.15149903920572202,868,3.904869397173146e-05,,aging,soundlife,B
THAP12,5.378152926180884e-05,-0.13663105115953653,868,6.917967840763787e-05,,aging,soundlife,B
THAP3,0.00019593307119192312,-0.1260846028896763,868,0.00022159510175511307,,aging,soundlife,B
THAP4,1.0374868498947321e-05,-0.14903650890694595,868,4.622164761938191e-05,,aging,soundlife,B
THAP5,3.3887014359383267e-05,-0.14021843587416805,868,5.937232344886572e-05,,aging,soundlife,B
THAP6,3.250347640892433e-05,-0.14053792528303066,868,5.937232344886572e-05,,aging,soundlife,B
THAP7,3.6637756654534325e-06,-0.15639621107856727,868,2.6523479465365265e-05,,aging,soundlife,B
THRA,1.1569212746558565e-05,-0.14824573128296847,868,4.752235512151241e-05,,aging,soundlife,B
THYN1,9.180443060509815e-06,-0.1499193946477338,868,4.505128779887152e-05,,aging,soundlife,B
TMF1,4.0137697620251184e-05,-0.13891382962528723,868,6.169125227244553e-05,,aging,soundlife,B
TOPORS,1.8615534781100602e-05,-0.14474529214783338,868,5.525990809553865e-05,,aging,soundlife,B
TP53,2.093939420392037e-05,-0.1438670269698016,868,5.6255355491254946e-05,,aging,soundlife,B
TRAFD1,9.29292017173622e-05,-0.13226536342176815,868,0.00011099394373344758,,aging,soundlife,B
TRERF1,0.00010809149297950226,-0.13103492501323113,868,0.0001281455733096511,,aging,soundlife,B
TRPS1,2.828559782381275e-05,-0.14159829391250842,868,5.8617081388793056e-05,,aging,soundlife,B
TSC22D1,0.0002442150806997707,-0.12420512698306028,868,0.0002732984878584124,,aging,soundlife,B
TSHZ2,1.3270327720524185e-06,-0.16326583045972773,868,1.514239180966956e-05,,aging,soundlife,B
TTF1,3.033762181483835e-05,-0.14106494501751213,868,5.937232344886572e-05,,aging,soundlife,B
UBP1,3.609422666251143e-05,-0.13973348806299285,868,5.937232344886572e-05,,aging,soundlife,B
USF1,4.377111575028338e-05,-0.13824148722121962,868,6.337296861985467e-05,,aging,soundlife,B
USF2,1.0533417923295992e-05,-0.14892668097789588,868,4.622164761938191e-05,,aging,soundlife,B
USF3,0.00021681731351428084,-0.1252236533394682,868,0.00024391947770356596,,aging,soundlife,B
VEZF1,2.9049233086449714e-05,-0.1413956505439199,868,5.8617081388793056e-05,,aging,soundlife,B
XBP1,9.401551810234628e-07,-0.16553370921814156,868,1.1779591385764563e-05,,aging,soundlife,B
XPA,2.685009075493203e-05,-0.14199369650351135,868,5.798538570072103e-05,,aging,soundlife,B
YBX1,5.4933839437444615e-05,0.13646426997186234,868,7.007120335476898e-05,,aging,soundlife,B
YBX3,0.2677100023784202,0.037660829123723524,868,0.2698212799997011,,aging,soundlife,B
YY1,3.1811162820920554e-06,-0.15736929424619878,868,2.478943053971736e-05,,aging,soundlife,B
ZBED1,1.4906282829100295e-05,-0.14639059830140955,868,5.0941189945059714e-05,,aging,soundlife,B
ZBED4,0.000756198552117417,-0.11411996336401788,868,0.0008121191173160159,,aging,soundlife,B
ZBED5,4.38822610722717e-05,-0.13822176485891866,868,6.337296861985467e-05,,aging,soundlife,B
ZBED6,1.5505839406099857e-05,-0.14609991621819943,868,5.133798642744979e-05,,aging,soundlife,B
ZBTB1,4.0970273323069804e-07,-0.17087717417437323,868,6.394170999227309e-06,,aging,soundlife,B
ZBTB10,7.401566246621087e-06,-0.15146206551766359,868,3.904869397173146e-05,,aging,soundlife,B
ZBTB11,3.152767235388692e-05,-0.14077111213305876,868,5.937232344886572e-05,,aging,soundlife,B
ZBTB16,0.8266922227592379,-0.007442128234465589,868,0.8279879785942837,,aging,soundlife,B
ZBTB17,4.6348136457068136e-05,-0.13779594739060855,868,6.490717188337386e-05,,aging,soundlife,B
ZBTB18,4.904391116516257e-05,-0.13735430242800659,868,6.583345096522608e-05,,aging,soundlife,B
ZBTB2,2.886504662292724e-05,-0.1414440608137504,868,5.8617081388793056e-05,,aging,soundlife,B
ZBTB20,1.7470730241019965e-07,-0.17619302598618164,868,4.651581926671565e-06,,aging,soundlife,B
ZBTB21,2.6181647489342776e-06,-0.1587013574773421,868,2.4019224666492832e-05,,aging,soundlife,B
ZBTB24,3.354904535911586e-05,-0.14029532277331067,868,5.937232344886572e-05,,aging,soundlife,B
ZBTB25,1.883235288376549e-05,-0.1446590630770745,868,5.545563821532787e-05,,aging,soundlife,B
ZBTB33,2.6718157541027008e-05,-0.142031037631948,868,5.798538570072103e-05,,aging,soundlife,B
ZBTB37,2.5131443178363765e-05,-0.14249437994888384,868,5.7609132192137374e-05,,aging,soundlife,B
ZBTB38,5.416298758065e-06,-0.1536721826486212,868,3.461014906403535e-05,,aging,soundlife,B
ZBTB4,1.9703450927608412e-05,-0.1443218814140006,868,5.6255355491254946e-05,,aging,soundlife,B
ZBTB40,4.403379979219949e-05,-0.138194950897318,868,6.337296861985467e-05,,aging,soundlife,B
ZBTB41,4.9135665258126496e-05,-0.1373396783009534,868,6.583345096522608e-05,,aging,soundlife,B
ZBTB43,2.2186340259262674e-05,-0.1434332819753314,868,5.659669227013681e-05,,aging,soundlife,B
ZBTB44,1.730050985123588e-05,-0.1452896918122046,868,5.458518360782601e-05,,aging,soundlife,B
ZBTB48,0.00025744097829321044,-0.12375122788384467,868,0.000287093865845308,,aging,soundlife,B
ZBTB5,2.7460170059541933e-05,-0.1418232592840738,868,5.8320054408921816e-05,,aging,soundlife,B
ZBTB7A,1.629068770814167e-07,-0.17662210448784846,868,4.651581926671565e-06,,aging,soundlife,B
ZBTB7B,3.176367101173104e-05,-0.1407140945723684,868,5.937232344886572e-05,,aging,soundlife,B
ZC3H8,2.667166582454957e-05,-0.14204423792753554,868,5.798538570072103e-05,,aging,soundlife,B
ZEB1,1.3983840765664419e-05,-0.14686031570890754,868,4.909711125966793e-05,,aging,soundlife,B
ZEB2,3.0669481711391933e-05,-0.1409819218640532,868,5.937232344886572e-05,,aging,soundlife,B
ZFAT,3.580844611242259e-05,-0.13979466688596653,868,5.937232344886572e-05,,aging,soundlife,B
ZFHX3,3.4541253012422034e-06,-0.15680282978711535,868,2.5966894911691387e-05,,aging,soundlife,B
ZFP14,2.5851096987755728e-05,-0.14228088790312834,868,5.7654030056140466e-05,,aging,soundlife,B
ZFP62,0.00011667896435450723,-0.1304084391683654,868,0.00013680340958262407,,aging,soundlife,B
ZFP64,0.0004976328790237578,-0.11794492584119719,868,0.0005389617113494597,,aging,soundlife,B
ZFP82,0.00012860060502078218,-0.12960712519154247,868,0.0001494105211059633,,aging,soundlife,B
ZFP90,5.2072804745168445e-05,-0.13688469525262206,868,6.804605773448392e-05,,aging,soundlife,B
ZFP91,7.2206565081861985e-06,-0.15163833585310535,868,3.904869397173146e-05,,aging,soundlife,B
ZFX,4.793283318347976e-05,-0.13753347554243628,868,6.53072076849543e-05,,aging,soundlife,B
ZFY,7.335725277275098e-05,-0.1341695313218006,868,8.945664985074023e-05,,aging,soundlife,B
ZGPAT,1.2927956298858308e-05,-0.1474356446671155,868,4.857862523580654e-05,,aging,soundlife,B
ZHX1,2.548775936989821e-05,-0.1423879600293418,868,5.7609132192137374e-05,,aging,soundlife,B
ZHX2,5.4330049883351285e-05,-0.1365512431093871,868,6.971265436839653e-05,,aging,soundlife,B
ZKSCAN1,5.17697806609206e-05,-0.13693049669576723,868,6.792790522038658e-05,,aging,soundlife,B
ZKSCAN5,0.00014389983288929216,-0.12867549848458368,868,0.00016478851830870555,,aging,soundlife,B
ZKSCAN8,4.336013645638222e-05,-0.1383148283207124,868,6.337296861985467e-05,,aging,soundlife,B
ZMAT1,3.420151515703902e-05,-0.14014753825319046,868,5.937232344886572e-05,,aging,soundlife,B
ZNF10,3.1301293201578556e-06,-0.1574802244963835,868,2.4693242414578637e-05,,aging,soundlife,B
ZNF100,3.195768165909005e-05,-0.140667521504429,868,5.937232344886572e-05,,aging,soundlife,B
ZNF101,2.229248235841225e-05,-0.143397438166436,868,5.659669227013681e-05,,aging,soundlife,B
ZNF107,0.00015785734762250518,-0.12790351543595216,868,0.0001801265091621086,,aging,soundlife,B
ZNF12,1.9416835244289824e-05,-0.144431231670559,868,5.6255355491254946e-05,,aging,soundlife,B
ZNF121,3.0197948224276637e-05,-0.14110014580574562,868,5.937232344886572e-05,,aging,soundlife,B
ZNF124,4.804384786597868e-05,-0.13751539747582786,868,6.531609459212575e-05,,aging,soundlife,B
ZNF131,2.7431968931129997e-05,-0.14183105820610156,868,5.8320054408921816e-05,,aging,soundlife,B
ZNF134,1.2104870880218536e-05,-0.1479160637756292,868,4.834382807787277e-05,,aging,soundlife,B
ZNF136,2.114192457594483e-05,-0.14379493516759478,868,5.6255355491254946e-05,,aging,soundlife,B
ZNF138,4.768068515120526e-05,-0.13757468398085368,868,6.510247395645334e-05,,aging,soundlife,B
ZNF14,7.661566474301947e-05,-0.13382151016756916,868,9.289831076051127e-05,,aging,soundlife,B
ZNF141,4.5175660748603645e-05,-0.13799566960819018,868,6.414943826301718e-05,,aging,soundlife,B
ZNF142,3.6495472257076166e-05,-0.13964836131336864,868,5.940453535294781e-05,,aging,soundlife,B
ZNF143,3.616290196171988e-05,-0.1397188547499302,868,5.937232344886572e-05,,aging,soundlife,B
ZNF146,4.3938634445953807e-05,-0.13821177966664053,868,6.337296861985467e-05,,aging,soundlife,B
ZNF148,2.8686471589062512e-05,-0.14149127690235172,868,5.8617081388793056e-05,,aging,soundlife,B
ZNF160,4.088240155495379e-05,-0.1387714556647363,868,6.172912543174689e-05,,aging,soundlife,B
ZNF182,0.0021296191200246063,-0.10412121253592342,868,0.002253024201482986,,aging,soundlife,B
ZNF189,5.4908715540458756e-05,-0.13646787088756887,868,7.007120335476898e-05,,aging,soundlife,B
ZNF195,2.052109448698048e-05,-0.14401804496525017,868,5.6255355491254946e-05,,aging,soundlife,B
ZNF197,0.002489402399795629,-0.10253956542787392,868,0.0026293026999494326,,aging,soundlife,B
ZNF202,0.00022511866539373526,-0.12490287788928181,868,0.00025281340454586437,,aging,soundlife,B
ZNF207,7.01720782376784e-07,-0.1674347079449118,868,9.540416594441806e-06,,aging,soundlife,B
ZNF217,2.4242432956976527e-05,-0.14276627664275743,868,5.7609132192137374e-05,,aging,soundlife,B
ZNF22,2.240839302714337e-05,-0.1433584803003352,868,5.659669227013681e-05,,aging,soundlife,B
ZNF224,2.884014292180259e-05,-0.1414506288105111,868,5.8617081388793056e-05,,aging,soundlife,B
ZNF226,5.172653720083732e-06,-0.15399533727525655,868,3.338712855690409e-05,,aging,soundlife,B
ZNF227,2.9033076734174236e-05,-0.14139988529427888,868,5.8617081388793056e-05,,aging,soundlife,B
ZNF235,3.662814855878159e-05,-0.13962040828659553,868,5.940453535294781e-05,,aging,soundlife,B
ZNF236,1.751177525460945e-05,-0.1451996321755028,868,5.4853060723997247e-05,,aging,soundlife,B
ZNF24,2.4099054017491422e-05,-0.1428110125088058,868,5.7609132192137374e-05,,aging,soundlife,B
ZNF248,3.757016638017026e-05,-0.13942465442509863,868,6.045260542954176e-05,,aging,soundlife,B
ZNF250,1.9569517956164143e-05,-0.144372790278403,868,5.6255355491254946e-05,,aging,soundlife,B
ZNF253,9.129152954540774e-05,-0.13240940923603997,868,0.00010944706825425056,,aging,soundlife,B
ZNF254,3.410995349491854e-05,-0.14016811491437076,868,5.937232344886572e-05,,aging,soundlife,B
ZNF26,2.0380605756865466e-05,-0.14406942231613484,868,5.6255355491254946e-05,,aging,soundlife,B
ZNF260,0.0001808741472802325,-0.12676059213949775,868,0.00020565583649834263,,aging,soundlife,B
ZNF263,3.4308905283207986e-05,-0.14012347090841698,868,5.937232344886572e-05,,aging,soundlife,B
ZNF264,1.346331062368497e-05,-0.14713856912132436,868,4.861802124312445e-05,,aging,soundlife,B
ZNF266,4.239564689176118e-05,-0.1384895645925751,868,6.294488873678797e-05,,aging,soundlife,B
ZNF267,1.038364020884631e-05,-0.14903039102464857,868,4.622164761938191e-05,,aging,soundlife,B
ZNF268,0.0010144561846797703,-0.11136394924914775,868,0.0010821995025214913,,aging,soundlife,B
ZNF273,2.8360512866797143e-05,-0.1415781857378103,868,5.8617081388793056e-05,,aging,soundlife,B
ZNF274,3.07432342389566e-05,-0.14096358658918,868,5.937232344886572e-05,,aging,soundlife,B
ZNF276,3.4422256022873044e-05,-0.14009814508034818,868,5.937232344886572e-05,,aging,soundlife,B
ZNF277,6.354613775884372e-06,-0.15254530731068558,868,3.725319452101022e-05,,aging,soundlife,B
ZNF280D,3.6941935405594818e-06,-0.15633907409975398,868,2.6523479465365265e-05,,aging,soundlife,B
ZNF281,3.168196440210494e-05,-0.14073378937664102,868,5.937232344886572e-05,,aging,soundlife,B
ZNF292,6.302706164650951e-06,-0.15260335370443495,868,3.725319452101022e-05,,aging,soundlife,B
ZNF296,6.500592200513966e-06,-0.15238446028511962,868,3.742232807322905e-05,,aging,soundlife,B
ZNF3,1.558985647365369e-05,-0.14606003975115306,868,5.135009426115829e-05,,aging,soundlife,B
ZNF302,3.86119005729021e-05,-0.1392135231837732,868,6.125655396580073e-05,,aging,soundlife,B
ZNF316,3.5437724162947476e-05,-0.13987472295837128,868,5.937232344886572e-05,,aging,soundlife,B
ZNF317,1.0565267127084429e-05,-0.1489048090893823,868,4.622164761938191e-05,,aging,soundlife,B
ZNF318,0.2652006877497279,-0.03785883355753702,868,0.26771443834451203,,aging,soundlife,B
ZNF32,1.3043952244087155e-05,-0.14737029539584903,868,4.857862523580654e-05,,aging,soundlife,B
ZNF322,6.827406199484112e-05,-0.13474273831182434,868,8.373728524895101e-05,,aging,soundlife,B
ZNF326,3.030304745410949e-05,-0.14107364416846646,868,5.937232344886572e-05,,aging,soundlife,B
ZNF331,0.00012211785192550148,-0.13003374184267522,868,0.00014243355981249106,,aging,soundlife,B
ZNF333,3.533255812463168e-05,-0.13989757774989658,868,5.937232344886572e-05,,aging,soundlife,B
ZNF335,8.249520877927528e-06,-0.1506871062019685,868,4.15074318188637e-05,,aging,soundlife,B
ZNF33A,3.914060267135878e-05,-0.13910842604959275,868,6.160306676600558e-05,,aging,soundlife,B
ZNF33B,1.850163390398228e-05,-0.1447909741728556,868,5.525990809553865e-05,,aging,soundlife,B
ZNF341,0.0010926628880724295,-0.11065760942408531,868,0.0011617497262533818,,aging,soundlife,B
ZNF346,4.715928300246186e-05,-0.1376605547972438,868,6.510247395645334e-05,,aging,soundlife,B
ZNF350,1.2882441982130448e-05,-0.14746143898166658,868,4.857862523580654e-05,,aging,soundlife,B
ZNF354A,1.809680320367094e-05,-0.1449555323462416,868,5.525990809553865e-05,,aging,soundlife,B
ZNF354B,4.045169749945959e-05,-0.13885349591518345,868,6.169125227244553e-05,,aging,soundlife,B
ZNF37A,4.6623461493691085e-05,-0.13774974176304733,868,6.490717188337386e-05,,aging,soundlife,B
ZNF382,0.0010033352551115859,-0.11146844929271361,868,0.001072125799358367,,aging,soundlife,B
ZNF383,0.0005763588054203607,-0.11661531527457847,868,0.0006210679201747227,,aging,soundlife,B
ZNF384,4.7303480268492806e-05,-0.13763671710270675,868,6.510247395645334e-05,,aging,soundlife,B
ZNF385A,0.004331524181495377,-0.0967476578620432,868,0.004544899756938499,,aging,soundlife,B
ZNF394,6.372537161712909e-07,-0.16805634357678503,868,9.254661923487611e-06,,aging,soundlife,B
ZNF395,3.387744093670932e-05,-0.14022060377239956,868,5.937232344886572e-05,,aging,soundlife,B
ZNF397,4.2853881102929114e-05,-0.13840608213864344,868,6.29609990040025e-05,,aging,soundlife,B
ZNF398,4.692755463166095e-05,-0.13769900743282457,868,6.510247395645334e-05,,aging,soundlife,B
ZNF407,3.980350809078723e-05,-0.13897853587589185,868,6.169125227244553e-05,,aging,soundlife,B
ZNF41,3.572381349219191e-05,-0.13981287355670735,868,5.937232344886572e-05,,aging,soundlife,B
ZNF410,2.3208170761919347e-05,-0.1430947775268959,868,5.7609132192137374e-05,,aging,soundlife,B
ZNF414,1.52664058295736e-05,-0.146214695406346,868,5.107452002668864e-05,,aging,soundlife,B
ZNF417,0.00013654293054435405,-0.1291112184710868,868,0.00015749265815494988,,aging,soundlife,B
ZNF428,2.1326388396731124e-05,-0.14372984310459302,868,5.6255355491254946e-05,,aging,soundlife,B
ZNF429,2.2852874431117776e-05,-0.14321084275636622,868,5.749207386411125e-05,,aging,soundlife,B
ZNF43,2.325381908955169e-05,-0.14307998805167252,868,5.7609132192137374e-05,,aging,soundlife,B
ZNF430,3.334724133518601e-05,-0.14034158351692858,868,5.937232344886572e-05,,aging,soundlife,B
ZNF431,2.9863050079580706e-05,-0.14118518069527528,868,5.937232344886572e-05,,aging,soundlife,B
ZNF439,5.3806416539273905e-05,-0.13662741349979216,868,6.917967840763787e-05,,aging,soundlife,B
ZNF44,3.29569585520068e-05,-0.14043180850180062,868,5.937232344886572e-05,,aging,soundlife,B
ZNF441,7.70025580389034e-05,-0.1337811192839933,868,9.319059580844558e-05,,aging,soundlife,B
ZNF444,0.001053332005211011,-0.11100677882949864,868,0.0011217985855497268,,aging,soundlife,B
ZNF445,6.876747622523678e-05,-0.13468536249676522,868,8.418087606882433e-05,,aging,soundlife,B
ZNF45,0.00010867085744217262,-0.13099120879423234,868,0.0001285938479732376,,aging,soundlife,B
ZNF451,2.4734019272447025e-05,-0.1426147809748172,868,5.7609132192137374e-05,,aging,soundlife,B
ZNF460,2.193242203723003e-05,-0.14351969476627938,868,5.659669227013681e-05,,aging,soundlife,B
ZNF480,2.431051798558553e-05,-0.14274512126298142,868,5.7609132192137374e-05,,aging,soundlife,B
ZNF484,1.1741831676038454e-05,-0.14813793346200807,868,4.752235512151241e-05,,aging,soundlife,B
ZNF486,3.173887879714689e-05,-0.14072006547851448,868,5.937232344886572e-05,,aging,soundlife,B
ZNF487,4.927065134313215e-05,-0.1373182105968559,868,6.586599625159297e-05,,aging,soundlife,B
ZNF490,5.49384552124245e-05,-0.13646360857918152,868,7.007120335476898e-05,,aging,soundlife,B
ZNF493,2.4857147189020174e-05,-0.14257728368421982,868,5.7609132192137374e-05,,aging,soundlife,B
ZNF506,4.5808898258051944e-05,-0.1378872012085396,868,6.447551979492333e-05,,aging,soundlife,B
ZNF507,3.660653522540214e-05,-0.139624955361276,868,5.940453535294781e-05,,aging,soundlife,B
ZNF510,0.00015456788891015876,-0.1280795010051008,868,0.00017668851701894715,,aging,soundlife,B
ZNF511,1.6355121439775306e-08,-0.1901838419894606,868,1.1612136222240466e-06,,aging,soundlife,B
ZNF512,6.541899812099494e-05,-0.13508262984768762,868,8.117036854236072e-05,,aging,soundlife,B
ZNF516,4.136202027996106e-05,-0.13868105614568463,868,6.175310971704467e-05,,aging,soundlife,B
ZNF518A,4.0639391084790164e-05,-0.1388176429202786,868,6.172912543174689e-05,,aging,soundlife,B
ZNF518B,4.0312769826228774e-05,-0.13888013534260443,868,6.169125227244553e-05,,aging,soundlife,B
ZNF524,1.0517307588616017e-05,-0.1489377684913087,868,4.622164761938191e-05,,aging,soundlife,B
ZNF529,3.293783895987884e-05,-0.14043625453037709,868,5.937232344886572e-05,,aging,soundlife,B
ZNF540,5.2019383754354714e-05,-0.13689275138291454,868,6.804605773448392e-05,,aging,soundlife,B
ZNF544,8.095030118520925e-05,-0.13337958962468358,868,9.759857067424286e-05,,aging,soundlife,B
ZNF548,2.1291492853429807e-05,-0.1437421156132256,868,5.6255355491254946e-05,,aging,soundlife,B
ZNF549,2.1961540496845575e-05,-0.14350973713202958,868,5.659669227013681e-05,,aging,soundlife,B
ZNF550,1.826108344840966e-05,-0.14488833668707454,868,5.525990809553865e-05,,aging,soundlife,B
ZNF559,4.0137268940938406e-05,-0.13891391229937233,868,6.169125227244553e-05,,aging,soundlife,B
ZNF561,1.3793447428248033e-05,-0.14696093007047373,868,4.896673837028051e-05,,aging,soundlife,B
ZNF562,4.744954583766781e-05,-0.13761264057192388,868,6.510247395645334e-05,,aging,soundlife,B
ZNF564,3.476253040229473e-05,-0.14002259015257665,868,5.937232344886572e-05,,aging,soundlife,B
ZNF566,0.0001384803208155037,-0.12899437243081274,868,0.00015943950450649888,,aging,soundlife,B
ZNF567,1.2394981610170057e-05,-0.14774327493777104,868,4.857862523580654e-05,,aging,soundlife,B
ZNF568,2.13928816656885e-05,-0.14370651064057605,868,5.6255355491254946e-05,,aging,soundlife,B
ZNF569,3.1409976742337534e-05,-0.1407996989944843,868,5.937232344886572e-05,,aging,soundlife,B
ZNF570,0.00014276986888356514,-0.12874104066204872,868,0.00016378805424882966,,aging,soundlife,B
ZNF571,2.0682932433714102e-05,-0.14395927287675384,868,5.6255355491254946e-05,,aging,soundlife,B
ZNF580,2.4142718124495697e-05,-0.14279736209875488,868,5.7609132192137374e-05,,aging,soundlife,B
ZNF581,6.10826465660342e-08,-0.1825341283133194,868,2.433087972247311e-06,,aging,soundlife,B
ZNF585A,5.108284239085787e-05,-0.13703527231961676,868,6.741327771280005e-05,,aging,soundlife,B
ZNF585B,0.00019583347848656796,-0.12608891112811094,868,0.00022159510175511307,,aging,soundlife,B
ZNF586,1.864709904385807e-05,-0.14473267975685095,868,5.525990809553865e-05,,aging,soundlife,B
ZNF587,2.7027127624631926e-05,-0.1419438624022152,868,5.8149274586329296e-05,,aging,soundlife,B
ZNF587B,1.618376660629616e-05,-0.14578385319086373,868,5.221364399846675e-05,,aging,soundlife,B
ZNF592,3.109612403136528e-05,-0.14087642973146616,868,5.937232344886572e-05,,aging,soundlife,B
ZNF595,3.673893712832521e-05,-0.13959714012464472,868,5.94333691772147e-05,,aging,soundlife,B
ZNF600,2.4800035583845904e-05,-0.14259465442810018,868,5.7609132192137374e-05,,aging,soundlife,B
ZNF605,2.2073790011250283e-05,-0.14347146821663795,868,5.659669227013681e-05,,aging,soundlife,B
ZNF606,2.4564400659830194e-05,-0.14266672785828813,868,5.7609132192137374e-05,,aging,soundlife,B
ZNF609,6.609144734533867e-06,-0.15226707227028768,868,3.770753111934947e-05,,aging,soundlife,B
ZNF611,3.623662933498847e-05,-0.13970317423178968,868,5.937232344886572e-05,,aging,soundlife,B
ZNF621,4.4423127527849214e-05,-0.13812646001081774,868,6.364658854326379e-05,,aging,soundlife,B
ZNF623,2.6562259979850477e-05,-0.14207538768559919,868,5.798538570072103e-05,,aging,soundlife,B
ZNF624,0.00017107735632887976,-0.12722933582999343,868,0.0001948635128238042,,aging,soundlife,B
ZNF626,2.2367085115524825e-05,-0.14337234198860355,868,5.659669227013681e-05,,aging,soundlife,B
ZNF627,2.5089010598539912e-05,-0.142507148502027,868,5.7609132192137374e-05,,aging,soundlife,B
ZNF639,7.227087861948247e-06,-0.15163199750658105,868,3.904869397173146e-05,,aging,soundlife,B
ZNF641,1.8429943695003265e-05,-0.14481986417259318,868,5.525990809553865e-05,,aging,soundlife,B
ZNF644,1.586419270102848e-05,-0.14593124271257737,868,5.1720505795699994e-05,,aging,soundlife,B
ZNF649,4.020491097450831e-05,-0.138900877351955,868,6.169125227244553e-05,,aging,soundlife,B
ZNF652,6.795669781436536e-05,-0.13477984979002458,868,8.373728524895101e-05,,aging,soundlife,B
ZNF654,5.5958715722736505e-05,-0.13631869009401143,868,7.094765743418379e-05,,aging,soundlife,B
ZNF655,2.4469623315984797e-05,-0.1426959026243188,868,5.7609132192137374e-05,,aging,soundlife,B
ZNF66,4.286077396986086e-05,-0.1384048328413575,868,6.29609990040025e-05,,aging,soundlife,B
ZNF664,2.6668401029772913e-05,-0.14204516571449058,868,5.798538570072103e-05,,aging,soundlife,B
ZNF669,8.871522558404182e-07,-0.16591254024808674,868,1.1337805829640544e-05,,aging,soundlife,B
ZNF672,1.1750441485444381e-05,-0.14813259639051443,868,4.752235512151241e-05,,aging,soundlife,B
ZNF675,2.5053712247372638e-05,-0.1425177859009765,868,5.7609132192137374e-05,,aging,soundlife,B
ZNF677,0.3851012400884315,0.029516127328072253,868,0.38691775537186746,,aging,soundlife,B
ZNF678,5.049390022841703e-05,-0.13712616788317902,868,6.708025414960184e-05,,aging,soundlife,B
ZNF680,3.792035759129165e-05,-0.13935306785341187,868,6.0577771252088405e-05,,aging,soundlife,B
ZNF682,0.0001119259947797662,-0.13074959837353356,868,0.00013220094392656304,,aging,soundlife,B
ZNF687,1.2333220878975294e-05,-0.14777973420929996,868,4.857862523580654e-05,,aging,soundlife,B
ZNF688,1.9664694675316257e-05,-0.1443365790291294,868,5.6255355491254946e-05,,aging,soundlife,B
ZNF692,0.0004721787521785547,-0.11841697649509689,868,0.0005131330317042457,,aging,soundlife,B
ZNF699,9.94037481108153e-06,-0.1493458937054075,868,4.622164761938191e-05,,aging,soundlife,B
ZNF7,1.1492771928564671e-05,-0.14829395783260987,868,4.752235512151241e-05,,aging,soundlife,B
ZNF700,2.103446728682116e-05,-0.1438331030368824,868,5.6255355491254946e-05,,aging,soundlife,B
ZNF701,9.965367225693448e-06,-0.14932775133673284,868,4.622164761938191e-05,,aging,soundlife,B
ZNF703,0.0074135788223509734,-0.09082907522582104,868,0.007715434637593277,,aging,soundlife,B
ZNF706,0.010853579567218294,-0.08642635868393747,868,0.011277133891792666,,aging,soundlife,B
ZNF708,4.245578567379595e-05,-0.13847855975324738,868,6.294488873678797e-05,,aging,soundlife,B
ZNF714,8.668464161190105e-05,-0.1328280891750032,868,0.00010411933456767814,,aging,soundlife,B
ZNF717,0.0002025066199176123,-0.12580468680954804,868,0.00022862496488931848,,aging,soundlife,B
ZNF718,2.9308367554605886e-05,-0.1413280323283179,868,5.870861086957104e-05,,aging,soundlife,B
ZNF721,4.95979251000433e-05,-0.1372663923175174,868,6.602723778943265e-05,,aging,soundlife,B
ZNF736,3.13486851089044e-05,-0.1408146262598495,868,5.937232344886572e-05,,aging,soundlife,B
ZNF737,4.5551121939345473e-05,-0.13793118382181255,868,6.432963573389711e-05,,aging,soundlife,B
ZNF740,2.8850589543459667e-05,-0.14144787300767447,868,5.8617081388793056e-05,,aging,soundlife,B
ZNF746,0.0006165105919413218,-0.1160010284502697,868,0.0006632159398156644,,aging,soundlife,B
ZNF75A,2.12941029153956e-05,-0.14374119701228005,868,5.6255355491254946e-05,,aging,soundlife,B
ZNF75D,5.3696391638699405e-05,-0.13664350738835823,868,6.917967840763787e-05,,aging,soundlife,B
ZNF76,3.9302259632356e-05,-0.13907655978279157,868,6.169125227244553e-05,,aging,soundlife,B
ZNF766,2.3642693495443066e-05,-0.14295510425312488,868,5.7609132192137374e-05,,aging,soundlife,B
ZNF770,3.2669738348079307e-05,-0.1404988571848164,868,5.937232344886572e-05,,aging,soundlife,B
ZNF780A,0.00033140107711798566,-0.12155633197055485,868,0.00036448414505747476,,aging,soundlife,B
ZNF780B,4.761804057833303e-05,-0.13758495393942496,868,6.510247395645334e-05,,aging,soundlife,B
ZNF782,1.5353394603321976e-05,-0.14617279801721944,868,5.109801641418095e-05,,aging,soundlife,B
ZNF783,4.117477712846942e-05,-0.1387162293758898,868,6.172912543174689e-05,,aging,soundlife,B
ZNF789,3.580921559365375e-05,-0.13979450153779635,868,5.937232344886572e-05,,aging,soundlife,B
ZNF791,2.5604058752061055e-05,-0.14235353086590252,868,5.7609132192137374e-05,,aging,soundlife,B
ZNF8,0.00026378206943196295,-0.12354130000975792,868,0.00029314216063830315,,aging,soundlife,B
ZNF800,2.0328867250226496e-05,-0.14408842816969827,868,5.6255355491254946e-05,,aging,soundlife,B
ZNF805,4.560457744515711e-05,-0.1379220437424043,868,6.432963573389711e-05,,aging,soundlife,B
ZNF808,3.546363841460602e-05,-0.1398691011205845,868,5.937232344886572e-05,,aging,soundlife,B
ZNF814,5.106381464078128e-05,-0.13703819347062363,868,6.741327771280005e-05,,aging,soundlife,B
ZNF821,3.7471361887709123e-06,-0.1562406919384855,868,2.6531399697905508e-05,,aging,soundlife,B
ZNF827,1.5349850561951788e-06,-0.162298571222091,868,1.660009334665178e-05,,aging,soundlife,B
ZNF83,5.328961465723787e-05,-0.1367032807518852,868,6.893130316998988e-05,,aging,soundlife,B
ZNF830,2.0030848116277498e-05,-0.14419880725931566,868,5.6255355491254946e-05,,aging,soundlife,B
ZNF831,4.281072320150987e-05,-0.13841390861869954,868,6.29609990040025e-05,,aging,soundlife,B
ZNF836,0.00030700111487914645,-0.12222483462267004,868,0.00033940088651864117,,aging,soundlife,B
ZNF84,3.523955955115415e-05,-0.13991784208675545,868,5.937232344886572e-05,,aging,soundlife,B
ZNF841,4.7328138267637145e-05,-0.13763264770051797,868,6.510247395645334e-05,,aging,soundlife,B
ZNF844,1.3983788276447981e-05,-0.1468603432669359,868,4.909711125966793e-05,,aging,soundlife,B
ZNF880,1.0267941106127715e-05,-0.14911148511612182,868,4.622164761938191e-05,,aging,soundlife,B
ZNF891,1.151258557312662e-05,-0.1482814281157126,868,4.752235512151241e-05,,aging,soundlife,B
ZNF91,4.937781483345156e-05,-0.13730120729335377,868,6.587144818074227e-05,,aging,soundlife,B
ZNF92,4.001432208360711e-05,-0.1389376581338148,868,6.169125227244553e-05,,aging,soundlife,B
ZSCAN18,3.523113961258028e-05,-0.13991967928864654,868,5.937232344886572e-05,,aging,soundlife,B
ZSCAN25,3.6055223560029904e-05,-0.13974181058755952,868,5.937232344886572e-05,,aging,soundlife,B
ZSCAN29,2.9150957694271916e-05,-0.14136903867452727,868,5.8617081388793056e-05,,aging,soundlife,B
ZSCAN30,3.461564750033561e-05,-0.14005511781205857,868,5.937232344886572e-05,,aging,soundlife,B
ZXDA,1.3181051884705308e-05,-0.14729376675107517,868,4.861802124312445e-05,,aging,soundlife,B
ZXDB,1.290963818144085e-05,-0.14744601567179078,868,4.857862523580654e-05,,aging,soundlife,B
ZXDC,4.038088362157825e-05,-0.13886706365114923,868,6.169125227244553e-05,,aging,soundlife,B
ZZZ3,5.621538683822775e-05,-0.1362826258208891,868,7.113194492995551e-05,,aging,soundlife,B
ADNP,0.4880899544730005,0.02356452098785753,868,0.6032058303786435,,aging,soundlife,MONO
ADNP2,0.38927263348299534,0.029258018834391365,868,0.6032058303786435,,aging,soundlife,MONO
AEBP2,0.437857967508122,0.02636630898784446,868,0.6032058303786435,,aging,soundlife,MONO
AHCTF1,0.4746338834258479,0.024298749537626896,868,0.6032058303786435,,aging,soundlife,MONO
AHR,0.37362641048269496,-0.030235088730126564,868,0.6032058303786435,,aging,soundlife,MONO
AKAP8,0.5046835025392572,0.02267392818513649,868,0.6032058303786435,,aging,soundlife,MONO
AKAP8L,0.364289652626405,0.030830213538711158,868,0.6032058303786435,,aging,soundlife,MONO
AKNA,0.5257142486459022,0.02156700485973822,868,0.6032058303786435,,aging,soundlife,MONO
ANKZF1,0.4401445314551091,0.026234958238640135,868,0.6032058303786435,,aging,soundlife,MONO
ARHGAP35,0.4432916339146157,0.026054811407208157,868,0.6032058303786435,,aging,soundlife,MONO
ARID2,0.4748186807867084,0.0242885898111691,868,0.6032058303786435,,aging,soundlife,MONO
ARID3A,0.42006950633896223,0.02740197643789635,868,0.6032058303786435,,aging,soundlife,MONO
ARID3B,0.5346908939463575,0.021101467086542487,868,0.6036542208376724,,aging,soundlife,MONO
ARID5A,0.3889697500946072,0.02927670317762387,868,0.6032058303786435,,aging,soundlife,MONO
ARID5B,0.003375588627180235,0.09939119847714008,868,0.05329759157403124,,aging,soundlife,MONO
ARNT,0.4758660526437656,0.024231048647939794,868,0.6032058303786435,,aging,soundlife,MONO
ASCL2,0.2058662401816076,0.04297947348240641,868,0.6032058303786435,,aging,soundlife,MONO
ASH1L,0.44249269354555665,0.02610047506021149,868,0.6032058303786435,,aging,soundlife,MONO
ATF1,0.3396389556219239,0.03244892619491365,868,0.6032058303786435,,aging,soundlife,MONO
ATF2,0.503825362762893,0.02271960102414928,868,0.6032058303786435,,aging,soundlife,MONO
ATF3,0.9444051439739098,-0.0023703486938900465,868,0.9476957542316586,,aging,soundlife,MONO
ATF4,0.5456005096180032,0.02054094597557679,868,0.6067760359409623,,aging,soundlife,MONO
ATF5,0.13398250640461287,0.05090551150897875,868,0.6032058303786435,,aging,soundlife,MONO
ATF6,0.5298995662701278,0.021349452597803402,868,0.6032058303786435,,aging,soundlife,MONO
ATF6B,0.16715912913913744,0.046929218712029375,868,0.6032058303786435,,aging,soundlife,MONO
ATF7,0.39057767856723236,0.029177613693627296,868,0.6032058303786435,,aging,soundlife,MONO
ATMIN,0.11737092424228554,0.05318929124976008,868,0.6032058303786435,,aging,soundlife,MONO
BACH1,0.367482440432501,0.030625650294146437,868,0.6032058303786435,,aging,soundlife,MONO
BACH2,0.20456089754196255,-0.04310336519193286,868,0.6032058303786435,,aging,soundlife,MONO
BATF,0.575606247265723,0.019027027315242747,868,0.6279340879262433,,aging,soundlife,MONO
BATF3,4.671108915837156e-05,0.13773509007796578,868,0.0022421322796018347,,aging,soundlife,MONO
BAZ2A,0.46593415384121006,0.02477952690050932,868,0.6032058303786435,,aging,soundlife,MONO
BAZ2B,0.6710419740885343,0.01443593327745507,868,0.7002177120923836,,aging,soundlife,MONO
BBX,0.12665163257431153,0.05188453802472797,868,0.6032058303786435,,aging,soundlife,MONO
BCL11A,0.3529076502767333,0.03156873195489625,868,0.6032058303786435,,aging,soundlife,MONO
BCL11B,0.20078457317707712,-0.04346504594222461,868,0.6032058303786435,,aging,soundlife,MONO
BCL6,0.4832106726137798,0.02382947305858277,868,0.6032058303786435,,aging,soundlife,MONO
BHLHE40,0.4036607395952936,-0.02838036911899314,868,0.6032058303786435,,aging,soundlife,MONO
BPTF,0.48687167556291533,0.02363054083781427,868,0.6032058303786435,,aging,soundlife,MONO
CAMTA1,0.4525365236824722,0.025529785036778548,868,0.6032058303786435,,aging,soundlife,MONO
CAMTA2,0.349494662738672,0.031793100235847055,868,0.6032058303786435,,aging,soundlife,MONO
CARF,0.5392625625074867,0.02086589187405596,868,0.6045758885295841,,aging,soundlife,MONO
CC2D1A,0.4520596388195147,0.025556718416502096,868,0.6032058303786435,,aging,soundlife,MONO
CDC5L,0.46961759671289927,0.024575367840360636,868,0.6032058303786435,,aging,soundlife,MONO
CEBPA,0.0003784210316992577,0.12038854214650438,868,0.00895528712874563,,aging,soundlife,MONO
CEBPB,0.00012316561598046475,0.12996336782423654,868,0.004433962175296731,,aging,soundlife,MONO
CEBPD,9.799448065111107e-06,-0.14944901584755504,868,0.0014111205213759995,,aging,soundlife,MONO
CEBPG,0.4312966799961495,0.026745424784082768,868,0.6032058303786435,,aging,soundlife,MONO
CEBPZ,0.282513884403597,0.03651778640914619,868,0.6032058303786435,,aging,soundlife,MONO
CENPB,0.3799412993566329,0.029837775449156893,868,0.6032058303786435,,aging,soundlife,MONO
CENPT,0.4435331975163165,0.02604101402100598,868,0.6032058303786435,,aging,soundlife,MONO
CENPX,0.30457744766186856,0.034887003336519166,868,0.6032058303786435,,aging,soundlife,MONO
CGGBP1,0.5091785995781037,0.022435349147558015,868,0.6032058303786435,,aging,soundlife,MONO
CHAMP1,0.29568906107025633,0.03553413933064085,868,0.6032058303786435,,aging,soundlife,MONO
CHCHD3,0.25742027395005973,0.03848109383805319,868,0.6032058303786435,,aging,soundlife,MONO
CIC,0.32265491466639673,0.03360836593636907,868,0.6032058303786435,,aging,soundlife,MONO
CLOCK,0.41045208177867065,0.02797262053128201,868,0.6032058303786435,,aging,soundlife,MONO
CREB1,0.46905853893149274,0.02460629713419733,868,0.6032058303786435,,aging,soundlife,MONO
CREB3,0.37346215674746885,0.030245478106820746,868,0.6032058303786435,,aging,soundlife,MONO
CREB3L2,0.5238202420791993,0.021665745275375483,868,0.6032058303786435,,aging,soundlife,MONO
CREB5,0.04016139750539142,-0.06966805523997849,868,0.36485244044255905,,aging,soundlife,MONO
CREBL2,0.27515871565453826,0.037080457046324476,868,0.6032058303786435,,aging,soundlife,MONO
CREBZF,0.3763801699767735,0.030061326175266162,868,0.6032058303786435,,aging,soundlife,MONO
CREM,0.5204783171828609,0.02184041724517198,868,0.6032058303786435,,aging,soundlife,MONO
CSRNP1,0.3990311616829749,0.02866068019752799,868,0.6032058303786435,,aging,soundlife,MONO
CTCF,0.255439290343989,0.03864160098126929,868,0.6032058303786435,,aging,soundlife,MONO
CUX1,0.001078896046831006,0.11077848812251034,868,0.021009082954506247,,aging,soundlife,MONO
CXXC1,0.4501841365801812,0.025662798453694312,868,0.6032058303786435,,aging,soundlife,MONO
CXXC5,0.4215118532351606,-0.027317060966489625,868,0.6032058303786435,,aging,soundlife,MONO
DBP,0.2286509645678508,0.04090287499888463,868,0.6032058303786435,,aging,soundlife,MONO
DDIT3,0.48553544430613294,0.023703055196456057,868,0.6032058303786435,,aging,soundlife,MONO
DEAF1,0.3321303740975373,0.03295678391367091,868,0.6032058303786435,,aging,soundlife,MONO
DMTF1,0.4888301631672277,0.023524451614612602,868,0.6032058303786435,,aging,soundlife,MONO
DNMT1,0.4190623353423799,0.02746137317503567,868,0.6032058303786435,,aging,soundlife,MONO
DNTTIP1,0.3405303343272169,0.03238911608734883,868,0.6032058303786435,,aging,soundlife,MONO
DOT1L,0.37780340509664445,0.029971826885141137,868,0.6032058303786435,,aging,soundlife,MONO
DR1,0.2698904804168913,0.03748980399968087,868,0.6032058303786435,,aging,soundlife,MONO
DRAP1,0.00035680178654748704,0.12090758842477846,868,0.008935557784841416,,aging,soundlife,MONO
E2F3,0.5041255896935042,0.0227036173676967,868,0.6032058303786435,,aging,soundlife,MONO
E2F4,0.2824296905239669,0.03652417068571777,868,0.6032058303786435,,aging,soundlife,MONO
E4F1,0.16452800613098978,0.04722149916088476,868,0.6032058303786435,,aging,soundlife,MONO
EEA1,0.3898400686301765,0.029223038510384786,868,0.6032058303786435,,aging,soundlife,MONO
EGR1,8.906968860994552e-05,-0.13260878238526236,868,0.003946472356871433,,aging,soundlife,MONO
ELF1,0.32601169442916567,0.033376134431324346,868,0.6032058303786435,,aging,soundlife,MONO
ELF2,0.34570644581428256,0.032043768061868975,868,0.6032058303786435,,aging,soundlife,MONO
ELF4,0.14173847964575298,0.0499137531841242,868,0.6032058303786435,,aging,soundlife,MONO
ELK1,0.431571993674713,0.026729450313639637,868,0.6032058303786435,,aging,soundlife,MONO
ELK3,0.3592002301644016,0.031158622562755058,868,0.6032058303786435,,aging,soundlife,MONO
ELK4,0.42779491842658635,0.02694912454375867,868,0.6032058303786435,,aging,soundlife,MONO
ERF,0.1854037073169469,0.0449917147836829,868,0.6032058303786435,,aging,soundlife,MONO
ESRRA,0.16005077206624566,0.04772704200525923,868,0.6032058303786435,,aging,soundlife,MONO
ETS1,0.7002758721986402,0.013084285474152588,868,0.7254656517741308,,aging,soundlife,MONO
ETS2,0.4114596272390101,0.02791247054136734,868,0.6032058303786435,,aging,soundlife,MONO
ETV3,0.2479382954038608,0.039257320823053145,868,0.6032058303786435,,aging,soundlife,MONO
ETV6,0.6320720582179589,0.01627432934978605,868,0.6692527675248976,,aging,soundlife,MONO
FAM200B,1.5209369066496974e-05,-0.14624229017875037,868,0.0014600994303837096,,aging,soundlife,MONO
FLI1,0.22799545184141862,0.04096049883619904,868,0.6032058303786435,,aging,soundlife,MONO
FOS,0.04103786983715181,-0.06936534867039111,868,0.36485244044255905,,aging,soundlife,MONO
FOSB,0.0045521343711838885,-0.096213564900281,868,0.0670348082122439,,aging,soundlife,MONO
FOSL1,0.8258215869939803,-0.007480121569573574,868,0.837452876951642,,aging,soundlife,MONO
FOSL2,0.669477441040679,0.014508897750560178,868,0.6998530055162089,,aging,soundlife,MONO
FOXJ2,0.23061774910351618,0.040730683251641114,868,0.6032058303786435,,aging,soundlife,MONO
FOXJ3,0.4722685973936531,0.024428979593677642,868,0.6032058303786435,,aging,soundlife,MONO
FOXK1,0.4747591937885418,0.02429186003053526,868,0.6032058303786435,,aging,soundlife,MONO
FOXK2,0.4563359727449994,0.0253157693884841,868,0.6032058303786435,,aging,soundlife,MONO
FOXN2,0.4488080937477906,0.025740787673971584,868,0.6032058303786435,,aging,soundlife,MONO
FOXN3,0.5705679694846445,0.01927853106812512,868,0.6236188812583591,,aging,soundlife,MONO
FOXO1,0.11155413815402596,0.05404882615451205,868,0.6032058303786435,,aging,soundlife,MONO
FOXO3,0.41301335039155185,0.027819884752065267,868,0.6032058303786435,,aging,soundlife,MONO
FOXP1,0.1833816664184218,0.04519927266733012,868,0.6032058303786435,,aging,soundlife,MONO
GABPA,0.3641059472590702,0.030842017560861485,868,0.6032058303786435,,aging,soundlife,MONO
GATAD2A,0.5147948432581301,0.02213880639031528,868,0.6032058303786435,,aging,soundlife,MONO
GATAD2B,0.4791598200190098,0.024050543562139044,868,0.6032058303786435,,aging,soundlife,MONO
GLI4,0.2957843900843391,0.035527130405426294,868,0.6032058303786435,,aging,soundlife,MONO
GLMP,0.16756061309053127,0.04688492377443491,868,0.6032058303786435,,aging,soundlife,MONO
GLYR1,0.4397599486465884,0.02625702303335227,868,0.6032058303786435,,aging,soundlife,MONO
GMEB1,0.272799145328318,0.03726313003035672,868,0.6032058303786435,,aging,soundlife,MONO
GMEB2,0.955952346932363,0.0018774549845358085,868,0.957614872753115,,aging,soundlife,MONO
GPBP1,0.36717587296290655,0.030645244052315033,868,0.6032058303786435,,aging,soundlife,MONO
GPBP1L1,0.1370154023127322,0.05051256158250045,868,0.6032058303786435,,aging,soundlife,MONO
GTF2B,0.27257206169438075,0.0372807671685113,868,0.6032058303786435,,aging,soundlife,MONO
GTF2I,0.8143228130621019,-0.007982807565007384,868,0.8287101419147892,,aging,soundlife,MONO
GTF2IRD2B,0.4222475584958859,0.02727381323397309,868,0.6032058303786435,,aging,soundlife,MONO
GTF3A,0.5297842944374129,0.021355432689958938,868,0.6032058303786435,,aging,soundlife,MONO
GZF1,0.6646428476706132,0.014734790909080593,868,0.6970042253539769,,aging,soundlife,MONO
HBP1,0.39825510300076217,0.02870785954209149,868,0.6032058303786435,,aging,soundlife,MONO
HES1,0.0011033551678121486,0.11056469293844283,868,0.021009082954506247,,aging,soundlife,MONO
HES4,2.8922315325072733e-05,0.14142897738622448,868,0.0018510281808046549,,aging,soundlife,MONO
HHEX,0.025240466877038,0.0759522869825772,868,0.24230848201956479,,aging,soundlife,MONO
HIC2,0.40963395368669,0.02802152684562314,868,0.6032058303786435,,aging,soundlife,MONO
HIF1A,0.0206304867115585,-0.07855709938180964,868,0.20847649729574905,,aging,soundlife,MONO
HIVEP1,0.4708078331552106,0.024509586826649735,868,0.6032058303786435,,aging,soundlife,MONO
HIVEP2,0.46477981736876783,0.024843691176556045,868,0.6032058303786435,,aging,soundlife,MONO
HIVEP3,0.30479754292434635,0.0348711390981895,868,0.6032058303786435,,aging,soundlife,MONO
HLX,0.006883889388770644,-0.0916646805759414,868,0.0922120997193463,,aging,soundlife,MONO
HMBOX1,0.5456770600996849,0.020537032735548747,868,0.6067760359409623,,aging,soundlife,MONO
HMG20A,0.3553820707384179,0.03140692039833746,868,0.6032058303786435,,aging,soundlife,MONO
HMG20B,0.2406859386230942,0.03986513151069579,868,0.6032058303786435,,aging,soundlife,MONO
HMGA1,0.9943012767470831,-0.00024277704389964324,868,0.9943012767470831,,aging,soundlife,MONO
HMGN3,0.5244046870202994,0.021635256909992653,868,0.6032058303786435,,aging,soundlife,MONO
HOXB2,0.5505389512915646,0.02028904722428783,868,0.6079113597961974,,aging,soundlife,MONO
HSF1,0.08455398323934131,0.05857945787806356,868,0.6032058303786435,,aging,soundlife,MONO
IKZF1,0.00835053750672524,0.08947387243685927,868,0.10304463343854266,,aging,soundlife,MONO
IKZF3,0.15704396149027763,-0.04807257375092819,868,0.6032058303786435,,aging,soundlife,MONO
IKZF5,0.4509215986159103,0.025621057226728482,868,0.6032058303786435,,aging,soundlife,MONO
IRF1,0.04117258442494156,0.0693193083910001,868,0.36485244044255905,,aging,soundlife,MONO
IRF2,0.007962687583603327,0.09001748210441737,868,0.10304463343854266,,aging,soundlife,MONO
IRF3,0.30438522136644824,0.03490086502478753,868,0.6032058303786435,,aging,soundlife,MONO
IRF4,0.09184807944303384,0.05725292462461245,868,0.6032058303786435,,aging,soundlife,MONO
IRF5,0.061727396794669376,0.06344003268923805,868,0.500774373996191,,aging,soundlife,MONO
IRF7,0.04538442886758818,0.0679402862795202,868,0.3901706123541909,,aging,soundlife,MONO
IRF8,0.4107410550463426,0.02795536001951511,868,0.6032058303786435,,aging,soundlife,MONO
IRF9,0.017697054291642283,0.08049273855023664,868,0.18876857911085101,,aging,soundlife,MONO
JAZF1,0.5205548220213264,0.021836412145049385,868,0.6032058303786435,,aging,soundlife,MONO
JDP2,0.5116045622734855,0.022307048153492926,868,0.6032058303786435,,aging,soundlife,MONO
JUN,0.00030811432130958523,-0.12219327149418092,868,0.008451135670205766,,aging,soundlife,MONO
JUNB,0.1813972890124523,-0.04540461672269857,868,0.6032058303786435,,aging,soundlife,MONO
JUND,0.008408155853492196,-0.08939504728972154,868,0.10304463343854266,,aging,soundlife,MONO
KAT7,0.49736814851972966,0.023064599981269827,868,0.6032058303786435,,aging,soundlife,MONO
KCMF1,0.43843476057003183,0.026333138307700617,868,0.6032058303786435,,aging,soundlife,MONO
KDM2A,0.5165566388424309,0.02204612874091865,868,0.6032058303786435,,aging,soundlife,MONO
KDM2B,0.40028677096674514,0.028584463877075632,868,0.6032058303786435,,aging,soundlife,MONO
KDM5B,0.589089412064123,0.018359002335619233,868,0.6390122435949809,,aging,soundlife,MONO
KIN,0.25965377914739773,0.03830114909882922,868,0.6032058303786435,,aging,soundlife,MONO
KLF10,0.1703994543774773,-0.04657396816835648,868,0.6032058303786435,,aging,soundlife,MONO
KLF11,0.03719664247196598,0.07073529500452896,868,0.3455688074814904,,aging,soundlife,MONO
KLF12,0.00024739025448130235,0.12409409568677156,868,0.007499830872696324,,aging,soundlife,MONO
KLF13,0.46132569614553864,0.025036220748734055,868,0.6032058303786435,,aging,soundlife,MONO
KLF16,0.5491502194681568,0.02035977031108579,868,0.6079113597961974,,aging,soundlife,MONO
KLF2,0.004273082675085218,0.09689326529792248,868,0.0647709373907654,,aging,soundlife,MONO
KLF3,0.0005550612959518662,0.11695748494078673,868,0.012273145592890796,,aging,soundlife,MONO
KLF4,0.016555044466120678,-0.08132302520088228,868,0.17991897382048133,,aging,soundlife,MONO
KLF6,0.002820975247386343,-0.10125711583379979,868,0.04642519264270096,,aging,soundlife,MONO
KLF7,0.4579512880040213,0.025225085103139314,868,0.6032058303786435,,aging,soundlife,MONO
KLF9,0.3666068530990726,0.03068163902177776,868,0.6032058303786435,,aging,soundlife,MONO
KMT2A,0.4652000531645223,0.024820321968501233,868,0.6032058303786435,,aging,soundlife,MONO
KMT2B,0.3311515748832351,0.03302352945837464,868,0.6032058303786435,,aging,soundlife,MONO
L3MBTL3,0.005783243009932811,0.09360370019584803,868,0.07931304699336426,,aging,soundlife,MONO
LCOR,0.5943144535371514,0.018102032907110828,868,0.6391460477766434,,aging,soundlife,MONO
LCORL,0.4859606091165669,0.023679970754694364,868,0.6032058303786435,,aging,soundlife,MONO
LEF1,0.05102443217245299,-0.06625325727099708,868,0.4198581847333275,,aging,soundlife,MONO
LIN54,0.43853671503336034,0.026327277633668003,868,0.6032058303786435,,aging,soundlife,MONO
LYL1,0.008279902395823024,0.08957117064901203,868,0.10304463343854266,,aging,soundlife,MONO
MAF,0.3322313774957961,0.03294990359258873,868,0.6032058303786435,,aging,soundlife,MONO
MAFB,6.33854381307587e-06,0.15256322921513327,868,0.0012170004121105672,,aging,soundlife,MONO
MAFF,0.45157150002776647,-0.02558430400289699,868,0.6032058303786435,,aging,soundlife,MONO
MAFG,0.3628969393844469,0.030919795502921284,868,0.6032058303786435,,aging,soundlife,MONO
MAX,0.5028816427969993,0.022769876053899282,868,0.6032058303786435,,aging,soundlife,MONO
MAZ,0.4160454685058428,0.027639793036690015,868,0.6032058303786435,,aging,soundlife,MONO
MBD1,0.4473359945760178,0.02582437117400726,868,0.6032058303786435,,aging,soundlife,MONO
MBD2,0.0017687796707168831,0.1059753442424517,868,0.03118113289434984,,aging,soundlife,MONO
MBD4,0.4577085902461232,0.02523869876915238,868,0.6032058303786435,,aging,soundlife,MONO
MBD6,0.3129441883520693,0.0342891870271641,868,0.6032058303786435,,aging,soundlife,MONO
MBNL2,0.49514060448727304,0.02318416508034273,868,0.6032058303786435,,aging,soundlife,MONO
MECP2,0.34554557654603835,0.03205445139086573,868,0.6032058303786435,,aging,soundlife,MONO
MEF2A,0.391987674838687,0.02909092532239566,868,0.6032058303786435,,aging,soundlife,MONO
MEF2C,0.32967935673061055,0.03312416219195974,868,0.6032058303786435,,aging,soundlife,MONO
MEF2D,0.46643075032892534,0.024751950500123878,868,0.6032058303786435,,aging,soundlife,MONO
MGA,0.49807023399610617,0.023026974086540062,868,0.6032058303786435,,aging,soundlife,MONO
MLX,0.02101557807532069,0.07832111079889761,868,0.20870643054111582,,aging,soundlife,MONO
MLXIP,0.8450068264890993,0.006644975519925988,868,0.8554023410504766,,aging,soundlife,MONO
MNT,0.35328621800657434,0.03154392972936637,868,0.6032058303786435,,aging,soundlife,MONO
MTERF1,0.44148117784850693,0.026158356105790648,868,0.6032058303786435,,aging,soundlife,MONO
MTERF3,0.39200203416224066,0.02909004346548793,868,0.6032058303786435,,aging,soundlife,MONO
MTERF4,0.513170456879211,0.02222440162642171,868,0.6032058303786435,,aging,soundlife,MONO
MTF1,0.25368524210998417,0.03878444342830245,868,0.6032058303786435,,aging,soundlife,MONO
MTF2,0.4110932455504216,0.027934333243871453,868,0.6032058303786435,,aging,soundlife,MONO
MXD1,0.5921041092163928,0.018210611538874946,868,0.6391460477766434,,aging,soundlife,MONO
MXD3,3.784379263413334e-05,0.13936866569746728,868,0.0019816385961146186,,aging,soundlife,MONO
MXD4,0.29448965006733885,0.03562245362554611,868,0.6032058303786435,,aging,soundlife,MONO
MXI1,0.39981902681247405,0.0286128394602837,868,0.6032058303786435,,aging,soundlife,MONO
MYBL1,0.8698398867135299,0.005569817415224865,868,0.8774566983309864,,aging,soundlife,MONO
MYC,0.43525005468878764,0.02651660128854604,868,0.6032058303786435,,aging,soundlife,MONO
MYCL,0.35989612513751035,0.031113546814356876,868,0.6032058303786435,,aging,soundlife,MONO
MYNN,0.490796963833837,0.023418141927183996,868,0.6032058303786435,,aging,soundlife,MONO
MYSM1,0.45792164291623405,0.025226747770850762,868,0.6032058303786435,,aging,soundlife,MONO
MZF1,0.5038845379722117,0.022716450222906043,868,0.6032058303786435,,aging,soundlife,MONO
NACC2,0.39802303615876367,0.0287219784386246,868,0.6032058303786435,,aging,soundlife,MONO
NCOA1,0.5947609055699321,0.01808012427455944,868,0.6391460477766434,,aging,soundlife,MONO
NCOA2,0.16273773128172747,0.04742238800166727,868,0.6032058303786435,,aging,soundlife,MONO
NCOA3,0.09467124142533485,0.05676216206945189,868,0.6032058303786435,,aging,soundlife,MONO
NFAT5,0.06618448260206851,0.06238683833314504,868,0.5151657024161008,,aging,soundlife,MONO
NFATC1,0.0005753036996667561,0.11663198788174023,868,0.012273145592890796,,aging,soundlife,MONO
NFATC2,0.6071744052067611,-0.01747391195256204,868,0.648854280888858,,aging,soundlife,MONO
NFATC3,0.38149797594428936,0.029740458864985237,868,0.6032058303786435,,aging,soundlife,MONO
NFE2,0.00038868433718514014,-0.12015175438076972,868,0.00895528712874563,,aging,soundlife,MONO
NFE2L1,0.16843593085612082,0.04678862683731281,868,0.6032058303786435,,aging,soundlife,MONO
NFE2L2,0.4109933708283786,0.027940294964008076,868,0.6032058303786435,,aging,soundlife,MONO
NFE2L3,0.4007386242322569,0.028557071196879308,868,0.6032058303786435,,aging,soundlife,MONO
NFIA,0.6294092158376182,0.016401638254829952,868,0.6678385888476691,,aging,soundlife,MONO
NFIC,0.5494812371579194,0.020342904797725478,868,0.6079113597961974,,aging,soundlife,MONO
NFIL3,0.8624301257222322,0.005889995774796627,868,0.8715083375719399,,aging,soundlife,MONO
NFKB1,0.31014315957561667,0.03448813761995151,868,0.6032058303786435,,aging,soundlife,MONO
NFKB2,0.5917286135037123,0.018229075417880516,868,0.6391460477766434,,aging,soundlife,MONO
NFX1,0.49241497184992244,0.02333085646533775,868,0.6032058303786435,,aging,soundlife,MONO
NFXL1,0.6801478593084245,0.014012568473669579,868,0.7084361066214331,,aging,soundlife,MONO
NFYA,0.462897793347824,0.024948494358433944,868,0.6032058303786435,,aging,soundlife,MONO
NFYB,0.41763470354691956,0.027545709927846693,868,0.6032058303786435,,aging,soundlife,MONO
NFYC,0.19453292286384782,0.044074859179928566,868,0.6032058303786435,,aging,soundlife,MONO
NME2,0.12084443451850287,-0.05269183209370647,868,0.6032058303786435,,aging,soundlife,MONO
NR1D1,5.500603533326237e-06,0.15356359483084764,868,0.0012170004121105672,,aging,soundlife,MONO
NR1D2,0.41436640314527595,0.027739424495244466,868,0.6032058303786435,,aging,soundlife,MONO
NR1H2,0.25141953171985054,0.03896997326127537,868,0.6032058303786435,,aging,soundlife,MONO
NR2C1,0.38140500076090733,0.029746264422961115,868,0.6032058303786435,,aging,soundlife,MONO
NR2C2,0.4545869982504228,0.025414160735762057,868,0.6032058303786435,,aging,soundlife,MONO
NR3C1,0.3796374438388713,0.029856799674739254,868,0.6032058303786435,,aging,soundlife,MONO
NR4A1,0.01244028640550517,0.08480459627259576,868,0.14050205822688192,,aging,soundlife,MONO
NR4A2,0.7449812361386117,-0.011055775750130392,868,0.7649005205273446,,aging,soundlife,MONO
NR4A3,0.2711674965958784,0.03739008068103186,868,0.6032058303786435,,aging,soundlife,MONO
NRF1,0.40466138520727246,0.028320035408889357,868,0.6032058303786435,,aging,soundlife,MONO
OLIG1,9.7383352676603e-05,0.13188536576862211,868,0.004006629367265951,,aging,soundlife,MONO
PA2G4,0.7448861294699398,0.011060047244527204,868,0.7649005205273446,,aging,soundlife,MONO
PBX2,0.31074379209576186,0.03444537674593612,868,0.6032058303786435,,aging,soundlife,MONO
PBX3,0.3968541274717535,0.028793170011904796,868,0.6032058303786435,,aging,soundlife,MONO
PHF1,0.2890389892086449,0.03602685850581543,868,0.6032058303786435,,aging,soundlife,MONO
PHF19,1.4756066250085164e-05,0.14646517032616937,868,0.0014600994303837096,,aging,soundlife,MONO
PHF20,0.24588204180506568,0.03942837350512417,868,0.6032058303786435,,aging,soundlife,MONO
PHF21A,0.4696910138296736,0.024571307624181297,868,0.6032058303786435,,aging,soundlife,MONO
PIN1,0.06267246687210148,0.06321159500609845,868,0.5013797349768119,,aging,soundlife,MONO
PKNOX1,0.434223129689839,0.026575924537609714,868,0.6032058303786435,,aging,soundlife,MONO
PLAGL1,0.36218388110485256,0.030965743922217737,868,0.6032058303786435,,aging,soundlife,MONO
PLAGL2,0.0003352803004480865,0.12145431214954197,868,0.008778247866277174,,aging,soundlife,MONO
PLSCR1,0.5618093135804308,0.01971828371277924,868,0.6163850754711012,,aging,soundlife,MONO
POGK,0.36995485479339707,0.03046799999987099,868,0.6032058303786435,,aging,soundlife,MONO
POU2F1,0.4887486801091111,0.023528860899151238,868,0.6032058303786435,,aging,soundlife,MONO
POU2F2,0.0011306971728987738,0.11033081713770557,868,0.021009082954506247,,aging,soundlife,MONO
PPARA,0.4023518422911825,0.02845942391636725,868,0.6032058303786435,,aging,soundlife,MONO
PRDM1,0.13544048440313314,0.05071576529766576,868,0.6032058303786435,,aging,soundlife,MONO
PRDM10,0.49130613608299334,0.02339065738689311,868,0.6032058303786435,,aging,soundlife,MONO
PRDM2,0.5291468993584674,0.02138851151000823,868,0.6032058303786435,,aging,soundlife,MONO
PRDM4,0.21178104139557916,0.04242511618378537,868,0.6032058303786435,,aging,soundlife,MONO
PREB,0.44914920774246636,0.02572144193805828,868,0.6032058303786435,,aging,soundlife,MONO
PRMT3,0.4121792519270636,0.027869562691200656,868,0.6032058303786435,,aging,soundlife,MONO
PRR12,0.7857018445939443,0.00924187876501725,868,0.8009986946656849,,aging,soundlife,MONO
PURA,0.3164378845473039,0.03404267127741607,868,0.6032058303786435,,aging,soundlife,MONO
PURB,0.36713736566024513,0.030647705902849112,868,0.6032058303786435,,aging,soundlife,MONO
RARA,0.06527681628272376,0.06259647225492922,868,0.5150609065595738,,aging,soundlife,MONO
RBAK,0.22599782427802362,0.04113683347370698,868,0.6032058303786435,,aging,soundlife,MONO
RBCK1,0.05057638251354926,0.06638140210290144,868,0.4198581847333275,,aging,soundlife,MONO
RBPJ,0.506035264806513,0.022602066033166043,868,0.6032058303786435,,aging,soundlife,MONO
RBSN,0.389759422914704,0.029228008141500218,868,0.6032058303786435,,aging,soundlife,MONO
REL,0.10067433813661276,0.055756303220083125,868,0.6032058303786435,,aging,soundlife,MONO
RELA,0.40136599738171996,0.028519068675761865,868,0.6032058303786435,,aging,soundlife,MONO
RELB,0.6947880132344904,0.013336386317649574,868,0.7210772894109305,,aging,soundlife,MONO
REPIN1,0.4667289813567388,0.024735397311085053,868,0.6032058303786435,,aging,soundlife,MONO
REST,0.012364337500245598,0.0848779281860791,868,0.14050205822688192,,aging,soundlife,MONO
REXO4,0.25403278970567006,0.0387560862171133,868,0.6032058303786435,,aging,soundlife,MONO
RFX1,0.4184263038299937,0.027498925581689787,868,0.6032058303786435,,aging,soundlife,MONO
RFX2,0.2701590449814575,0.037468804782065566,868,0.6032058303786435,,aging,soundlife,MONO
RFX3,0.577876684528928,0.01891403021293053,868,0.6280320194125709,,aging,soundlife,MONO
RFX5,0.32999481094629957,0.03310257506973929,868,0.6032058303786435,,aging,soundlife,MONO
RFX7,0.38481350081999754,0.02953399411646322,868,0.6032058303786435,,aging,soundlife,MONO
RLF,0.5213059641854504,0.02179710521058926,868,0.6032058303786435,,aging,soundlife,MONO
RORA,0.6655422290706376,-0.014692718985774364,868,0.6970042253539769,,aging,soundlife,MONO
RREB1,0.4972871066329735,0.02306894496374228,868,0.6032058303786435,,aging,soundlife,MONO
RUNX1,0.5191183405981494,0.021911663934508913,868,0.6032058303786435,,aging,soundlife,MONO
RUNX2,0.35019957187655704,0.03174664658603055,868,0.6032058303786435,,aging,soundlife,MONO
RUNX3,0.0002880105233888279,0.12278044121857705,868,0.008294703073598243,,aging,soundlife,MONO
RXRA,0.35209725669710756,0.03162188220560582,868,0.6032058303786435,,aging,soundlife,MONO
RXRB,0.48076407331726456,0.02396287228789567,868,0.6032058303786435,,aging,soundlife,MONO
SAFB,0.39807164719887955,0.02871902054357993,868,0.6032058303786435,,aging,soundlife,MONO
SAFB2,0.28942783380701037,0.03599783990194548,868,0.6032058303786435,,aging,soundlife,MONO
SATB1,0.37915548410497724,0.029886994087819512,868,0.6032058303786435,,aging,soundlife,MONO
SCML4,0.018356666534803383,-0.08003431074835947,868,0.19224436225539543,,aging,soundlife,MONO
SETBP1,2.763803362967212e-07,0.17335255570037758,868,0.00015919507370691142,,aging,soundlife,MONO
SETDB1,0.4608464299697449,0.025062997966296865,868,0.6032058303786435,,aging,soundlife,MONO
SETDB2,0.4421127184194229,0.026122209158583223,868,0.6032058303786435,,aging,soundlife,MONO
SKI,0.4701171906356655,0.02454774550992792,868,0.6032058303786435,,aging,soundlife,MONO
SKIL,0.11292854688722154,0.05384260942824533,868,0.6032058303786435,,aging,soundlife,MONO
SLC2A4RG,0.28349893959863226,0.036443186826358005,868,0.6032058303786435,,aging,soundlife,MONO
SMAD3,0.5409098791681208,0.020781251982932906,868,0.604978816312306,,aging,soundlife,MONO
SMAD4,0.4399422892613768,0.02624656016858245,868,0.6032058303786435,,aging,soundlife,MONO
SMAD5,0.36024233051373256,0.03109114213729489,868,0.6032058303786435,,aging,soundlife,MONO
SMYD3,0.4512048198054064,0.025605036826238076,868,0.6032058303786435,,aging,soundlife,MONO
SNAI1,0.6835951377542511,0.013852860513276102,868,0.7107415150657918,,aging,soundlife,MONO
SNAPC2,0.0448006061058968,0.06812482402347192,868,0.3901706123541909,,aging,soundlife,MONO
SNAPC5,0.03441663511706299,0.07180386674045047,868,0.3249833086463653,,aging,soundlife,MONO
SON,0.2661465106511205,0.03778405025455972,868,0.6032058303786435,,aging,soundlife,MONO
SOX4,0.18269588385694818,0.04527005087018482,868,0.6032058303786435,,aging,soundlife,MONO
SP1,0.3980437180592593,0.0287207199553292,868,0.6032058303786435,,aging,soundlife,MONO
SP100,0.252665790823679,0.03886777890608283,868,0.6032058303786435,,aging,soundlife,MONO
SP110,0.00465519501473916,0.09597203715366731,868,0.0670348082122439,,aging,soundlife,MONO
SP140,0.018750482561328007,0.07976742961564857,868,0.19286210634508807,,aging,soundlife,MONO
SP140L,0.05033290671737102,0.06645143623899023,868,0.4198581847333275,,aging,soundlife,MONO
SP2,0.36744290685776404,0.0306281764467467,868,0.6032058303786435,,aging,soundlife,MONO
SP3,0.5068242518914696,0.02256016864403947,868,0.6032058303786435,,aging,soundlife,MONO
SP4,0.45080908506564965,0.02562742313128115,868,0.6032058303786435,,aging,soundlife,MONO
SPEN,0.4848680724880936,0.02373931237577695,868,0.6032058303786435,,aging,soundlife,MONO
SPI1,0.0017864190720721263,0.1058769620811832,868,0.03118113289434984,,aging,soundlife,MONO
SRCAP,0.5355335188334212,0.02105797133177065,868,0.6036542208376724,,aging,soundlife,MONO
SREBF1,0.22305667413204747,0.041398487767037695,868,0.6032058303786435,,aging,soundlife,MONO
SREBF2,0.503980468246843,0.022711342801648778,868,0.6032058303786435,,aging,soundlife,MONO
SRF,0.5263147718114256,0.021535735683551667,868,0.6032058303786435,,aging,soundlife,MONO
STAT1,0.16542607746548502,0.047121344099791344,868,0.6032058303786435,,aging,soundlife,MONO
STAT2,0.23594456505300093,0.04026949046091784,868,0.6032058303786435,,aging,soundlife,MONO
STAT3,0.4786299697413139,0.024079534607980627,868,0.6032058303786435,,aging,soundlife,MONO
STAT4,0.32228756469958175,-0.03363387548462701,868,0.6032058303786435,,aging,soundlife,MONO
STAT5A,0.39093881144710496,0.02915539273675442,868,0.6032058303786435,,aging,soundlife,MONO
STAT5B,0.5699507436884361,0.01930941443191454,868,0.6236188812583591,,aging,soundlife,MONO
STAT6,0.29751348339095907,0.03540026242883627,868,0.6032058303786435,,aging,soundlife,MONO
TBP,0.3563908277732648,0.03134115775664547,868,0.6032058303786435,,aging,soundlife,MONO
TBPL1,0.42189523887484937,0.027294518499285807,868,0.6032058303786435,,aging,soundlife,MONO
TBX21,0.014172259491481166,-0.08323118901502784,868,0.15698502821332985,,aging,soundlife,MONO
TCF12,0.31243702274468316,0.03432512269615405,868,0.6032058303786435,,aging,soundlife,MONO
TCF20,0.6171358860352351,0.016991435177930354,868,0.658278278437584,,aging,soundlife,MONO
TCF3,0.341857773791308,0.03230023225985733,868,0.6032058303786435,,aging,soundlife,MONO
TCF4,0.39952921752253556,0.028630430668391,868,0.6032058303786435,,aging,soundlife,MONO
TCF7,0.7823273020139881,0.009391133046650357,868,0.7989725637589666,,aging,soundlife,MONO
TCF7L2,2.6285584347010378e-05,0.14215470887724746,868,0.0018510281808046549,,aging,soundlife,MONO
TERF1,0.3163157318115667,0.03405126019625697,868,0.6032058303786435,,aging,soundlife,MONO
TERF2,0.38231858286089215,0.029689256048280228,868,0.6032058303786435,,aging,soundlife,MONO
TET2,0.5156251477352198,0.022095108543335424,868,0.6032058303786435,,aging,soundlife,MONO
TET3,0.5149169803297364,0.02213237618369642,868,0.6032058303786435,,aging,soundlife,MONO
TFAP4,0.559458457330839,0.01983687509484986,868,0.6152690155121863,,aging,soundlife,MONO
TFCP2,0.47650221461324815,0.024196132625999404,868,0.6032058303786435,,aging,soundlife,MONO
TFDP1,0.28671195645171277,0.03620107117513916,868,0.6032058303786435,,aging,soundlife,MONO
TFDP2,0.15726773061523253,0.04804668757628257,868,0.6032058303786435,,aging,soundlife,MONO
TFE3,0.4002575368084441,0.02858623677690055,868,0.6032058303786435,,aging,soundlife,MONO
TFEB,0.26566012364184194,0.03782248451812157,868,0.6032058303786435,,aging,soundlife,MONO
TFEC,0.3794903380857839,-0.029866013242223127,868,0.6032058303786435,,aging,soundlife,MONO
TGIF1,0.7774602585237731,-0.009606719502561695,868,0.7965998358932376,,aging,soundlife,MONO
TGIF2,0.49964841374319635,0.022942499543587205,868,0.6032058303786435,,aging,soundlife,MONO
THAP1,0.38529526076036436,0.02950408446967608,868,0.6032058303786435,,aging,soundlife,MONO
THAP11,0.11041342234983395,0.0542215047602567,868,0.6032058303786435,,aging,soundlife,MONO
THAP12,0.37751346501909655,0.029990042741891407,868,0.6032058303786435,,aging,soundlife,MONO
THAP4,0.2287452267152448,0.04089459840436521,868,0.6032058303786435,,aging,soundlife,MONO
THAP5,0.37471602768273904,0.030166239589257526,868,0.6032058303786435,,aging,soundlife,MONO
THAP6,0.3830973450345463,0.029640726360326775,868,0.6032058303786435,,aging,soundlife,MONO
THAP7,0.3516603349776416,0.03165057011313538,868,0.6032058303786435,,aging,soundlife,MONO
THRA,0.4265078308032262,0.027024238543076368,868,0.6032058303786435,,aging,soundlife,MONO
THYN1,0.08465992342189473,0.05855954260956402,868,0.6032058303786435,,aging,soundlife,MONO
TMF1,0.49841203959550073,0.02300866636969523,868,0.6032058303786435,,aging,soundlife,MONO
TOPORS,0.4550608127949023,0.025387484564303255,868,0.6032058303786435,,aging,soundlife,MONO
TP53,0.35180565767223926,0.031641025849311104,868,0.6032058303786435,,aging,soundlife,MONO
TRAFD1,0.26487591811153316,0.03788455438401244,868,0.6032058303786435,,aging,soundlife,MONO
TRERF1,0.4678523486790518,0.024673097794957792,868,0.6032058303786435,,aging,soundlife,MONO
TRPS1,0.5931345735740358,0.01815996906874672,868,0.6391460477766434,,aging,soundlife,MONO
TSC22D1,0.010109061474466231,0.08726112810719738,868,0.12130873769359478,,aging,soundlife,MONO
TSHZ1,0.37784303941357034,0.029969337476578695,868,0.6032058303786435,,aging,soundlife,MONO
TSHZ2,0.00011360076587600004,-0.1306278561902197,868,0.0043622694096384015,,aging,soundlife,MONO
TTF1,0.2673084477486335,0.03769242899625048,868,0.6032058303786435,,aging,soundlife,MONO
UBP1,0.411052770701663,0.02793674916435825,868,0.6032058303786435,,aging,soundlife,MONO
USF1,0.3513059292867595,0.03167385664710509,868,0.6032058303786435,,aging,soundlife,MONO
USF2,0.4965462333532312,0.023108683640646815,868,0.6032058303786435,,aging,soundlife,MONO
USF3,0.41252631186702016,0.02784888498391631,868,0.6032058303786435,,aging,soundlife,MONO
VEZF1,0.18723843620044928,0.04480482542131057,868,0.6032058303786435,,aging,soundlife,MONO
XBP1,0.731945035029357,0.011642927102507604,868,0.7542045441447399,,aging,soundlife,MONO
XPA,0.338323042853263,0.032537405837989114,868,0.6032058303786435,,aging,soundlife,MONO
YBX1,0.0025338871875442413,0.10235875720376113,868,0.0429270300007495,,aging,soundlife,MONO
YBX3,0.8808805472741352,-0.00509365142908911,868,0.887040551101227,,aging,soundlife,MONO
YY1,0.5767676112318805,0.018969201385720322,868,0.6280116144982291,,aging,soundlife,MONO
ZBED1,0.817991198325404,0.007822254491744,868,0.8309751856004104,,aging,soundlife,MONO
ZBED4,0.3914663182664634,0.029122956937367016,868,0.6032058303786435,,aging,soundlife,MONO
ZBED5,0.42348328482859554,0.027201271317302936,868,0.6032058303786435,,aging,soundlife,MONO
ZBED6,0.21214227912280298,0.042391623993310576,868,0.6032058303786435,,aging,soundlife,MONO
ZBTB1,0.5082433151084098,0.02248489848256103,868,0.6032058303786435,,aging,soundlife,MONO
ZBTB10,0.5509196698153038,-0.020269673930346156,868,0.6079113597961974,,aging,soundlife,MONO
ZBTB11,0.3171885927201859,0.033989934397131986,868,0.6032058303786435,,aging,soundlife,MONO
ZBTB14,0.28517950350865,0.03631631884976797,868,0.6032058303786435,,aging,soundlife,MONO
ZBTB16,0.6199194656038116,0.016857227579785368,868,0.6600251611604353,,aging,soundlife,MONO
ZBTB17,0.559723896056225,0.019823472707054274,868,0.6152690155121863,,aging,soundlife,MONO
ZBTB18,0.39898127080027934,0.02866371158064831,868,0.6032058303786435,,aging,soundlife,MONO
ZBTB2,0.5318520842253743,0.02124825951764152,868,0.6036542208376724,,aging,soundlife,MONO
ZBTB20,0.32754959693239705,0.033270256486340154,868,0.6032058303786435,,aging,soundlife,MONO
ZBTB21,0.32026193685655413,0.03377488072976908,868,0.6032058303786435,,aging,soundlife,MONO
ZBTB24,0.26549634989097254,0.03783543679145384,868,0.6032058303786435,,aging,soundlife,MONO
ZBTB25,0.459010534790659,0.025165715924028366,868,0.6032058303786435,,aging,soundlife,MONO
ZBTB33,0.29602086465828115,0.03550975047553648,868,0.6032058303786435,,aging,soundlife,MONO
ZBTB37,0.3718808720033566,0.030345642353923608,868,0.6032058303786435,,aging,soundlife,MONO
ZBTB38,0.3725831206890591,0.030301126952102214,868,0.6032058303786435,,aging,soundlife,MONO
ZBTB4,0.02254582258957063,0.07741902629834774,868,0.22010836968801156,,aging,soundlife,MONO
ZBTB40,0.4794330964181165,0.024035597924754935,868,0.6032058303786435,,aging,soundlife,MONO
ZBTB43,0.31637843737784693,0.03404685091171832,868,0.6032058303786435,,aging,soundlife,MONO
ZBTB44,0.44061327169747744,0.02620807997497332,868,0.6032058303786435,,aging,soundlife,MONO
ZBTB7A,0.000741712475889136,0.11429931101262722,868,0.015258085218290798,,aging,soundlife,MONO
ZBTB7B,0.3603087849231327,0.03108684308486971,868,0.6032058303786435,,aging,soundlife,MONO
ZC3H8,0.29951207011219627,0.035254232436522044,868,0.6032058303786435,,aging,soundlife,MONO
ZEB2,0.25057686763479575,0.03903927251660772,868,0.6032058303786435,,aging,soundlife,MONO
ZFAT,0.4815292372612484,0.023921112688910926,868,0.6032058303786435,,aging,soundlife,MONO
ZFHX3,0.5973221974271677,0.017954579083331,868,0.6407031391397554,,aging,soundlife,MONO
ZFP14,0.41263473606715106,0.027842427219269085,868,0.6032058303786435,,aging,soundlife,MONO
ZFP90,0.4299176874346684,0.0268255267865348,868,0.6032058303786435,,aging,soundlife,MONO
ZFP91,0.48651143944053543,0.02365007947992614,868,0.6032058303786435,,aging,soundlife,MONO
ZFX,0.539500011639247,0.02085368366748959,868,0.6045758885295841,,aging,soundlife,MONO
ZFY,0.4676233135980473,0.024685792860025303,868,0.6032058303786435,,aging,soundlife,MONO
ZGPAT,0.3282758764298317,0.033220367268987284,868,0.6032058303786435,,aging,soundlife,MONO
ZHX1,0.1724125683657311,0.04635580044378815,868,0.6032058303786435,,aging,soundlife,MONO
ZHX2,0.4607797000268228,0.025066727486135802,868,0.6032058303786435,,aging,soundlife,MONO
ZKSCAN1,0.45472271839883727,0.025406517975895073,868,0.6032058303786435,,aging,soundlife,MONO
ZKSCAN8,0.42841021665706336,0.026913262362844366,868,0.6032058303786435,,aging,soundlife,MONO
ZMAT1,0.44835965361808927,0.025766232920163345,868,0.6032058303786435,,aging,soundlife,MONO
ZNF100,0.46386986505561534,0.024894333646684266,868,0.6032058303786435,,aging,soundlife,MONO
ZNF101,0.3821565548325695,0.02969936065868129,868,0.6032058303786435,,aging,soundlife,MONO
ZNF107,0.5349931655230462,0.021085860056477577,868,0.6036542208376724,,aging,soundlife,MONO
ZNF12,0.37525319662236645,0.0301323432143667,868,0.6032058303786435,,aging,soundlife,MONO
ZNF121,0.4224771120750177,0.027260328172092403,868,0.6032058303786435,,aging,soundlife,MONO
ZNF124,0.37963289667628564,0.029857084441032373,868,0.6032058303786435,,aging,soundlife,MONO
ZNF131,0.4893659263376069,0.02349546975478047,868,0.6032058303786435,,aging,soundlife,MONO
ZNF136,0.3923509439088354,0.02906862169143768,868,0.6032058303786435,,aging,soundlife,MONO
ZNF141,0.3559725367076567,0.03136841264669997,868,0.6032058303786435,,aging,soundlife,MONO
ZNF143,0.29220110874355515,0.035791632361688225,868,0.6032058303786435,,aging,soundlife,MONO
ZNF146,0.3328499660337103,0.03290779492524469,868,0.6032058303786435,,aging,soundlife,MONO
ZNF148,0.3972959578711006,0.028766245818190702,868,0.6032058303786435,,aging,soundlife,MONO
ZNF160,0.3285873815020255,0.033198991424984316,868,0.6032058303786435,,aging,soundlife,MONO
ZNF169,0.2195403242399272,0.041714569166392296,868,0.6032058303786435,,aging,soundlife,MONO
ZNF195,0.3711590466034852,0.030391452983078233,868,0.6032058303786435,,aging,soundlife,MONO
ZNF207,0.47727507047791506,0.02415374837837169,868,0.6032058303786435,,aging,soundlife,MONO
ZNF217,0.005404226963875731,0.09434897951499237,868,0.07592279832176636,,aging,soundlife,MONO
ZNF22,0.4397767561099184,0.02625605850235944,868,0.6032058303786435,,aging,soundlife,MONO
ZNF224,0.3446084211502394,0.032116750906993,868,0.6032058303786435,,aging,soundlife,MONO
ZNF236,0.4747454923060157,0.024292613283310612,868,0.6032058303786435,,aging,soundlife,MONO
ZNF24,0.2696319572804447,0.037510031592501894,868,0.6032058303786435,,aging,soundlife,MONO
ZNF25,0.10363130751506197,0.05527830921806571,868,0.6032058303786435,,aging,soundlife,MONO
ZNF254,0.43726437911174953,0.0264004717570095,868,0.6032058303786435,,aging,soundlife,MONO
ZNF26,0.8886538350187035,-0.004759005104624922,868,0.8933064728983826,,aging,soundlife,MONO
ZNF263,0.39226025717859136,0.029074188413167723,868,0.6032058303786435,,aging,soundlife,MONO
ZNF264,0.24093029472923438,0.03984444461740199,868,0.6032058303786435,,aging,soundlife,MONO
ZNF266,0.4469475170368009,0.025846454340738304,868,0.6032058303786435,,aging,soundlife,MONO
ZNF267,0.651690204623775,0.015343244617385133,868,0.6862405079767723,,aging,soundlife,MONO
ZNF274,0.3328468604435947,0.03290800620346216,868,0.6032058303786435,,aging,soundlife,MONO
ZNF276,0.47879849327893476,0.024070311854487297,868,0.6032058303786435,,aging,soundlife,MONO
ZNF277,0.46110403182234105,0.02504860348948008,868,0.6032058303786435,,aging,soundlife,MONO
ZNF280D,0.4631683954114667,0.024933410930908,868,0.6032058303786435,,aging,soundlife,MONO
ZNF281,0.3708964119234851,0.03040813477624944,868,0.6032058303786435,,aging,soundlife,MONO
ZNF292,0.46086171615915683,0.025062143667417502,868,0.6032058303786435,,aging,soundlife,MONO
ZNF296,0.00013978639792896076,0.12891646588462058,868,0.0047362920710047884,,aging,soundlife,MONO
ZNF3,0.3022771810758964,0.035053260921654415,868,0.6032058303786435,,aging,soundlife,MONO
ZNF302,0.4657117565381359,0.024791882083226975,868,0.6032058303786435,,aging,soundlife,MONO
ZNF316,0.7138394671603571,0.012464239021915196,868,0.73818946693782,,aging,soundlife,MONO
ZNF317,0.41330076528216464,0.027802780402459107,868,0.6032058303786435,,aging,soundlife,MONO
ZNF318,0.46761966809986855,0.024685994952233323,868,0.6032058303786435,,aging,soundlife,MONO
ZNF32,0.411997850503126,0.027880374624329796,868,0.6032058303786435,,aging,soundlife,MONO
ZNF326,0.5141718292982258,0.022171618816090356,868,0.6032058303786435,,aging,soundlife,MONO
ZNF331,0.2399139796008384,0.039930581828066296,868,0.6032058303786435,,aging,soundlife,MONO
ZNF333,0.4974111566853481,0.023062294292896496,868,0.6032058303786435,,aging,soundlife,MONO
ZNF335,0.4473170833714233,0.025825445937113552,868,0.6032058303786435,,aging,soundlife,MONO
ZNF33A,0.5288019021930765,0.02140642422844647,868,0.6032058303786435,,aging,soundlife,MONO
ZNF33B,0.4550707684871379,0.025386924217726474,868,0.6032058303786435,,aging,soundlife,MONO
ZNF34,0.3372275416669377,0.03261123379598303,868,0.6032058303786435,,aging,soundlife,MONO
ZNF350,0.5076561450409696,0.022516029868605746,868,0.6032058303786435,,aging,soundlife,MONO
ZNF354A,0.45809117490770423,0.025217240251064314,868,0.6032058303786435,,aging,soundlife,MONO
ZNF362,0.4497666957477149,0.025686443242032793,868,0.6032058303786435,,aging,soundlife,MONO
ZNF37A,0.378470947915189,0.029929920310005104,868,0.6032058303786435,,aging,soundlife,MONO
ZNF384,0.2790739342941448,0.03677968872473221,868,0.6032058303786435,,aging,soundlife,MONO
ZNF385A,0.011478400916299179,0.08576413926228985,868,0.13492977403649647,,aging,soundlife,MONO
ZNF394,0.30792766961432405,0.034646339074794294,868,0.6032058303786435,,aging,soundlife,MONO
ZNF395,0.16736227866471415,-0.04690679566294848,868,0.6032058303786435,,aging,soundlife,MONO
ZNF397,0.41591729990254045,0.027647389866509723,868,0.6032058303786435,,aging,soundlife,MONO
ZNF398,0.4668893945284732,0.02472649606792266,868,0.6032058303786435,,aging,soundlife,MONO
ZNF407,0.5366464133751359,0.021000577144692632,868,0.6037272150470279,,aging,soundlife,MONO
ZNF41,0.42162634762274953,0.027310327621558734,868,0.6032058303786435,,aging,soundlife,MONO
ZNF410,0.3458142258170004,0.03203661216050314,868,0.6032058303786435,,aging,soundlife,MONO
ZNF414,0.47984560714274904,0.024013046271541657,868,0.6032058303786435,,aging,soundlife,MONO
ZNF428,0.4539067837148434,0.02545248476721044,868,0.6032058303786435,,aging,soundlife,MONO
ZNF43,0.26076366915252736,0.038212127481195894,868,0.6032058303786435,,aging,soundlife,MONO
ZNF430,0.299875479275763,0.03522774917126181,868,0.6032058303786435,,aging,soundlife,MONO
ZNF431,0.5062125187766895,0.022592650373474146,868,0.6032058303786435,,aging,soundlife,MONO
ZNF438,0.34031827225166744,0.032403336029985956,868,0.6032058303786435,,aging,soundlife,MONO
ZNF44,0.4033260490892112,0.028400569153785804,868,0.6032058303786435,,aging,soundlife,MONO
ZNF445,0.6377054118734529,0.016005748805325886,868,0.6739785637414841,,aging,soundlife,MONO
ZNF451,0.49040183589981734,0.023439481027149142,868,0.6032058303786435,,aging,soundlife,MONO
ZNF460,0.6644571402315749,0.014743480874025506,868,0.6970042253539769,,aging,soundlife,MONO
ZNF467,0.00017562880000953496,-0.12700851334869248,868,0.005620121600305119,,aging,soundlife,MONO
ZNF480,0.43375783300352,0.026602830359304903,868,0.6032058303786435,,aging,soundlife,MONO
ZNF484,0.5455685253113622,0.020542581085259873,868,0.6067760359409623,,aging,soundlife,MONO
ZNF487,0.4018448462889692,0.028490086815929738,868,0.6032058303786435,,aging,soundlife,MONO
ZNF490,0.4860504726871767,0.02367509298367349,868,0.6032058303786435,,aging,soundlife,MONO
ZNF493,0.48264062401227525,0.02386052177054239,868,0.6032058303786435,,aging,soundlife,MONO
ZNF506,0.3530582054142769,0.03155886618074103,868,0.6032058303786435,,aging,soundlife,MONO
ZNF511,0.3776372905482416,0.029982262191882592,868,0.6032058303786435,,aging,soundlife,MONO
ZNF512,0.4116190174261941,0.02790296302158089,868,0.6032058303786435,,aging,soundlife,MONO
ZNF516,0.5256560496685634,0.021570036242858536,868,0.6032058303786435,,aging,soundlife,MONO
ZNF518A,0.4983815069872828,0.023010301479378315,868,0.6032058303786435,,aging,soundlife,MONO
ZNF518B,0.4248952802301834,0.027118532930137166,868,0.6032058303786435,,aging,soundlife,MONO
ZNF524,0.436127815493369,0.026465958818417817,868,0.6032058303786435,,aging,soundlife,MONO
ZNF561,0.2442519895091037,0.039564684699434464,868,0.6032058303786435,,aging,soundlife,MONO
ZNF562,0.41933462683815814,0.027445306844497985,868,0.6032058303786435,,aging,soundlife,MONO
ZNF564,0.4873961123977283,0.02360211013854947,868,0.6032058303786435,,aging,soundlife,MONO
ZNF580,0.0966038628807867,0.05643291711854753,868,0.6032058303786435,,aging,soundlife,MONO
ZNF581,0.5274257072806408,0.021477937312057608,868,0.6032058303786435,,aging,soundlife,MONO
ZNF585A,0.25213337958757,0.03891139407897759,868,0.6032058303786435,,aging,soundlife,MONO
ZNF586,0.5038036258505092,0.022720758461340675,868,0.6032058303786435,,aging,soundlife,MONO
ZNF587,0.3419015932398598,0.03229730192284102,868,0.6032058303786435,,aging,soundlife,MONO
ZNF592,0.4419359634732465,0.02613232295499374,868,0.6032058303786435,,aging,soundlife,MONO
ZNF598,0.5236737869259488,0.021673388035242467,868,0.6032058303786435,,aging,soundlife,MONO
ZNF600,0.31635466055884337,0.03404852276543923,868,0.6032058303786435,,aging,soundlife,MONO
ZNF609,0.48972661903651726,0.023475967856706425,868,0.6032058303786435,,aging,soundlife,MONO
ZNF611,0.44891821897011497,0.02573454118754184,868,0.6032058303786435,,aging,soundlife,MONO
ZNF621,0.4909114688717875,0.02341195974282044,868,0.6032058303786435,,aging,soundlife,MONO
ZNF639,0.45543807218480525,0.025366255696451578,868,0.6032058303786435,,aging,soundlife,MONO
ZNF641,0.41130904866687557,0.027921454458614825,868,0.6032058303786435,,aging,soundlife,MONO
ZNF644,0.43555818191998674,0.026498817174240175,868,0.6032058303786435,,aging,soundlife,MONO
ZNF652,0.5115661293958772,0.02230907826158259,868,0.6032058303786435,,aging,soundlife,MONO
ZNF654,0.4518385334220626,0.02556921138936159,868,0.6032058303786435,,aging,soundlife,MONO
ZNF655,0.2867825683837619,0.03619577084768333,868,0.6032058303786435,,aging,soundlife,MONO
ZNF664,0.34348079321928693,0.032191855720301234,868,0.6032058303786435,,aging,soundlife,MONO
ZNF672,0.2696806668767445,0.03750621939857785,868,0.6032058303786435,,aging,soundlife,MONO
ZNF675,0.2932008196179804,0.03571762068350519,868,0.6032058303786435,,aging,soundlife,MONO
ZNF687,0.31954934561937665,0.03382462297097066,868,0.6032058303786435,,aging,soundlife,MONO
ZNF688,0.28174816458115226,0.036575897104961744,868,0.6032058303786435,,aging,soundlife,MONO
ZNF689,0.2444723418031674,0.0395462208204289,868,0.6032058303786435,,aging,soundlife,MONO
ZNF699,0.27298398260788237,0.037248781483587214,868,0.6032058303786435,,aging,soundlife,MONO
ZNF7,0.37129127525163497,0.030383056970435897,868,0.6032058303786435,,aging,soundlife,MONO
ZNF700,0.4251883063776799,0.027101382650483737,868,0.6032058303786435,,aging,soundlife,MONO
ZNF703,2.1493544104183654e-05,0.143671319038352,868,0.001768611629144255,,aging,soundlife,MONO
ZNF706,0.0034236300143040896,0.09924300058659438,868,0.05329759157403124,,aging,soundlife,MONO
ZNF708,0.5335526779626829,0.02116027591907665,868,0.6036542208376724,,aging,soundlife,MONO
ZNF710,0.3695992498529651,0.030490634327169364,868,0.6032058303786435,,aging,soundlife,MONO
ZNF714,0.603148781575789,0.017669886278285873,868,0.6457503683785398,,aging,soundlife,MONO
ZNF721,0.3500776783003918,0.03175467515829466,868,0.6032058303786435,,aging,soundlife,MONO
ZNF736,0.332450578472014,0.03293497632722354,868,0.6032058303786435,,aging,soundlife,MONO
ZNF746,0.4825364356501294,0.023866198724385897,868,0.6032058303786435,,aging,soundlife,MONO
ZNF75A,0.3662226950149732,0.030706229969090157,868,0.6032058303786435,,aging,soundlife,MONO
ZNF75D,0.6412541910028144,0.01583706611369438,868,0.6764879377612109,,aging,soundlife,MONO
ZNF76,0.23409347343772705,0.040428913655018196,868,0.6032058303786435,,aging,soundlife,MONO
ZNF766,0.4489570903501724,0.025732336545272516,868,0.6032058303786435,,aging,soundlife,MONO
ZNF770,0.3833704285685239,0.029623723056824626,868,0.6032058303786435,,aging,soundlife,MONO
ZNF780B,0.6295770030282715,0.01639360968256584,868,0.6678385888476691,,aging,soundlife,MONO
ZNF787,0.4272558520780332,0.02698056825412488,868,0.6032058303786435,,aging,soundlife,MONO
ZNF789,0.37988773600836545,0.029841128342608155,868,0.6032058303786435,,aging,soundlife,MONO
ZNF791,0.4203236257930515,0.027387003242483866,868,0.6032058303786435,,aging,soundlife,MONO
ZNF800,0.37918685063268,0.029885028281796032,868,0.6032058303786435,,aging,soundlife,MONO
ZNF808,0.4307996632597685,0.026774278039782516,868,0.6032058303786435,,aging,soundlife,MONO
ZNF814,0.2155362466521099,0.04207894141745451,868,0.6032058303786435,,aging,soundlife,MONO
ZNF821,0.716103591716222,0.012361144437796021,868,0.7392037075780356,,aging,soundlife,MONO
ZNF83,0.4776800291740987,0.024131554979527178,868,0.6032058303786435,,aging,soundlife,MONO
ZNF830,0.37590177915780676,0.030091456286280224,868,0.6032058303786435,,aging,soundlife,MONO
ZNF841,0.26351857090293535,0.03799228790290665,868,0.6032058303786435,,aging,soundlife,MONO
ZNF846,0.4905756507407639,0.02343009292548561,868,0.6032058303786435,,aging,soundlife,MONO
ZNF880,0.4138484462015868,0.02777020681292988,868,0.6032058303786435,,aging,soundlife,MONO
ZNF91,0.38639287179106274,0.029436025325620216,868,0.6032058303786435,,aging,soundlife,MONO
ZNF92,0.41887681940101307,0.027472322898306634,868,0.6032058303786435,,aging,soundlife,MONO
ZSCAN16,3.64502757540057e-05,0.1396579055771929,868,0.0019816385961146186,,aging,soundlife,MONO
ZSCAN18,0.7786210201525916,0.009555268663601388,868,0.7965998358932376,,aging,soundlife,MONO
ZXDC,0.5070592908937266,0.02254769404319889,868,0.6032058303786435,,aging,soundlife,MONO
ZZZ3,0.28518401479327443,0.03631597896741812,868,0.6032058303786435,,aging,soundlife,MONO
