gene,p_value,slope,ctrl,condition,p_value_adj,age_group,dataset,comparison,cell_type
ADNP,2.690100843952959e-11,0.12417190930180888,PBS,IL-10,1.626870510390599e-10,All age groups,parsebioscience,IL-10,CD4T
AEBP2,1.1036810731421409e-15,0.263014208217706,PBS,IL-10,1.3349285360862083e-14,All age groups,parsebioscience,IL-10,CD4T
AHR,0.025495089495146152,-0.11887280722220359,PBS,IL-10,0.03270582187761173,All age groups,parsebioscience,IL-10,CD4T
AKAP8,0.017936987771932075,0.13951953563689204,PBS,IL-10,0.02372914007328514,All age groups,parsebioscience,IL-10,CD4T
AKNA,0.0017018454329831105,0.173402438572664,PBS,IL-10,0.002484303103320173,All age groups,parsebioscience,IL-10,CD4T
ARHGAP35,0.10577219233446383,0.08601204819889077,PBS,IL-10,0.12101863447276492,All age groups,parsebioscience,IL-10,CD4T
ARID2,6.753423883862307e-07,0.3810841038173434,PBS,IL-10,2.0919142274402757e-06,All age groups,parsebioscience,IL-10,CD4T
ARID5A,0.4581085653511876,-0.022570568596145466,PBS,IL-10,0.47688350655410516,All age groups,parsebioscience,IL-10,CD4T
ASH1L,1.277683280512842e-10,0.4147199624485638,PBS,IL-10,7.05503376631004e-10,All age groups,parsebioscience,IL-10,CD4T
ATF1,0.00011087212111824139,-0.13375475549945925,PBS,IL-10,0.00020860384269654305,All age groups,parsebioscience,IL-10,CD4T
ATF2,0.00018486322282831072,0.2744254408066165,PBS,IL-10,0.00031942352788021035,All age groups,parsebioscience,IL-10,CD4T
ATF3,0.0022252547178969167,-0.08636752854292853,PBS,IL-10,0.003193303380484841,All age groups,parsebioscience,IL-10,CD4T
ATF4,1.575911212760463e-12,-0.7513386836959881,PBS,IL-10,1.2129740849732048e-11,All age groups,parsebioscience,IL-10,CD4T
ATF6,7.695856480453579e-07,0.17083375018817196,PBS,IL-10,2.3551175253436257e-06,All age groups,parsebioscience,IL-10,CD4T
BACH1,0.0001257461804029602,0.2597501173120941,PBS,IL-10,0.00022978079008886248,All age groups,parsebioscience,IL-10,CD4T
BACH2,6.88506879174187e-16,0.7346909766219161,PBS,IL-10,9.204249858433868e-15,All age groups,parsebioscience,IL-10,CD4T
BATF,7.519657638458241e-20,-0.7277714255400519,PBS,IL-10,3.819986080336786e-18,All age groups,parsebioscience,IL-10,CD4T
BCL11B,7.659272556150577e-15,0.705364384560142,PBS,IL-10,8.106063455259362e-14,All age groups,parsebioscience,IL-10,CD4T
BHLHE40,8.167984918928832e-16,-0.5731987375479174,PBS,IL-10,1.0373340847039617e-14,All age groups,parsebioscience,IL-10,CD4T
CAMTA1,4.799948911768155e-08,-0.1798255604977414,PBS,IL-10,1.670119210396043e-07,All age groups,parsebioscience,IL-10,CD4T
CC2D1A,0.21264763654498542,0.028137522718931617,PBS,IL-10,0.23181330335805275,All age groups,parsebioscience,IL-10,CD4T
CDC5L,0.07455812846783214,-0.06879934976316159,PBS,IL-10,0.08687047995793286,All age groups,parsebioscience,IL-10,CD4T
CEBPB,1.1802386478542502e-07,-0.2650643932282874,PBS,IL-10,3.879249367912709e-07,All age groups,parsebioscience,IL-10,CD4T
CEBPD,0.19540888839055348,0.06436391043090277,PBS,IL-10,0.21579938109217647,All age groups,parsebioscience,IL-10,CD4T
CEBPZ,0.4053663497817327,-0.02721187368524433,PBS,IL-10,0.42723258441726186,All age groups,parsebioscience,IL-10,CD4T
CLOCK,0.02460629846765061,0.14726108821656006,PBS,IL-10,0.03205128108093977,All age groups,parsebioscience,IL-10,CD4T
CREB1,0.05399508377600493,0.085032574510176,PBS,IL-10,0.06469222301464743,All age groups,parsebioscience,IL-10,CD4T
CREB3,1.1736024798040764e-06,-0.20043317272377537,PBS,IL-10,3.4662212775608768e-06,All age groups,parsebioscience,IL-10,CD4T
CREB3L2,0.06399127733880898,-0.0722553067599224,PBS,IL-10,0.0761404398642242,All age groups,parsebioscience,IL-10,CD4T
CREM,0.06567082661235062,0.09722462668269363,PBS,IL-10,0.07722402759044933,All age groups,parsebioscience,IL-10,CD4T
CTCF,0.0012705830796823137,0.15172154161558218,PBS,IL-10,0.0018872988435047232,All age groups,parsebioscience,IL-10,CD4T
CUX1,3.554544889734249e-06,0.2697103656012826,PBS,IL-10,9.813634804266296e-06,All age groups,parsebioscience,IL-10,CD4T
DDIT3,0.06414981941316526,-0.08226915178266483,PBS,IL-10,0.0761404398642242,All age groups,parsebioscience,IL-10,CD4T
DMTF1,2.9047389281662394e-05,0.23139821135388794,PBS,IL-10,6.252573625035803e-05,All age groups,parsebioscience,IL-10,CD4T
DNMT1,1.1912655539259501e-07,-0.28599139784089456,PBS,IL-10,3.879249367912709e-07,All age groups,parsebioscience,IL-10,CD4T
DR1,0.00012125151072065993,-0.18725297415463846,PBS,IL-10,0.0002231730704568668,All age groups,parsebioscience,IL-10,CD4T
DRAP1,1.5378364130494438e-17,-1.3620695588802707,PBS,IL-10,3.004695760881221e-16,All age groups,parsebioscience,IL-10,CD4T
E2F2,0.06540578616950536,-0.05637744955419129,PBS,IL-10,0.07722402759044933,All age groups,parsebioscience,IL-10,CD4T
E2F4,2.0696097033324134e-07,-0.25024639997066134,PBS,IL-10,6.489887217857197e-07,All age groups,parsebioscience,IL-10,CD4T
EEA1,0.0003117372082616444,0.08385400642501063,PBS,IL-10,0.0005209292822266952,All age groups,parsebioscience,IL-10,CD4T
EGR1,0.0015715562348670767,-0.12311788440681416,PBS,IL-10,0.0023207865328851015,All age groups,parsebioscience,IL-10,CD4T
ELF1,0.0023108046329011105,0.2042558130819825,PBS,IL-10,0.0032790188645635873,All age groups,parsebioscience,IL-10,CD4T
ELF2,6.879017675444802e-05,0.1910263488425354,PBS,IL-10,0.00013867226107642695,All age groups,parsebioscience,IL-10,CD4T
ELF4,0.00447111112050761,0.20308769576611016,PBS,IL-10,0.006309234581160739,All age groups,parsebioscience,IL-10,CD4T
ELK3,0.006855039599516785,-0.11105274046564416,PBS,IL-10,0.009411784098796018,All age groups,parsebioscience,IL-10,CD4T
ELK4,4.654631952653229e-06,0.1602162728378657,PBS,IL-10,1.2445015957620212e-05,All age groups,parsebioscience,IL-10,CD4T
EOMES,0.33869519266089243,-0.037466128065131624,PBS,IL-10,0.36146461737759106,All age groups,parsebioscience,IL-10,CD4T
ETS1,1.6478159636626246e-09,0.574564219424854,PBS,IL-10,7.609913723096485e-09,All age groups,parsebioscience,IL-10,CD4T
ETV3,0.0010617310591028554,0.128595531325721,PBS,IL-10,0.001586351111836031,All age groups,parsebioscience,IL-10,CD4T
ETV6,0.8289088517419049,-0.01125775430237595,PBS,IL-10,0.8388161288543579,All age groups,parsebioscience,IL-10,CD4T
ETV7,1.4111650841214904e-23,-0.47470625770163066,PBS,IL-10,2.547968559701451e-21,All age groups,parsebioscience,IL-10,CD4T
FLI1,1.6003196187827325e-18,-0.38471740849404856,PBS,IL-10,5.081014789635176e-17,All age groups,parsebioscience,IL-10,CD4T
FOS,0.7096980375032488,-0.019626615955570765,PBS,IL-10,0.7268681513138112,All age groups,parsebioscience,IL-10,CD4T
FOSB,0.13844046550011563,0.07426023466230067,PBS,IL-10,0.15698159927245253,All age groups,parsebioscience,IL-10,CD4T
FOSL2,0.9175112712848951,-0.004960439364815417,PBS,IL-10,0.921137798048867,All age groups,parsebioscience,IL-10,CD4T
FOXJ3,0.0019711990803628066,0.19172745934526983,PBS,IL-10,0.002861054665212302,All age groups,parsebioscience,IL-10,CD4T
FOXK1,0.0001495852596084402,0.10109821746770146,PBS,IL-10,0.0002638517773648876,All age groups,parsebioscience,IL-10,CD4T
FOXO1,8.949641010060916e-11,0.37040022776757064,PBS,IL-10,5.166383673989711e-10,All age groups,parsebioscience,IL-10,CD4T
FOXP1,1.2868537647632445e-17,1.1112368478839791,PBS,IL-10,2.7238404687488676e-16,All age groups,parsebioscience,IL-10,CD4T
GATA3,2.0062744564578353e-23,-0.9927253369098012,PBS,IL-10,2.547968559701451e-21,All age groups,parsebioscience,IL-10,CD4T
GATAD2A,0.00032738295561048547,0.16854884413595592,PBS,IL-10,0.0005432286445590914,All age groups,parsebioscience,IL-10,CD4T
GATAD2B,3.151142879728275e-05,0.29790463182311716,PBS,IL-10,6.725968835722537e-05,All age groups,parsebioscience,IL-10,CD4T
GFI1,0.14490039475312697,0.0431940965006341,PBS,IL-10,0.16285265604997456,All age groups,parsebioscience,IL-10,CD4T
GFI1B,0.17570269665590987,-0.035706027380952035,PBS,IL-10,0.19488421375808346,All age groups,parsebioscience,IL-10,CD4T
GTF2I,0.006012886203105097,0.16447050776526675,PBS,IL-10,0.00830039725863421,All age groups,parsebioscience,IL-10,CD4T
GTF3A,7.797154435076365e-13,-1.0339401445726555,PBS,IL-10,6.601590755031323e-12,All age groups,parsebioscience,IL-10,CD4T
HBP1,1.5704684472689022e-08,0.281987071975445,PBS,IL-10,6.253359306299146e-08,All age groups,parsebioscience,IL-10,CD4T
HIF1A,0.0174194070187143,0.050298901782501924,PBS,IL-10,0.02316507530237399,All age groups,parsebioscience,IL-10,CD4T
HIVEP1,1.508852244300434e-12,0.286980905277569,PBS,IL-10,1.1976514689134695e-11,All age groups,parsebioscience,IL-10,CD4T
HLF,2.4587993147559484e-06,-0.19641116132039527,PBS,IL-10,7.01724748256192e-06,All age groups,parsebioscience,IL-10,CD4T
HMBOX1,0.00014950330625180315,0.2282916700590345,PBS,IL-10,0.0002638517773648876,All age groups,parsebioscience,IL-10,CD4T
HMG20B,6.145367660385008e-06,-0.1872246069608875,PBS,IL-10,1.5766902886240326e-05,All age groups,parsebioscience,IL-10,CD4T
HSF1,3.2871224897230286e-08,-0.19418082596405567,PBS,IL-10,1.192755874842356e-07,All age groups,parsebioscience,IL-10,CD4T
HSF2,0.04886146151601695,-0.05313963137705379,PBS,IL-10,0.058819010545347425,All age groups,parsebioscience,IL-10,CD4T
IKZF1,2.352918775557219e-12,0.543643449331335,PBS,IL-10,1.75776873232804e-11,All age groups,parsebioscience,IL-10,CD4T
IKZF2,5.101825730431838e-06,0.21850780553954696,PBS,IL-10,1.3359419953914297e-05,All age groups,parsebioscience,IL-10,CD4T
IKZF3,0.13927073811101065,0.1156100617428935,PBS,IL-10,0.15722118880087424,All age groups,parsebioscience,IL-10,CD4T
IKZF5,8.734786297336966e-14,0.3587876577493819,PBS,IL-10,8.217169331568849e-13,All age groups,parsebioscience,IL-10,CD4T
IRF1,1.6345768862410332e-21,-1.099501529811169,PBS,IL-10,1.3839417636840747e-19,All age groups,parsebioscience,IL-10,CD4T
IRF2,2.2055661864906217e-19,-0.5772666928518924,PBS,IL-10,9.336896856143632e-18,All age groups,parsebioscience,IL-10,CD4T
IRF3,2.945643641569224e-16,-0.5819368705703784,PBS,IL-10,4.6762092809911434e-15,All age groups,parsebioscience,IL-10,CD4T
IRF4,0.004846949889017568,-0.06377867428439422,PBS,IL-10,0.006801797081825758,All age groups,parsebioscience,IL-10,CD4T
IRF5,5.004858080586882e-06,-0.1626300765495146,PBS,IL-10,1.3242020338219457e-05,All age groups,parsebioscience,IL-10,CD4T
IRF7,2.713104197029202e-17,-2.9139231681813724,PBS,IL-10,4.922346186038695e-16,All age groups,parsebioscience,IL-10,CD4T
IRF9,2.187077067103704e-18,-2.0698058843684666,PBS,IL-10,6.172417500492675e-17,All age groups,parsebioscience,IL-10,CD4T
JUN,3.210198930909249e-05,-0.22309054476101764,PBS,IL-10,6.794921070424577e-05,All age groups,parsebioscience,IL-10,CD4T
JUNB,0.5453212301948788,0.035699954130809286,PBS,IL-10,0.5653534386510172,All age groups,parsebioscience,IL-10,CD4T
JUND,0.005487109718527439,-0.1395864548493003,PBS,IL-10,0.007657834442340493,All age groups,parsebioscience,IL-10,CD4T
KAT7,0.0009645059214904052,0.25946074309320355,PBS,IL-10,0.0014582410955866838,All age groups,parsebioscience,IL-10,CD4T
KDM2A,2.5453169523379664e-09,0.38343948101086905,PBS,IL-10,1.1544830462390062e-08,All age groups,parsebioscience,IL-10,CD4T
KDM5B,3.675971243934837e-05,0.16041221004341924,PBS,IL-10,7.653251606224989e-05,All age groups,parsebioscience,IL-10,CD4T
KLF10,6.840505240132934e-15,-0.38139887544722784,PBS,IL-10,7.55429709127724e-14,All age groups,parsebioscience,IL-10,CD4T
KLF12,1.5593757408021896e-07,0.4621173814599722,PBS,IL-10,5.013689090680458e-07,All age groups,parsebioscience,IL-10,CD4T
KLF13,0.00045963603136807803,0.19608507941728126,PBS,IL-10,0.0007483817433813578,All age groups,parsebioscience,IL-10,CD4T
KLF2,0.03500923683794602,-0.10120099223782777,PBS,IL-10,0.04337729832604043,All age groups,parsebioscience,IL-10,CD4T
KLF3,9.28913612750102e-12,0.31116995607467207,PBS,IL-10,6.376866422662863e-11,All age groups,parsebioscience,IL-10,CD4T
KLF6,1.1673853053587176e-20,-0.9425280769505778,PBS,IL-10,7.412896689027857e-19,All age groups,parsebioscience,IL-10,CD4T
KLF7,1.3070462357992691e-11,0.19648232637594654,PBS,IL-10,8.512557535718316e-11,All age groups,parsebioscience,IL-10,CD4T
KLF8,0.031780789302878934,-0.08454561592954908,PBS,IL-10,0.03976512553168103,All age groups,parsebioscience,IL-10,CD4T
KLF9,9.184066834356929e-06,0.16373716883043,PBS,IL-10,2.2007103546477925e-05,All age groups,parsebioscience,IL-10,CD4T
KMT2A,0.034931961421323536,0.13629086586520883,PBS,IL-10,0.04337729832604043,All age groups,parsebioscience,IL-10,CD4T
LCOR,6.7491980626532475e-06,0.36800727971241537,PBS,IL-10,1.6806826548175733e-05,All age groups,parsebioscience,IL-10,CD4T
LEF1,1.2044085807068388e-16,0.7418445338575727,PBS,IL-10,2.0394651966635803e-15,All age groups,parsebioscience,IL-10,CD4T
MAF,9.118939492313313e-19,-0.5378893872298813,PBS,IL-10,3.308872330067974e-17,All age groups,parsebioscience,IL-10,CD4T
MAFF,0.7995162940235953,-0.01047607699793878,PBS,IL-10,0.8123085547279728,All age groups,parsebioscience,IL-10,CD4T
MAX,4.019380769814436e-08,-0.28602596274411046,PBS,IL-10,1.437919317651925e-07,All age groups,parsebioscience,IL-10,CD4T
MAZ,4.241454189831968e-08,-0.3319469154157879,PBS,IL-10,1.4962907836351667e-07,All age groups,parsebioscience,IL-10,CD4T
MBD2,0.00020141281969924537,-0.1175431889021479,PBS,IL-10,0.00034334802821213645,All age groups,parsebioscience,IL-10,CD4T
MBD4,0.03686298854021339,-0.05925311927962775,PBS,IL-10,0.04545242276317573,All age groups,parsebioscience,IL-10,CD4T
MEF2A,1.0079032071565503e-09,0.2287966377792254,PBS,IL-10,4.815416179578431e-09,All age groups,parsebioscience,IL-10,CD4T
MEF2D,0.00014376584440680039,0.26032069235415567,PBS,IL-10,0.0002571586230938542,All age groups,parsebioscience,IL-10,CD4T
MGA,0.0010098899020736063,0.2617470046410953,PBS,IL-10,0.0015178226930573726,All age groups,parsebioscience,IL-10,CD4T
MLX,4.2073959048976195e-11,-0.18139495489729063,PBS,IL-10,2.4852989763813847e-10,All age groups,parsebioscience,IL-10,CD4T
MSC,1.0237498964458083e-09,-0.23596520337000604,PBS,IL-10,4.815416179578431e-09,All age groups,parsebioscience,IL-10,CD4T
MTF2,0.09078871098267535,0.038390556776596536,PBS,IL-10,0.10529832232693853,All age groups,parsebioscience,IL-10,CD4T
MXD4,0.00018667054079135763,-0.12571977599980752,PBS,IL-10,0.00032036700919597867,All age groups,parsebioscience,IL-10,CD4T
MXI1,3.3803131722473016e-12,0.22417901501895132,PBS,IL-10,2.4531415592880416e-11,All age groups,parsebioscience,IL-10,CD4T
MYBL1,0.030266137636112987,0.09105850320767803,PBS,IL-10,0.038437994797863494,All age groups,parsebioscience,IL-10,CD4T
MYC,8.195274264910892e-05,-0.3395695934388007,PBS,IL-10,0.00016232513470692086,All age groups,parsebioscience,IL-10,CD4T
NCOA1,0.0016821802132438567,0.2675362523540276,PBS,IL-10,0.002469790602103697,All age groups,parsebioscience,IL-10,CD4T
NCOA2,0.00030783917365522965,0.20567344511720845,PBS,IL-10,0.000517822186148532,All age groups,parsebioscience,IL-10,CD4T
NCOA3,2.0143869507064347e-11,0.2974085046438405,PBS,IL-10,1.2479372816571573e-10,All age groups,parsebioscience,IL-10,CD4T
NFAT5,0.0020467304425325597,0.26247820911213365,PBS,IL-10,0.002953804161382217,All age groups,parsebioscience,IL-10,CD4T
NFATC1,1.8091876583159593e-07,0.2887196200495091,PBS,IL-10,5.744170815153171e-07,All age groups,parsebioscience,IL-10,CD4T
NFATC2,0.00010881738256249076,-0.21500767888731284,PBS,IL-10,0.00020781665542009514,All age groups,parsebioscience,IL-10,CD4T
NFATC3,1.567410608129574e-05,0.32144490074693854,PBS,IL-10,3.5232061457071844e-05,All age groups,parsebioscience,IL-10,CD4T
NFE2L2,2.9975611662554946e-09,0.23005106369664372,PBS,IL-10,1.3357553267173608e-08,All age groups,parsebioscience,IL-10,CD4T
NFKB1,0.00012074542916432094,0.19181107001201103,PBS,IL-10,0.0002231730704568668,All age groups,parsebioscience,IL-10,CD4T
NFKB2,3.0507341914727447e-06,-0.20648197771800483,PBS,IL-10,8.609849829267525e-06,All age groups,parsebioscience,IL-10,CD4T
NFYC,0.25241138925509743,0.03518946539143043,PBS,IL-10,0.27281911859912655,All age groups,parsebioscience,IL-10,CD4T
NR1D2,2.4963351743886032e-08,0.3128129252969506,PBS,IL-10,9.324546092569193e-08,All age groups,parsebioscience,IL-10,CD4T
NR1H2,0.046074023216058003,-0.067030587011923,PBS,IL-10,0.05599426744918054,All age groups,parsebioscience,IL-10,CD4T
NR2C1,0.1033153642256914,0.038153680862354884,PBS,IL-10,0.11928228415148007,All age groups,parsebioscience,IL-10,CD4T
NR2C2,0.00011483262836576845,0.31256643467458234,PBS,IL-10,0.00021446682062430282,All age groups,parsebioscience,IL-10,CD4T
NR3C1,1.365563001527389e-05,-0.1951783553662568,PBS,IL-10,3.124801823314926e-05,All age groups,parsebioscience,IL-10,CD4T
NR3C2,1.506351035984426e-11,0.2941042642772549,PBS,IL-10,9.565329078501105e-11,All age groups,parsebioscience,IL-10,CD4T
NR4A1,0.012978552856256606,-0.11264116582999283,PBS,IL-10,0.017534853327070096,All age groups,parsebioscience,IL-10,CD4T
NR4A2,7.023010469102549e-06,0.23673215604164616,PBS,IL-10,1.7318880185942207e-05,All age groups,parsebioscience,IL-10,CD4T
PBX1,0.3305430489023593,0.029200008771107434,PBS,IL-10,0.35425288785316145,All age groups,parsebioscience,IL-10,CD4T
PHF20,1.0173729836811982e-07,-0.2821819266118644,PBS,IL-10,3.445503171400325e-07,All age groups,parsebioscience,IL-10,CD4T
PHF21A,0.0006404005341694252,0.2396039183552903,PBS,IL-10,0.0010040847881421853,All age groups,parsebioscience,IL-10,CD4T
PLAG1,1.250096740440674e-05,0.11246464091104652,PBS,IL-10,2.9130694685498274e-05,All age groups,parsebioscience,IL-10,CD4T
POU2F2,4.279772717118447e-06,-0.19272188983453367,PBS,IL-10,1.156449223561793e-05,All age groups,parsebioscience,IL-10,CD4T
PRDM1,3.5688472279254076e-16,-0.7163076216570939,PBS,IL-10,5.0360399771836306e-15,All age groups,parsebioscience,IL-10,CD4T
PRDM2,0.0008062121398789388,0.16315048323307915,PBS,IL-10,0.0012486456312759174,All age groups,parsebioscience,IL-10,CD4T
RARA,2.2046463381462568e-14,-0.3210121765630088,PBS,IL-10,2.2399206795565967e-13,All age groups,parsebioscience,IL-10,CD4T
RARG,0.23374896874588658,-0.05548418432352828,PBS,IL-10,0.25372751308314184,All age groups,parsebioscience,IL-10,CD4T
RBPJ,5.6093430759502474e-09,-0.2614013792351517,PBS,IL-10,2.3746219021522713e-08,All age groups,parsebioscience,IL-10,CD4T
REL,0.37347303954260525,-0.04513317029312161,PBS,IL-10,0.3952589668492572,All age groups,parsebioscience,IL-10,CD4T
RELA,0.031191757002836273,-0.08030333411388618,PBS,IL-10,0.03941644914786275,All age groups,parsebioscience,IL-10,CD4T
RELB,0.00010771892347064833,-0.19905374571011294,PBS,IL-10,0.00020727732243594452,All age groups,parsebioscience,IL-10,CD4T
REST,1.421254413828909e-05,-0.23131765810553853,PBS,IL-10,3.223201974219133e-05,All age groups,parsebioscience,IL-10,CD4T
RFX3,1.575649588988761e-08,0.4077558424862539,PBS,IL-10,6.253359306299146e-08,All age groups,parsebioscience,IL-10,CD4T
RLF,2.053385540739977e-08,0.40394641916510365,PBS,IL-10,8.023998882276218e-08,All age groups,parsebioscience,IL-10,CD4T
RORA,0.0005097393147123755,-0.2422639667680589,PBS,IL-10,0.0008143005404839205,All age groups,parsebioscience,IL-10,CD4T
RORC,0.14622459835039484,-0.05902924522165727,PBS,IL-10,0.16361695145815106,All age groups,parsebioscience,IL-10,CD4T
RREB1,9.955225393913505e-06,0.2603145455030226,PBS,IL-10,2.343047117368161e-05,All age groups,parsebioscience,IL-10,CD4T
RUNX1,1.0695936764572168e-07,0.4322414669100239,PBS,IL-10,3.5746946555280663e-07,All age groups,parsebioscience,IL-10,CD4T
RUNX2,0.02509239840824753,0.07082880308175264,PBS,IL-10,0.03251769997803507,All age groups,parsebioscience,IL-10,CD4T
RUNX3,4.238035882671113e-09,-0.2740710774356475,PBS,IL-10,1.824510363048242e-08,All age groups,parsebioscience,IL-10,CD4T
RXRA,0.34333280186278103,0.028374303012661355,PBS,IL-10,0.36488088566170035,All age groups,parsebioscience,IL-10,CD4T
SAFB,0.13430268563711223,-0.047326635787989096,PBS,IL-10,0.15297256570325787,All age groups,parsebioscience,IL-10,CD4T
SAFB2,0.26098132674937546,-0.04193267347360986,PBS,IL-10,0.2808866821794126,All age groups,parsebioscience,IL-10,CD4T
SATB1,4.285416852578907e-15,0.4370994851839432,PBS,IL-10,4.947708547977465e-14,All age groups,parsebioscience,IL-10,CD4T
SKI,2.6046717372482402e-05,0.2832840019803997,PBS,IL-10,5.6545865065047266e-05,All age groups,parsebioscience,IL-10,CD4T
SKIL,0.04033400227974826,0.10754457772696722,PBS,IL-10,0.04925402201469259,All age groups,parsebioscience,IL-10,CD4T
SMAD3,0.8616726572723157,0.010934717627443986,PBS,IL-10,0.8685113291554293,All age groups,parsebioscience,IL-10,CD4T
SMAD5,0.4180950841146258,-0.03485350382644301,PBS,IL-10,0.4388270717566734,All age groups,parsebioscience,IL-10,CD4T
SNAI3,2.5682284827336208e-08,-0.2760912085919205,PBS,IL-10,9.454058472671589e-08,All age groups,parsebioscience,IL-10,CD4T
SOX13,8.279460205746972e-05,-0.19094461490562886,PBS,IL-10,0.00016232513470692086,All age groups,parsebioscience,IL-10,CD4T
SOX4,9.852698912931424e-09,0.2566286746267229,PBS,IL-10,4.0364282643299706e-08,All age groups,parsebioscience,IL-10,CD4T
SP1,0.0008896417655040789,0.21380957745013812,PBS,IL-10,0.0013612590869761208,All age groups,parsebioscience,IL-10,CD4T
SP110,4.452853101859538e-18,-0.7444953571856043,PBS,IL-10,1.1310246878723227e-16,All age groups,parsebioscience,IL-10,CD4T
SP140L,6.36785627696047e-06,-0.16396990608232312,PBS,IL-10,1.6014212815326328e-05,All age groups,parsebioscience,IL-10,CD4T
SP3,2.0856470497916035e-08,0.3851289120172982,PBS,IL-10,8.026581070410111e-08,All age groups,parsebioscience,IL-10,CD4T
SP4,9.96256254628982e-06,0.3188072789788553,PBS,IL-10,2.343047117368161e-05,All age groups,parsebioscience,IL-10,CD4T
SPEN,3.921359153724725e-09,0.40392683020233927,PBS,IL-10,1.7172848707691037e-08,All age groups,parsebioscience,IL-10,CD4T
SREBF1,1.1555321113810093e-06,0.1886384982231664,PBS,IL-10,3.453001838715016e-06,All age groups,parsebioscience,IL-10,CD4T
SREBF2,0.0001567180466440458,0.2822147133059946,PBS,IL-10,0.0002745267851557768,All age groups,parsebioscience,IL-10,CD4T
STAT1,7.680276170417438e-18,-2.6279225525760346,PBS,IL-10,1.7734455884418448e-16,All age groups,parsebioscience,IL-10,CD4T
STAT2,9.265262566630141e-09,-0.630494882463346,PBS,IL-10,3.857994576924682e-08,All age groups,parsebioscience,IL-10,CD4T
STAT3,1.793499429030268e-13,0.38894164475564263,PBS,IL-10,1.5708581205989243e-12,All age groups,parsebioscience,IL-10,CD4T
STAT4,0.0004825125748154193,0.1700070617793307,PBS,IL-10,0.0007806254395102962,All age groups,parsebioscience,IL-10,CD4T
STAT5A,0.594157920223267,-0.0181741333519561,PBS,IL-10,0.6134801290110156,All age groups,parsebioscience,IL-10,CD4T
STAT5B,8.307979335393587e-05,0.2627116279227439,PBS,IL-10,0.00016232513470692086,All age groups,parsebioscience,IL-10,CD4T
STAT6,0.17308966657196323,0.050913728401322245,PBS,IL-10,0.19282796188280116,All age groups,parsebioscience,IL-10,CD4T
TBPL1,0.0001385471382427224,-0.12195200225444439,PBS,IL-10,0.0002495813696003652,All age groups,parsebioscience,IL-10,CD4T
TBX21,5.463181272979792e-06,-0.21817241233432133,PBS,IL-10,1.4159673911600687e-05,All age groups,parsebioscience,IL-10,CD4T
TCF12,0.00011040471337110914,0.3517288199641191,PBS,IL-10,0.00020860384269654305,All age groups,parsebioscience,IL-10,CD4T
TCF7,3.311017352995871e-16,0.6083696378994974,PBS,IL-10,4.9470494568291246e-15,All age groups,parsebioscience,IL-10,CD4T
TFDP1,0.002262991934503216,0.07835510847389637,PBS,IL-10,0.0032292132099090835,All age groups,parsebioscience,IL-10,CD4T
TFDP2,2.536164988858095e-10,0.19095515198922292,PBS,IL-10,1.3420539732707419e-09,All age groups,parsebioscience,IL-10,CD4T
TFE3,0.0008646760976098433,0.2030860447948093,PBS,IL-10,0.0013310771441993952,All age groups,parsebioscience,IL-10,CD4T
TGIF1,1.3172998403240179e-05,-0.1668307278971873,PBS,IL-10,3.041765085839096e-05,All age groups,parsebioscience,IL-10,CD4T
THAP11,0.03803255421595094,-0.07670216070729602,PBS,IL-10,0.046667965076577486,All age groups,parsebioscience,IL-10,CD4T
THRA,7.013623516232425e-08,0.12383794672941106,PBS,IL-10,2.4073788825986975e-07,All age groups,parsebioscience,IL-10,CD4T
TRERF1,5.0588797831617996e-05,0.14736644202884966,PBS,IL-10,0.0001036254407196046,All age groups,parsebioscience,IL-10,CD4T
TRPS1,0.027032288563193924,0.09319092866395288,PBS,IL-10,0.034503524095734955,All age groups,parsebioscience,IL-10,CD4T
USF2,1.2554102300802482e-06,-0.11151284721870487,PBS,IL-10,3.665220671728541e-06,All age groups,parsebioscience,IL-10,CD4T
XBP1,9.357568605334832e-13,-0.5540534679943218,PBS,IL-10,7.667169115338861e-12,All age groups,parsebioscience,IL-10,CD4T
YBX1,2.4219145988513376e-14,-0.6106120636267305,PBS,IL-10,2.3660242619547683e-13,All age groups,parsebioscience,IL-10,CD4T
YBX3,0.013761294372911365,0.07543013719561331,PBS,IL-10,0.018396677740628878,All age groups,parsebioscience,IL-10,CD4T
YY1,6.662248534774562e-10,-0.3162789207865409,PBS,IL-10,3.2542521689091133e-09,All age groups,parsebioscience,IL-10,CD4T
ZBTB1,8.474533516417298e-06,0.19554342397127614,PBS,IL-10,2.050030012542851e-05,All age groups,parsebioscience,IL-10,CD4T
ZBTB10,0.008526193959825934,0.12085407751879572,PBS,IL-10,0.011643297127934339,All age groups,parsebioscience,IL-10,CD4T
ZBTB11,0.00013321900535853023,0.28829791967330903,PBS,IL-10,0.0002416973382933334,All age groups,parsebioscience,IL-10,CD4T
ZBTB20,3.2782115752392754e-10,0.5321660532809582,PBS,IL-10,1.6993178369607674e-09,All age groups,parsebioscience,IL-10,CD4T
ZBTB21,3.5301707816534564e-05,0.22231621317769976,PBS,IL-10,7.410441144958495e-05,All age groups,parsebioscience,IL-10,CD4T
ZBTB25,6.33181652419066e-06,0.3128069685772279,PBS,IL-10,1.6014212815326328e-05,All age groups,parsebioscience,IL-10,CD4T
ZBTB40,3.101012535977871e-06,0.3045440933651492,PBS,IL-10,8.655573452070102e-06,All age groups,parsebioscience,IL-10,CD4T
ZBTB44,5.8197158949047946e-05,0.2179667027250725,PBS,IL-10,0.00011825662698446542,All age groups,parsebioscience,IL-10,CD4T
ZBTB7A,7.348240006400831e-06,-0.1527325811120966,PBS,IL-10,1.7946663092555877e-05,All age groups,parsebioscience,IL-10,CD4T
ZBTB7B,0.0005771624765686764,-0.16002274279717119,PBS,IL-10,0.0009162454315527739,All age groups,parsebioscience,IL-10,CD4T
ZEB1,5.538802839418791e-12,0.5153400684662967,PBS,IL-10,3.9079331144788134e-11,All age groups,parsebioscience,IL-10,CD4T
ZEB2,0.9434700310761153,-0.003828366768633568,PBS,IL-10,0.9434700310761153,All age groups,parsebioscience,IL-10,CD4T
ZFP14,0.21095590295363364,-0.036495343382180856,PBS,IL-10,0.23096034202682303,All age groups,parsebioscience,IL-10,CD4T
ZFP91,0.00017979951274097098,0.2157040512180666,PBS,IL-10,0.00031280189202881255,All age groups,parsebioscience,IL-10,CD4T
ZFX,2.0864572373067168e-05,0.33417278560666397,PBS,IL-10,4.60834902848614e-05,All age groups,parsebioscience,IL-10,CD4T
ZGPAT,0.0217402968363418,-0.08205556897554642,PBS,IL-10,0.028464099981602153,All age groups,parsebioscience,IL-10,CD4T
ZHX2,2.3706229819445115e-08,0.38497950305272655,PBS,IL-10,8.987137871849343e-08,All age groups,parsebioscience,IL-10,CD4T
ZKSCAN1,0.7787640644055074,-0.007701406968124301,PBS,IL-10,0.7944018970240918,All age groups,parsebioscience,IL-10,CD4T
ZNF10,1.5758031085316166e-13,0.36707760363288894,PBS,IL-10,1.4294785341679665e-12,All age groups,parsebioscience,IL-10,CD4T
ZNF101,0.45603576903966137,-0.016354118257585887,PBS,IL-10,0.4766793635229382,All age groups,parsebioscience,IL-10,CD4T
ZNF142,0.0007546527764928879,0.21478540468012663,PBS,IL-10,0.0011759619952711258,All age groups,parsebioscience,IL-10,CD4T
ZNF148,8.228895068950041e-07,0.21904933232509305,PBS,IL-10,2.4882611279920358e-06,All age groups,parsebioscience,IL-10,CD4T
ZNF207,0.04640093759906179,0.0734830585813032,PBS,IL-10,0.056123038810293784,All age groups,parsebioscience,IL-10,CD4T
ZNF217,0.01071908543244097,0.18028315552202678,PBS,IL-10,0.014559613368128376,All age groups,parsebioscience,IL-10,CD4T
ZNF24,0.0005087892360793154,-0.13890870222722418,PBS,IL-10,0.0008143005404839205,All age groups,parsebioscience,IL-10,CD4T
ZNF276,0.03147092499827166,-0.0809878223126676,PBS,IL-10,0.0395723512354505,All age groups,parsebioscience,IL-10,CD4T
ZNF280D,0.0006182644944750609,0.1624484293421345,PBS,IL-10,0.0009753986434575495,All age groups,parsebioscience,IL-10,CD4T
ZNF292,5.042296549521781e-10,0.15854793119825628,PBS,IL-10,2.5614866471570648e-09,All age groups,parsebioscience,IL-10,CD4T
ZNF326,0.0003293590994570869,0.15715220736788688,PBS,IL-10,0.0005432286445590914,All age groups,parsebioscience,IL-10,CD4T
ZNF331,1.3710586811793925e-10,0.4783785660377486,PBS,IL-10,7.409551170629058e-10,All age groups,parsebioscience,IL-10,CD4T
ZNF335,2.4172854991231644e-05,0.36952178691336923,PBS,IL-10,5.2930216963558945e-05,All age groups,parsebioscience,IL-10,CD4T
ZNF33A,0.005714206509363117,0.10464901447003665,PBS,IL-10,0.007931193734307276,All age groups,parsebioscience,IL-10,CD4T
ZNF350,0.10460043190167166,0.056217332419931855,PBS,IL-10,0.12021950091866336,All age groups,parsebioscience,IL-10,CD4T
ZNF394,0.6353447300992485,0.0203236558504939,PBS,IL-10,0.6533504511951786,All age groups,parsebioscience,IL-10,CD4T
ZNF407,4.816717811647289e-05,0.31102002696045405,PBS,IL-10,9.94671808258871e-05,All age groups,parsebioscience,IL-10,CD4T
ZNF451,3.8101962655439348e-06,0.32227399149203223,PBS,IL-10,1.0406342488689886e-05,All age groups,parsebioscience,IL-10,CD4T
ZNF460,7.845990370183251e-05,0.3314732425400666,PBS,IL-10,0.00015691980740366502,All age groups,parsebioscience,IL-10,CD4T
ZNF507,0.19629704103565992,0.040593531145414016,PBS,IL-10,0.21584176806518449,All age groups,parsebioscience,IL-10,CD4T
ZNF511,5.449611371342538e-10,-0.21481249066993457,PBS,IL-10,2.7141201731784405e-09,All age groups,parsebioscience,IL-10,CD4T
ZNF592,0.00020338565701241313,0.32222573502382684,PBS,IL-10,0.00034439971254101963,All age groups,parsebioscience,IL-10,CD4T
ZNF609,9.781865214706279e-12,0.29518800314703775,PBS,IL-10,6.538404643514196e-11,All age groups,parsebioscience,IL-10,CD4T
ZNF639,0.025250500055423588,0.07442692071652868,PBS,IL-10,0.03255648230496239,All age groups,parsebioscience,IL-10,CD4T
ZNF644,1.0457099897334528e-10,0.4687254818027709,PBS,IL-10,5.902451942051045e-10,All age groups,parsebioscience,IL-10,CD4T
ZNF652,8.842716321105987e-05,0.24668159818592778,PBS,IL-10,0.00017145419431762756,All age groups,parsebioscience,IL-10,CD4T
ZNF655,0.06670995094128093,-0.05426901100367051,PBS,IL-10,0.07808445870546248,All age groups,parsebioscience,IL-10,CD4T
ZNF708,1.6830624444189255e-05,0.13071904499639916,PBS,IL-10,3.749981235810589e-05,All age groups,parsebioscience,IL-10,CD4T
ZNF766,0.021108886445763773,0.08263301228665178,PBS,IL-10,0.027780607032248696,All age groups,parsebioscience,IL-10,CD4T
ZNF770,0.013440050529536288,0.08524953135011872,PBS,IL-10,0.018062290129641362,All age groups,parsebioscience,IL-10,CD4T
ZNF800,0.0009450209600338883,0.15968126553561338,PBS,IL-10,0.0014373372685545366,All age groups,parsebioscience,IL-10,CD4T
ZNF83,0.0004103170849595649,0.10312474102531166,PBS,IL-10,0.0006723905779337385,All age groups,parsebioscience,IL-10,CD4T
ZNF830,1.5022833206149627e-06,0.22850295482758115,PBS,IL-10,4.336135948138643e-06,All age groups,parsebioscience,IL-10,CD4T
AHR,0.6532402964426582,0.019880537546170834,PBS,IL-10,0.6886838185910965,All age groups,parsebioscience,IL-10,CD8T
AKNA,0.002118825811496515,-0.1969408520129826,PBS,IL-10,0.004142065496158601,All age groups,parsebioscience,IL-10,CD8T
ARHGAP35,0.5418996287561824,0.04048436635376771,PBS,IL-10,0.5880629847607112,All age groups,parsebioscience,IL-10,CD8T
ARID2,0.35319423253510907,0.04336385119795247,PBS,IL-10,0.3992630454744711,All age groups,parsebioscience,IL-10,CD8T
ARID5A,0.00010136173358642765,-0.13502271771740915,PBS,IL-10,0.00023958227938610172,All age groups,parsebioscience,IL-10,CD8T
ASCL2,1.5063486900515323e-18,-0.7448292000698903,PBS,IL-10,2.44781662133374e-17,All age groups,parsebioscience,IL-10,CD8T
ASH1L,2.119299785386581e-05,0.17171332398805544,PBS,IL-10,5.565837820207183e-05,All age groups,parsebioscience,IL-10,CD8T
ATF2,0.0040800706825848375,0.108069432209001,PBS,IL-10,0.007366794288000401,All age groups,parsebioscience,IL-10,CD8T
ATF3,0.0001440118738551071,-0.20176477614394997,PBS,IL-10,0.0003343132785922129,All age groups,parsebioscience,IL-10,CD8T
ATF4,0.0004812079555194873,-0.24246016651957653,PBS,IL-10,0.0010426172369588892,All age groups,parsebioscience,IL-10,CD8T
ATF6,0.00025414454903411725,0.08414587869024844,PBS,IL-10,0.0005745876760771347,All age groups,parsebioscience,IL-10,CD8T
BACH1,0.4557816650591079,0.018663861899449,PBS,IL-10,0.502132342861729,All age groups,parsebioscience,IL-10,CD8T
BACH2,1.194630979958018e-19,0.9041674803110575,PBS,IL-10,3.106040547890847e-18,All age groups,parsebioscience,IL-10,CD8T
BATF,1.5166191810166273e-20,-0.9138552404449171,PBS,IL-10,1.1424927512860559e-18,All age groups,parsebioscience,IL-10,CD8T
BCL11B,5.481970912021297e-16,0.6393465266463145,PBS,IL-10,6.509695294950593e-15,All age groups,parsebioscience,IL-10,CD8T
BHLHE40,5.50820371111204e-16,-0.7959887254850312,PBS,IL-10,6.509695294950593e-15,All age groups,parsebioscience,IL-10,CD8T
BNC2,0.34445205434625836,-0.06086805136625182,PBS,IL-10,0.39108093506562086,All age groups,parsebioscience,IL-10,CD8T
CC2D1A,0.6607224962329636,0.02437234344379181,PBS,IL-10,0.6926929395990747,All age groups,parsebioscience,IL-10,CD8T
CDC5L,0.016388267164165606,0.10188430748712254,PBS,IL-10,0.025823936137473077,All age groups,parsebioscience,IL-10,CD8T
CEBPA,0.0010285271969636862,-0.20185772656684478,PBS,IL-10,0.002105646230004397,All age groups,parsebioscience,IL-10,CD8T
CEBPB,2.1445924722649136e-12,-0.3934919004890288,PBS,IL-10,1.3276048637830417e-11,All age groups,parsebioscience,IL-10,CD8T
CEBPD,0.023277097759764144,-0.14306071451080926,PBS,IL-10,0.035810919630406376,All age groups,parsebioscience,IL-10,CD8T
CEBPG,0.03949325091582752,0.1116226037209159,PBS,IL-10,0.05704580687841753,All age groups,parsebioscience,IL-10,CD8T
CEBPZ,6.213080581787331e-06,0.13530787545983283,PBS,IL-10,1.7948899458496736e-05,All age groups,parsebioscience,IL-10,CD8T
CREB1,1.0198432051187471e-06,0.14942806499212327,PBS,IL-10,3.6827671295954754e-06,All age groups,parsebioscience,IL-10,CD8T
CREB3,0.060116526698580704,-0.0633920862034145,PBS,IL-10,0.0849472659871249,All age groups,parsebioscience,IL-10,CD8T
CREB3L2,0.9474749156891162,-0.0028117100047918243,PBS,IL-10,0.9511331199967962,All age groups,parsebioscience,IL-10,CD8T
CREM,0.00022691553953216082,-0.23762130202122841,PBS,IL-10,0.000517526669108437,All age groups,parsebioscience,IL-10,CD8T
CUX1,1.2610666297148283e-06,0.11210648079778315,PBS,IL-10,4.434908171996215e-06,All age groups,parsebioscience,IL-10,CD8T
DDIT3,0.013465696619114443,-0.137535139128412,PBS,IL-10,0.02147902528202304,All age groups,parsebioscience,IL-10,CD8T
DEAF1,0.029894884228348434,0.07394292346561733,PBS,IL-10,0.04492872774202655,All age groups,parsebioscience,IL-10,CD8T
DNMT1,0.18345168584832794,-0.057728342457308165,PBS,IL-10,0.22288522579703396,All age groups,parsebioscience,IL-10,CD8T
DR1,0.5966211154980934,-0.036416450039146855,PBS,IL-10,0.6331489388959358,All age groups,parsebioscience,IL-10,CD8T
DRAP1,5.3841379478012155e-19,-0.8864775494905497,PBS,IL-10,1.076827589560243e-17,All age groups,parsebioscience,IL-10,CD8T
E2F3,0.0665149250734775,-0.06923859845280779,PBS,IL-10,0.09248064448718797,All age groups,parsebioscience,IL-10,CD8T
E2F4,0.42010955022148455,-0.0296519319155262,PBS,IL-10,0.46678838913498283,All age groups,parsebioscience,IL-10,CD8T
EEA1,0.10565726963124059,0.06517206911641046,PBS,IL-10,0.13735445052061276,All age groups,parsebioscience,IL-10,CD8T
EGR1,0.09437958269918127,-0.07793178873478322,PBS,IL-10,0.12480871491739992,All age groups,parsebioscience,IL-10,CD8T
ELF1,0.024093255087740555,0.10429851324047913,PBS,IL-10,0.03684850778125026,All age groups,parsebioscience,IL-10,CD8T
ELF2,0.06369390334053701,0.11540987067891464,PBS,IL-10,0.08951575604616012,All age groups,parsebioscience,IL-10,CD8T
ELF4,0.0037396265621471936,-0.20738512575931498,PBS,IL-10,0.006847203564494862,All age groups,parsebioscience,IL-10,CD8T
ELK3,0.036418131335352696,0.08273064290136753,PBS,IL-10,0.05349556015362543,All age groups,parsebioscience,IL-10,CD8T
ELK4,2.278978719936613e-06,0.1627535397513082,PBS,IL-10,7.450370708801059e-06,All age groups,parsebioscience,IL-10,CD8T
EOMES,8.214752740565465e-15,-0.5496220433534328,PBS,IL-10,7.364950732920761e-14,All age groups,parsebioscience,IL-10,CD8T
ESR2,0.7275032698756376,0.01175789136272264,PBS,IL-10,0.7480420946717009,All age groups,parsebioscience,IL-10,CD8T
ETS1,6.016913778882889e-14,0.6223924576996219,PBS,IL-10,4.4697073785987177e-13,All age groups,parsebioscience,IL-10,CD8T
ETV3,0.005297115137661504,0.12749647406506767,PBS,IL-10,0.009305742809405345,All age groups,parsebioscience,IL-10,CD8T
FLI1,0.0009062880464562479,-0.07239695890638978,PBS,IL-10,0.0018850791366289957,All age groups,parsebioscience,IL-10,CD8T
FOS,4.0891739541512803e-10,0.47366399319765395,PBS,IL-10,2.04458697707564e-09,All age groups,parsebioscience,IL-10,CD8T
FOSB,0.03587929010110874,0.11604783687096898,PBS,IL-10,0.05300349674027427,All age groups,parsebioscience,IL-10,CD8T
FOSL2,1.6575421993614833e-10,-0.43829493180509776,PBS,IL-10,8.619219436679712e-10,All age groups,parsebioscience,IL-10,CD8T
FOXJ3,0.005724219583438641,0.08885956044452402,PBS,IL-10,0.00985627213042415,All age groups,parsebioscience,IL-10,CD8T
FOXK1,0.13631238586067504,0.056242198093004965,PBS,IL-10,0.17331336366565625,All age groups,parsebioscience,IL-10,CD8T
FOXO1,1.9551949651093577e-16,0.6765350542289013,PBS,IL-10,2.824170505157961e-15,All age groups,parsebioscience,IL-10,CD8T
FOXO3,0.15573852185796552,0.05861828053407571,PBS,IL-10,0.19281912230033826,All age groups,parsebioscience,IL-10,CD8T
FOXP1,3.976068567783429e-20,1.0394512457528904,PBS,IL-10,1.2922222845296142e-18,All age groups,parsebioscience,IL-10,CD8T
GATA3,2.4135748486769114e-12,-0.28113547070333,PBS,IL-10,1.4593708387348767e-11,All age groups,parsebioscience,IL-10,CD8T
GATAD2A,0.5903415107430801,0.03223143119795757,PBS,IL-10,0.6290524294803312,All age groups,parsebioscience,IL-10,CD8T
GATAD2B,0.958630495366226,-0.0012095699683294194,PBS,IL-10,0.958630495366226,All age groups,parsebioscience,IL-10,CD8T
GFI1,9.927011846357662e-13,-0.5001757063357002,PBS,IL-10,6.4525577001324806e-12,All age groups,parsebioscience,IL-10,CD8T
GLIS3,7.706604598667338e-10,0.27857413319907276,PBS,IL-10,3.643122173915469e-09,All age groups,parsebioscience,IL-10,CD8T
GTF3A,3.878198255590702e-05,-0.3300392590390405,PBS,IL-10,9.789626664597888e-05,All age groups,parsebioscience,IL-10,CD8T
HBP1,0.34228441267480925,0.029962462998873406,PBS,IL-10,0.3903243302432035,All age groups,parsebioscience,IL-10,CD8T
HES6,0.0055757973755923606,-0.09606720702672324,PBS,IL-10,0.009664715451026758,All age groups,parsebioscience,IL-10,CD8T
HIF1A,0.1549872507635596,-0.028605714489260883,PBS,IL-10,0.19280710621304065,All age groups,parsebioscience,IL-10,CD8T
HIVEP1,5.174841156513616e-14,0.4601816158606872,PBS,IL-10,3.9572314726280594e-13,All age groups,parsebioscience,IL-10,CD8T
HMG20B,0.021562550488582695,0.04385445207107197,PBS,IL-10,0.033370613851377975,All age groups,parsebioscience,IL-10,CD8T
HMGA1,0.2088912930843202,-0.03582098534432991,PBS,IL-10,0.24799879544257192,All age groups,parsebioscience,IL-10,CD8T
HOXA10,0.0031270576140697507,-0.09644431068965144,PBS,IL-10,0.005891557823609676,All age groups,parsebioscience,IL-10,CD8T
HSF2,2.292421756554172e-06,0.18979950096025228,PBS,IL-10,7.450370708801059e-06,All age groups,parsebioscience,IL-10,CD8T
IKZF1,6.841328586182812e-07,0.24650501605167496,PBS,IL-10,2.5778919310254076e-06,All age groups,parsebioscience,IL-10,CD8T
IKZF2,3.7962034989046464e-06,-0.3724158694347967,PBS,IL-10,1.1504816110788415e-05,All age groups,parsebioscience,IL-10,CD8T
IKZF3,1.9106639287421506e-05,-0.35930832247448713,PBS,IL-10,5.069108382377134e-05,All age groups,parsebioscience,IL-10,CD8T
IKZF5,0.0009939499952784688,0.1327445069899161,PBS,IL-10,0.0020510079267650944,All age groups,parsebioscience,IL-10,CD8T
IRF1,1.9655971310162263e-20,-0.9430593618143747,PBS,IL-10,1.1424927512860559e-18,All age groups,parsebioscience,IL-10,CD8T
IRF2,3.971651685223078e-06,-0.2474316434059055,PBS,IL-10,1.173442543361364e-05,All age groups,parsebioscience,IL-10,CD8T
IRF3,2.3327233712885357e-05,-0.17981853109586474,PBS,IL-10,6.065080765350193e-05,All age groups,parsebioscience,IL-10,CD8T
IRF4,0.8142346100873625,0.018675567152583825,PBS,IL-10,0.8237392942518064,All age groups,parsebioscience,IL-10,CD8T
IRF7,2.9100907168472433e-14,-1.2898476487529351,PBS,IL-10,2.292798746606919e-13,All age groups,parsebioscience,IL-10,CD8T
IRF9,3.871717618783721e-15,-0.8883447722480843,PBS,IL-10,4.3767242647120325e-14,All age groups,parsebioscience,IL-10,CD8T
JUN,0.1713161697322103,-0.09350515821682212,PBS,IL-10,0.21010473646403152,All age groups,parsebioscience,IL-10,CD8T
JUNB,3.140731985478892e-20,0.9319113207414134,PBS,IL-10,1.1665575946064455e-18,All age groups,parsebioscience,IL-10,CD8T
JUND,0.060031456804585694,-0.11962517153719637,PBS,IL-10,0.0849472659871249,All age groups,parsebioscience,IL-10,CD8T
KAT7,0.03827600012854677,0.16880196489938457,PBS,IL-10,0.055596424767721565,All age groups,parsebioscience,IL-10,CD8T
KDM2A,0.8775648098691239,0.008456695391352352,PBS,IL-10,0.8843676378526054,All age groups,parsebioscience,IL-10,CD8T
KLF10,3.0027132493979515e-06,-0.2740385088666477,PBS,IL-10,9.520798107847164e-06,All age groups,parsebioscience,IL-10,CD8T
KLF11,0.7279024998151551,-0.011522578208385183,PBS,IL-10,0.7480420946717009,All age groups,parsebioscience,IL-10,CD8T
KLF12,0.08909640236793258,0.1413094805115995,PBS,IL-10,0.12067138277478098,All age groups,parsebioscience,IL-10,CD8T
KLF13,1.723994177276135e-05,0.15133783157809808,PBS,IL-10,4.6210153205339704e-05,All age groups,parsebioscience,IL-10,CD8T
KLF2,9.320462538329185e-06,-0.23559660885517475,PBS,IL-10,2.5780002765591362e-05,All age groups,parsebioscience,IL-10,CD8T
KLF3,7.015822433260962e-11,-0.4031029520171437,PBS,IL-10,3.722681291118062e-10,All age groups,parsebioscience,IL-10,CD8T
KLF6,1.0389846035572164e-19,-0.9838680170479797,PBS,IL-10,3.0015110769430697e-18,All age groups,parsebioscience,IL-10,CD8T
KLF7,6.655181374244884e-15,0.6300453182825277,PBS,IL-10,6.179811276084535e-14,All age groups,parsebioscience,IL-10,CD8T
KLF9,4.6527820766694516e-10,0.38623445283591057,PBS,IL-10,2.2824968678001084e-09,All age groups,parsebioscience,IL-10,CD8T
KMT2A,0.5196150142840987,0.02635325041510384,PBS,IL-10,0.5676466542599398,All age groups,parsebioscience,IL-10,CD8T
LCOR,0.09382103173702841,0.12993061001640707,PBS,IL-10,0.12480871491739992,All age groups,parsebioscience,IL-10,CD8T
LCORL,0.002515903129268237,0.15369554244759986,PBS,IL-10,0.004809814805953982,All age groups,parsebioscience,IL-10,CD8T
LEF1,6.401193624927765e-21,1.1167672294440965,PBS,IL-10,8.321551712406095e-19,All age groups,parsebioscience,IL-10,CD8T
MAF,7.827933497483329e-19,-0.4945928047522878,PBS,IL-10,1.453759078104047e-17,All age groups,parsebioscience,IL-10,CD8T
MAFF,8.348883516629366e-07,-0.3037389571125368,PBS,IL-10,3.0573376258079372e-06,All age groups,parsebioscience,IL-10,CD8T
MAX,0.00010357366976883317,0.14675106119375675,PBS,IL-10,0.00024260499225132095,All age groups,parsebioscience,IL-10,CD8T
MAZ,0.00321102638974555,-0.09070465045297896,PBS,IL-10,0.006006236412473691,All age groups,parsebioscience,IL-10,CD8T
MEF2A,0.2496488175749224,0.03589806365178079,PBS,IL-10,0.2937044912646146,All age groups,parsebioscience,IL-10,CD8T
MEF2D,0.7504385076898024,-0.023765026227704492,PBS,IL-10,0.7681654015722387,All age groups,parsebioscience,IL-10,CD8T
MSC,2.217614970549844e-11,-0.32423152759027646,PBS,IL-10,1.2267657283892753e-10,All age groups,parsebioscience,IL-10,CD8T
MTF2,0.7630550319716229,0.010080969972335737,PBS,IL-10,0.7780168953436156,All age groups,parsebioscience,IL-10,CD8T
MXD1,0.008552146532962308,0.1889653483147439,PBS,IL-10,0.014253577554937181,All age groups,parsebioscience,IL-10,CD8T
MXD4,1.495568816656458e-14,-0.5238436514775077,PBS,IL-10,1.254348039776384e-13,All age groups,parsebioscience,IL-10,CD8T
MXI1,0.5692009633199014,0.01894238408853294,PBS,IL-10,0.6115382250544396,All age groups,parsebioscience,IL-10,CD8T
MYB,2.1310050577924794e-14,0.38720236796923596,PBS,IL-10,1.7314416094563894e-13,All age groups,parsebioscience,IL-10,CD8T
MYBL1,3.601799337483411e-07,-0.20981303327968354,PBS,IL-10,1.3977131757398314e-06,All age groups,parsebioscience,IL-10,CD8T
MYC,5.0242487532346e-15,0.816198889291406,PBS,IL-10,5.225218703363984e-14,All age groups,parsebioscience,IL-10,CD8T
MZF1,3.5594144145809076e-11,0.31632418588956723,PBS,IL-10,1.928016141231325e-10,All age groups,parsebioscience,IL-10,CD8T
NCOA1,0.07984245839672104,-0.15310703766123812,PBS,IL-10,0.11042042118695462,All age groups,parsebioscience,IL-10,CD8T
NCOA2,0.35742714745245197,-0.0513141054264977,PBS,IL-10,0.4022989538425866,All age groups,parsebioscience,IL-10,CD8T
NCOA3,1.610894177573278e-07,0.1969225854323845,PBS,IL-10,6.544257596391442e-07,All age groups,parsebioscience,IL-10,CD8T
NFAT5,0.5031837197938169,-0.05530267405071868,PBS,IL-10,0.5520158951324574,All age groups,parsebioscience,IL-10,CD8T
NFATC1,2.647890896141844e-05,0.16642952263013536,PBS,IL-10,6.816352801949302e-05,All age groups,parsebioscience,IL-10,CD8T
NFATC2,4.242714384493819e-16,-0.6378152585888217,PBS,IL-10,5.805819684044173e-15,All age groups,parsebioscience,IL-10,CD8T
NFATC3,0.032710434956246384,-0.17369903514879184,PBS,IL-10,0.048598360506423195,All age groups,parsebioscience,IL-10,CD8T
NFE2L2,0.00134098987582139,0.14627007985533205,PBS,IL-10,0.0027027702923531887,All age groups,parsebioscience,IL-10,CD8T
NFIC,0.04998429910152406,0.09851795050659597,PBS,IL-10,0.07180065064307324,All age groups,parsebioscience,IL-10,CD8T
NFIL3,0.4548904644502584,0.030423013461522992,PBS,IL-10,0.502132342861729,All age groups,parsebioscience,IL-10,CD8T
NFKB1,1.8027606414293114e-13,0.5111159404015335,PBS,IL-10,1.301993796587836e-12,All age groups,parsebioscience,IL-10,CD8T
NFKB2,0.004397996319788187,0.14985138960097064,PBS,IL-10,0.007886062366516748,All age groups,parsebioscience,IL-10,CD8T
NPAS2,1.514290314119304e-05,0.12860397965416,PBS,IL-10,4.144373491273885e-05,All age groups,parsebioscience,IL-10,CD8T
NR1D1,0.010547155238113181,0.1260789138740793,PBS,IL-10,0.01713912726193392,All age groups,parsebioscience,IL-10,CD8T
NR1D2,0.0007784553128763153,0.1853653534548628,PBS,IL-10,0.0016322450108696932,All age groups,parsebioscience,IL-10,CD8T
NR1H2,0.014738148074928424,0.09194449030716353,PBS,IL-10,0.023365356704154818,All age groups,parsebioscience,IL-10,CD8T
NR3C1,0.10059629906417272,-0.11240488651968229,PBS,IL-10,0.13143235053610508,All age groups,parsebioscience,IL-10,CD8T
NR3C2,1.865331298620605e-21,0.4735939156425486,PBS,IL-10,4.849861376413572e-19,All age groups,parsebioscience,IL-10,CD8T
NR4A1,0.08662999736514569,0.08407421092631844,PBS,IL-10,0.11854631218388359,All age groups,parsebioscience,IL-10,CD8T
NR4A2,0.7732009363122723,0.016755303934976904,PBS,IL-10,0.7852822009421515,All age groups,parsebioscience,IL-10,CD8T
PATZ1,4.360724320692748e-07,0.20112508706021598,PBS,IL-10,1.6673357696766389e-06,All age groups,parsebioscience,IL-10,CD8T
PBX2,1.2726076109095367e-06,0.1917213598465364,PBS,IL-10,4.434908171996215e-06,All age groups,parsebioscience,IL-10,CD8T
PHF20,0.1929353719281044,0.04268275620804134,PBS,IL-10,0.23010640688673,All age groups,parsebioscience,IL-10,CD8T
PHF21A,0.005512787087781899,-0.1743348840493687,PBS,IL-10,0.00961962847532412,All age groups,parsebioscience,IL-10,CD8T
PLAG1,4.158031600364449e-15,0.6422471477488834,PBS,IL-10,4.5045342337281526e-14,All age groups,parsebioscience,IL-10,CD8T
POU2F2,0.004592919809014223,0.1453788011601964,PBS,IL-10,0.008179172262628069,All age groups,parsebioscience,IL-10,CD8T
PPARD,9.329673042918668e-09,0.27221609108169814,PBS,IL-10,4.1113813409472095e-08,All age groups,parsebioscience,IL-10,CD8T
PRDM1,5.604644948646189e-15,-0.7646590224398353,PBS,IL-10,5.397065506103737e-14,All age groups,parsebioscience,IL-10,CD8T
PRDM2,0.17824172750392242,0.036609735440622126,PBS,IL-10,0.21757206174187713,All age groups,parsebioscience,IL-10,CD8T
RARA,0.1859572103095577,0.05692318296070719,PBS,IL-10,0.22487848688597675,All age groups,parsebioscience,IL-10,CD8T
RARG,0.13665092135176743,0.0713275161624624,PBS,IL-10,0.17331336366565625,All age groups,parsebioscience,IL-10,CD8T
RBPJ,0.7136020454457359,0.013091786965148419,PBS,IL-10,0.7448536747809843,All age groups,parsebioscience,IL-10,CD8T
REL,6.165996997375392e-12,-0.4432319061873588,PBS,IL-10,3.643543680267277e-11,All age groups,parsebioscience,IL-10,CD8T
RELA,0.12701651624662955,0.10027070718823454,PBS,IL-10,0.16268125233558464,All age groups,parsebioscience,IL-10,CD8T
RELB,0.301971545706624,-0.06006333380746964,PBS,IL-10,0.3505026869809028,All age groups,parsebioscience,IL-10,CD8T
REST,0.18948243040943247,0.04174988955969604,PBS,IL-10,0.22808070327061314,All age groups,parsebioscience,IL-10,CD8T
RFX2,0.0022495003457791434,0.12784956784870413,PBS,IL-10,0.004364702163452069,All age groups,parsebioscience,IL-10,CD8T
RFX3,0.0002729412563057748,0.08695900480336483,PBS,IL-10,0.0006117648848232883,All age groups,parsebioscience,IL-10,CD8T
RLF,0.23163370996616817,0.04506263287026829,PBS,IL-10,0.27374892996001693,All age groups,parsebioscience,IL-10,CD8T
RORA,8.362091835616577e-06,-0.3108154089062033,PBS,IL-10,2.3377891153336667e-05,All age groups,parsebioscience,IL-10,CD8T
RORC,5.327332963672336e-05,0.2510750344110722,PBS,IL-10,0.00012944921220138387,All age groups,parsebioscience,IL-10,CD8T
RUNX1,0.31481266374278594,0.08405420780985295,PBS,IL-10,0.3605783813794024,All age groups,parsebioscience,IL-10,CD8T
RUNX2,1.0012339296246797e-07,0.24473105906863435,PBS,IL-10,4.1320765349589956e-07,All age groups,parsebioscience,IL-10,CD8T
RUNX3,1.3422747529874273e-14,-0.6928489805969025,PBS,IL-10,1.163304785922437e-13,All age groups,parsebioscience,IL-10,CD8T
SAFB,0.08957529567512588,0.03030036904332569,PBS,IL-10,0.12067138277478098,All age groups,parsebioscience,IL-10,CD8T
SAFB2,0.7173443101394108,-0.009348794120254751,PBS,IL-10,0.7448536747809843,All age groups,parsebioscience,IL-10,CD8T
SATB1,3.3987202060085834e-19,0.5798491493212076,PBS,IL-10,8.03333866874756e-18,All age groups,parsebioscience,IL-10,CD8T
SKIL,0.0004585166707292473,-0.19312377650398596,PBS,IL-10,0.0010018011293244059,All age groups,parsebioscience,IL-10,CD8T
SMAD3,0.0007752374760487783,-0.22390971964157266,PBS,IL-10,0.0016322450108696932,All age groups,parsebioscience,IL-10,CD8T
SMAD5,0.2636322728250441,-0.08005496618951846,PBS,IL-10,0.3073739503789752,All age groups,parsebioscience,IL-10,CD8T
SNAI3,0.008167403847042632,-0.07096492803672554,PBS,IL-10,0.013700161291813447,All age groups,parsebioscience,IL-10,CD8T
SOX13,7.882538328340721e-06,-0.2888781565246193,PBS,IL-10,2.2521538080973492e-05,All age groups,parsebioscience,IL-10,CD8T
SOX4,1.1545457443299381e-11,0.4560594439583297,PBS,IL-10,6.67070874501742e-11,All age groups,parsebioscience,IL-10,CD8T
SP110,0.012367818295237143,-0.12645546162025825,PBS,IL-10,0.019972874265600356,All age groups,parsebioscience,IL-10,CD8T
SP140L,0.03669086708400064,0.07784885483974698,PBS,IL-10,0.05359340135865262,All age groups,parsebioscience,IL-10,CD8T
SP3,0.06536066309315473,0.08883804186904794,PBS,IL-10,0.0913643677646249,All age groups,parsebioscience,IL-10,CD8T
SP4,0.14654397664731306,0.12169000848016606,PBS,IL-10,0.18406489820435457,All age groups,parsebioscience,IL-10,CD8T
SPEN,0.12183585986838351,0.08281179737499142,PBS,IL-10,0.15681843349395896,All age groups,parsebioscience,IL-10,CD8T
SREBF1,4.2286511745988375e-13,0.5162927594150957,PBS,IL-10,2.819100783065892e-12,All age groups,parsebioscience,IL-10,CD8T
SREBF2,0.5428273705483488,0.055875044968747775,PBS,IL-10,0.5880629847607112,All age groups,parsebioscience,IL-10,CD8T
STAT1,1.9406768569396024e-13,-1.6869529139937658,PBS,IL-10,1.363718872444045e-12,All age groups,parsebioscience,IL-10,CD8T
STAT3,5.652811854978758e-06,0.1889094745584321,PBS,IL-10,1.6513832385331204e-05,All age groups,parsebioscience,IL-10,CD8T
STAT4,0.0013933667166836623,-0.22542782767113198,PBS,IL-10,0.0027867334333673247,All age groups,parsebioscience,IL-10,CD8T
STAT5A,0.009478467755170875,0.1459095779304169,PBS,IL-10,0.015499381234870612,All age groups,parsebioscience,IL-10,CD8T
STAT5B,0.09026388811094942,0.04788243745573366,PBS,IL-10,0.12097222117962293,All age groups,parsebioscience,IL-10,CD8T
TBPL1,0.009033699890058554,-0.14549726798228818,PBS,IL-10,0.01496026733385493,All age groups,parsebioscience,IL-10,CD8T
TBX21,2.393693606121702e-20,-1.0732960220626755,PBS,IL-10,1.1424927512860559e-18,All age groups,parsebioscience,IL-10,CD8T
TCF12,0.003629706886640822,0.18881640695949686,PBS,IL-10,0.006693076528557544,All age groups,parsebioscience,IL-10,CD8T
TCF7,2.636521733737052e-20,1.0772390258329403,PBS,IL-10,1.1424927512860559e-18,All age groups,parsebioscience,IL-10,CD8T
TFAP4,4.042073188709601e-05,0.25975716110069064,PBS,IL-10,0.00010105182971774002,All age groups,parsebioscience,IL-10,CD8T
TFCP2L1,0.2592924700998137,-0.04757375418283508,PBS,IL-10,0.3036758658826647,All age groups,parsebioscience,IL-10,CD8T
TFDP2,0.00028106155749496733,-0.2864823669050799,PBS,IL-10,0.0006245812388777052,All age groups,parsebioscience,IL-10,CD8T
TFEB,4.004656908342836e-08,-0.2532255779044874,PBS,IL-10,1.6793722518857052e-07,All age groups,parsebioscience,IL-10,CD8T
TGIF1,0.009362491503968845,0.07788052078384508,PBS,IL-10,0.015406631588809493,All age groups,parsebioscience,IL-10,CD8T
TGIF2,0.005261316556437312,0.14168786207727088,PBS,IL-10,0.009305729963766675,All age groups,parsebioscience,IL-10,CD8T
THRA,0.01715052550870723,0.061033072853429134,PBS,IL-10,0.026862268869059517,All age groups,parsebioscience,IL-10,CD8T
TRERF1,0.0005754920182264941,0.1152620044029741,PBS,IL-10,0.0012264583994990859,All age groups,parsebioscience,IL-10,CD8T
USF2,2.3257922084608147e-06,-0.103027384142607,PBS,IL-10,7.465505854318664e-06,All age groups,parsebioscience,IL-10,CD8T
VEZF1,0.012699946448657832,0.19589467747205616,PBS,IL-10,0.020382630102784172,All age groups,parsebioscience,IL-10,CD8T
XBP1,1.4732594222138955e-11,-0.46524802573433277,PBS,IL-10,8.327118473382887e-11,All age groups,parsebioscience,IL-10,CD8T
YBX1,4.764562146356251e-05,-0.13531608275869422,PBS,IL-10,0.00011686661868420993,All age groups,parsebioscience,IL-10,CD8T
YBX3,6.072169202501465e-10,0.28127693729833897,PBS,IL-10,2.923637023426631e-09,All age groups,parsebioscience,IL-10,CD8T
YY1,0.0026230075471844606,-0.18196443161270223,PBS,IL-10,0.004977970527503356,All age groups,parsebioscience,IL-10,CD8T
ZBED5,3.3544508673383765e-05,0.1915062553126087,PBS,IL-10,8.550561034391941e-05,All age groups,parsebioscience,IL-10,CD8T
ZBTB1,0.11702725710088191,-0.0788642641475554,PBS,IL-10,0.15137854152352884,All age groups,parsebioscience,IL-10,CD8T
ZBTB10,1.2963577733527397e-06,0.28173555960669183,PBS,IL-10,4.434908171996215e-06,All age groups,parsebioscience,IL-10,CD8T
ZBTB11,0.08190822969878571,0.09288910178720726,PBS,IL-10,0.1126779879454195,All age groups,parsebioscience,IL-10,CD8T
ZBTB18,2.0418312792615356e-07,0.25802486858105805,PBS,IL-10,8.167325117046142e-07,All age groups,parsebioscience,IL-10,CD8T
ZBTB20,1.4777699334888913e-09,0.38277141767358525,PBS,IL-10,6.8610746911984236e-09,All age groups,parsebioscience,IL-10,CD8T
ZBTB25,3.2339803233383353e-09,0.33982021517433864,PBS,IL-10,1.449715317358564e-08,All age groups,parsebioscience,IL-10,CD8T
ZBTB4,0.0945666032258761,0.05827661661121916,PBS,IL-10,0.12480871491739992,All age groups,parsebioscience,IL-10,CD8T
ZBTB43,0.02822670667007832,0.15894348387634316,PBS,IL-10,0.042668277524536995,All age groups,parsebioscience,IL-10,CD8T
ZBTB44,0.417036604041235,-0.05937714678639543,PBS,IL-10,0.4653627341232665,All age groups,parsebioscience,IL-10,CD8T
ZBTB49,0.09583419754187456,0.10856241627815456,PBS,IL-10,0.1258428856610474,All age groups,parsebioscience,IL-10,CD8T
ZBTB7A,3.3629156093027115e-10,-0.40691847362130923,PBS,IL-10,1.7144275655268725e-09,All age groups,parsebioscience,IL-10,CD8T
ZBTB7B,3.9467959792766935e-06,-0.15180405588554186,PBS,IL-10,1.173442543361364e-05,All age groups,parsebioscience,IL-10,CD8T
ZC3H8,0.002281010675425458,0.10190416223993903,PBS,IL-10,0.004393057597115697,All age groups,parsebioscience,IL-10,CD8T
ZEB1,1.632963253271205e-18,0.6216548995206286,PBS,IL-10,2.4974732108853724e-17,All age groups,parsebioscience,IL-10,CD8T
ZEB2,8.591187031123372e-19,-1.046103541403849,PBS,IL-10,1.4891390853947177e-17,All age groups,parsebioscience,IL-10,CD8T
ZFP14,1.2955589901587914e-06,0.15456707608756215,PBS,IL-10,4.434908171996215e-06,All age groups,parsebioscience,IL-10,CD8T
ZFP62,0.3138034994281369,-0.05092311842296747,PBS,IL-10,0.3605783813794024,All age groups,parsebioscience,IL-10,CD8T
ZIK1,0.019643615349873127,0.08433725774936998,PBS,IL-10,0.03058287419740726,All age groups,parsebioscience,IL-10,CD8T
ZKSCAN1,1.6438918130244065e-06,0.17250955789342554,PBS,IL-10,5.550803524497996e-06,All age groups,parsebioscience,IL-10,CD8T
ZNF10,4.900588285675832e-16,0.6211732783031804,PBS,IL-10,6.370764771378582e-15,All age groups,parsebioscience,IL-10,CD8T
ZNF101,2.1274424634621233e-08,0.26673043104102134,PBS,IL-10,9.218917341669201e-08,All age groups,parsebioscience,IL-10,CD8T
ZNF134,0.08925577277546333,-0.053437868564945847,PBS,IL-10,0.12067138277478098,All age groups,parsebioscience,IL-10,CD8T
ZNF135,3.173376886305616e-06,0.21256828192264235,PBS,IL-10,9.940698679993497e-06,All age groups,parsebioscience,IL-10,CD8T
ZNF138,2.6424962425297426e-09,0.1745237643562412,PBS,IL-10,1.2053491632591808e-08,All age groups,parsebioscience,IL-10,CD8T
ZNF148,3.9617885479735874e-08,0.17020158193930607,PBS,IL-10,1.6793722518857052e-07,All age groups,parsebioscience,IL-10,CD8T
ZNF207,0.5493061009420102,-0.04276682896058438,PBS,IL-10,0.5926123910577703,All age groups,parsebioscience,IL-10,CD8T
ZNF217,0.03011699043227508,-0.05675381439179737,PBS,IL-10,0.045002399496503,All age groups,parsebioscience,IL-10,CD8T
ZNF24,0.007201242093907875,0.11561587544755471,PBS,IL-10,0.012237404865464362,All age groups,parsebioscience,IL-10,CD8T
ZNF274,7.699216533970655e-05,0.2221275806143468,PBS,IL-10,0.0001836510365901257,All age groups,parsebioscience,IL-10,CD8T
ZNF276,1.561719164207898e-05,-0.27720104200697215,PBS,IL-10,4.2296560697297236e-05,All age groups,parsebioscience,IL-10,CD8T
ZNF292,3.36049766347924e-06,0.1143682172265524,PBS,IL-10,1.0401540386959553e-05,All age groups,parsebioscience,IL-10,CD8T
ZNF296,0.1399227407182308,0.056489555823616616,PBS,IL-10,0.17660151741135927,All age groups,parsebioscience,IL-10,CD8T
ZNF302,0.0004961202656140152,0.08049652892824116,PBS,IL-10,0.0010660435459474706,All age groups,parsebioscience,IL-10,CD8T
ZNF318,0.006536945258975936,0.13173350263664826,PBS,IL-10,0.011181616890353574,All age groups,parsebioscience,IL-10,CD8T
ZNF331,4.971641421924831e-19,0.8683226338571148,PBS,IL-10,1.076827589560243e-17,All age groups,parsebioscience,IL-10,CD8T
ZNF335,0.19162758161079319,0.12276461585667982,PBS,IL-10,0.22959986736777063,All age groups,parsebioscience,IL-10,CD8T
ZNF33B,0.14790366243828498,0.06982792725705551,PBS,IL-10,0.1848795780478562,All age groups,parsebioscience,IL-10,CD8T
ZNF394,0.584671595405029,-0.027009327840696703,PBS,IL-10,0.6255745465238993,All age groups,parsebioscience,IL-10,CD8T
ZNF397,0.00022680634086146486,0.08147640359665029,PBS,IL-10,0.000517526669108437,All age groups,parsebioscience,IL-10,CD8T
ZNF407,0.007382226072853848,0.07926906523446789,PBS,IL-10,0.012463498564558445,All age groups,parsebioscience,IL-10,CD8T
ZNF414,0.0019831584359820366,0.16760834963580232,PBS,IL-10,0.0039062211617827995,All age groups,parsebioscience,IL-10,CD8T
ZNF451,0.053034051853911364,0.04256255086818966,PBS,IL-10,0.07576293121987338,All age groups,parsebioscience,IL-10,CD8T
ZNF511,3.8054391751069374e-06,-0.1580241119138391,PBS,IL-10,1.1504816110788415e-05,All age groups,parsebioscience,IL-10,CD8T
ZNF512,0.00385553562777053,0.12798518133125836,PBS,IL-10,0.0070100647777646,All age groups,parsebioscience,IL-10,CD8T
ZNF550,0.001213968545258592,0.12910797455864997,PBS,IL-10,0.0024658736075565146,All age groups,parsebioscience,IL-10,CD8T
ZNF580,8.303493655310614e-06,0.14801131646773547,PBS,IL-10,2.3377891153336667e-05,All age groups,parsebioscience,IL-10,CD8T
ZNF584,5.662984485807807e-05,0.10382761159480648,PBS,IL-10,0.00013633110799166943,All age groups,parsebioscience,IL-10,CD8T
ZNF600,1.7974120218412487e-12,-0.5497455224636678,PBS,IL-10,1.139822257752987e-11,All age groups,parsebioscience,IL-10,CD8T
ZNF609,5.454631168403144e-15,0.5276810529222674,PBS,IL-10,5.397065506103737e-14,All age groups,parsebioscience,IL-10,CD8T
ZNF644,2.112068105296241e-06,0.1693847991816451,PBS,IL-10,7.040227017654137e-06,All age groups,parsebioscience,IL-10,CD8T
ZNF652,7.631606345909004e-07,0.1381237992990796,PBS,IL-10,2.8345966427662017e-06,All age groups,parsebioscience,IL-10,CD8T
ZNF655,0.0018822708175555657,-0.10882909986688703,PBS,IL-10,0.0037358046760644814,All age groups,parsebioscience,IL-10,CD8T
ZNF667,0.170074293353626,0.059914114893375565,PBS,IL-10,0.20957021929830694,All age groups,parsebioscience,IL-10,CD8T
ZNF677,0.35998734058144544,0.04199271332896301,PBS,IL-10,0.40343408858265434,All age groups,parsebioscience,IL-10,CD8T
ZNF708,0.3071308589115438,0.022827413848017016,PBS,IL-10,0.35490677029778395,All age groups,parsebioscience,IL-10,CD8T
ZNF717,0.7190702783462579,-0.013238661830753886,PBS,IL-10,0.7448536747809843,All age groups,parsebioscience,IL-10,CD8T
ZNF766,0.000342008260900727,0.16305078660852562,PBS,IL-10,0.0007535775240185511,All age groups,parsebioscience,IL-10,CD8T
ZNF770,3.08802339095879e-07,0.2114770705317967,PBS,IL-10,1.216494063104978e-06,All age groups,parsebioscience,IL-10,CD8T
ZNF800,0.02560790197064159,0.11374810274819251,PBS,IL-10,0.03893599130039072,All age groups,parsebioscience,IL-10,CD8T
ZNF83,0.0033349451595548535,0.05896033147512985,PBS,IL-10,0.006193469582030442,All age groups,parsebioscience,IL-10,CD8T
ZNF891,4.681022256797642e-05,0.14595235510897328,PBS,IL-10,0.00011591102731117971,All age groups,parsebioscience,IL-10,CD8T
ZSCAN18,2.2706547130937057e-13,0.4327242032443741,PBS,IL-10,1.5536058563272722e-12,All age groups,parsebioscience,IL-10,CD8T
ZSCAN9,0.6542496276615416,-0.014328724732534341,PBS,IL-10,0.6886838185910965,All age groups,parsebioscience,IL-10,CD8T
ADNP,9.682765788089663e-06,0.12263807729495525,PBS,IL-10,2.7319232044967263e-05,All age groups,parsebioscience,IL-10,NK
AHR,0.44432488685743754,-0.04264505931467262,PBS,IL-10,0.492079430772022,All age groups,parsebioscience,IL-10,NK
AKAP8,2.7997841131862315e-05,0.15727330813926033,PBS,IL-10,7.059030157714222e-05,All age groups,parsebioscience,IL-10,NK
AKNA,2.2283886339547143e-07,0.4270347107513654,PBS,IL-10,9.602329204495768e-07,All age groups,parsebioscience,IL-10,NK
ARHGAP35,3.0412440301730866e-05,0.1864566140645852,PBS,IL-10,7.508071199489808e-05,All age groups,parsebioscience,IL-10,NK
ARID2,2.0649956456364702e-07,0.3714714633701378,PBS,IL-10,9.063036444737842e-07,All age groups,parsebioscience,IL-10,NK
ARID5A,0.0028989272796812473,0.10018279705230289,PBS,IL-10,0.0045803051018963705,All age groups,parsebioscience,IL-10,NK
ASCL2,0.16984608024276515,0.08019597753232445,PBS,IL-10,0.20642831291043764,All age groups,parsebioscience,IL-10,NK
ASH1L,4.1842566191581705e-12,0.4250883767535481,PBS,IL-10,1.1018542430449849e-10,All age groups,parsebioscience,IL-10,NK
ATF1,0.5845525204738621,-0.029083358842172353,PBS,IL-10,0.6212508849879161,All age groups,parsebioscience,IL-10,NK
ATF2,1.4897742330203488e-05,0.2915924758424383,PBS,IL-10,4.1538410967743846e-05,All age groups,parsebioscience,IL-10,NK
ATF3,0.006524029332472094,-0.201487593335799,PBS,IL-10,0.009724496552175384,All age groups,parsebioscience,IL-10,NK
ATF4,5.282727239822444e-09,-0.6881061027129366,PBS,IL-10,3.793958654054301e-08,All age groups,parsebioscience,IL-10,NK
ATF6,5.3666910169918956e-05,0.2300702014848147,PBS,IL-10,0.00011776905287287771,All age groups,parsebioscience,IL-10,NK
BACH1,3.2371340703431104e-05,0.26993328959181373,PBS,IL-10,7.828579333380787e-05,All age groups,parsebioscience,IL-10,NK
BACH2,0.4246027934578478,-0.052717797914447015,PBS,IL-10,0.4724453617347884,All age groups,parsebioscience,IL-10,NK
BATF,0.00028440950891048776,-0.2822960454296865,PBS,IL-10,0.000543589142030529,All age groups,parsebioscience,IL-10,NK
BCL11B,8.239600679421978e-12,0.3419627104929354,PBS,IL-10,1.627321134185841e-10,All age groups,parsebioscience,IL-10,NK
BCL6,0.22482221165402938,0.06984082675296457,PBS,IL-10,0.2664143208100248,All age groups,parsebioscience,IL-10,NK
BHLHE40,0.0011353067504983384,-0.27401069885331925,PBS,IL-10,0.0019264425661094425,All age groups,parsebioscience,IL-10,NK
BNC2,2.7162026233646255e-07,0.37382522992858025,PBS,IL-10,1.149535753102529e-06,All age groups,parsebioscience,IL-10,NK
CDC5L,9.137969350287607e-06,-0.2606867494816026,PBS,IL-10,2.6092755855640515e-05,All age groups,parsebioscience,IL-10,NK
CEBPB,0.05565217520721688,-0.1259494882508432,PBS,IL-10,0.0715227251950689,All age groups,parsebioscience,IL-10,NK
CEBPD,3.8799482514275163e-07,-0.3209321987830915,PBS,IL-10,1.585427130324692e-06,All age groups,parsebioscience,IL-10,NK
CEBPZ,0.7943358040038685,0.008570269498191497,PBS,IL-10,0.807972470167025,All age groups,parsebioscience,IL-10,NK
CREB1,0.0011379829504443964,0.16777224829462778,PBS,IL-10,0.0019264425661094425,All age groups,parsebioscience,IL-10,NK
CREB3L2,0.07850391224204271,0.09607155053439874,PBS,IL-10,0.09896503830512832,All age groups,parsebioscience,IL-10,NK
CREM,0.0088876041217472,-0.2257359577428698,PBS,IL-10,0.012922467342663104,All age groups,parsebioscience,IL-10,NK
CTCF,0.006354808235289746,-0.1387949738856707,PBS,IL-10,0.009532212352934619,All age groups,parsebioscience,IL-10,NK
CUX1,3.145381099209062e-08,0.21504268413064717,PBS,IL-10,1.6942166375285174e-07,All age groups,parsebioscience,IL-10,NK
DDIT3,0.0008825946563332674,-0.2359210208169515,PBS,IL-10,0.001561006966798391,All age groups,parsebioscience,IL-10,NK
DMTF1,3.436320278330315e-05,0.20094582237027483,PBS,IL-10,8.226342484487724e-05,All age groups,parsebioscience,IL-10,NK
DNMT1,3.1438886353696867e-09,-0.9984311799632256,PBS,IL-10,2.661077166366485e-08,All age groups,parsebioscience,IL-10,NK
DR1,0.6840090429769486,-0.020997249259397974,PBS,IL-10,0.7079045553953573,All age groups,parsebioscience,IL-10,NK
DRAP1,1.1214208543860725e-08,-0.7147266064460343,PBS,IL-10,6.994124802355242e-08,All age groups,parsebioscience,IL-10,NK
E2F1,4.905303830929678e-09,-1.6853782443504353,PBS,IL-10,3.6816708799156426e-08,All age groups,parsebioscience,IL-10,NK
E2F3,1.27908772488134e-08,-0.7023822751628299,PBS,IL-10,7.578594769921939e-08,All age groups,parsebioscience,IL-10,NK
E2F4,0.040209368943631044,-0.10935826719047534,PBS,IL-10,0.05294233577578087,All age groups,parsebioscience,IL-10,NK
EEA1,6.7104318076812476e-12,-0.2634418491475132,PBS,IL-10,1.5903723384204556e-10,All age groups,parsebioscience,IL-10,NK
EGR1,0.7716965301353862,0.019981412514657744,PBS,IL-10,0.7883279208710626,All age groups,parsebioscience,IL-10,NK
ELF1,0.023094775294520694,0.13001437283277215,PBS,IL-10,0.03145667669426094,All age groups,parsebioscience,IL-10,NK
ELF2,3.2165039765746795e-05,0.1984942260701333,PBS,IL-10,7.828579333380787e-05,All age groups,parsebioscience,IL-10,NK
ELF4,0.00010193515419368768,0.33521946758045934,PBS,IL-10,0.00021570206735628552,All age groups,parsebioscience,IL-10,NK
ELK4,1.6190079182917302e-05,0.1569574043560039,PBS,IL-10,4.4104008808636786e-05,All age groups,parsebioscience,IL-10,NK
EOMES,0.5398181929500276,-0.025174555044122537,PBS,IL-10,0.5815314169507116,All age groups,parsebioscience,IL-10,NK
ETS1,6.903366854606357e-09,0.5558015360741938,PBS,IL-10,4.812052778063843e-08,All age groups,parsebioscience,IL-10,NK
ETV3,6.5929004277416745e-15,0.28172349576735306,PBS,IL-10,7.812587006873885e-13,All age groups,parsebioscience,IL-10,NK
FLI1,0.6464149146496221,-0.01644774089935621,PBS,IL-10,0.6808903767642687,All age groups,parsebioscience,IL-10,NK
FOS,0.0028730947325876248,-0.2753765254570604,PBS,IL-10,0.0045699560511628665,All age groups,parsebioscience,IL-10,NK
FOSB,0.07451218962402614,-0.12406066486368791,PBS,IL-10,0.09443523497804382,All age groups,parsebioscience,IL-10,NK
FOSL2,0.16813411038821258,-0.1089510375897464,PBS,IL-10,0.20540094928869268,All age groups,parsebioscience,IL-10,NK
FOXJ3,6.334562960077325e-05,0.21670210019566447,PBS,IL-10,0.00013773315793929596,All age groups,parsebioscience,IL-10,NK
FOXK1,0.34362244987034396,0.038219970966599855,PBS,IL-10,0.39153134913111304,All age groups,parsebioscience,IL-10,NK
FOXO1,0.0021994837602677068,0.13153917317035674,PBS,IL-10,0.0035703948711194966,All age groups,parsebioscience,IL-10,NK
FOXO3,3.3450081389747984e-06,0.16581677717964796,PBS,IL-10,1.0295674401779575e-05,All age groups,parsebioscience,IL-10,NK
FOXP1,2.9396893847573394e-09,0.39310991644641047,PBS,IL-10,2.58039401550922e-08,All age groups,parsebioscience,IL-10,NK
GABPA,1.5492790322148786e-05,0.22087946261560487,PBS,IL-10,4.2695247748247234e-05,All age groups,parsebioscience,IL-10,NK
GATA3,0.0023397305069334916,-0.16219571987369588,PBS,IL-10,0.0037722185724029765,All age groups,parsebioscience,IL-10,NK
GATAD2A,0.004511604219715286,0.15054190454055136,PBS,IL-10,0.007034540789950807,All age groups,parsebioscience,IL-10,NK
GATAD2B,7.455129988610874e-07,0.3275077690882184,PBS,IL-10,2.7182550881550418e-06,All age groups,parsebioscience,IL-10,NK
GFI1,0.009583946508784568,0.09515339847623495,PBS,IL-10,0.01377946639147909,All age groups,parsebioscience,IL-10,NK
GTF2I,0.00014116439953303374,0.2900369995439075,PBS,IL-10,0.000285948399054094,All age groups,parsebioscience,IL-10,NK
GTF3A,1.1718507025254085e-06,-0.5823399672730072,PBS,IL-10,3.967551664264597e-06,All age groups,parsebioscience,IL-10,NK
HBP1,0.37221491064289036,0.039401348106666956,PBS,IL-10,0.42007111343983344,All age groups,parsebioscience,IL-10,NK
HES6,0.7434205113862493,-0.015954706452862673,PBS,IL-10,0.7627301350586194,All age groups,parsebioscience,IL-10,NK
HIF1A,0.000804395861028515,-0.11224630173095901,PBS,IL-10,0.0014333971358177298,All age groups,parsebioscience,IL-10,NK
HIVEP1,0.1621584637701029,0.06896950737248711,PBS,IL-10,0.19912723271250976,All age groups,parsebioscience,IL-10,NK
HMBOX1,3.828891056965745e-05,0.18452512607297147,PBS,IL-10,8.984625549513679e-05,All age groups,parsebioscience,IL-10,NK
HMG20B,0.05341041454238099,-0.06315522077970784,PBS,IL-10,0.06917086473521472,All age groups,parsebioscience,IL-10,NK
HMGA1,0.00026050114395026393,-0.21968755118993438,PBS,IL-10,0.0005060555009525618,All age groups,parsebioscience,IL-10,NK
HSF1,0.006290785906390148,-0.09152308191360176,PBS,IL-10,0.009496281909646274,All age groups,parsebioscience,IL-10,NK
IKZF1,1.6584637728133063e-11,0.5617846507481602,PBS,IL-10,3.0235070319750275e-10,All age groups,parsebioscience,IL-10,NK
IKZF2,0.0005264531254406407,0.2996525116703473,PBS,IL-10,0.0009524380971712355,All age groups,parsebioscience,IL-10,NK
IKZF3,1.8119779924224074e-09,0.5081320674203408,PBS,IL-10,1.717755136816442e-08,All age groups,parsebioscience,IL-10,NK
IKZF5,0.005688360826443816,0.12274324568169485,PBS,IL-10,0.00875416568744925,All age groups,parsebioscience,IL-10,NK
IRF1,0.03537974107383792,-0.16330455554179116,PBS,IL-10,0.04710673390168307,All age groups,parsebioscience,IL-10,NK
IRF2,0.0015495098147617042,-0.17240495003025247,PBS,IL-10,0.0025680687139756917,All age groups,parsebioscience,IL-10,NK
IRF3,0.01495981771423859,0.08067036656714312,PBS,IL-10,0.020733782446049977,All age groups,parsebioscience,IL-10,NK
IRF7,2.664863386850331e-13,-2.014618485077927,PBS,IL-10,1.2631452453670568e-11,All age groups,parsebioscience,IL-10,NK
IRF8,0.0001188781895260054,-0.27379788776440095,PBS,IL-10,0.0002471414992777481,All age groups,parsebioscience,IL-10,NK
IRF9,3.7193997462023536e-12,-1.6974879442317996,PBS,IL-10,1.1018542430449849e-10,All age groups,parsebioscience,IL-10,NK
JUN,0.042744986249882405,-0.17811276632112458,PBS,IL-10,0.05596995437139298,All age groups,parsebioscience,IL-10,NK
JUNB,0.29664935265823367,-0.0919214134401842,PBS,IL-10,0.3446367479411832,All age groups,parsebioscience,IL-10,NK
JUND,3.7743390733559806e-06,-0.3683310604789855,PBS,IL-10,1.1468184107504711e-05,All age groups,parsebioscience,IL-10,NK
KAT7,0.012952070387754411,0.15560744346845395,PBS,IL-10,0.018381081927531708,All age groups,parsebioscience,IL-10,NK
KDM2A,3.9958722580780366e-07,0.3113097547050478,PBS,IL-10,1.6051215680754147e-06,All age groups,parsebioscience,IL-10,NK
KDM5B,0.9066334207171686,-0.005530453546839804,PBS,IL-10,0.9104750877541057,All age groups,parsebioscience,IL-10,NK
KLF10,3.980437681163399e-05,-0.31215740803383346,PBS,IL-10,9.248664023879663e-05,All age groups,parsebioscience,IL-10,NK
KLF12,5.23745084324085e-10,0.6060168993710215,PBS,IL-10,5.910837380228959e-09,All age groups,parsebioscience,IL-10,NK
KLF13,2.905228883026103e-05,0.2999811045292074,PBS,IL-10,7.247781529233541e-05,All age groups,parsebioscience,IL-10,NK
KLF2,0.006139940969824547,-0.1330458427613486,PBS,IL-10,0.009388167805473663,All age groups,parsebioscience,IL-10,NK
KLF3,0.008323829389975921,0.1509456664450954,PBS,IL-10,0.012177454107557367,All age groups,parsebioscience,IL-10,NK
KLF6,0.09779080138589569,-0.12811219638137836,PBS,IL-10,0.12134251271443601,All age groups,parsebioscience,IL-10,NK
KLF9,0.009593299386472784,0.1572942582623579,PBS,IL-10,0.01377946639147909,All age groups,parsebioscience,IL-10,NK
KMT2A,1.6157865857713048e-12,0.3015042505877126,PBS,IL-10,6.382357013796654e-11,All age groups,parsebioscience,IL-10,NK
LCOR,1.2642981584225276e-06,0.3537640611772819,PBS,IL-10,4.161648104807487e-06,All age groups,parsebioscience,IL-10,NK
LCORL,0.0004613604692446494,0.19640088867767913,PBS,IL-10,0.0008476157458215651,All age groups,parsebioscience,IL-10,NK
LEF1,0.014029690279690954,-0.16502789895993275,PBS,IL-10,0.01979188450170688,All age groups,parsebioscience,IL-10,NK
LIN54,8.427437117663965e-07,-1.056837511792065,PBS,IL-10,2.9461241359210882e-06,All age groups,parsebioscience,IL-10,NK
MAFF,0.00030138260443498145,-0.30524066951176915,PBS,IL-10,0.0005714214180087249,All age groups,parsebioscience,IL-10,NK
MAX,0.31170494079310196,-0.04528932157151914,PBS,IL-10,0.357896350794496,All age groups,parsebioscience,IL-10,NK
MAZ,2.234005177147981e-09,-0.9604134154089298,PBS,IL-10,2.036381642246429e-08,All age groups,parsebioscience,IL-10,NK
MBD4,0.5818456391502663,0.014975125873635921,PBS,IL-10,0.6211595336874465,All age groups,parsebioscience,IL-10,NK
MEF2A,5.3504375210779786e-05,0.09087546794207281,PBS,IL-10,0.00011776905287287771,All age groups,parsebioscience,IL-10,NK
MEF2C,0.6804897241926693,0.019681332792859916,PBS,IL-10,0.7073511606739589,All age groups,parsebioscience,IL-10,NK
MEF2D,3.280998600627686e-09,0.2790102278381958,PBS,IL-10,2.681367821892281e-08,All age groups,parsebioscience,IL-10,NK
MGA,1.881809563573099e-05,0.3392338349624709,PBS,IL-10,5.011110860301398e-05,All age groups,parsebioscience,IL-10,NK
MSC,0.052336406096818645,0.1051693929776895,PBS,IL-10,0.0681523529942089,All age groups,parsebioscience,IL-10,NK
MTF2,1.1509845335527982e-06,-0.23923471091569135,PBS,IL-10,3.953381658724828e-06,All age groups,parsebioscience,IL-10,NK
MXD1,2.5554206228642863e-05,0.2462102199882103,PBS,IL-10,6.557666193253978e-05,All age groups,parsebioscience,IL-10,NK
MXD3,1.6316237234005684e-06,-1.3011160872047571,PBS,IL-10,5.297189348574448e-06,All age groups,parsebioscience,IL-10,NK
MXD4,0.13395418979823673,-0.04707188060550654,PBS,IL-10,0.16534970303219845,All age groups,parsebioscience,IL-10,NK
MXI1,0.4581482438408817,0.041935708603183575,PBS,IL-10,0.5003738884345114,All age groups,parsebioscience,IL-10,NK
MYBL1,1.9987892257846345e-30,0.36833127123547876,PBS,IL-10,4.737130465109584e-28,All age groups,parsebioscience,IL-10,NK
MYC,0.00042185497214275837,-0.2568473926695979,PBS,IL-10,0.0007872411684868798,All age groups,parsebioscience,IL-10,NK
NCOA1,0.0001451390937069851,0.29543008841103036,PBS,IL-10,0.0002915081797335209,All age groups,parsebioscience,IL-10,NK
NCOA2,0.030384667845946626,0.11372187334769009,PBS,IL-10,0.04068455525135226,All age groups,parsebioscience,IL-10,NK
NCOA3,9.935994285784063e-10,0.2536609852650382,PBS,IL-10,9.811794357211763e-09,All age groups,parsebioscience,IL-10,NK
NFAT5,1.2201074695475004e-06,0.43635120664666466,PBS,IL-10,4.07275310257405e-06,All age groups,parsebioscience,IL-10,NK
NFATC2,0.0003544398149767028,0.2921245596513674,PBS,IL-10,0.0006666844138847505,All age groups,parsebioscience,IL-10,NK
NFATC3,1.4629959991211925e-08,0.4904287617294715,PBS,IL-10,8.45683053150543e-08,All age groups,parsebioscience,IL-10,NK
NFE2L2,0.6714901462496231,0.024597918320083307,PBS,IL-10,0.7010712099610603,All age groups,parsebioscience,IL-10,NK
NFIC,9.527215671592268e-08,-0.48929758351417807,PBS,IL-10,4.804149179079506e-07,All age groups,parsebioscience,IL-10,NK
NFKB1,0.18697591483682507,-0.10113270741548142,PBS,IL-10,0.2249405675955713,All age groups,parsebioscience,IL-10,NK
NFKB2,9.781033847904164e-05,-0.2676906814974136,PBS,IL-10,0.0002088382902660619,All age groups,parsebioscience,IL-10,NK
NFYB,0.0001322934900345826,-0.3527501827952884,PBS,IL-10,0.00027028928567410406,All age groups,parsebioscience,IL-10,NK
NFYC,4.0604141242833814e-05,-0.21981491665458502,PBS,IL-10,9.342894635487004e-05,All age groups,parsebioscience,IL-10,NK
NR1D2,0.0002840715540399375,0.22358232384018753,PBS,IL-10,0.000543589142030529,All age groups,parsebioscience,IL-10,NK
NR1H2,0.4522380783765332,-0.030125467541654103,PBS,IL-10,0.49851360267552725,All age groups,parsebioscience,IL-10,NK
NR2C2,2.494029428067091e-06,0.3892926474676698,PBS,IL-10,7.777433874367112e-06,All age groups,parsebioscience,IL-10,NK
NR3C1,7.120432748895233e-06,0.28266860274230615,PBS,IL-10,2.0579787335221587e-05,All age groups,parsebioscience,IL-10,NK
NR4A1,0.2455624453603663,-0.09773415869520928,PBS,IL-10,0.28954377885774535,All age groups,parsebioscience,IL-10,NK
NR4A2,0.19835179816164117,-0.08709443034012321,PBS,IL-10,0.2374210917389341,All age groups,parsebioscience,IL-10,NK
PHF20,0.0009448354080651448,-0.15560735394784841,PBS,IL-10,0.0016465146449370538,All age groups,parsebioscience,IL-10,NK
PHF21A,4.909682135602853e-06,0.3267988797860329,PBS,IL-10,1.4729046406808559e-05,All age groups,parsebioscience,IL-10,NK
PLSCR1,1.3739224073873438e-10,-0.5576116646302809,PBS,IL-10,2.0351225659425033e-09,All age groups,parsebioscience,IL-10,NK
POU2F1,2.1337626721219686e-10,0.19075145611517105,PBS,IL-10,2.974716195840627e-09,All age groups,parsebioscience,IL-10,NK
POU2F2,2.7524733549213973e-12,-0.15316227477523417,PBS,IL-10,9.319088358805303e-11,All age groups,parsebioscience,IL-10,NK
PRDM1,1.2118260800861856e-13,0.45126163218416104,PBS,IL-10,7.18006952451065e-12,All age groups,parsebioscience,IL-10,NK
PRDM2,1.1117655896276563e-07,0.26669747041881475,PBS,IL-10,5.460153723735794e-07,All age groups,parsebioscience,IL-10,NK
PREB,2.26254403291065e-06,-0.2354540304637089,PBS,IL-10,7.149639143997654e-06,All age groups,parsebioscience,IL-10,NK
RARA,0.801472917372625,0.016092092232935205,PBS,IL-10,0.8117482111850945,All age groups,parsebioscience,IL-10,NK
RBPJ,0.007270881376069529,-0.11188300271429062,PBS,IL-10,0.01076999303830299,All age groups,parsebioscience,IL-10,NK
REL,0.01456713249721902,0.18182817607742974,PBS,IL-10,0.020308296481417104,All age groups,parsebioscience,IL-10,NK
RELB,0.0012107803295946227,-0.2962697437283795,PBS,IL-10,0.002035141405063302,All age groups,parsebioscience,IL-10,NK
REST,0.022957470036799734,0.09462345843721587,PBS,IL-10,0.031450406929026224,All age groups,parsebioscience,IL-10,NK
RFX3,0.0001987213373785862,0.15287656676594907,PBS,IL-10,0.00039247464132270775,All age groups,parsebioscience,IL-10,NK
RLF,1.6559203523613032e-06,0.28013330322562296,PBS,IL-10,5.303420587967957e-06,All age groups,parsebioscience,IL-10,NK
RORA,4.971032411700445e-09,0.46570944978224554,PBS,IL-10,3.6816708799156426e-08,All age groups,parsebioscience,IL-10,NK
RREB1,0.00042850335493809454,0.14787721724386524,PBS,IL-10,0.0007934007431275658,All age groups,parsebioscience,IL-10,NK
RUNX1,5.218144461095895e-08,0.4085156484801973,PBS,IL-10,2.688478776695059e-07,All age groups,parsebioscience,IL-10,NK
RUNX2,0.39191122113682564,0.04612854604096276,PBS,IL-10,0.4381271670256023,All age groups,parsebioscience,IL-10,NK
RUNX3,5.1464394618023826e-05,0.3280125968153238,PBS,IL-10,0.00011587544361073041,All age groups,parsebioscience,IL-10,NK
SAFB,0.5200717541060194,-0.029660018536915883,PBS,IL-10,0.5628173777311716,All age groups,parsebioscience,IL-10,NK
SAFB2,1.553519780914952e-07,0.1271239134753656,PBS,IL-10,7.080465155323915e-07,All age groups,parsebioscience,IL-10,NK
SATB1,0.00011648437128312205,0.1469710520421721,PBS,IL-10,0.00024430792915132676,All age groups,parsebioscience,IL-10,NK
SKIL,0.00023983219142864704,-0.29983211840762397,PBS,IL-10,0.0004697539617238789,All age groups,parsebioscience,IL-10,NK
SMAD3,0.02429386310045767,0.10315960696378602,PBS,IL-10,0.03290083174176267,All age groups,parsebioscience,IL-10,NK
SMAD4,4.953327022663324e-05,0.2183688212394931,PBS,IL-10,0.00011287870234338535,All age groups,parsebioscience,IL-10,NK
SMAD5,0.0009627465713017182,0.1614847910120197,PBS,IL-10,0.0016654812948796146,All age groups,parsebioscience,IL-10,NK
SNAI1,0.30470493322493,0.06033119908348273,PBS,IL-10,0.35226863011857756,All age groups,parsebioscience,IL-10,NK
SOX4,0.002612298543592632,-0.15815863429403865,PBS,IL-10,0.004183207802915229,All age groups,parsebioscience,IL-10,NK
SP110,7.821592826773423e-10,-0.546472624836685,PBS,IL-10,8.059641304110006e-09,All age groups,parsebioscience,IL-10,NK
SP140L,0.501564579637211,-0.025978326030931066,PBS,IL-10,0.5452789237340322,All age groups,parsebioscience,IL-10,NK
SP3,1.270246162070729e-07,0.39013857309321404,PBS,IL-10,6.020966808215256e-07,All age groups,parsebioscience,IL-10,NK
SP4,3.763395855674796e-07,0.2989052973706814,PBS,IL-10,1.5647803820963625e-06,All age groups,parsebioscience,IL-10,NK
SPEN,2.0622760958290118e-08,0.4522374608652044,PBS,IL-10,1.1366498481662227e-07,All age groups,parsebioscience,IL-10,NK
SREBF2,0.03845514463932963,0.15240034019385487,PBS,IL-10,0.05091547083531353,All age groups,parsebioscience,IL-10,NK
STAT1,3.337952061108339e-08,-0.9577969555381433,PBS,IL-10,1.7579880855170582e-07,All age groups,parsebioscience,IL-10,NK
STAT2,0.36168030072049917,0.04891846631584181,PBS,IL-10,0.4101350778505182,All age groups,parsebioscience,IL-10,NK
STAT3,5.008870962370611e-10,0.42020856517921473,PBS,IL-10,5.910837380228959e-09,All age groups,parsebioscience,IL-10,NK
STAT4,1.9451365059385272e-05,0.396166421413579,PBS,IL-10,5.122192798971455e-05,All age groups,parsebioscience,IL-10,NK
STAT5A,0.9419560490254126,0.0020502622237034713,PBS,IL-10,0.9419560490254126,All age groups,parsebioscience,IL-10,NK
STAT5B,9.320206477220894e-05,0.0956329581309923,PBS,IL-10,0.0002008080850092138,All age groups,parsebioscience,IL-10,NK
STAT6,0.006235718881201933,0.1812037608155168,PBS,IL-10,0.009473495992595246,All age groups,parsebioscience,IL-10,NK
TBX21,0.27886955498545896,0.07019006715833971,PBS,IL-10,0.3255767710913979,All age groups,parsebioscience,IL-10,NK
TCF12,4.989895089382012e-07,0.4268953962606779,PBS,IL-10,1.877151009815138e-06,All age groups,parsebioscience,IL-10,NK
TCF4,0.0020226806149606256,-0.12067954305505738,PBS,IL-10,0.0033060365913494365,All age groups,parsebioscience,IL-10,NK
TCF7,0.18235190172915938,-0.10284403099405719,PBS,IL-10,0.22049694239699374,All age groups,parsebioscience,IL-10,NK
TFCP2,5.182614777526339e-05,0.25114282867774307,PBS,IL-10,0.00011587544361073041,All age groups,parsebioscience,IL-10,NK
TFDP1,1.7555648926494715e-08,-1.495412398234734,PBS,IL-10,9.906401894236303e-08,All age groups,parsebioscience,IL-10,NK
TFDP2,1.3947558910222218e-07,0.3831835597689296,PBS,IL-10,6.481512670044442e-07,All age groups,parsebioscience,IL-10,NK
TGIF1,0.6669730843025836,0.019049368266834593,PBS,IL-10,0.6994363760164262,All age groups,parsebioscience,IL-10,NK
THAP11,0.8057806416927391,-0.008535995847464228,PBS,IL-10,0.8126383492816135,All age groups,parsebioscience,IL-10,NK
TP53,4.247551321685907e-10,-0.9614711023840059,PBS,IL-10,5.298261385471368e-09,All age groups,parsebioscience,IL-10,NK
TRAFD1,0.055829975363239435,0.08798788666583206,PBS,IL-10,0.0715227251950689,All age groups,parsebioscience,IL-10,NK
TRERF1,0.0018616983309336188,0.08692069577470266,PBS,IL-10,0.003064045169661581,All age groups,parsebioscience,IL-10,NK
USF2,2.4361878749561083e-05,-0.1269332171683431,PBS,IL-10,6.344796993017557e-05,All age groups,parsebioscience,IL-10,NK
VEZF1,3.944488475508111e-09,0.17519911459639403,PBS,IL-10,3.116145895651407e-08,All age groups,parsebioscience,IL-10,NK
XBP1,1.1288925420382022e-07,-0.5573934105932828,PBS,IL-10,5.460153723735794e-07,All age groups,parsebioscience,IL-10,NK
YBX1,7.162310248278434e-10,-0.9311165547417994,PBS,IL-10,7.715761494736312e-09,All age groups,parsebioscience,IL-10,NK
YBX3,0.3125930152508889,-0.05764014606931448,PBS,IL-10,0.357896350794496,All age groups,parsebioscience,IL-10,NK
YY1,0.029907934912968417,-0.11292705212142316,PBS,IL-10,0.040273753263485874,All age groups,parsebioscience,IL-10,NK
ZBED4,0.022169236293111697,0.08607749374835748,PBS,IL-10,0.030547145357369025,All age groups,parsebioscience,IL-10,NK
ZBTB1,0.21285918190160524,0.0800648490723377,PBS,IL-10,0.2535056588476404,All age groups,parsebioscience,IL-10,NK
ZBTB10,0.7203589662832166,-0.02651437717864816,PBS,IL-10,0.742282934822271,All age groups,parsebioscience,IL-10,NK
ZBTB11,1.695478298621858e-07,0.33620602476597966,PBS,IL-10,7.581667108931706e-07,All age groups,parsebioscience,IL-10,NK
ZBTB20,4.333695345081923e-07,0.38661573473275135,PBS,IL-10,1.6837472078433044e-06,All age groups,parsebioscience,IL-10,NK
ZBTB43,0.011258554006917238,0.09152447765850333,PBS,IL-10,0.01607395963638184,All age groups,parsebioscience,IL-10,NK
ZBTB44,9.700753016531717e-11,0.5276165203166147,PBS,IL-10,1.5327189766120112e-09,All age groups,parsebioscience,IL-10,NK
ZBTB7A,3.766107129974523e-14,0.18316712994674367,PBS,IL-10,2.9752246326798733e-12,All age groups,parsebioscience,IL-10,NK
ZEB1,0.3747514864628311,0.05619633115982198,PBS,IL-10,0.4209293947473505,All age groups,parsebioscience,IL-10,NK
ZEB2,8.034069318641758e-12,0.8246905181142273,PBS,IL-10,1.627321134185841e-10,All age groups,parsebioscience,IL-10,NK
ZFP91,0.005185392014671932,0.16593558742193018,PBS,IL-10,0.00803227390508005,All age groups,parsebioscience,IL-10,NK
ZFX,0.0009315915199362769,0.2256504124547106,PBS,IL-10,0.0016354606683325749,All age groups,parsebioscience,IL-10,NK
ZGPAT,0.08544665759822984,0.06357988183940351,PBS,IL-10,0.1065834623725288,All age groups,parsebioscience,IL-10,NK
ZHX1,0.01416366945466863,0.12220217784673434,PBS,IL-10,0.0198626607145353,All age groups,parsebioscience,IL-10,NK
ZHX2,0.00013205036600098715,0.1889810850761322,PBS,IL-10,0.00027028928567410406,All age groups,parsebioscience,IL-10,NK
ZKSCAN1,0.001257162131517942,0.07607575115274455,PBS,IL-10,0.0020982213040123395,All age groups,parsebioscience,IL-10,NK
ZNF148,7.287586444652181e-09,0.41518199755495205,PBS,IL-10,4.934737106807334e-08,All age groups,parsebioscience,IL-10,NK
ZNF207,0.25115558796143744,-0.06360602382775986,PBS,IL-10,0.29467264528148845,All age groups,parsebioscience,IL-10,NK
ZNF217,4.6101779946764286e-07,0.20594848471819693,PBS,IL-10,1.7622777173198604e-06,All age groups,parsebioscience,IL-10,NK
ZNF24,0.0790344250081045,0.0472344330178033,PBS,IL-10,0.0991066599307977,All age groups,parsebioscience,IL-10,NK
ZNF276,0.0004835480143596177,0.20837240379927272,PBS,IL-10,0.0008815452261786877,All age groups,parsebioscience,IL-10,NK
ZNF280D,0.5550720797647715,0.01707752796791251,PBS,IL-10,0.5952582936843929,All age groups,parsebioscience,IL-10,NK
ZNF292,3.614898307430868e-05,0.12488622010563052,PBS,IL-10,8.567308988611157e-05,All age groups,parsebioscience,IL-10,NK
ZNF318,0.0007102638700822593,0.2508062511878717,PBS,IL-10,0.0012752464940113293,All age groups,parsebioscience,IL-10,NK
ZNF326,0.0010100150697957852,0.12582180630059872,PBS,IL-10,0.0017345910981275442,All age groups,parsebioscience,IL-10,NK
ZNF331,0.061615540876220835,-0.16333897639491035,PBS,IL-10,0.07851012466486204,All age groups,parsebioscience,IL-10,NK
ZNF335,1.001194579240211e-08,0.29311746931067983,PBS,IL-10,6.413057169727837e-08,All age groups,parsebioscience,IL-10,NK
ZNF33A,0.0030321271656880656,0.07179757327139714,PBS,IL-10,0.004759034028265375,All age groups,parsebioscience,IL-10,NK
ZNF350,0.45649725849751543,0.029274407139310083,PBS,IL-10,0.5003738884345114,All age groups,parsebioscience,IL-10,NK
ZNF394,0.6408297274333301,-0.025304244855965524,PBS,IL-10,0.678020738400443,All age groups,parsebioscience,IL-10,NK
ZNF407,2.5732614176059915e-05,0.2866198455018607,PBS,IL-10,6.557666193253978e-05,All age groups,parsebioscience,IL-10,NK
ZNF451,6.740266889281817e-06,0.2443760374495391,PBS,IL-10,1.972152163900976e-05,All age groups,parsebioscience,IL-10,NK
ZNF460,5.669806458704115e-07,0.27118911259085593,PBS,IL-10,2.0996002042388676e-06,All age groups,parsebioscience,IL-10,NK
ZNF511,4.1395117506751567e-07,-0.31467287165633584,PBS,IL-10,1.6351071415166867e-06,All age groups,parsebioscience,IL-10,NK
ZNF592,0.00016823044007079722,0.22269632499628422,PBS,IL-10,0.00033504717896452895,All age groups,parsebioscience,IL-10,NK
ZNF600,8.453014398423375e-07,0.33066428295038564,PBS,IL-10,2.9461241359210882e-06,All age groups,parsebioscience,IL-10,NK
ZNF609,1.6576287104843194e-05,0.22050217296753397,PBS,IL-10,4.4642955043725416e-05,All age groups,parsebioscience,IL-10,NK
ZNF644,9.585382753256026e-09,0.3518060535793679,PBS,IL-10,6.310376979226884e-08,All age groups,parsebioscience,IL-10,NK
ZNF652,6.5452870659832145e-06,0.2461031040111951,PBS,IL-10,1.9390412932975274e-05,All age groups,parsebioscience,IL-10,NK
ZNF708,3.681320086599982e-10,0.36013613073490075,PBS,IL-10,4.8470714473566425e-09,All age groups,parsebioscience,IL-10,NK
ZNF740,0.00830635234779805,0.11451687059203512,PBS,IL-10,0.012177454107557367,All age groups,parsebioscience,IL-10,NK
ZNF800,7.946200178244078e-07,0.28758157076181023,PBS,IL-10,2.85340824582401e-06,All age groups,parsebioscience,IL-10,NK
ZNF83,5.194101291428138e-11,0.17332151141508348,PBS,IL-10,8.792871471917634e-10,All age groups,parsebioscience,IL-10,NK
ZXDC,1.2443723553321548e-08,0.24956118259656127,PBS,IL-10,7.561955082403095e-08,All age groups,parsebioscience,IL-10,NK
AHR,0.667568013598041,0.029454034465140454,PBS,IL-10,0.689288944401615,All age groups,parsebioscience,IL-10,B
AKNA,0.01147542544699824,0.13170097090528088,PBS,IL-10,0.013737408347608471,All age groups,parsebioscience,IL-10,B
ARID2,3.2317761935688945e-06,0.3158883224944597,PBS,IL-10,5.1584120012734276e-06,All age groups,parsebioscience,IL-10,B
ARID3A,1.8192737836835192e-07,-0.9408986412500656,PBS,IL-10,3.62399337709757e-07,All age groups,parsebioscience,IL-10,B
ARID3B,8.06686312077875e-10,-0.2505489938368602,PBS,IL-10,2.7143904284782555e-09,All age groups,parsebioscience,IL-10,B
ARID5A,8.496346198290663e-05,0.11089959038681013,PBS,IL-10,0.00011818939683655728,All age groups,parsebioscience,IL-10,B
ASH1L,1.1494329847074742e-18,0.6093952319024515,PBS,IL-10,4.7701468865360176e-17,All age groups,parsebioscience,IL-10,B
ATF2,9.253464860162089e-11,0.23844297090411493,PBS,IL-10,3.7163108873876777e-10,All age groups,parsebioscience,IL-10,B
ATF4,1.6939980934044158e-06,-0.6444456708802077,PBS,IL-10,2.8500373328222946e-06,All age groups,parsebioscience,IL-10,B
ATF5,0.0010008399272175006,-0.18493927488943074,PBS,IL-10,0.0012650210247571454,All age groups,parsebioscience,IL-10,B
ATF6,4.128523635876098e-12,0.23188403801485005,PBS,IL-10,2.2347877942024968e-11,All age groups,parsebioscience,IL-10,B
ATF7,4.5619147776203687e-05,0.10822437045491314,PBS,IL-10,6.528257354180872e-05,All age groups,parsebioscience,IL-10,B
BACH1,1.030136563655164e-18,0.7704836894946223,PBS,IL-10,4.7701468865360176e-17,All age groups,parsebioscience,IL-10,B
BACH2,3.5913453751589647e-12,1.2462932422687265,PBS,IL-10,1.9872111075879606e-11,All age groups,parsebioscience,IL-10,B
BATF,9.869726616065146e-10,-0.7130500564161093,PBS,IL-10,3.2767492365336283e-09,All age groups,parsebioscience,IL-10,B
BCL11A,4.633091469347824e-08,0.33370440481007907,PBS,IL-10,1.0583851154748698e-07,All age groups,parsebioscience,IL-10,B
BCL11B,0.0928057615335208,-0.12783038584187473,PBS,IL-10,0.10225059567188796,All age groups,parsebioscience,IL-10,B
BCL6,4.71333572989526e-11,0.5774704035954507,PBS,IL-10,2.0234837874895167e-10,All age groups,parsebioscience,IL-10,B
BHLHE40,0.013128246404490899,-0.18905931044163038,PBS,IL-10,0.0156408294484126,All age groups,parsebioscience,IL-10,B
BHLHE41,0.0001413648597915917,-0.3041926439149382,PBS,IL-10,0.00019130353308753444,All age groups,parsebioscience,IL-10,B
CAMTA1,5.196729356166894e-08,-0.2688500867837011,PBS,IL-10,1.1614194807959193e-07,All age groups,parsebioscience,IL-10,B
CDC5L,2.5284600791072498e-06,-0.1989738219890301,PBS,IL-10,4.087682039635678e-06,All age groups,parsebioscience,IL-10,B
CEBPB,3.531780699327062e-10,-0.39908636450203183,PBS,IL-10,1.221407491850609e-09,All age groups,parsebioscience,IL-10,B
CEBPG,1.2003497388369941e-08,-0.47538131732454914,PBS,IL-10,3.019061464347591e-08,All age groups,parsebioscience,IL-10,B
CREB1,1.969160277212284e-10,0.3658509101646562,PBS,IL-10,7.543398600397826e-10,All age groups,parsebioscience,IL-10,B
CREB3,0.0016037090083487603,-0.0932889769170447,PBS,IL-10,0.002006650970245434,All age groups,parsebioscience,IL-10,B
CREB3L2,1.6492172168628488e-17,0.47491312000811564,PBS,IL-10,4.106550869988494e-16,All age groups,parsebioscience,IL-10,B
CREM,2.3576310399626335e-08,0.4141170736275611,PBS,IL-10,5.590953609054245e-08,All age groups,parsebioscience,IL-10,B
CTCF,0.00016074531558417393,0.1062079329138881,PBS,IL-10,0.00021519130957236188,All age groups,parsebioscience,IL-10,B
CUX1,1.3831193555763664e-25,0.5449346923894166,PBS,IL-10,3.4439671953851524e-23,All age groups,parsebioscience,IL-10,B
DBP,1.3410981852800255e-06,-0.2344790283666213,PBS,IL-10,2.3029892974808715e-06,All age groups,parsebioscience,IL-10,B
DDIT3,0.033159765329523624,0.13294000330054492,PBS,IL-10,0.03804968464078978,All age groups,parsebioscience,IL-10,B
DEAF1,6.831370191305797e-05,-0.2249467082061267,PBS,IL-10,9.576830590475633e-05,All age groups,parsebioscience,IL-10,B
DMTF1,0.00015206833892850925,0.24302223878369364,PBS,IL-10,0.00020467576428756108,All age groups,parsebioscience,IL-10,B
DNMT1,0.07873138719083415,-0.06875209463589113,PBS,IL-10,0.08791083143729912,All age groups,parsebioscience,IL-10,B
DR1,1.2170738724756306e-06,-0.4214114176189008,PBS,IL-10,2.1045235711557782e-06,All age groups,parsebioscience,IL-10,B
DRAP1,2.0076723614026657e-13,-1.0303162516772166,PBS,IL-10,1.6126142515782703e-12,All age groups,parsebioscience,IL-10,B
E2F4,0.019430687286269465,-0.09867372271692512,PBS,IL-10,0.022930052769104724,All age groups,parsebioscience,IL-10,B
E2F5,8.78398609760011e-19,0.4055463090872733,PBS,IL-10,4.7701468865360176e-17,All age groups,parsebioscience,IL-10,B
EBF1,1.5123023339725905e-05,0.2553151621989781,PBS,IL-10,2.268453500958886e-05,All age groups,parsebioscience,IL-10,B
EEA1,0.21694097656413103,-0.07670189004784958,PBS,IL-10,0.23283751363995098,All age groups,parsebioscience,IL-10,B
EGR1,0.11758502981534429,-0.12393713129975277,PBS,IL-10,0.12841522992991547,All age groups,parsebioscience,IL-10,B
ELF1,1.7844625575087116e-14,0.6038990908302957,PBS,IL-10,1.9902019094076149e-13,All age groups,parsebioscience,IL-10,B
ELF2,1.9954942145803726e-08,0.3319229136262729,PBS,IL-10,4.7776736483703154e-08,All age groups,parsebioscience,IL-10,B
ELF4,6.177843588983371e-08,-0.23381757811217993,PBS,IL-10,1.3261060807386718e-07,All age groups,parsebioscience,IL-10,B
ELK3,0.02146534437069171,0.13309443309693358,PBS,IL-10,0.025093289898132563,All age groups,parsebioscience,IL-10,B
ELK4,2.397581303688333e-11,0.247436014065067,PBS,IL-10,1.126410838902632e-10,All age groups,parsebioscience,IL-10,B
ETS1,2.3267838067114123e-11,0.5815005943191834,PBS,IL-10,1.1141714766752725e-10,All age groups,parsebioscience,IL-10,B
ETV6,1.452012477454451e-07,0.22721656985422492,PBS,IL-10,2.939439893383401e-07,All age groups,parsebioscience,IL-10,B
FLI1,0.3221531606123488,-0.05106302123463618,PBS,IL-10,0.3413452637977653,All age groups,parsebioscience,IL-10,B
FOS,3.4261481283184346e-08,0.7254875831454531,PBS,IL-10,7.972998915432619e-08,All age groups,parsebioscience,IL-10,B
FOSB,8.976224208470698e-06,0.30112402007954814,PBS,IL-10,1.3712146183492047e-05,All age groups,parsebioscience,IL-10,B
FOXJ3,4.645307544204144e-11,0.28894602927446533,PBS,IL-10,2.0234837874895167e-10,All age groups,parsebioscience,IL-10,B
FOXO1,2.2277079990862458e-12,0.9147166004242044,PBS,IL-10,1.3207125994582743e-11,All age groups,parsebioscience,IL-10,B
FOXO3,1.0393203662009314e-09,0.22985826716379695,PBS,IL-10,3.3441955295199232e-09,All age groups,parsebioscience,IL-10,B
FOXP1,5.7957322248931665e-12,1.2872413326892478,PBS,IL-10,3.0705049446774435e-11,All age groups,parsebioscience,IL-10,B
GATAD2A,7.315408709995882e-11,0.13122313337481695,PBS,IL-10,3.035894614648291e-10,All age groups,parsebioscience,IL-10,B
GATAD2B,3.4433142769732107e-11,0.4695964337998253,PBS,IL-10,1.5877504721598692e-10,All age groups,parsebioscience,IL-10,B
GTF2I,9.14780866296678e-05,0.3030082927532838,PBS,IL-10,0.00012584554458998498,All age groups,parsebioscience,IL-10,B
GTF3A,5.224055495949517e-08,-0.8440970917589407,PBS,IL-10,1.1614194807959193e-07,All age groups,parsebioscience,IL-10,B
HBP1,7.63172211717395e-13,0.41315632150660514,PBS,IL-10,5.429425163360896e-12,All age groups,parsebioscience,IL-10,B
HES1,0.5285199487520943,0.0409783575040525,PBS,IL-10,0.5493311796844179,All age groups,parsebioscience,IL-10,B
HHEX,0.013831238442490327,-0.08010572765540468,PBS,IL-10,0.016399897010381387,All age groups,parsebioscience,IL-10,B
HIF1A,3.2059153053274456e-16,0.3800493018520287,PBS,IL-10,4.695723006038435e-15,All age groups,parsebioscience,IL-10,B
HIVEP1,4.0804248784983375e-05,0.21667310532349845,PBS,IL-10,5.9071267136400346e-05,All age groups,parsebioscience,IL-10,B
HMBOX1,1.934734864301342e-07,0.4432010634561466,PBS,IL-10,3.8234046127859856e-07,All age groups,parsebioscience,IL-10,B
HMG20B,3.193500205449787e-10,-0.4798668767559701,PBS,IL-10,1.1280412798173127e-09,All age groups,parsebioscience,IL-10,B
HMGA1,2.0576988618779173e-06,-0.21788376009633736,PBS,IL-10,3.3931590503814662e-06,All age groups,parsebioscience,IL-10,B
HSF1,9.465373622431355e-07,-0.41143473654859886,PBS,IL-10,1.6834843085610053e-06,All age groups,parsebioscience,IL-10,B
IKZF1,2.7094160749946396e-13,0.6709080746447433,PBS,IL-10,2.108264383355204e-12,All age groups,parsebioscience,IL-10,B
IKZF2,7.997884655716492e-10,0.571026901861176,PBS,IL-10,2.7143904284782555e-09,All age groups,parsebioscience,IL-10,B
IKZF3,2.4804288022874446e-05,0.3780497607501974,PBS,IL-10,3.654596282660199e-05,All age groups,parsebioscience,IL-10,B
IKZF5,7.878637719726228e-08,0.4021687765659045,PBS,IL-10,1.6625260950947717e-07,All age groups,parsebioscience,IL-10,B
IRF1,0.003264634958553611,0.1883127745530294,PBS,IL-10,0.004004404456550981,All age groups,parsebioscience,IL-10,B
IRF2,0.3082526070188655,-0.043941189087108715,PBS,IL-10,0.3280123895200748,All age groups,parsebioscience,IL-10,B
IRF3,1.5035186650253197e-09,-0.4923125958710925,PBS,IL-10,4.679701844891307e-09,All age groups,parsebioscience,IL-10,B
IRF4,5.500599621046185e-08,0.3972987058055219,PBS,IL-10,1.201446759333772e-07,All age groups,parsebioscience,IL-10,B
IRF5,1.047579322500217e-09,-0.7623944808975398,PBS,IL-10,3.3441955295199232e-09,All age groups,parsebioscience,IL-10,B
IRF7,2.7531323735351497e-17,-1.7303382481878449,PBS,IL-10,5.232668189848427e-16,All age groups,parsebioscience,IL-10,B
IRF8,9.083977323429909e-09,0.33812533926567606,PBS,IL-10,2.3561566182646327e-08,All age groups,parsebioscience,IL-10,B
IRF9,2.521227761150255e-20,-1.9004162175025894,PBS,IL-10,3.138928562632068e-18,All age groups,parsebioscience,IL-10,B
JDP2,4.33591105466265e-05,-0.16616843808864706,PBS,IL-10,6.2407043503526e-05,All age groups,parsebioscience,IL-10,B
JUN,6.106849205531673e-08,0.6805860691938553,PBS,IL-10,1.3222656105890318e-07,All age groups,parsebioscience,IL-10,B
JUNB,6.846087731344027e-05,0.4277960512010608,PBS,IL-10,9.576830590475633e-05,All age groups,parsebioscience,IL-10,B
JUND,0.5294758358404028,-0.04076611941377064,PBS,IL-10,0.5493311796844179,All age groups,parsebioscience,IL-10,B
KAT7,1.2290604408665817e-08,0.35686239172468026,PBS,IL-10,3.0603604977577884e-08,All age groups,parsebioscience,IL-10,B
KDM2A,2.4439782621213326e-09,0.2924265627883481,PBS,IL-10,7.244649848431094e-09,All age groups,parsebioscience,IL-10,B
KDM5B,1.994055907111614e-17,0.27709910125478465,PBS,IL-10,4.5138174624617445e-16,All age groups,parsebioscience,IL-10,B
KLF10,0.0019693846818007238,-0.3661290536216611,PBS,IL-10,0.0024396855013352247,All age groups,parsebioscience,IL-10,B
KLF11,0.00046486326043806167,-0.20211037218458006,PBS,IL-10,0.0006028695408806112,All age groups,parsebioscience,IL-10,B
KLF12,2.1118879964678522e-12,0.5034316519841509,PBS,IL-10,1.2825856368792566e-11,All age groups,parsebioscience,IL-10,B
KLF13,5.437408140690866e-06,-0.4051483604877031,PBS,IL-10,8.46196641895016e-06,All age groups,parsebioscience,IL-10,B
KLF16,0.04161504525956715,-0.10163701616965264,PBS,IL-10,0.04753278105335881,All age groups,parsebioscience,IL-10,B
KLF2,3.9449719337838214e-07,0.43547886165545985,PBS,IL-10,7.498458103146348e-07,All age groups,parsebioscience,IL-10,B
KLF3,6.744179398540487e-18,0.8053354554037164,PBS,IL-10,1.929114646546689e-16,All age groups,parsebioscience,IL-10,B
KLF4,4.334782570835224e-11,0.47343899667582234,PBS,IL-10,1.962474291159947e-10,All age groups,parsebioscience,IL-10,B
KLF6,0.37276041753106515,-0.07137689344049915,PBS,IL-10,0.39329383036116616,All age groups,parsebioscience,IL-10,B
KLF7,1.287591446418359e-09,0.35244179675490367,PBS,IL-10,4.058357850103435e-09,All age groups,parsebioscience,IL-10,B
KLF8,0.08420891134163368,-0.0961390520367862,PBS,IL-10,0.0931911952180746,All age groups,parsebioscience,IL-10,B
KLF9,9.00562958168767e-12,0.5098477961885525,PBS,IL-10,4.5763301343678156e-11,All age groups,parsebioscience,IL-10,B
KMT2A,5.276235974742692e-08,0.22817913942098067,PBS,IL-10,1.1626396085937436e-07,All age groups,parsebioscience,IL-10,B
LCOR,8.041781174620805e-06,0.37774121688625895,PBS,IL-10,1.2404183015141297e-05,All age groups,parsebioscience,IL-10,B
LCORL,9.255066804482884e-13,0.24985241539510883,PBS,IL-10,6.266180062226962e-12,All age groups,parsebioscience,IL-10,B
LEF1,0.0003415926054562364,0.23980662848661477,PBS,IL-10,0.00045003470242647016,All age groups,parsebioscience,IL-10,B
MAX,0.0004014983762128846,-0.1865551839144009,PBS,IL-10,0.0005261741877737277,All age groups,parsebioscience,IL-10,B
MAZ,6.045610266612323e-09,-0.549355707250221,PBS,IL-10,1.6726188404294094e-08,All age groups,parsebioscience,IL-10,B
MBD2,3.126199840624947e-07,-0.3929928180338826,PBS,IL-10,5.98787507935086e-07,All age groups,parsebioscience,IL-10,B
MBD4,3.797353052809158e-06,-0.2367424061044725,PBS,IL-10,5.9844361401865845e-06,All age groups,parsebioscience,IL-10,B
MEF2A,6.868008132222137e-08,0.45693893454688145,PBS,IL-10,1.4616530127549677e-07,All age groups,parsebioscience,IL-10,B
MEF2C,1.794401435979763e-09,0.8032690151850487,PBS,IL-10,5.383204307939289e-09,All age groups,parsebioscience,IL-10,B
MEF2D,1.0276474468098424e-13,0.41286537224196673,PBS,IL-10,8.82359359502244e-13,All age groups,parsebioscience,IL-10,B
MGA,2.498074977001429e-07,0.393682144190868,PBS,IL-10,4.821865653281828e-07,All age groups,parsebioscience,IL-10,B
MLX,2.544541028688876e-06,-0.4468679831963116,PBS,IL-10,4.087682039635678e-06,All age groups,parsebioscience,IL-10,B
MSC,0.002036285240994305,-0.24336018236075133,PBS,IL-10,0.002510074381225653,All age groups,parsebioscience,IL-10,B
MTF2,0.6699113435549833,-0.011571645262859125,PBS,IL-10,0.689288944401615,All age groups,parsebioscience,IL-10,B
MXD3,0.0018334369202318835,-0.2286098871243001,PBS,IL-10,0.002282628965688695,All age groups,parsebioscience,IL-10,B
MXD4,7.303848419167424e-07,-0.2768429563174558,PBS,IL-10,1.3372487179210944e-06,All age groups,parsebioscience,IL-10,B
MXI1,3.1476173353321066e-15,0.5704328538811321,PBS,IL-10,4.125035349987866e-14,All age groups,parsebioscience,IL-10,B
MYC,0.00019689867672047565,-0.2780274571600463,PBS,IL-10,0.00026218059092726436,All age groups,parsebioscience,IL-10,B
NCOA1,1.3606767704211336e-16,0.28472347600352405,PBS,IL-10,2.1175532239678896e-15,All age groups,parsebioscience,IL-10,B
NCOA2,0.005120699394996644,0.16007491517817185,PBS,IL-10,0.006159681880937992,All age groups,parsebioscience,IL-10,B
NCOA3,6.972703541735021e-18,0.49475168016993937,PBS,IL-10,1.929114646546689e-16,All age groups,parsebioscience,IL-10,B
NFAT5,8.070191359248555e-06,0.2342087158752238,PBS,IL-10,1.2404183015141297e-05,All age groups,parsebioscience,IL-10,B
NFATC1,2.2691366042722673e-17,0.45803160126735243,PBS,IL-10,4.708458453864954e-16,All age groups,parsebioscience,IL-10,B
NFATC2,4.940303303540064e-05,0.18407796908753454,PBS,IL-10,7.02934584332272e-05,All age groups,parsebioscience,IL-10,B
NFATC3,8.840182939271063e-09,0.6065720569396985,PBS,IL-10,2.3170584756615733e-08,All age groups,parsebioscience,IL-10,B
NFE2L1,1.5641562224005976e-05,-0.2916287573741316,PBS,IL-10,2.3321850262140645e-05,All age groups,parsebioscience,IL-10,B
NFE2L2,7.176697146972784e-11,0.32556766053431657,PBS,IL-10,3.028809473891904e-10,All age groups,parsebioscience,IL-10,B
NFKB1,1.482485444555195e-07,0.40930407031071203,PBS,IL-10,2.976926416889061e-07,All age groups,parsebioscience,IL-10,B
NFKB2,0.07723263123539645,-0.09598276860012689,PBS,IL-10,0.08662578908835007,All age groups,parsebioscience,IL-10,B
NFYC,0.0008624950931916917,-0.16322043188317562,PBS,IL-10,0.0010957208071669961,All age groups,parsebioscience,IL-10,B
NR1D2,8.842517209082552e-08,0.26130165711695996,PBS,IL-10,1.8348223208846295e-07,All age groups,parsebioscience,IL-10,B
NR1H2,0.9713631850537048,-0.0016883419536163962,PBS,IL-10,0.9752799720902117,All age groups,parsebioscience,IL-10,B
NR2C2,2.230669852947628e-06,0.2817790265406372,PBS,IL-10,3.654189430157627e-06,All age groups,parsebioscience,IL-10,B
NR3C1,1.8770743553308265e-15,0.5483374261122417,PBS,IL-10,2.5966195248743102e-14,All age groups,parsebioscience,IL-10,B
NR4A1,0.9665043421732166,-0.0030525459283083436,PBS,IL-10,0.974330288263688,All age groups,parsebioscience,IL-10,B
NR4A2,0.000828978577967538,0.21432145533431413,PBS,IL-10,0.0010585418764816256,All age groups,parsebioscience,IL-10,B
PAX5,2.298912476556424e-12,0.8292751535501586,PBS,IL-10,1.33123071316872e-11,All age groups,parsebioscience,IL-10,B
PHF20,3.2098542531602134e-10,0.25237373532838114,PBS,IL-10,1.1280412798173127e-09,All age groups,parsebioscience,IL-10,B
PHF21A,7.685681485487432e-09,0.336897877491068,PBS,IL-10,2.035887967964224e-08,All age groups,parsebioscience,IL-10,B
PLAG1,0.7400218881870275,-0.022821510705583352,PBS,IL-10,0.7551862711416798,All age groups,parsebioscience,IL-10,B
POU2F1,8.160161528505748e-07,0.16175909593937443,PBS,IL-10,1.4831242486116286e-06,All age groups,parsebioscience,IL-10,B
POU2F2,0.030187516923241918,-0.18089288292397823,PBS,IL-10,0.03479949867540388,All age groups,parsebioscience,IL-10,B
PRDM1,0.9845310009323938,0.001047585357477988,PBS,IL-10,0.9845310009323938,All age groups,parsebioscience,IL-10,B
PRDM2,1.5504833527834837e-09,0.30057211157981784,PBS,IL-10,4.7663006770751536e-09,All age groups,parsebioscience,IL-10,B
PRDM4,3.6843999633797696e-13,0.39817234863310064,PBS,IL-10,2.7800472450956442e-12,All age groups,parsebioscience,IL-10,B
RARA,1.081164777420446e-08,-0.3984673123550367,PBS,IL-10,2.7470411181397045e-08,All age groups,parsebioscience,IL-10,B
REL,6.667801094555494e-15,0.7206844599804563,PBS,IL-10,8.30141236272159e-14,All age groups,parsebioscience,IL-10,B
RELA,1.1291223551274734e-07,-0.22962008999052164,PBS,IL-10,2.30452021661263e-07,All age groups,parsebioscience,IL-10,B
RELB,0.06117211371159813,-0.11531386975120347,PBS,IL-10,0.06942848696588318,All age groups,parsebioscience,IL-10,B
REPIN1,0.00011911846650708744,-0.21911645399743077,PBS,IL-10,0.00016207922491947964,All age groups,parsebioscience,IL-10,B
REST,5.581518016821563e-05,-0.26889460578981667,PBS,IL-10,7.896579466980507e-05,All age groups,parsebioscience,IL-10,B
RFX3,1.0405588925392747e-09,0.40213080813594715,PBS,IL-10,3.3441955295199232e-09,All age groups,parsebioscience,IL-10,B
RLF,2.1322917106182388e-11,0.5202067474047264,PBS,IL-10,1.0410600704783166e-10,All age groups,parsebioscience,IL-10,B
RORA,0.17154279004401296,-0.1189107751310331,PBS,IL-10,0.18490976069679319,All age groups,parsebioscience,IL-10,B
RREB1,1.6253420254242483e-08,0.2928650805657204,PBS,IL-10,3.932921493471475e-08,All age groups,parsebioscience,IL-10,B
RUNX1,3.1726674299268313e-12,0.4702074657988928,PBS,IL-10,1.795441341026775e-11,All age groups,parsebioscience,IL-10,B
RUNX2,0.9067584355736509,-0.007394096519419487,PBS,IL-10,0.9178164652757687,All age groups,parsebioscience,IL-10,B
RUNX3,0.0035121246385052163,-0.30256707909265335,PBS,IL-10,0.004265946512135604,All age groups,parsebioscience,IL-10,B
SAFB,0.082158664760045,-0.053875451263896916,PBS,IL-10,0.09132815859487146,All age groups,parsebioscience,IL-10,B
SAFB2,3.673992963486485e-05,0.13699944867282426,PBS,IL-10,5.349849402971549e-05,All age groups,parsebioscience,IL-10,B
SATB1,1.0942387980042288e-12,0.48894129037807754,PBS,IL-10,7.17014370271192e-12,All age groups,parsebioscience,IL-10,B
SKIL,2.655944904542327e-10,0.5007834901473036,PBS,IL-10,9.725445312221167e-10,All age groups,parsebioscience,IL-10,B
SMAD3,4.4326810258240964e-11,0.522055790198407,PBS,IL-10,1.9709599561253571e-10,All age groups,parsebioscience,IL-10,B
SOX4,5.492040758436298e-07,0.24673331659487124,PBS,IL-10,1.0205359319780882e-06,All age groups,parsebioscience,IL-10,B
SOX5,0.1687117227172703,-0.11991612515201698,PBS,IL-10,0.18264877807217522,All age groups,parsebioscience,IL-10,B
SP110,4.442945120882473e-09,-0.35122355166108504,PBS,IL-10,1.2571515171587905e-08,All age groups,parsebioscience,IL-10,B
SP140L,4.6596512894536044e-07,0.33850612617501596,PBS,IL-10,8.723708053187575e-07,All age groups,parsebioscience,IL-10,B
SP3,2.580584227661608e-10,0.42410272713461883,PBS,IL-10,9.590529443100603e-10,All age groups,parsebioscience,IL-10,B
SP4,2.6133229164477875e-14,0.5035816586430851,PBS,IL-10,2.7113225258145794e-13,All age groups,parsebioscience,IL-10,B
SPEN,4.855252623493579e-09,0.4617636050883345,PBS,IL-10,1.3583796665729228e-08,All age groups,parsebioscience,IL-10,B
SPI1,2.4394221528383486e-10,-1.1861465941219562,PBS,IL-10,9.203274485708314e-10,All age groups,parsebioscience,IL-10,B
SPIB,3.885814304402702e-09,-1.3694915589447467,PBS,IL-10,1.1250787927863638e-08,All age groups,parsebioscience,IL-10,B
SREBF2,0.11460973511865369,0.08277015647568113,PBS,IL-10,0.1257172865398448,All age groups,parsebioscience,IL-10,B
STAT1,7.1521402992399145e-19,-2.61749720055258,PBS,IL-10,4.7701468865360176e-17,All age groups,parsebioscience,IL-10,B
STAT2,1.0066354439054155e-06,0.3811919610242754,PBS,IL-10,1.777675358386159e-06,All age groups,parsebioscience,IL-10,B
STAT3,0.028141697168788116,0.10092286077076178,PBS,IL-10,0.0325920120698988,All age groups,parsebioscience,IL-10,B
STAT5A,1.0742860152755517e-06,-0.30611385701340377,PBS,IL-10,1.8706099147105758e-06,All age groups,parsebioscience,IL-10,B
STAT5B,0.48189088840288763,0.047836090368140086,PBS,IL-10,0.5041631563542815,All age groups,parsebioscience,IL-10,B
STAT6,0.0002098685454938327,-0.23552302906509814,PBS,IL-10,0.00027796419057427843,All age groups,parsebioscience,IL-10,B
TBX21,0.001597775048738829,-0.24081942438638443,PBS,IL-10,0.002006650970245434,All age groups,parsebioscience,IL-10,B
TCF12,5.61529248459058e-14,0.46318789602643257,PBS,IL-10,5.377722417934825e-13,All age groups,parsebioscience,IL-10,B
TCF3,0.004699389330159999,-0.18432156411091608,PBS,IL-10,0.00568032982140699,All age groups,parsebioscience,IL-10,B
TCF4,0.06134243828310963,-0.16494656361740548,PBS,IL-10,0.06942848696588318,All age groups,parsebioscience,IL-10,B
TCF7,0.07477154962314701,-0.21306004184687546,PBS,IL-10,0.08424486812743713,All age groups,parsebioscience,IL-10,B
TEAD2,2.573041282475473e-08,0.2747576453084424,PBS,IL-10,6.044219616381063e-08,All age groups,parsebioscience,IL-10,B
TFDP1,1.4398216796174573e-06,-0.7791258674575199,PBS,IL-10,2.438881620576509e-06,All age groups,parsebioscience,IL-10,B
TFDP2,1.2612055766860521e-05,0.18808899773507398,PBS,IL-10,1.9032738702716784e-05,All age groups,parsebioscience,IL-10,B
TFEB,1.7697046255114983e-06,-0.45534684166995887,PBS,IL-10,2.937709678349087e-06,All age groups,parsebioscience,IL-10,B
TFEC,1.4378246311817505e-06,-0.45225253180899605,PBS,IL-10,2.438881620576509e-06,All age groups,parsebioscience,IL-10,B
TGIF1,0.4472749621362597,0.03954955105301716,PBS,IL-10,0.4699217956621463,All age groups,parsebioscience,IL-10,B
THAP11,8.550524903763334e-07,-0.38167951594504745,PBS,IL-10,1.5428121022007753e-06,All age groups,parsebioscience,IL-10,B
THRB,9.220192457977529e-14,0.5706775072724386,PBS,IL-10,8.199385435844303e-13,All age groups,parsebioscience,IL-10,B
TP53,1.1644013743522273e-05,-0.3150184707814873,PBS,IL-10,1.7679020866689305e-05,All age groups,parsebioscience,IL-10,B
TRAFD1,1.9319638457922342e-11,-0.38128928919877597,PBS,IL-10,9.621179952045326e-11,All age groups,parsebioscience,IL-10,B
TRERF1,0.7227917001266141,0.021674755155372517,PBS,IL-10,0.7406384087717156,All age groups,parsebioscience,IL-10,B
USF2,7.135069095966271e-09,-0.24560605149549042,PBS,IL-10,1.9523430823028586e-08,All age groups,parsebioscience,IL-10,B
XBP1,2.2563713371594015e-07,-0.4067424558264257,PBS,IL-10,4.423909157107803e-07,All age groups,parsebioscience,IL-10,B
YBX1,1.8670798230272163e-05,-0.2736346937895616,PBS,IL-10,2.7672790234153388e-05,All age groups,parsebioscience,IL-10,B
YBX3,3.686387535882718e-06,0.48552237217324573,PBS,IL-10,5.8465636715592155e-06,All age groups,parsebioscience,IL-10,B
YY1,2.3353824587237768e-06,-0.4248915915815735,PBS,IL-10,3.8007204720406563e-06,All age groups,parsebioscience,IL-10,B
ZBED5,4.807794838211202e-08,0.2679825765902687,PBS,IL-10,1.0883099224678084e-07,All age groups,parsebioscience,IL-10,B
ZBTB1,3.2165032476718554e-10,0.4181403265362407,PBS,IL-10,1.1280412798173127e-09,All age groups,parsebioscience,IL-10,B
ZBTB10,7.281737444078152e-09,0.42447419490162513,PBS,IL-10,1.9708180691037607e-08,All age groups,parsebioscience,IL-10,B
ZBTB11,1.2903978704107596e-12,0.4778234385773895,PBS,IL-10,8.032726743306979e-12,All age groups,parsebioscience,IL-10,B
ZBTB20,2.942062436059357e-17,0.4819491650709811,PBS,IL-10,5.232668189848427e-16,All age groups,parsebioscience,IL-10,B
ZBTB21,7.683002218124946e-09,0.3221155835158147,PBS,IL-10,2.035887967964224e-08,All age groups,parsebioscience,IL-10,B
ZBTB32,7.539559301674246e-11,-0.6634805552796482,PBS,IL-10,3.0776233870768644e-10,All age groups,parsebioscience,IL-10,B
ZBTB40,4.3174559508817554e-07,0.33513691928365635,PBS,IL-10,8.144291907345129e-07,All age groups,parsebioscience,IL-10,B
ZBTB44,1.1129722774985861e-10,0.2586840339054357,PBS,IL-10,4.39889043011346e-10,All age groups,parsebioscience,IL-10,B
ZBTB7A,0.0034468912250567676,-0.3499940821297766,PBS,IL-10,0.004207234877642819,All age groups,parsebioscience,IL-10,B
ZBTB7B,8.996875298926364e-05,-0.2964264341768904,PBS,IL-10,0.00012445677496848137,All age groups,parsebioscience,IL-10,B
ZEB1,1.8383391131074353e-14,0.37792229430091495,PBS,IL-10,1.9902019094076149e-13,All age groups,parsebioscience,IL-10,B
ZEB2,6.879883526988998e-13,0.7317844673288287,PBS,IL-10,5.038502935941942e-12,All age groups,parsebioscience,IL-10,B
ZFP91,4.3826117768288946e-14,0.4668419264561527,PBS,IL-10,4.365081329721579e-13,All age groups,parsebioscience,IL-10,B
ZFX,4.775826469102661e-06,0.3675168806193884,PBS,IL-10,7.479124470481526e-06,All age groups,parsebioscience,IL-10,B
ZFY,0.02652453458862877,0.09250112885029263,PBS,IL-10,0.030862659404525997,All age groups,parsebioscience,IL-10,B
ZHX2,1.6268711398697266e-08,0.5108077936752967,PBS,IL-10,3.932921493471475e-08,All age groups,parsebioscience,IL-10,B
ZKSCAN1,8.868969060214175e-07,0.24340345809769998,PBS,IL-10,1.5887577669016761e-06,All age groups,parsebioscience,IL-10,B
ZNF10,8.673899455817227e-15,0.580816055682477,PBS,IL-10,1.0284766497611855e-13,All age groups,parsebioscience,IL-10,B
ZNF148,2.515740322523546e-18,0.5395102122701659,PBS,IL-10,8.9488477186909e-17,All age groups,parsebioscience,IL-10,B
ZNF207,0.2232662025289388,-0.07513497303957635,PBS,IL-10,0.23859778725195607,All age groups,parsebioscience,IL-10,B
ZNF217,7.248590737339436e-12,0.3575617679191077,PBS,IL-10,3.760206444994832e-11,All age groups,parsebioscience,IL-10,B
ZNF24,0.0004363134810839862,0.11555569334749617,PBS,IL-10,0.0005688065800518983,All age groups,parsebioscience,IL-10,B
ZNF274,1.0123493737519408e-08,0.3212844532522436,PBS,IL-10,2.598711279012714e-08,All age groups,parsebioscience,IL-10,B
ZNF280D,0.860114277001225,0.007828074608477148,PBS,IL-10,0.8741569590747144,All age groups,parsebioscience,IL-10,B
ZNF292,0.020003311965387065,0.05253701490464056,PBS,IL-10,0.023494456034817826,All age groups,parsebioscience,IL-10,B
ZNF296,1.7626075001767825e-06,-0.7245673038895685,PBS,IL-10,2.937709678349087e-06,All age groups,parsebioscience,IL-10,B
ZNF318,1.3528435830487987e-08,0.6736918091989995,PBS,IL-10,3.3352282393975336e-08,All age groups,parsebioscience,IL-10,B
ZNF326,8.34756580034602e-14,0.27675612176731973,PBS,IL-10,7.698310682541329e-13,All age groups,parsebioscience,IL-10,B
ZNF331,1.599210777829741e-09,0.5314361681485932,PBS,IL-10,4.856140044873238e-09,All age groups,parsebioscience,IL-10,B
ZNF335,8.68464642432028e-08,0.2645854753915662,PBS,IL-10,1.8172075291224786e-07,All age groups,parsebioscience,IL-10,B
ZNF33A,4.2790798665572706e-08,0.1977059102960881,PBS,IL-10,9.86565635900704e-08,All age groups,parsebioscience,IL-10,B
ZNF394,0.00010977433936179387,0.19028662371424004,PBS,IL-10,0.0001501857719839927,All age groups,parsebioscience,IL-10,B
ZNF407,1.0549813135503676e-06,0.3104402764273589,PBS,IL-10,1.84993202164818e-06,All age groups,parsebioscience,IL-10,B
ZNF451,1.2424446793283425e-12,0.534871527844222,PBS,IL-10,7.932531414173263e-12,All age groups,parsebioscience,IL-10,B
ZNF460,2.4344275685470093e-07,0.3601281648696029,PBS,IL-10,4.735722379439105e-07,All age groups,parsebioscience,IL-10,B
ZNF511,4.20948841852356e-09,-0.6292279275915456,PBS,IL-10,1.2047846163360533e-08,All age groups,parsebioscience,IL-10,B
ZNF580,0.0008055881898645951,-0.17325743028528684,PBS,IL-10,0.0010339765942076504,All age groups,parsebioscience,IL-10,B
ZNF592,9.956839416404029e-08,0.44133530625128276,PBS,IL-10,2.048969433623639e-07,All age groups,parsebioscience,IL-10,B
ZNF608,6.173302933763099e-07,0.2818859452895027,PBS,IL-10,1.1386314300051939e-06,All age groups,parsebioscience,IL-10,B
ZNF609,0.13757192784384387,0.05410803684185629,PBS,IL-10,0.1495869433760573,All age groups,parsebioscience,IL-10,B
ZNF639,0.0005764914596225515,0.11589303431702964,PBS,IL-10,0.0007437635929845354,All age groups,parsebioscience,IL-10,B
ZNF644,7.766450550549471e-17,0.6451005128045627,PBS,IL-10,1.2892307913912123e-15,All age groups,parsebioscience,IL-10,B
ZNF652,9.3111912571244e-13,0.32760156222182585,PBS,IL-10,6.266180062226962e-12,All age groups,parsebioscience,IL-10,B
ZNF669,1.4377583292100729e-13,0.4134698996933271,PBS,IL-10,1.1933394132443605e-12,All age groups,parsebioscience,IL-10,B
ZNF708,3.278153482909056e-09,0.28975108440885194,PBS,IL-10,9.603061379345353e-09,All age groups,parsebioscience,IL-10,B
ZNF791,3.110180038128303e-05,0.22137998960208385,PBS,IL-10,4.5554989970232206e-05,All age groups,parsebioscience,IL-10,B
ZNF800,1.5940711783659846e-10,0.4597184002253951,PBS,IL-10,6.201933178330159e-10,All age groups,parsebioscience,IL-10,B
AHR,2.397641962532496e-07,0.4468008156573756,PBS,IL-10,6.100666771332685e-07,All age groups,parsebioscience,IL-10,MONO
AKNA,7.756710347833975e-07,0.15860955086941142,PBS,IL-10,1.8697754417410317e-06,All age groups,parsebioscience,IL-10,MONO
ARID3A,0.0002226782256043287,-0.3426589123876832,PBS,IL-10,0.0004015221548298526,All age groups,parsebioscience,IL-10,MONO
ARID5A,0.148060862243661,-0.08319907445206272,PBS,IL-10,0.18427139920542593,All age groups,parsebioscience,IL-10,MONO
ASCL2,5.430715887393297e-14,-0.7927199916412005,PBS,IL-10,3.2727208900343815e-13,All age groups,parsebioscience,IL-10,MONO
ASH1L,9.78289330658179e-17,0.4072886831307232,PBS,IL-10,8.00100916859725e-16,All age groups,parsebioscience,IL-10,MONO
ATF1,0.0148799024209147,-0.15036412805450594,PBS,IL-10,0.021566440850566238,All age groups,parsebioscience,IL-10,MONO
ATF3,0.07200150064616657,0.2954453725450938,PBS,IL-10,0.09530834478596616,All age groups,parsebioscience,IL-10,MONO
ATF4,3.9647128675505206e-15,-0.37358913713588937,PBS,IL-10,2.7512704444517248e-14,All age groups,parsebioscience,IL-10,MONO
ATF5,5.392343178556326e-21,-1.0721577051600195,PBS,IL-10,8.820332770638562e-20,All age groups,parsebioscience,IL-10,MONO
ATF6,0.26114160304726264,0.04898827379812393,PBS,IL-10,0.3051093219276691,All age groups,parsebioscience,IL-10,MONO
ATF7,0.003964506974501969,0.13718511844826267,PBS,IL-10,0.0061342709267631825,All age groups,parsebioscience,IL-10,MONO
BACH1,3.329670392030587e-16,0.9288798804136069,PBS,IL-10,2.5416483992500146e-15,All age groups,parsebioscience,IL-10,MONO
BATF3,4.496704186732156e-09,-0.7125634779122414,PBS,IL-10,1.32018622918162e-08,All age groups,parsebioscience,IL-10,MONO
BCL11A,8.873826600984423e-08,-0.3694873643147157,PBS,IL-10,2.390713284265215e-07,All age groups,parsebioscience,IL-10,MONO
BCL11B,0.0021338440483737466,0.28866328264022545,PBS,IL-10,0.0034411992047717463,All age groups,parsebioscience,IL-10,MONO
BCL6,6.577847452464729e-06,0.5376561002232554,PBS,IL-10,1.4210632703909651e-05,All age groups,parsebioscience,IL-10,MONO
BHLHE40,0.7920257011863155,-0.027551920928769916,PBS,IL-10,0.8097048463020815,All age groups,parsebioscience,IL-10,MONO
CDC5L,0.7974027440299987,-0.00946665313727191,PBS,IL-10,0.8115787928127542,All age groups,parsebioscience,IL-10,MONO
CEBPA,2.0153551752028296e-06,-0.5413570143932004,PBS,IL-10,4.80746182418175e-06,All age groups,parsebioscience,IL-10,MONO
CEBPB,0.06585927220294527,-0.23925093321027366,PBS,IL-10,0.08819750487996765,All age groups,parsebioscience,IL-10,MONO
CEBPD,0.4537097884146173,0.08566257055627068,PBS,IL-10,0.4900921771082422,All age groups,parsebioscience,IL-10,MONO
CEBPZ,2.9833002860361637e-05,-0.19513415524831154,PBS,IL-10,5.940658830454622e-05,All age groups,parsebioscience,IL-10,MONO
CREB1,9.554361189099426e-05,0.18912713215662283,PBS,IL-10,0.0001808222076284106,All age groups,parsebioscience,IL-10,MONO
CREB3,7.627658682379539e-17,-0.5717391314051271,PBS,IL-10,6.71820707024967e-16,All age groups,parsebioscience,IL-10,MONO
CREB5,2.457177568905328e-10,0.5163643120039525,PBS,IL-10,8.154980627236524e-10,All age groups,parsebioscience,IL-10,MONO
CREM,0.02457078836179761,0.13153061306858424,PBS,IL-10,0.03473278107933119,All age groups,parsebioscience,IL-10,MONO
CTCF,0.0005569765858441311,-0.2456507047066468,PBS,IL-10,0.0009736460928114963,All age groups,parsebioscience,IL-10,MONO
CUX1,0.696144930908356,-0.046003571918728156,PBS,IL-10,0.721344747411826,All age groups,parsebioscience,IL-10,MONO
DDIT3,0.7114175460375618,0.023185127508480785,PBS,IL-10,0.73384963082253,All age groups,parsebioscience,IL-10,MONO
DNMT1,9.516970368702989e-27,-0.8230131304918068,PBS,IL-10,5.448465536082461e-25,All age groups,parsebioscience,IL-10,MONO
DR1,4.188405592267233e-08,-0.4053927770497545,PBS,IL-10,1.1555962417219232e-07,All age groups,parsebioscience,IL-10,MONO
DRAP1,1.2253398745664198e-19,-1.7152766462749292,PBS,IL-10,1.8706855418380676e-18,All age groups,parsebioscience,IL-10,MONO
E2F1,0.09019536192647375,-0.14994019026428163,PBS,IL-10,0.1153895971014664,All age groups,parsebioscience,IL-10,MONO
E2F4,1.9104089333466473e-11,-0.5378940081577145,PBS,IL-10,7.056187834457777e-11,All age groups,parsebioscience,IL-10,MONO
EEA1,9.833375597287734e-18,-0.3758757494530202,PBS,IL-10,9.38267921574538e-17,All age groups,parsebioscience,IL-10,MONO
EGR1,1.2670972289763364e-07,0.4946847817022352,PBS,IL-10,3.260283881298663e-07,All age groups,parsebioscience,IL-10,MONO
EGR2,7.169666325060389e-06,0.38123829196845865,PBS,IL-10,1.5344426060175975e-05,All age groups,parsebioscience,IL-10,MONO
EGR3,0.9675962594864695,0.0037541901588680326,PBS,IL-10,0.9675962594864695,All age groups,parsebioscience,IL-10,MONO
ELF1,4.6552173321883044e-06,0.6577964363481749,PBS,IL-10,1.045141930461884e-05,All age groups,parsebioscience,IL-10,MONO
ELF2,0.0028152370288170654,0.2856122253990609,PBS,IL-10,0.004415679997254164,All age groups,parsebioscience,IL-10,MONO
ELF4,0.6583934960490154,0.0378223013454111,PBS,IL-10,0.6884571260055915,All age groups,parsebioscience,IL-10,MONO
ESRRA,4.295409728731942e-09,-0.5656036483629225,PBS,IL-10,1.2774660102332659e-08,All age groups,parsebioscience,IL-10,MONO
ETS1,0.06956870968486108,0.21614128692615528,PBS,IL-10,0.09262345649903016,All age groups,parsebioscience,IL-10,MONO
ETS2,0.08677695547375508,0.20952547956091164,PBS,IL-10,0.11164001574994332,All age groups,parsebioscience,IL-10,MONO
ETV3,0.12430424002373622,-0.1245282578745663,PBS,IL-10,0.15555011456522183,All age groups,parsebioscience,IL-10,MONO
ETV6,0.30171543220855923,0.04986874909898424,PBS,IL-10,0.3472001707324626,All age groups,parsebioscience,IL-10,MONO
FLI1,0.04202497009111784,0.08120563701233348,PBS,IL-10,0.0576270547956047,All age groups,parsebioscience,IL-10,MONO
FOS,2.415609997527466e-28,2.1194971772569375,PBS,IL-10,2.765873447168949e-26,All age groups,parsebioscience,IL-10,MONO
FOSB,4.12872541276221e-24,1.1701707844642504,PBS,IL-10,1.3506830278893518e-22,All age groups,parsebioscience,IL-10,MONO
FOSL1,0.6544004134665724,0.04496368441215246,PBS,IL-10,0.6874206178158031,All age groups,parsebioscience,IL-10,MONO
FOSL2,0.0008394105764480884,0.41265897493812354,PBS,IL-10,0.0014031023504132282,All age groups,parsebioscience,IL-10,MONO
FOXJ3,3.4304906810566843e-22,0.5779348767200767,PBS,IL-10,8.728692955133119e-21,All age groups,parsebioscience,IL-10,MONO
FOXO1,5.207083410706681e-18,0.7474688704442419,PBS,IL-10,5.96211050525915e-17,All age groups,parsebioscience,IL-10,MONO
FOXO3,8.320928277095814e-06,0.5374600525362744,PBS,IL-10,1.7643449772730938e-05,All age groups,parsebioscience,IL-10,MONO
FOXP1,0.0006217059919237473,0.3779394641963637,PBS,IL-10,0.0010785656981101373,All age groups,parsebioscience,IL-10,MONO
GATAD2A,1.4946335515103925e-12,0.43712470137315923,PBS,IL-10,6.45794496784679e-12,All age groups,parsebioscience,IL-10,MONO
GFI1B,4.7015377425123213e-07,-0.3484677739775342,PBS,IL-10,1.1702740685166539e-06,All age groups,parsebioscience,IL-10,MONO
GMEB1,0.45214417703718923,-0.040564501513389785,PBS,IL-10,0.4900921771082422,All age groups,parsebioscience,IL-10,MONO
GTF2I,0.000681965888117999,0.23204035707092183,PBS,IL-10,0.001174211942699412,All age groups,parsebioscience,IL-10,MONO
GTF3A,1.799789621517249e-30,-1.5934364526029423,PBS,IL-10,4.121518233274501e-28,All age groups,parsebioscience,IL-10,MONO
HBP1,0.0008384305345112888,0.23713900621136716,PBS,IL-10,0.0014031023504132282,All age groups,parsebioscience,IL-10,MONO
HES1,0.004498344944971949,-0.3951109447539561,PBS,IL-10,0.006913563707372996,All age groups,parsebioscience,IL-10,MONO
HHEX,5.522560414434689e-10,-0.6140381516828458,PBS,IL-10,1.7324196368569092e-09,All age groups,parsebioscience,IL-10,MONO
HIC1,0.00568696654883044,-0.19899429293640553,PBS,IL-10,0.008567864076856387,All age groups,parsebioscience,IL-10,MONO
HIF1A,6.621423260007026e-10,0.6593598967387614,PBS,IL-10,2.0490620628940664e-09,All age groups,parsebioscience,IL-10,MONO
HIVEP1,0.0001235491049729108,0.24902325134029457,PBS,IL-10,0.00022816729869997235,All age groups,parsebioscience,IL-10,MONO
HMG20B,9.22009470149742e-13,-0.671312797733955,PBS,IL-10,4.140003307142959e-12,All age groups,parsebioscience,IL-10,MONO
HSF1,2.7406455922203275e-06,-0.47367617500893383,PBS,IL-10,6.4041616389638265e-06,All age groups,parsebioscience,IL-10,MONO
IKZF1,3.1566814664516913e-07,-0.7410058761501775,PBS,IL-10,7.943736877114696e-07,All age groups,parsebioscience,IL-10,MONO
IKZF3,0.00013308397871860802,0.49098567368273766,PBS,IL-10,0.00024380984901248987,All age groups,parsebioscience,IL-10,MONO
IRF1,2.5843444954926674e-12,-1.5007777979561698,PBS,IL-10,1.0568123026211086e-11,All age groups,parsebioscience,IL-10,MONO
IRF2,4.3405686580351853e-10,-1.1831021944279647,PBS,IL-10,1.399986229140926e-09,All age groups,parsebioscience,IL-10,MONO
IRF3,6.221785872409128e-13,-0.6933055790676611,PBS,IL-10,3.0314658825142345e-12,All age groups,parsebioscience,IL-10,MONO
IRF5,3.1472439005021954e-13,-0.7134498750597682,PBS,IL-10,1.6379973936704608e-12,All age groups,parsebioscience,IL-10,MONO
IRF7,2.699753602426781e-13,-2.8529957442732363,PBS,IL-10,1.472008511799364e-12,All age groups,parsebioscience,IL-10,MONO
IRF8,1.2432326565420702e-15,-0.5830824076833836,PBS,IL-10,8.89688369837919e-15,All age groups,parsebioscience,IL-10,MONO
IRF9,7.8240434383491e-09,-1.4889511223791367,PBS,IL-10,2.2396324342274303e-08,All age groups,parsebioscience,IL-10,MONO
JUN,8.776535047310351e-24,1.2652105580334814,PBS,IL-10,2.512283157292588e-22,All age groups,parsebioscience,IL-10,MONO
JUNB,0.06344036020353913,-0.29289011483648725,PBS,IL-10,0.08545789698006154,All age groups,parsebioscience,IL-10,MONO
JUND,8.877404676577301e-17,1.0622560765098512,PBS,IL-10,7.529354336800748e-16,All age groups,parsebioscience,IL-10,MONO
KDM2A,6.270997207641196e-17,0.4031585066403106,PBS,IL-10,5.744233442199335e-16,All age groups,parsebioscience,IL-10,MONO
KLF10,0.058252281842057545,0.12362146503546519,PBS,IL-10,0.07893356533627915,All age groups,parsebioscience,IL-10,MONO
KLF11,0.007218170990561875,-0.2482802031263105,PBS,IL-10,0.010664265527991415,All age groups,parsebioscience,IL-10,MONO
KLF12,0.891695605154091,0.013596266087970108,PBS,IL-10,0.8995519540981799,All age groups,parsebioscience,IL-10,MONO
KLF13,0.00029545233769932074,-0.18134257084489608,PBS,IL-10,0.000528582697915191,All age groups,parsebioscience,IL-10,MONO
KLF2,0.27956473130235904,-0.17039085396169856,PBS,IL-10,0.32497626126010265,All age groups,parsebioscience,IL-10,MONO
KLF3,3.039870453372889e-08,-0.7871655713049611,PBS,IL-10,8.489394314907214e-08,All age groups,parsebioscience,IL-10,MONO
KLF4,1.8623808019659565e-05,0.5117338657823872,PBS,IL-10,3.774205342037204e-05,All age groups,parsebioscience,IL-10,MONO
KLF6,6.924214469767888e-13,0.9367315118667551,PBS,IL-10,3.1907971735198234e-12,All age groups,parsebioscience,IL-10,MONO
KLF7,3.452499029006231e-06,0.4141810063418043,PBS,IL-10,7.986083612549767e-06,All age groups,parsebioscience,IL-10,MONO
KLF9,3.691717155151659e-05,0.20432793551436784,PBS,IL-10,7.164434140082457e-05,All age groups,parsebioscience,IL-10,MONO
KMT2A,0.4109592868589329,-0.04440220820251177,PBS,IL-10,0.45684309073153223,All age groups,parsebioscience,IL-10,MONO
LCOR,3.815654067302338e-10,0.3982309602850299,PBS,IL-10,1.2482639734460507e-09,All age groups,parsebioscience,IL-10,MONO
LEF1,0.00573000461925037,0.31917588738712155,PBS,IL-10,0.008576281423583887,All age groups,parsebioscience,IL-10,MONO
MAFB,0.09228555659101392,-0.23068692651282277,PBS,IL-10,0.11676456345822192,All age groups,parsebioscience,IL-10,MONO
MAFF,0.5159357331638428,-0.07292516546946794,PBS,IL-10,0.5495315483466047,All age groups,parsebioscience,IL-10,MONO
MAFG,6.966806055720139e-13,0.300769439655325,PBS,IL-10,3.1907971735198234e-12,All age groups,parsebioscience,IL-10,MONO
MAX,0.00019792582014641346,0.20435409904736765,PBS,IL-10,0.0003597223239168943,All age groups,parsebioscience,IL-10,MONO
MAZ,3.575677468152369e-12,-0.49025191915916844,PBS,IL-10,1.3878476952659196e-11,All age groups,parsebioscience,IL-10,MONO
MBD2,0.21163558991869102,0.13384917794446813,PBS,IL-10,0.24986745872757662,All age groups,parsebioscience,IL-10,MONO
MEF2A,3.811902674936194e-18,0.5955092235712588,PBS,IL-10,4.594345855580992e-17,All age groups,parsebioscience,IL-10,MONO
MEF2C,0.0010326523006223467,-0.1548548230138281,PBS,IL-10,0.0017136041800182421,All age groups,parsebioscience,IL-10,MONO
MEF2D,1.444618569478255e-05,0.18065553676824975,PBS,IL-10,2.9803392109055893e-05,All age groups,parsebioscience,IL-10,MONO
MLX,2.1863464087628969e-13,-1.0194710826578206,PBS,IL-10,1.2211544575773252e-12,All age groups,parsebioscience,IL-10,MONO
MNT,0.0010638839961847198,0.16679264759073503,PBS,IL-10,0.0017527297491100782,All age groups,parsebioscience,IL-10,MONO
MTF1,0.021041558761884127,0.12797951539962837,PBS,IL-10,0.030305138091015506,All age groups,parsebioscience,IL-10,MONO
MXD1,1.680207292553562e-05,0.5644355803845533,PBS,IL-10,3.43542383923898e-05,All age groups,parsebioscience,IL-10,MONO
MXD3,0.1998167955373028,-0.13883190467125586,PBS,IL-10,0.23957092239812747,All age groups,parsebioscience,IL-10,MONO
MXD4,1.7687949132526868e-19,-0.6166467996041892,PBS,IL-10,2.5315877195929083e-18,All age groups,parsebioscience,IL-10,MONO
NCOA1,2.067470139456654e-08,0.21633158358361676,PBS,IL-10,5.8450699004391825e-08,All age groups,parsebioscience,IL-10,MONO
NCOA2,9.032460893819405e-28,0.6130932758789704,PBS,IL-10,6.894778482282147e-26,All age groups,parsebioscience,IL-10,MONO
NCOA3,1.5282440967177863e-13,0.42112875654867166,PBS,IL-10,8.749197453709327e-13,All age groups,parsebioscience,IL-10,MONO
NFAT5,5.576077537205486e-05,0.5880691939379629,PBS,IL-10,0.0001064101463350047,All age groups,parsebioscience,IL-10,MONO
NFATC1,0.0266483242240423,-0.27351877156043947,PBS,IL-10,0.03698464392306477,All age groups,parsebioscience,IL-10,MONO
NFATC2,0.007820020873675362,0.2410707424632406,PBS,IL-10,0.011406272484532852,All age groups,parsebioscience,IL-10,MONO
NFATC3,5.527279018043984e-06,0.27197968366516445,PBS,IL-10,1.2170643222423773e-05,All age groups,parsebioscience,IL-10,MONO
NFE2,0.07835935579015615,0.16378911415418973,PBS,IL-10,0.10138018347991955,All age groups,parsebioscience,IL-10,MONO
NFE2L1,0.07590527089205483,0.07744048653429468,PBS,IL-10,0.09877203399668183,All age groups,parsebioscience,IL-10,MONO
NFE2L2,0.0069528124487040046,-0.26687261794852085,PBS,IL-10,0.010338922407488422,All age groups,parsebioscience,IL-10,MONO
NFIL3,5.188809125677175e-06,0.6661048382893192,PBS,IL-10,1.1536284366796826e-05,All age groups,parsebioscience,IL-10,MONO
NFKB1,0.8754882839829212,-0.027674236611293427,PBS,IL-10,0.8871098098764999,All age groups,parsebioscience,IL-10,MONO
NFKB2,0.02179900638043082,-0.36569566333470044,PBS,IL-10,0.03101035170656816,All age groups,parsebioscience,IL-10,MONO
NFYC,2.715901383832249e-05,-0.4011530845872694,PBS,IL-10,5.4556264640139044e-05,All age groups,parsebioscience,IL-10,MONO
NR1D1,0.02507786017279609,0.15356335214228245,PBS,IL-10,0.035232085764235,All age groups,parsebioscience,IL-10,MONO
NR1D2,5.603742006705008e-14,0.42685083718039574,PBS,IL-10,3.290402357783197e-13,All age groups,parsebioscience,IL-10,MONO
NR1H2,1.585018638187304e-11,-0.6118492284347141,PBS,IL-10,6.049487802414878e-11,All age groups,parsebioscience,IL-10,MONO
NR3C1,3.36660607603508e-12,0.49084367629393044,PBS,IL-10,1.3292289507104024e-11,All age groups,parsebioscience,IL-10,MONO
NR4A1,0.005075769395319469,-0.47460431040400325,PBS,IL-10,0.007749007943521056,All age groups,parsebioscience,IL-10,MONO
NR4A2,9.197025421129416e-18,0.8522670564771578,PBS,IL-10,9.157038354081027e-17,All age groups,parsebioscience,IL-10,MONO
OLIG1,0.19250541658231224,0.04985309748884584,PBS,IL-10,0.23201968630183947,All age groups,parsebioscience,IL-10,MONO
PBX2,0.7853732130646973,0.015957260770247714,PBS,IL-10,0.8065043309050031,All age groups,parsebioscience,IL-10,MONO
PHF20,0.0027280549693739944,-0.29554315153310284,PBS,IL-10,0.004308445434390653,All age groups,parsebioscience,IL-10,MONO
PHF21A,3.747146157832249e-14,0.3190644592191665,PBS,IL-10,2.383601305954403e-13,All age groups,parsebioscience,IL-10,MONO
PLAGL2,0.3813123222553736,-0.09691504972531176,PBS,IL-10,0.42595376486088077,All age groups,parsebioscience,IL-10,MONO
PLSCR1,4.6250656428659616e-08,-0.38783859356232536,PBS,IL-10,1.2608809907336965e-07,All age groups,parsebioscience,IL-10,MONO
POU2F2,1.2351063026276742e-07,-0.7840134166178678,PBS,IL-10,3.214083446610652e-07,All age groups,parsebioscience,IL-10,MONO
PRDM1,0.003250407805103583,-0.3766786225791736,PBS,IL-10,0.0050635604582906155,All age groups,parsebioscience,IL-10,MONO
PRDM2,1.0284882772772173e-12,0.1936456108489304,PBS,IL-10,4.52930414416313e-12,All age groups,parsebioscience,IL-10,MONO
RARA,0.32810855345584955,0.11054319403900476,PBS,IL-10,0.37381521761885345,All age groups,parsebioscience,IL-10,MONO
RBPJ,1.7248934109468653e-11,0.18987747829326565,PBS,IL-10,6.47541952634151e-11,All age groups,parsebioscience,IL-10,MONO
REL,0.37266954131352203,-0.1270645824931559,PBS,IL-10,0.42040061557042635,All age groups,parsebioscience,IL-10,MONO
RELA,0.31048093644233565,-0.04898188500644805,PBS,IL-10,0.3555006722264743,All age groups,parsebioscience,IL-10,MONO
RELB,0.9082093283842831,-0.01682411227520092,PBS,IL-10,0.9121927026315826,All age groups,parsebioscience,IL-10,MONO
REST,0.00010654301880620094,-0.4596711375285361,PBS,IL-10,0.000198360579728618,All age groups,parsebioscience,IL-10,MONO
RFX2,0.1752644756798053,-0.09184424302504834,PBS,IL-10,0.21235748640569002,All age groups,parsebioscience,IL-10,MONO
RFX5,3.840972862930661e-06,-0.3287759199006912,PBS,IL-10,8.795827856111213e-06,All age groups,parsebioscience,IL-10,MONO
RLF,1.914639716769146e-09,0.3497775378096502,PBS,IL-10,5.846033268535126e-09,All age groups,parsebioscience,IL-10,MONO
RORA,0.0023112634372477615,0.40278375599278127,PBS,IL-10,0.0037012540358722893,All age groups,parsebioscience,IL-10,MONO
RREB1,6.947898512040988e-11,0.33468695382171254,PBS,IL-10,2.3747294914289346e-10,All age groups,parsebioscience,IL-10,MONO
RUNX1,3.36097745126093e-19,0.8977559628928096,PBS,IL-10,4.527434331404429e-18,All age groups,parsebioscience,IL-10,MONO
RUNX3,6.226293364211346e-06,-0.6975298971736935,PBS,IL-10,1.3579249337184744e-05,All age groups,parsebioscience,IL-10,MONO
RXRA,2.291850157416347e-06,-0.3582164483786947,PBS,IL-10,5.410656557199417e-06,All age groups,parsebioscience,IL-10,MONO
SAFB,9.697770346938429e-08,-0.21943180819653188,PBS,IL-10,2.5823132668010467e-07,All age groups,parsebioscience,IL-10,MONO
SAFB2,2.8207658937854778e-11,-0.5386224984417307,PBS,IL-10,1.0253260153601182e-10,All age groups,parsebioscience,IL-10,MONO
SKIL,0.43195817586949925,-0.09407020978978504,PBS,IL-10,0.4732938864790207,All age groups,parsebioscience,IL-10,MONO
SMAD1,0.6630786023483236,0.04243315115757337,PBS,IL-10,0.6902045451716641,All age groups,parsebioscience,IL-10,MONO
SMAD3,0.2537742373374746,0.1456768421774433,PBS,IL-10,0.29802205307836765,All age groups,parsebioscience,IL-10,MONO
SNAI1,0.001977010280251144,-0.3111243755403919,PBS,IL-10,0.003210889036719943,All age groups,parsebioscience,IL-10,MONO
SNAPC5,0.37510983542599996,0.035112925634962135,PBS,IL-10,0.42107917800271566,All age groups,parsebioscience,IL-10,MONO
SOX15,0.21167810914039242,0.07117126587102929,PBS,IL-10,0.24986745872757662,All age groups,parsebioscience,IL-10,MONO
SOX4,5.1082151183245205e-11,0.366175010750194,PBS,IL-10,1.7723958516610835e-10,All age groups,parsebioscience,IL-10,MONO
SP110,1.1936079641735444e-26,-1.358282154104998,PBS,IL-10,5.466724475914833e-25,All age groups,parsebioscience,IL-10,MONO
SP140L,7.71582180702745e-07,-0.36722425479779974,PBS,IL-10,1.8697754417410317e-06,All age groups,parsebioscience,IL-10,MONO
SP3,4.128526691813049e-13,0.44323380256728445,PBS,IL-10,2.086551995333248e-12,All age groups,parsebioscience,IL-10,MONO
SPEN,2.743441654085704e-18,0.6394135656729094,PBS,IL-10,3.490267437697923e-17,All age groups,parsebioscience,IL-10,MONO
SPI1,2.0733056632745053e-12,-1.205275449720972,PBS,IL-10,8.7923517942567e-12,All age groups,parsebioscience,IL-10,MONO
STAT1,4.499516932394361e-14,-3.584235350098571,PBS,IL-10,2.784836155454889e-13,All age groups,parsebioscience,IL-10,MONO
STAT2,2.504511704958736e-12,-2.8338907182765194,PBS,IL-10,1.04278760079191e-11,All age groups,parsebioscience,IL-10,MONO
STAT3,0.02180203766269639,-0.12818536698779237,PBS,IL-10,0.03101035170656816,All age groups,parsebioscience,IL-10,MONO
STAT4,0.0006925707672581074,0.45361586952107824,PBS,IL-10,0.0011835724306127357,All age groups,parsebioscience,IL-10,MONO
STAT5A,0.6466921012457143,-0.019078543671752542,PBS,IL-10,0.6824538764298091,All age groups,parsebioscience,IL-10,MONO
STAT6,4.324410293644732e-06,-0.44432926877526585,PBS,IL-10,9.804851061828156e-06,All age groups,parsebioscience,IL-10,MONO
TBX21,8.822461540923664e-06,0.297795187673662,PBS,IL-10,1.8483380980893323e-05,All age groups,parsebioscience,IL-10,MONO
TCF12,3.1805741642604276e-21,0.7899590078706,PBS,IL-10,6.069595696796983e-20,All age groups,parsebioscience,IL-10,MONO
TCF4,8.878479947153999e-06,-0.3115933527196992,PBS,IL-10,1.8483380980893323e-05,All age groups,parsebioscience,IL-10,MONO
TCF7,0.4886560658070649,0.07938617751345503,PBS,IL-10,0.525362624740929,All age groups,parsebioscience,IL-10,MONO
TCF7L2,3.0324130577417735e-13,-1.305837915179867,PBS,IL-10,1.614936256332247e-12,All age groups,parsebioscience,IL-10,MONO
TFDP2,0.15774328603954935,-0.09224346028357783,PBS,IL-10,0.19463380335008273,All age groups,parsebioscience,IL-10,MONO
TFEC,4.081050704724838e-11,0.6317989567366622,PBS,IL-10,1.4377855559722892e-10,All age groups,parsebioscience,IL-10,MONO
TGIF1,3.0104913940825713e-16,0.40369762189003267,PBS,IL-10,2.3772501008445136e-15,All age groups,parsebioscience,IL-10,MONO
THAP11,6.648708302364315e-13,-0.7670240867466375,PBS,IL-10,3.1719879192529754e-12,All age groups,parsebioscience,IL-10,MONO
TP53,5.700056459975251e-16,-0.5456237694708564,PBS,IL-10,4.210686868820427e-15,All age groups,parsebioscience,IL-10,MONO
TRAFD1,0.005396587281593803,-0.14007976845975764,PBS,IL-10,0.008184228393940271,All age groups,parsebioscience,IL-10,MONO
TRPS1,3.2906017296220866e-24,0.5882350901232503,PBS,IL-10,1.2559129934724297e-22,All age groups,parsebioscience,IL-10,MONO
USF2,6.34327125223506e-15,-0.6331368409714907,PBS,IL-10,4.272379755181849e-14,All age groups,parsebioscience,IL-10,MONO
VDR,4.4872796901729585e-10,-0.41085970659013377,PBS,IL-10,1.4272042347911215e-09,All age groups,parsebioscience,IL-10,MONO
VEZF1,0.6072020737042503,-0.033439103341684706,PBS,IL-10,0.6437466429549691,All age groups,parsebioscience,IL-10,MONO
XBP1,0.3645207475433173,0.0655364371333428,PBS,IL-10,0.4132438177595033,All age groups,parsebioscience,IL-10,MONO
YBX1,5.800812868699216e-22,-1.0703415405540448,PBS,IL-10,1.3283861469321206e-20,All age groups,parsebioscience,IL-10,MONO
YBX3,0.001205948487681571,0.1456643667614168,PBS,IL-10,0.001972587169136284,All age groups,parsebioscience,IL-10,MONO
YY1,0.2915744045382712,-0.04702210539731943,PBS,IL-10,0.337224942622546,All age groups,parsebioscience,IL-10,MONO
ZBTB1,8.68371675062523e-11,0.34038679817768946,PBS,IL-10,2.924369317489967e-10,All age groups,parsebioscience,IL-10,MONO
ZBTB10,0.07591213093194761,0.1536225947147308,PBS,IL-10,0.09877203399668183,All age groups,parsebioscience,IL-10,MONO
ZBTB11,7.485316587574461e-18,0.5633379123757989,PBS,IL-10,7.791534084338871e-17,All age groups,parsebioscience,IL-10,MONO
ZBTB20,0.04523313731577443,0.14481546287515482,PBS,IL-10,0.061657074079240135,All age groups,parsebioscience,IL-10,MONO
ZBTB4,0.15808684464242528,0.09520770010641322,PBS,IL-10,0.19463380335008273,All age groups,parsebioscience,IL-10,MONO
ZBTB43,6.011428522707831e-07,0.29847094383961176,PBS,IL-10,1.4802334749463367e-06,All age groups,parsebioscience,IL-10,MONO
ZBTB7A,0.007530440731627778,-0.3314147605552391,PBS,IL-10,0.011054300817581802,All age groups,parsebioscience,IL-10,MONO
ZBTB7C,0.0005445426396864226,-0.2874031473186428,PBS,IL-10,0.0009592328037553137,All age groups,parsebioscience,IL-10,MONO
ZEB2,3.167290540673672e-11,0.997185512920951,PBS,IL-10,1.1332961465847985e-10,All age groups,parsebioscience,IL-10,MONO
ZFX,9.78206044015342e-05,0.27950393297619563,PBS,IL-10,0.00018361408531107648,All age groups,parsebioscience,IL-10,MONO
ZHX1,0.000358188565381189,-0.2273566731906149,PBS,IL-10,0.0006358541199402503,All age groups,parsebioscience,IL-10,MONO
ZNF143,0.0023542492074599738,0.169234288963828,PBS,IL-10,0.0037439101979745413,All age groups,parsebioscience,IL-10,MONO
ZNF148,3.292271978327328e-05,0.2569650714759476,PBS,IL-10,6.499398991697915e-05,All age groups,parsebioscience,IL-10,MONO
ZNF207,3.9371792397165176e-05,0.2390150929281286,PBS,IL-10,7.576588620967081e-05,All age groups,parsebioscience,IL-10,MONO
ZNF217,0.41681947681762577,0.0846183564982478,PBS,IL-10,0.46014665558596657,All age groups,parsebioscience,IL-10,MONO
ZNF24,0.02599956743776773,-0.1565919966266407,PBS,IL-10,0.03630427404420006,All age groups,parsebioscience,IL-10,MONO
ZNF264,0.501865472171793,0.034653974778811984,PBS,IL-10,0.5370429585389748,All age groups,parsebioscience,IL-10,MONO
ZNF274,0.09228989513510116,-0.08386032100122529,PBS,IL-10,0.11676456345822192,All age groups,parsebioscience,IL-10,MONO
ZNF281,0.41794980070690413,0.09195968228987869,PBS,IL-10,0.46014665558596657,All age groups,parsebioscience,IL-10,MONO
ZNF296,3.673289320218581e-05,-0.4054106052763783,PBS,IL-10,7.164434140082457e-05,All age groups,parsebioscience,IL-10,MONO
ZNF331,0.4431204945501399,0.11892711944515992,PBS,IL-10,0.4832123488189621,All age groups,parsebioscience,IL-10,MONO
ZNF394,0.17366677265962316,-0.12369118956093943,PBS,IL-10,0.21154090925028565,All age groups,parsebioscience,IL-10,MONO
ZNF395,0.0007675776895257869,0.2097242808585662,PBS,IL-10,0.0013020391918622607,All age groups,parsebioscience,IL-10,MONO
ZNF451,5.867642777629044e-18,0.4470720427152712,PBS,IL-10,6.398524743224052e-17,All age groups,parsebioscience,IL-10,MONO
ZNF503,3.13377794372964e-12,-0.26775455411579946,PBS,IL-10,1.259009033533487e-11,All age groups,parsebioscience,IL-10,MONO
ZNF511,4.212338795825244e-21,-0.6627629102681148,PBS,IL-10,7.420196801876776e-20,All age groups,parsebioscience,IL-10,MONO
ZNF580,2.309223975917772e-09,-0.5321367029135534,PBS,IL-10,6.9580564537522335e-09,All age groups,parsebioscience,IL-10,MONO
ZNF592,4.1913271521977905e-13,0.46928265794779006,PBS,IL-10,2.086551995333248e-12,All age groups,parsebioscience,IL-10,MONO
ZNF644,1.1840355750368031e-07,0.35894129406600567,PBS,IL-10,3.116599387165838e-07,All age groups,parsebioscience,IL-10,MONO
ZNF655,1.565754460127011e-14,-0.3185577173747396,PBS,IL-10,1.0244507753402444e-13,All age groups,parsebioscience,IL-10,MONO
ZNF7,0.20861296930886253,-0.07801142799899481,PBS,IL-10,0.24881442693609127,All age groups,parsebioscience,IL-10,MONO
ZNF703,8.932983707646894e-22,-0.9555683546127243,PBS,IL-10,1.8596847900464897e-20,All age groups,parsebioscience,IL-10,MONO
ZNF710,6.802408059644784e-09,0.17613076696330754,PBS,IL-10,1.97183727298564e-08,All age groups,parsebioscience,IL-10,MONO
ZNF76,0.07339612844440684,0.10379524713002126,PBS,IL-10,0.09659605410212165,All age groups,parsebioscience,IL-10,MONO
ZNF800,0.02712506632293022,0.13777634922082982,PBS,IL-10,0.037419519204524215,All age groups,parsebioscience,IL-10,MONO
ZNF830,0.16786334264449387,0.04785244928129574,PBS,IL-10,0.20556526986946042,All age groups,parsebioscience,IL-10,MONO
ZSCAN16,0.10524072041251678,-0.11195129933775975,PBS,IL-10,0.1324182690904744,All age groups,parsebioscience,IL-10,MONO
