gene,p_value,slope,ctrl,condition,p_value_adj,age_group,dataset,comparison,cell_type
ADNP,0.012101515253333101,0.14418797897538127,DMSO,Ruxolitinib,0.026393822061148917,All age groups,op,Ruxolitinib,CD4T
AEBP2,0.23208879867584065,-0.15447023520189163,DMSO,Ruxolitinib,0.3302354335591534,All age groups,op,Ruxolitinib,CD4T
AHR,0.039246475657155944,-1.0579456410431394,DMSO,Ruxolitinib,0.07533200770947938,All age groups,op,Ruxolitinib,CD4T
AKAP8,0.007734698456347568,-0.1644453654002973,DMSO,Ruxolitinib,0.017789806449599408,All age groups,op,Ruxolitinib,CD4T
AKNA,0.11157013170662931,-0.3685596045323723,DMSO,Ruxolitinib,0.17979135873743451,All age groups,op,Ruxolitinib,CD4T
ARHGAP35,0.045852205436703763,-0.6211483232147211,DMSO,Ruxolitinib,0.08567824903697521,All age groups,op,Ruxolitinib,CD4T
ARID2,0.4813167231525135,-0.16162241553159143,DMSO,Ruxolitinib,0.5771238434008812,All age groups,op,Ruxolitinib,CD4T
ARID5A,0.45368805019600034,-0.0622284222652271,DMSO,Ruxolitinib,0.5518417149018657,All age groups,op,Ruxolitinib,CD4T
ASH1L,0.9209220543531672,0.037146199418678805,DMSO,Ruxolitinib,0.9282600786906426,All age groups,op,Ruxolitinib,CD4T
ATF1,1.1096147006664915e-42,-0.5458737753252508,DMSO,Ruxolitinib,1.2205761707331405e-41,All age groups,op,Ruxolitinib,CD4T
ATF2,0.19717623845259968,-0.19105754706690922,DMSO,Ruxolitinib,0.2910001621986421,All age groups,op,Ruxolitinib,CD4T
ATF3,0.03282611898786152,-0.48267121967204657,DMSO,Ruxolitinib,0.06488287581194505,All age groups,op,Ruxolitinib,CD4T
ATF4,0.0,-1.6541711146010627,DMSO,Ruxolitinib,0.0,All age groups,op,Ruxolitinib,CD4T
ATF6,0.7271088686603397,-0.03226617704278686,DMSO,Ruxolitinib,0.7828023139194297,All age groups,op,Ruxolitinib,CD4T
BACH1,0.26407086106641475,-0.16252927344226956,DMSO,Ruxolitinib,0.3584388235059809,All age groups,op,Ruxolitinib,CD4T
BACH2,8.426778967832928e-14,1.5593409372312184,DMSO,Ruxolitinib,4.737722397470513e-13,All age groups,op,Ruxolitinib,CD4T
BATF,1.957324316098429e-09,-2.27968206532011,DMSO,Ruxolitinib,8.537983654705217e-09,All age groups,op,Ruxolitinib,CD4T
BCL11B,9.312168745298255e-51,1.043513620163856,DMSO,Ruxolitinib,1.5706524617069724e-49,All age groups,op,Ruxolitinib,CD4T
BHLHE40,0.00023109231374083327,-2.279119424326121,DMSO,Ruxolitinib,0.00074956865867219,All age groups,op,Ruxolitinib,CD4T
CAMTA1,3.541632568877426e-05,-0.4773194877605649,DMSO,Ruxolitinib,0.00011789908420078799,All age groups,op,Ruxolitinib,CD4T
CC2D1A,6.336961292698803e-06,-0.43227126973094876,DMSO,Ruxolitinib,2.2267377875733293e-05,All age groups,op,Ruxolitinib,CD4T
CDC5L,8.93543604777714e-12,-0.41060900039114306,DMSO,Ruxolitinib,4.521330640175233e-11,All age groups,op,Ruxolitinib,CD4T
CEBPB,9.35794915763957e-10,-0.9960341135260489,DMSO,Ruxolitinib,4.384372475708909e-09,All age groups,op,Ruxolitinib,CD4T
CEBPD,0.02859466875406611,-0.670123345440652,DMSO,Ruxolitinib,0.057875609558229804,All age groups,op,Ruxolitinib,CD4T
CEBPZ,2.5738739521010013e-49,-0.386242248409219,DMSO,Ruxolitinib,4.0699381867597084e-48,All age groups,op,Ruxolitinib,CD4T
CLOCK,0.08534892376394863,-0.4257408129331708,DMSO,Ruxolitinib,0.14689304566176195,All age groups,op,Ruxolitinib,CD4T
CREB1,0.019653450454158096,-0.2040123659755316,DMSO,Ruxolitinib,0.04109357822233056,All age groups,op,Ruxolitinib,CD4T
CREB3,3.925274762556962e-19,-0.9109850570215281,DMSO,Ruxolitinib,2.9208662203732686e-18,All age groups,op,Ruxolitinib,CD4T
CREB3L2,0.0020227427056659073,-1.0246430351046423,DMSO,Ruxolitinib,0.00533076983889036,All age groups,op,Ruxolitinib,CD4T
CREM,0.013113934230401435,-0.7763807040097348,DMSO,Ruxolitinib,0.0283574817118937,All age groups,op,Ruxolitinib,CD4T
CTCF,0.005135436255251804,-0.3177034861627241,DMSO,Ruxolitinib,0.012492936274795254,All age groups,op,Ruxolitinib,CD4T
CUX1,0.37387022111502377,-0.10024291204781832,DMSO,Ruxolitinib,0.47059286538358713,All age groups,op,Ruxolitinib,CD4T
DDIT3,1.3049678175996664e-15,-0.47891125908086235,DMSO,Ruxolitinib,8.25392144631789e-15,All age groups,op,Ruxolitinib,CD4T
DMTF1,0.6608169343576888,-0.06602696704534596,DMSO,Ruxolitinib,0.7397640902322801,All age groups,op,Ruxolitinib,CD4T
DNMT1,7.998624681863213e-28,-1.057657577928295,DMSO,Ruxolitinib,6.978110498315148e-27,All age groups,op,Ruxolitinib,CD4T
DR1,4.08018649571372e-17,-1.2128688837028352,DMSO,Ruxolitinib,2.716545219514661e-16,All age groups,op,Ruxolitinib,CD4T
DRAP1,6.577169987909247e-81,-2.8666024080047023,DMSO,Ruxolitinib,1.8489155632678213e-79,All age groups,op,Ruxolitinib,CD4T
E2F2,0.006839130594481412,-0.7430469775799017,DMSO,Ruxolitinib,0.015874312297282544,All age groups,op,Ruxolitinib,CD4T
E2F4,4.693914357609002e-72,-0.9943276675560927,DMSO,Ruxolitinib,1.0796003022500704e-70,All age groups,op,Ruxolitinib,CD4T
EEA1,0.006052119803848759,0.38934692434032225,DMSO,Ruxolitinib,0.01444515387145034,All age groups,op,Ruxolitinib,CD4T
EGR1,0.017229884000854324,-0.19855641759427659,DMSO,Ruxolitinib,0.0366316021194634,All age groups,op,Ruxolitinib,CD4T
ELF1,0.08984841832888861,-0.7118388596651286,DMSO,Ruxolitinib,0.14955032787637382,All age groups,op,Ruxolitinib,CD4T
ELF2,0.8790800123200438,-0.01778167936243798,DMSO,Ruxolitinib,0.900434182659802,All age groups,op,Ruxolitinib,CD4T
ELF4,0.03858304819444615,-0.41602073688795116,DMSO,Ruxolitinib,0.07508854763996058,All age groups,op,Ruxolitinib,CD4T
ELK3,0.001654846761530676,-1.1931807764768634,DMSO,Ruxolitinib,0.004407118217550116,All age groups,op,Ruxolitinib,CD4T
ELK4,0.23506417692064108,0.05871001258930172,DMSO,Ruxolitinib,0.3303957597829011,All age groups,op,Ruxolitinib,CD4T
EOMES,0.17194460133734768,-0.4068141474615549,DMSO,Ruxolitinib,0.2685307662861047,All age groups,op,Ruxolitinib,CD4T
ETS1,0.6796829780183159,0.20170844410714037,DMSO,Ruxolitinib,0.7476512758201476,All age groups,op,Ruxolitinib,CD4T
ETV3,0.18160232191749315,-0.11356445916375892,DMSO,Ruxolitinib,0.27677944244051667,All age groups,op,Ruxolitinib,CD4T
ETV6,0.021220340677267992,-0.8725409302053073,DMSO,Ruxolitinib,0.044006116322531166,All age groups,op,Ruxolitinib,CD4T
ETV7,1.2551592769456968e-14,-1.3888863608697626,DMSO,Ruxolitinib,7.745251147981982e-14,All age groups,op,Ruxolitinib,CD4T
FLI1,8.0484229151797e-12,-1.2320314389131386,DMSO,Ruxolitinib,4.1556142806948246e-11,All age groups,op,Ruxolitinib,CD4T
FOS,0.011119554441656306,-0.8488799587195629,DMSO,Ruxolitinib,0.024463019771643873,All age groups,op,Ruxolitinib,CD4T
FOSB,0.06808380634490697,-0.4462768233096413,DMSO,Ruxolitinib,0.1221645603210033,All age groups,op,Ruxolitinib,CD4T
FOSL2,0.1304404392369536,-0.5346108402338788,DMSO,Ruxolitinib,0.20755617060974374,All age groups,op,Ruxolitinib,CD4T
FOXJ3,0.2401884868056594,-0.19740291946742636,DMSO,Ruxolitinib,0.333888390999076,All age groups,op,Ruxolitinib,CD4T
FOXK1,0.7990216547149412,-0.018493922079051945,DMSO,Ruxolitinib,0.8353408208383476,All age groups,op,Ruxolitinib,CD4T
FOXO1,1.4340449435393584e-37,0.6812456561071049,DMSO,Ruxolitinib,1.5117223779810738e-36,All age groups,op,Ruxolitinib,CD4T
FOXP1,0.0,1.9097382872841362,DMSO,Ruxolitinib,0.0,All age groups,op,Ruxolitinib,CD4T
GATA3,1.143139668222333e-05,-3.0095783550797264,DMSO,Ruxolitinib,3.961840220003428e-05,All age groups,op,Ruxolitinib,CD4T
GATAD2A,0.08942856093532116,-0.23231046878624065,DMSO,Ruxolitinib,0.14955032787637382,All age groups,op,Ruxolitinib,CD4T
GATAD2B,0.472506505796085,-0.14577887680933563,DMSO,Ruxolitinib,0.5719815596478923,All age groups,op,Ruxolitinib,CD4T
GFI1,0.2572509329133671,-0.2987793595893121,DMSO,Ruxolitinib,0.35180803257882093,All age groups,op,Ruxolitinib,CD4T
GFI1B,0.22345659751381108,0.20999593274108241,DMSO,Ruxolitinib,0.32305439526282403,All age groups,op,Ruxolitinib,CD4T
GTF2I,0.17888695496162277,-0.20650031690899576,DMSO,Ruxolitinib,0.27520706950622265,All age groups,op,Ruxolitinib,CD4T
GTF3A,7.309668234107759e-183,-2.147855900559584,DMSO,Ruxolitinib,4.623365158073158e-181,All age groups,op,Ruxolitinib,CD4T
HBP1,0.8932982879985734,0.012577046925689098,DMSO,Ruxolitinib,0.9076484612997553,All age groups,op,Ruxolitinib,CD4T
HIF1A,0.23786670877310245,0.02172438978825812,DMSO,Ruxolitinib,0.332487719997762,All age groups,op,Ruxolitinib,CD4T
HIVEP1,1.2438947949511345e-08,0.458967398351537,DMSO,Ruxolitinib,5.333989544451475e-08,All age groups,op,Ruxolitinib,CD4T
HLF,0.004157004753466911,-0.9842394676551827,DMSO,Ruxolitinib,0.010517222026271285,All age groups,op,Ruxolitinib,CD4T
HMBOX1,0.08837309891072251,-0.11394645530539844,DMSO,Ruxolitinib,0.14905596016275197,All age groups,op,Ruxolitinib,CD4T
HMG20B,1.0781355595928957e-18,-0.5349894648914051,DMSO,Ruxolitinib,7.793379902200075e-18,All age groups,op,Ruxolitinib,CD4T
HSF1,1.2884387033489731e-14,-0.45188591884982215,DMSO,Ruxolitinib,7.761309332078337e-14,All age groups,op,Ruxolitinib,CD4T
HSF2,0.0015023774295850432,0.4315382719027962,DMSO,Ruxolitinib,0.004043632868989531,All age groups,op,Ruxolitinib,CD4T
IKZF1,0.22089108062515506,0.36119116407584845,DMSO,Ruxolitinib,0.32118070918485186,All age groups,op,Ruxolitinib,CD4T
IKZF2,0.17154661455061826,-0.5314218783514115,DMSO,Ruxolitinib,0.2685307662861047,All age groups,op,Ruxolitinib,CD4T
IKZF3,0.05734141455070734,-0.9322817366950673,DMSO,Ruxolitinib,0.1051259266762968,All age groups,op,Ruxolitinib,CD4T
IKZF5,0.1836706213691175,0.15152437043575753,DMSO,Ruxolitinib,0.27825549225381274,All age groups,op,Ruxolitinib,CD4T
IRF1,3.385637302351156e-14,-2.6301540485953345,DMSO,Ruxolitinib,1.9920145058019594e-13,All age groups,op,Ruxolitinib,CD4T
IRF2,2.023447419250242e-86,-1.6358138777146547,DMSO,Ruxolitinib,6.399152463378891e-85,All age groups,op,Ruxolitinib,CD4T
IRF3,4.321371069614724e-34,-1.3754747889948742,DMSO,Ruxolitinib,4.049284743009353e-33,All age groups,op,Ruxolitinib,CD4T
IRF4,0.08077958028224434,-0.10430551350214819,DMSO,Ruxolitinib,0.14192523480144317,All age groups,op,Ruxolitinib,CD4T
IRF5,0.00040775881762977013,-1.0248393308425168,DMSO,Ruxolitinib,0.0012580851324430712,All age groups,op,Ruxolitinib,CD4T
IRF7,3.413754054519504e-45,-5.480512799534859,DMSO,Ruxolitinib,4.545683030491761e-44,All age groups,op,Ruxolitinib,CD4T
IRF9,2.674356225909084e-69,-3.912009051078169,DMSO,Ruxolitinib,5.204708655038448e-68,All age groups,op,Ruxolitinib,CD4T
JUN,1.690305560262444e-07,-1.1500627494691151,DMSO,Ruxolitinib,6.479504647672701e-07,All age groups,op,Ruxolitinib,CD4T
JUNB,0.00938744262322559,-0.5525702377335474,DMSO,Ruxolitinib,0.021205562354250664,All age groups,op,Ruxolitinib,CD4T
JUND,0.0052709730997503364,-0.6544081131932528,DMSO,Ruxolitinib,0.012700535183207955,All age groups,op,Ruxolitinib,CD4T
KAT7,0.17937676493568644,-0.21989159251638077,DMSO,Ruxolitinib,0.27520706950622265,All age groups,op,Ruxolitinib,CD4T
KDM2A,0.6594564893558608,-0.15432220570470653,DMSO,Ruxolitinib,0.7397640902322801,All age groups,op,Ruxolitinib,CD4T
KDM5B,0.0746756986148072,-0.0771267250118403,DMSO,Ruxolitinib,0.13304895598271987,All age groups,op,Ruxolitinib,CD4T
KLF10,0.0004490147743545107,-1.6696544053576703,DMSO,Ruxolitinib,0.0013523897370439429,All age groups,op,Ruxolitinib,CD4T
KLF12,0.7269732885402318,-0.13810702662771726,DMSO,Ruxolitinib,0.7828023139194297,All age groups,op,Ruxolitinib,CD4T
KLF13,0.0660074352831512,-0.40258895764402547,DMSO,Ruxolitinib,0.1192848651902661,All age groups,op,Ruxolitinib,CD4T
KLF2,0.0010757477101385274,-0.6456324438694576,DMSO,Ruxolitinib,0.0029583062028809503,All age groups,op,Ruxolitinib,CD4T
KLF3,0.5390189768561819,0.12881642701027357,DMSO,Ruxolitinib,0.6342874471842513,All age groups,op,Ruxolitinib,CD4T
KLF6,1.6458515392312443e-05,-3.1260752704393497,DMSO,Ruxolitinib,5.627032965209525e-05,All age groups,op,Ruxolitinib,CD4T
KLF7,4.405236480208672e-10,0.5490164509640465,DMSO,Ruxolitinib,2.1028770367788567e-09,All age groups,op,Ruxolitinib,CD4T
KLF8,0.0066678041536042554,-0.6593092676316155,DMSO,Ruxolitinib,0.01576592944730726,All age groups,op,Ruxolitinib,CD4T
KLF9,0.03381978847544851,-0.09375727524169265,DMSO,Ruxolitinib,0.06632873243634474,All age groups,op,Ruxolitinib,CD4T
KMT2A,0.08029273127674584,-0.5999074235014158,DMSO,Ruxolitinib,0.14192523480144317,All age groups,op,Ruxolitinib,CD4T
LCOR,0.5009779477201286,-0.13964944718489392,DMSO,Ruxolitinib,0.5978651923263798,All age groups,op,Ruxolitinib,CD4T
LEF1,4.183246538914374e-06,1.9160549093545864,DMSO,Ruxolitinib,1.5119448204933378e-05,All age groups,op,Ruxolitinib,CD4T
MAF,0.0003146004962534364,-1.5767515294219507,DMSO,Ruxolitinib,0.001007518044963537,All age groups,op,Ruxolitinib,CD4T
MAFF,0.7988664393317643,-0.027861233097876248,DMSO,Ruxolitinib,0.8353408208383476,All age groups,op,Ruxolitinib,CD4T
MAX,6.1262901695510085e-87,-0.9614472762106973,DMSO,Ruxolitinib,2.2142163041377217e-85,All age groups,op,Ruxolitinib,CD4T
MAZ,9.043282711825878e-43,-1.2875291294961941,DMSO,Ruxolitinib,1.0399775118599761e-41,All age groups,op,Ruxolitinib,CD4T
MBD2,0.002821206157864455,-0.6086583893052665,DMSO,Ruxolitinib,0.007358403690100074,All age groups,op,Ruxolitinib,CD4T
MBD4,1.563006501211e-09,-0.21643780466554516,DMSO,Ruxolitinib,6.937555172041807e-09,All age groups,op,Ruxolitinib,CD4T
MEF2A,0.09599631219532176,0.22630434414881329,DMSO,Ruxolitinib,0.1577082271780286,All age groups,op,Ruxolitinib,CD4T
MEF2D,0.47830501865390207,-0.10554221717566746,DMSO,Ruxolitinib,0.5762436653306534,All age groups,op,Ruxolitinib,CD4T
MGA,0.19703589628054252,-0.27010840756026744,DMSO,Ruxolitinib,0.2910001621986421,All age groups,op,Ruxolitinib,CD4T
MLX,2.599297483830949e-18,-0.6045156900771183,DMSO,Ruxolitinib,1.8267285094700833e-17,All age groups,op,Ruxolitinib,CD4T
MSC,0.0012280235418370374,-1.1582026519845956,DMSO,Ruxolitinib,0.003340752215965274,All age groups,op,Ruxolitinib,CD4T
MTF2,9.892380613756438e-10,-0.4272540555327747,DMSO,Ruxolitinib,4.550495082327961e-09,All age groups,op,Ruxolitinib,CD4T
MXD4,0.0006774730541815354,-1.2290780209718832,DMSO,Ruxolitinib,0.0019477350307719142,All age groups,op,Ruxolitinib,CD4T
MXI1,0.010627673234125315,0.18141964608429095,DMSO,Ruxolitinib,0.0237947020197673,All age groups,op,Ruxolitinib,CD4T
MYBL1,0.010732065701788836,-0.684817783622038,DMSO,Ruxolitinib,0.02381765458379452,All age groups,op,Ruxolitinib,CD4T
MYC,0.31697209063988385,-0.3035374238243769,DMSO,Ruxolitinib,0.4155126369528011,All age groups,op,Ruxolitinib,CD4T
NCOA1,0.32723309140008017,-0.1882923425062728,DMSO,Ruxolitinib,0.42456395961138604,All age groups,op,Ruxolitinib,CD4T
NCOA2,0.6439955160801848,-0.0827908042634012,DMSO,Ruxolitinib,0.734546025091367,All age groups,op,Ruxolitinib,CD4T
NCOA3,0.6183271492916325,0.06923552233762442,DMSO,Ruxolitinib,0.720906768528954,All age groups,op,Ruxolitinib,CD4T
NFAT5,0.08379881319097988,-0.38916293737301544,DMSO,Ruxolitinib,0.14621448094702008,All age groups,op,Ruxolitinib,CD4T
NFATC1,0.528077050558657,-0.05928623651736942,DMSO,Ruxolitinib,0.6243153915483187,All age groups,op,Ruxolitinib,CD4T
NFATC2,0.042451539647460255,-1.1983711759182636,DMSO,Ruxolitinib,0.08015104127468242,All age groups,op,Ruxolitinib,CD4T
NFATC3,0.4296776937400876,-0.23172890101164967,DMSO,Ruxolitinib,0.5277109539623406,All age groups,op,Ruxolitinib,CD4T
NFE2L2,0.7384640925471555,-0.024410671120469612,DMSO,Ruxolitinib,0.7916585398916539,All age groups,op,Ruxolitinib,CD4T
NFKB1,0.09519867084337344,-0.3671403145933401,DMSO,Ruxolitinib,0.1574200243357744,All age groups,op,Ruxolitinib,CD4T
NFKB2,2.6800240176172387e-25,-0.8649089709825911,DMSO,Ruxolitinib,2.2601535881905382e-24,All age groups,op,Ruxolitinib,CD4T
NFYC,1.8773377716577592e-13,-0.3591572354604722,DMSO,Ruxolitinib,1.0325357744117675e-12,All age groups,op,Ruxolitinib,CD4T
NR1D2,0.7185470121985412,-0.11714641028650934,DMSO,Ruxolitinib,0.7828023139194297,All age groups,op,Ruxolitinib,CD4T
NR1H2,5.796126149207721e-36,-0.4309711878047147,DMSO,Ruxolitinib,5.865679662998214e-35,All age groups,op,Ruxolitinib,CD4T
NR2C2,0.2649330434609424,-0.15051929436447034,DMSO,Ruxolitinib,0.3584388235059809,All age groups,op,Ruxolitinib,CD4T
NR3C1,0.004771029675016836,-1.298163174779932,DMSO,Ruxolitinib,0.011719131143487958,All age groups,op,Ruxolitinib,CD4T
NR3C2,7.681756467296129e-07,0.288422491711128,DMSO,Ruxolitinib,2.900722964516299e-06,All age groups,op,Ruxolitinib,CD4T
NR4A1,0.0010633542888096358,-0.3311159765577815,DMSO,Ruxolitinib,0.0029563586271300867,All age groups,op,Ruxolitinib,CD4T
NR4A2,0.6445423619378794,-0.1335742418147928,DMSO,Ruxolitinib,0.734546025091367,All age groups,op,Ruxolitinib,CD4T
PBX1,0.17948287141710173,0.09238478532491948,DMSO,Ruxolitinib,0.27520706950622265,All age groups,op,Ruxolitinib,CD4T
PHF20,2.3012096336946737e-47,-0.9980096129196167,DMSO,Ruxolitinib,3.4247413960279555e-46,All age groups,op,Ruxolitinib,CD4T
PHF21A,0.24946572276381795,-0.3346262812516016,DMSO,Ruxolitinib,0.3430153688002497,All age groups,op,Ruxolitinib,CD4T
PLAG1,1.4779983654385322e-09,0.6037056544098887,DMSO,Ruxolitinib,6.6773854724276545e-09,All age groups,op,Ruxolitinib,CD4T
POU2F2,6.868142060893712e-11,-0.9452985084080604,DMSO,Ruxolitinib,3.407137140011979e-10,All age groups,op,Ruxolitinib,CD4T
PRDM1,0.0006043425213514839,-2.7349812364244297,DMSO,Ruxolitinib,0.0017574558379531658,All age groups,op,Ruxolitinib,CD4T
PRDM2,0.38164445574264294,-0.19342680553788524,DMSO,Ruxolitinib,0.4756455532162003,All age groups,op,Ruxolitinib,CD4T
RARA,0.0005569733113094792,-1.4199532953896314,DMSO,Ruxolitinib,0.0016578146795446851,All age groups,op,Ruxolitinib,CD4T
RARG,0.0009545269671984981,-0.8176070623547791,DMSO,Ruxolitinib,0.002683281363346889,All age groups,op,Ruxolitinib,CD4T
RBPJ,1.6128081300860008e-06,-1.2278081039902948,DMSO,Ruxolitinib,6.00059495458468e-06,All age groups,op,Ruxolitinib,CD4T
REL,0.06380407120622925,-0.8246750308962142,DMSO,Ruxolitinib,0.11613259003723739,All age groups,op,Ruxolitinib,CD4T
RELA,3.0424301778986293e-05,-0.4446962099471226,DMSO,Ruxolitinib,0.00010263131133444709,All age groups,op,Ruxolitinib,CD4T
RELB,0.00044048057815631155,-0.9686471959595062,DMSO,Ruxolitinib,0.0013426697141391184,All age groups,op,Ruxolitinib,CD4T
REST,3.718312820947773e-08,-0.9580849327195816,DMSO,Ruxolitinib,1.4932272122218835e-07,All age groups,op,Ruxolitinib,CD4T
RFX3,0.8878905573048629,0.024222107519392466,DMSO,Ruxolitinib,0.9057915766053641,All age groups,op,Ruxolitinib,CD4T
RLF,0.5062456056200546,0.1262343622759623,DMSO,Ruxolitinib,0.6013152029195954,All age groups,op,Ruxolitinib,CD4T
RORA,0.03930365619625011,-1.693291936053252,DMSO,Ruxolitinib,0.07533200770947938,All age groups,op,Ruxolitinib,CD4T
RORC,0.0322824098470527,-0.8360018494197226,DMSO,Ruxolitinib,0.06431062749058529,All age groups,op,Ruxolitinib,CD4T
RREB1,0.6572783558198758,-0.030460531844129928,DMSO,Ruxolitinib,0.7397640902322801,All age groups,op,Ruxolitinib,CD4T
RUNX1,0.7782119095546576,-0.07213539203133597,DMSO,Ruxolitinib,0.8203650546555349,All age groups,op,Ruxolitinib,CD4T
RUNX2,0.1147428936756139,-0.5007952350222796,DMSO,Ruxolitinib,0.1837338740501919,All age groups,op,Ruxolitinib,CD4T
RUNX3,0.00676498296711164,-1.4230173142186004,DMSO,Ruxolitinib,0.015847598987770786,All age groups,op,Ruxolitinib,CD4T
RXRA,0.04605629197244517,-0.41018200987608583,DMSO,Ruxolitinib,0.08567824903697521,All age groups,op,Ruxolitinib,CD4T
SAFB,3.0425374432165874e-10,-0.32960325307599625,DMSO,Ruxolitinib,1.4803114867957627e-09,All age groups,op,Ruxolitinib,CD4T
SAFB2,2.694416565069922e-08,-0.5269397425119399,DMSO,Ruxolitinib,1.1175203130535906e-07,All age groups,op,Ruxolitinib,CD4T
SATB1,2.3152492242560747e-16,1.1601179006454512,DMSO,Ruxolitinib,1.5019437275302229e-15,All age groups,op,Ruxolitinib,CD4T
SKI,0.2808274734820263,-0.14729130264000406,DMSO,Ruxolitinib,0.3759224909574214,All age groups,op,Ruxolitinib,CD4T
SKIL,0.16896666066232247,-0.15410959365814847,DMSO,Ruxolitinib,0.26717853217229737,All age groups,op,Ruxolitinib,CD4T
SMAD3,0.01747123499671439,-1.202363332859496,DMSO,Ruxolitinib,0.03683518711807284,All age groups,op,Ruxolitinib,CD4T
SMAD5,0.02654313937375465,-0.9196097472577917,DMSO,Ruxolitinib,0.05459686391512135,All age groups,op,Ruxolitinib,CD4T
SNAI3,4.581790545459947e-12,-1.2548760200657003,DMSO,Ruxolitinib,2.4663681021305672e-11,All age groups,op,Ruxolitinib,CD4T
SOX13,0.016012261665765262,-0.8793348628165472,DMSO,Ruxolitinib,0.034331374588462804,All age groups,op,Ruxolitinib,CD4T
SOX4,6.537847015814245e-80,0.486386408694441,DMSO,Ruxolitinib,1.654075295001004e-78,All age groups,op,Ruxolitinib,CD4T
SP1,0.36229119725908765,-0.11773091218649746,DMSO,Ruxolitinib,0.46292764094216754,All age groups,op,Ruxolitinib,CD4T
SP110,6.762229992842529e-25,-1.491747798545807,DMSO,Ruxolitinib,5.518852219965032e-24,All age groups,op,Ruxolitinib,CD4T
SP140L,1.2991973542474343e-146,-0.7107846118258614,DMSO,Ruxolitinib,5.4782821770766815e-145,All age groups,op,Ruxolitinib,CD4T
SP3,0.669507601211992,0.07771307284543383,DMSO,Ruxolitinib,0.7429185223975174,All age groups,op,Ruxolitinib,CD4T
SP4,0.2330162192786509,-0.16604791605003064,DMSO,Ruxolitinib,0.3302354335591534,All age groups,op,Ruxolitinib,CD4T
SPEN,0.8354046085185528,-0.05718646981596661,DMSO,Ruxolitinib,0.86268312634773,All age groups,op,Ruxolitinib,CD4T
SREBF1,1.4957120990941133e-08,0.6211480024012089,DMSO,Ruxolitinib,6.306919351180178e-08,All age groups,op,Ruxolitinib,CD4T
SREBF2,0.10814665361718198,-0.2708949055364987,DMSO,Ruxolitinib,0.17588313421729118,All age groups,op,Ruxolitinib,CD4T
STAT1,5.92687774043156e-44,-5.039088290479768,DMSO,Ruxolitinib,7.14047651585326e-43,All age groups,op,Ruxolitinib,CD4T
STAT2,4.749125052135459e-32,-1.8976289651488163,DMSO,Ruxolitinib,4.291173707822397e-31,All age groups,op,Ruxolitinib,CD4T
STAT3,0.9355356202207981,0.02133811024417298,DMSO,Ruxolitinib,0.9355356202207981,All age groups,op,Ruxolitinib,CD4T
STAT4,0.10844967959643251,-0.20903629426360243,DMSO,Ruxolitinib,0.17588313421729118,All age groups,op,Ruxolitinib,CD4T
STAT5A,2.3775020380359973e-68,-0.6915087456167633,DMSO,Ruxolitinib,4.296485825879338e-67,All age groups,op,Ruxolitinib,CD4T
STAT5B,0.18567240493979098,-0.4612638984341452,DMSO,Ruxolitinib,0.27961380029623284,All age groups,op,Ruxolitinib,CD4T
STAT6,8.964852667960317e-187,-0.5320852614559316,DMSO,Ruxolitinib,7.560359083313201e-185,All age groups,op,Ruxolitinib,CD4T
TBPL1,3.14843076482942e-08,-0.5058751030264131,DMSO,Ruxolitinib,1.284762876615876e-07,All age groups,op,Ruxolitinib,CD4T
TBX21,0.0046205591821626545,-1.2969484794878425,DMSO,Ruxolitinib,0.011460798755756387,All age groups,op,Ruxolitinib,CD4T
TCF12,0.338437310756984,-0.21310910040281308,DMSO,Ruxolitinib,0.4368604062322294,All age groups,op,Ruxolitinib,CD4T
TCF7,2.108577267091183e-06,1.8739044722867975,DMSO,Ruxolitinib,7.731449979334338e-06,All age groups,op,Ruxolitinib,CD4T
TFDP1,1.0318137439067921e-17,-0.12817468711378713,DMSO,Ruxolitinib,7.055375059686985e-17,All age groups,op,Ruxolitinib,CD4T
TFDP2,1.0251880178606813e-45,0.36093652977206775,DMSO,Ruxolitinib,1.4409587139930685e-44,All age groups,op,Ruxolitinib,CD4T
TFE3,0.358890230483913,-0.11346074017463792,DMSO,Ruxolitinib,0.46090978838796953,All age groups,op,Ruxolitinib,CD4T
TGIF1,0.0005778941333320483,-0.8258359336401208,DMSO,Ruxolitinib,0.0017000839038721887,All age groups,op,Ruxolitinib,CD4T
THAP11,0.007887715003779619,-0.15883646355563721,DMSO,Ruxolitinib,0.017978305368975166,All age groups,op,Ruxolitinib,CD4T
THRA,9.014245226289188e-08,0.3306348712013867,DMSO,Ruxolitinib,3.5634438160174447e-07,All age groups,op,Ruxolitinib,CD4T
TRERF1,0.27703356606156626,-0.23709162007577925,DMSO,Ruxolitinib,0.3728164479445546,All age groups,op,Ruxolitinib,CD4T
TRPS1,0.6068753530227019,-0.04868063716745515,DMSO,Ruxolitinib,0.7108308533089981,All age groups,op,Ruxolitinib,CD4T
USF2,0.0007028820879681253,-0.6770916585144887,DMSO,Ruxolitinib,0.0019980805422015247,All age groups,op,Ruxolitinib,CD4T
XBP1,4.473484351489585e-45,-1.4867779856534398,DMSO,Ruxolitinib,5.658957704634325e-44,All age groups,op,Ruxolitinib,CD4T
YBX1,6.699122131304878e-20,-1.295216771305256,DMSO,Ruxolitinib,5.135993634000407e-19,All age groups,op,Ruxolitinib,CD4T
YBX3,0.29222194640386967,0.10473487988504597,DMSO,Ruxolitinib,0.3870793321475342,All age groups,op,Ruxolitinib,CD4T
YY1,4.944716454740782e-14,-1.2721328910156349,DMSO,Ruxolitinib,2.84321196147595e-13,All age groups,op,Ruxolitinib,CD4T
ZBTB1,0.19783410236429422,-0.30614371742690594,DMSO,Ruxolitinib,0.2910001621986421,All age groups,op,Ruxolitinib,CD4T
ZBTB10,0.004594679491176936,-0.2414728422954617,DMSO,Ruxolitinib,0.011460798755756387,All age groups,op,Ruxolitinib,CD4T
ZBTB11,0.29937923959232826,-0.17072118248521428,DMSO,Ruxolitinib,0.39449451883780756,All age groups,op,Ruxolitinib,CD4T
ZBTB20,0.02815492545510496,0.4669248345008983,DMSO,Ruxolitinib,0.0574451301624319,All age groups,op,Ruxolitinib,CD4T
ZBTB21,0.6726676253406427,0.045519365646744525,DMSO,Ruxolitinib,0.743165542406911,All age groups,op,Ruxolitinib,CD4T
ZBTB25,0.750472455115133,0.027549392857956434,DMSO,Ruxolitinib,0.8011372622115133,All age groups,op,Ruxolitinib,CD4T
ZBTB40,0.2860582273515837,-0.09044498007909674,DMSO,Ruxolitinib,0.3809091132628983,All age groups,op,Ruxolitinib,CD4T
ZBTB44,0.6691740815899219,-0.03416793274727207,DMSO,Ruxolitinib,0.7429185223975174,All age groups,op,Ruxolitinib,CD4T
ZBTB7A,0.0029803255194458763,-0.8622730465027091,DMSO,Ruxolitinib,0.00769410567775313,All age groups,op,Ruxolitinib,CD4T
ZBTB7B,3.747330925235935e-34,-1.0010089436717247,DMSO,Ruxolitinib,3.646441246479583e-33,All age groups,op,Ruxolitinib,CD4T
ZEB1,0.6299418945623176,0.11438577175559554,DMSO,Ruxolitinib,0.7310793546984695,All age groups,op,Ruxolitinib,CD4T
ZEB2,0.03117054444905651,-0.7539636061858518,DMSO,Ruxolitinib,0.06258847417151822,All age groups,op,Ruxolitinib,CD4T
ZFP14,0.857079397376679,-0.01688066513418181,DMSO,Ruxolitinib,0.8814678355134138,All age groups,op,Ruxolitinib,CD4T
ZFP91,0.7230189168904879,-0.03086454021935599,DMSO,Ruxolitinib,0.7828023139194297,All age groups,op,Ruxolitinib,CD4T
ZFX,0.2000052296631062,-0.16826905852199125,DMSO,Ruxolitinib,0.2924931971373749,All age groups,op,Ruxolitinib,CD4T
ZGPAT,8.55689188093416e-159,-0.7802145738136129,DMSO,Ruxolitinib,4.329787291752685e-157,All age groups,op,Ruxolitinib,CD4T
ZHX2,0.4433887614301232,0.10056993301864499,DMSO,Ruxolitinib,0.5419195973034838,All age groups,op,Ruxolitinib,CD4T
ZKSCAN1,0.003628139625215373,-0.16198350121890637,DMSO,Ruxolitinib,0.009271912375550397,All age groups,op,Ruxolitinib,CD4T
ZNF10,7.543258476377642e-12,0.4356490960500685,DMSO,Ruxolitinib,3.975925821924049e-11,All age groups,op,Ruxolitinib,CD4T
ZNF101,0.8084709933229177,-0.02254499889716251,DMSO,Ruxolitinib,0.8417414045707744,All age groups,op,Ruxolitinib,CD4T
ZNF142,0.19041795916651494,-0.18621808857182623,DMSO,Ruxolitinib,0.2850635720066762,All age groups,op,Ruxolitinib,CD4T
ZNF148,0.3691934430770283,-0.233800349148891,DMSO,Ruxolitinib,0.46702970549244077,All age groups,op,Ruxolitinib,CD4T
ZNF207,0.00040660326317322985,-0.5660802256214718,DMSO,Ruxolitinib,0.0012580851324430712,All age groups,op,Ruxolitinib,CD4T
ZNF217,0.08800821584358,-0.3942170484870549,DMSO,Ruxolitinib,0.14905596016275197,All age groups,op,Ruxolitinib,CD4T
ZNF24,3.1950748362215645e-21,-0.3940763052780862,DMSO,Ruxolitinib,2.5261060423876746e-20,All age groups,op,Ruxolitinib,CD4T
ZNF276,0.23017877801573916,-0.24477090123800826,DMSO,Ruxolitinib,0.3302354335591534,All age groups,op,Ruxolitinib,CD4T
ZNF280D,0.051825779082203316,-0.09946495174346959,DMSO,Ruxolitinib,0.09570746064085722,All age groups,op,Ruxolitinib,CD4T
ZNF292,0.9125402380571852,-0.007696785465832079,DMSO,Ruxolitinib,0.9234907209138715,All age groups,op,Ruxolitinib,CD4T
ZNF326,0.8232189451567637,-0.018598614413262455,DMSO,Ruxolitinib,0.8535835783797592,All age groups,op,Ruxolitinib,CD4T
ZNF331,0.3856112909250805,0.19408406722126395,DMSO,Ruxolitinib,0.47823361080414395,All age groups,op,Ruxolitinib,CD4T
ZNF335,0.3808842409586285,-0.14004480549941908,DMSO,Ruxolitinib,0.4756455532162003,All age groups,op,Ruxolitinib,CD4T
ZNF33A,0.6413106463338774,0.04275239441225646,DMSO,Ruxolitinib,0.734546025091367,All age groups,op,Ruxolitinib,CD4T
ZNF350,6.284002936794358e-05,-0.0835350482717742,DMSO,Ruxolitinib,0.0002064743822089575,All age groups,op,Ruxolitinib,CD4T
ZNF394,0.0003997484232523604,-0.5259391217153392,DMSO,Ruxolitinib,0.0012580851324430712,All age groups,op,Ruxolitinib,CD4T
ZNF407,0.7636556231772531,-0.05400551911645835,DMSO,Ruxolitinib,0.8083885885516529,All age groups,op,Ruxolitinib,CD4T
ZNF451,0.6381782929274555,-0.0890055601819159,DMSO,Ruxolitinib,0.734546025091367,All age groups,op,Ruxolitinib,CD4T
ZNF460,0.7539962430141202,-0.029510338683001198,DMSO,Ruxolitinib,0.8015170146326571,All age groups,op,Ruxolitinib,CD4T
ZNF507,0.36461076944129434,-0.026834705400854492,DMSO,Ruxolitinib,0.463550375219334,All age groups,op,Ruxolitinib,CD4T
ZNF511,9.298298906355474e-72,-0.9021718865313924,DMSO,Ruxolitinib,1.9603913527566125e-70,All age groups,op,Ruxolitinib,CD4T
ZNF592,0.3232322083908503,-0.14757586049588647,DMSO,Ruxolitinib,0.42153478723136667,All age groups,op,Ruxolitinib,CD4T
ZNF609,1.1554311947862794e-07,0.47967793138027864,DMSO,Ruxolitinib,4.4972937273989026e-07,All age groups,op,Ruxolitinib,CD4T
ZNF639,0.6489335972768717,-0.03432767787858696,DMSO,Ruxolitinib,0.7362340812154643,All age groups,op,Ruxolitinib,CD4T
ZNF644,0.9306743024081665,-0.02070687033868523,DMSO,Ruxolitinib,0.9343674544018497,All age groups,op,Ruxolitinib,CD4T
ZNF652,0.4269607833324566,-0.12498165471040089,DMSO,Ruxolitinib,0.5269320886981049,All age groups,op,Ruxolitinib,CD4T
ZNF655,4.367583272015826e-06,-0.26246980931264297,DMSO,Ruxolitinib,1.55633601101409e-05,All age groups,op,Ruxolitinib,CD4T
ZNF708,0.23364483243908485,0.07672385365840302,DMSO,Ruxolitinib,0.3302354335591534,All age groups,op,Ruxolitinib,CD4T
ZNF766,0.04144227738830322,-0.06965707425420486,DMSO,Ruxolitinib,0.07883380585895275,All age groups,op,Ruxolitinib,CD4T
ZNF770,0.7025788159325603,-0.01851947951457718,DMSO,Ruxolitinib,0.7694910841166137,All age groups,op,Ruxolitinib,CD4T
ZNF800,0.08486391513194294,-0.2979120741103477,DMSO,Ruxolitinib,0.14689304566176195,All age groups,op,Ruxolitinib,CD4T
ZNF83,0.2491999101202661,-0.03580026255505805,DMSO,Ruxolitinib,0.3430153688002497,All age groups,op,Ruxolitinib,CD4T
ZNF830,0.08767220272695507,-0.038957238027648756,DMSO,Ruxolitinib,0.14905596016275197,All age groups,op,Ruxolitinib,CD4T
AHR,0.769938947414149,0.029484552724564256,DMSO,Ruxolitinib,0.8204267472445851,All age groups,op,Ruxolitinib,CD8T
AKNA,0.7194536782473717,-0.0786674756392008,DMSO,Ruxolitinib,0.7927831505434657,All age groups,op,Ruxolitinib,CD8T
ARHGAP35,1.6452288402031223e-18,0.5700363968442611,DMSO,Ruxolitinib,1.425864994842706e-17,All age groups,op,Ruxolitinib,CD8T
ARID2,1.3523528767086452e-15,0.3729242395853684,DMSO,Ruxolitinib,1.0987867123257741e-14,All age groups,op,Ruxolitinib,CD8T
ARID5A,0.19032561452479357,-0.0459217195866283,DMSO,Ruxolitinib,0.28938397530085574,All age groups,op,Ruxolitinib,CD8T
ASCL2,0.15814308571385904,-0.5372279573987025,DMSO,Ruxolitinib,0.24769398967230938,All age groups,op,Ruxolitinib,CD8T
ASH1L,0.3893043129226783,-0.12716637625047275,DMSO,Ruxolitinib,0.5035777182084396,All age groups,op,Ruxolitinib,CD8T
ATF2,2.2905515578702095e-36,0.28103311184192376,DMSO,Ruxolitinib,2.4814308543593936e-35,All age groups,op,Ruxolitinib,CD8T
ATF3,0.12249614557254686,-0.14201520714209823,DMSO,Ruxolitinib,0.20681167434326092,All age groups,op,Ruxolitinib,CD8T
ATF4,1.3042699550088294e-06,-0.9780364774928169,DMSO,Ruxolitinib,5.846727384522339e-06,All age groups,op,Ruxolitinib,CD8T
ATF6,0.4238183641293126,-0.10745258854201427,DMSO,Ruxolitinib,0.5323322448001029,All age groups,op,Ruxolitinib,CD8T
BACH1,2.2485940916456787e-10,0.18865479641246455,DMSO,Ruxolitinib,1.2179884663080759e-09,All age groups,op,Ruxolitinib,CD8T
BACH2,0.012197355780820714,1.071869150246666,DMSO,Ruxolitinib,0.03338223687382511,All age groups,op,Ruxolitinib,CD8T
BATF,2.7440656526331324e-05,-1.1552661794527765,DMSO,Ruxolitinib,0.00011324715391819276,All age groups,op,Ruxolitinib,CD8T
BCL11B,0.048811306858114634,0.39992686171573943,DMSO,Ruxolitinib,0.10575783152591503,All age groups,op,Ruxolitinib,CD8T
BHLHE40,0.08146978621709516,-1.016058465519799,DMSO,Ruxolitinib,0.1534938001191648,All age groups,op,Ruxolitinib,CD8T
BNC2,0.016818955153335834,0.3733726319357302,DMSO,Ruxolitinib,0.0441709933319931,All age groups,op,Ruxolitinib,CD8T
CC2D1A,5.759667018414612e-14,0.49040425382215425,DMSO,Ruxolitinib,4.2786097851079975e-13,All age groups,op,Ruxolitinib,CD8T
CDC5L,5.753026445678932e-60,0.1688782946210594,DMSO,Ruxolitinib,1.0684191970546587e-58,All age groups,op,Ruxolitinib,CD8T
CEBPA,0.9505123786409483,-0.009574038864366585,DMSO,Ruxolitinib,0.9605213282758419,All age groups,op,Ruxolitinib,CD8T
CEBPB,0.3127645253537311,-0.27610877398430256,DMSO,Ruxolitinib,0.43025807720619097,All age groups,op,Ruxolitinib,CD8T
CEBPD,0.08481930582096449,-1.1641443734743138,DMSO,Ruxolitinib,0.1564043937124168,All age groups,op,Ruxolitinib,CD8T
CEBPG,5.544704304784696e-46,0.3922823364576307,DMSO,Ruxolitinib,7.58749010128432e-45,All age groups,op,Ruxolitinib,CD8T
CEBPZ,4.821163539153408e-07,-0.09522160150978094,DMSO,Ruxolitinib,2.2790954912361564e-06,All age groups,op,Ruxolitinib,CD8T
CREB1,0.13974361675929556,0.14992428954435333,DMSO,Ruxolitinib,0.22995785036339778,All age groups,op,Ruxolitinib,CD8T
CREB3,0.8898346976604468,0.005066502120525247,DMSO,Ruxolitinib,0.9217411210825345,All age groups,op,Ruxolitinib,CD8T
CREB3L2,0.5432838898554622,0.12247354534944915,DMSO,Ruxolitinib,0.6362784295604512,All age groups,op,Ruxolitinib,CD8T
CREM,4.802311197113894e-05,-0.7519192751525616,DMSO,Ruxolitinib,0.00019209244788455577,All age groups,op,Ruxolitinib,CD8T
CUX1,4.300921284098795e-09,0.1383013305893425,DMSO,Ruxolitinib,2.236479067731373e-08,All age groups,op,Ruxolitinib,CD8T
DDIT3,0.0014258378169955367,-0.6018812409747009,DMSO,Ruxolitinib,0.004650923758027659,All age groups,op,Ruxolitinib,CD8T
DEAF1,0.2517693925768526,0.15630779226365185,DMSO,Ruxolitinib,0.3638469911742854,All age groups,op,Ruxolitinib,CD8T
DNMT1,3.0214643260450805e-12,-0.7156012492439174,DMSO,Ruxolitinib,1.8269319180737697e-11,All age groups,op,Ruxolitinib,CD8T
DR1,4.095726633329703e-08,0.2531210625722089,DMSO,Ruxolitinib,1.9720165271587458e-07,All age groups,op,Ruxolitinib,CD8T
DRAP1,1.5474584949001463e-12,-1.246206979358142,DMSO,Ruxolitinib,9.579504968429477e-12,All age groups,op,Ruxolitinib,CD8T
E2F3,0.2508067741273028,0.0969464719826109,DMSO,Ruxolitinib,0.3638469911742854,All age groups,op,Ruxolitinib,CD8T
E2F4,0.05845805309932233,-0.19039567350230788,DMSO,Ruxolitinib,0.11954639175381918,All age groups,op,Ruxolitinib,CD8T
EEA1,0.21152245354146382,-0.2261521771788109,DMSO,Ruxolitinib,0.3160680340274747,All age groups,op,Ruxolitinib,CD8T
EGR1,0.006586024437295804,-0.3004657409555718,DMSO,Ruxolitinib,0.019458708564737602,All age groups,op,Ruxolitinib,CD8T
ELF1,8.619141831950457e-05,-0.1984657950676111,DMSO,Ruxolitinib,0.0003344741606428536,All age groups,op,Ruxolitinib,CD8T
ELF2,0.0,0.4986792577725622,DMSO,Ruxolitinib,0.0,All age groups,op,Ruxolitinib,CD8T
ELF4,0.7078523751955086,-0.0689346485197282,DMSO,Ruxolitinib,0.7865026391061206,All age groups,op,Ruxolitinib,CD8T
ELK3,0.042330636030358554,-0.6166220178680978,DMSO,Ruxolitinib,0.09487901179218296,All age groups,op,Ruxolitinib,CD8T
ELK4,0.0013890677053164208,0.233775028301638,DMSO,Ruxolitinib,0.00463022568438807,All age groups,op,Ruxolitinib,CD8T
EOMES,0.0005571647504548505,-0.9979807132729759,DMSO,Ruxolitinib,0.0019576058799765017,All age groups,op,Ruxolitinib,CD8T
ESR2,0.0009561116098593801,0.16931162172414893,DMSO,Ruxolitinib,0.003270908138992616,All age groups,op,Ruxolitinib,CD8T
ETS1,0.4108564545368425,0.10834125402216739,DMSO,Ruxolitinib,0.5210862350223369,All age groups,op,Ruxolitinib,CD8T
ETV3,0.15766850950519462,-0.13165069676170393,DMSO,Ruxolitinib,0.24769398967230938,All age groups,op,Ruxolitinib,CD8T
FLI1,0.08445892515869896,-0.12846140641602485,DMSO,Ruxolitinib,0.1564043937124168,All age groups,op,Ruxolitinib,CD8T
FOS,0.9110947204607968,0.02203239570003923,DMSO,Ruxolitinib,0.9363028747818465,All age groups,op,Ruxolitinib,CD8T
FOSB,0.022298780893834858,-0.26400298032632286,DMSO,Ruxolitinib,0.055216028879972026,All age groups,op,Ruxolitinib,CD8T
FOSL2,0.11690166002495357,-0.5951749977902433,DMSO,Ruxolitinib,0.1999633658321574,All age groups,op,Ruxolitinib,CD8T
FOXJ3,0.4434106370819888,0.07370930256450518,DMSO,Ruxolitinib,0.5516113188579764,All age groups,op,Ruxolitinib,CD8T
FOXK1,0.00256553468754234,0.32045894836139843,DMSO,Ruxolitinib,0.008036614683867571,All age groups,op,Ruxolitinib,CD8T
FOXO1,0.05188980714767517,0.4747726164835127,DMSO,Ruxolitinib,0.10803633698792468,All age groups,op,Ruxolitinib,CD8T
FOXO3,1.2052728782710587e-10,0.29353403276731466,DMSO,Ruxolitinib,6.812411920662505e-10,All age groups,op,Ruxolitinib,CD8T
FOXP1,0.01125073695749919,0.8839327077681668,DMSO,Ruxolitinib,0.031453673214513866,All age groups,op,Ruxolitinib,CD8T
GATA3,0.22116576404417276,-0.29759133067327453,DMSO,Ruxolitinib,0.3248762635677114,All age groups,op,Ruxolitinib,CD8T
GATAD2A,3.6036040252247436e-48,0.49652229583050617,DMSO,Ruxolitinib,5.205205814213519e-47,All age groups,op,Ruxolitinib,CD8T
GATAD2B,0.44861742232241253,0.025926220102273412,DMSO,Ruxolitinib,0.5554310943039393,All age groups,op,Ruxolitinib,CD8T
GFI1,0.030104333172592312,-0.47247247302271483,DMSO,Ruxolitinib,0.0714884850960425,All age groups,op,Ruxolitinib,CD8T
GLIS3,0.01832360977572005,0.39153735363157355,DMSO,Ruxolitinib,0.04716968853155656,All age groups,op,Ruxolitinib,CD8T
GTF3A,1.888537851963589e-13,-1.1105737439365757,DMSO,Ruxolitinib,1.2921574776592978e-12,All age groups,op,Ruxolitinib,CD8T
HBP1,0.39918088066523005,-0.06302458360176111,DMSO,Ruxolitinib,0.5137971731334644,All age groups,op,Ruxolitinib,CD8T
HES6,0.35055177858435993,-0.02842106597577576,DMSO,Ruxolitinib,0.4722459193364434,All age groups,op,Ruxolitinib,CD8T
HIF1A,0.37435722643729197,-0.03707432013963278,DMSO,Ruxolitinib,0.49375555644943836,All age groups,op,Ruxolitinib,CD8T
HIVEP1,0.14706739382390924,0.20807720665176221,DMSO,Ruxolitinib,0.23603408885318766,All age groups,op,Ruxolitinib,CD8T
HMG20B,0.26210448450915536,-0.109841059063361,DMSO,Ruxolitinib,0.37443497787022195,All age groups,op,Ruxolitinib,CD8T
HMGA1,6.396353537533274e-14,-0.16031582936745567,DMSO,Ruxolitinib,4.619588665996253e-13,All age groups,op,Ruxolitinib,CD8T
HOXA10,0.005878093646905446,-0.21250571449549793,DMSO,Ruxolitinib,0.017770980792969952,All age groups,op,Ruxolitinib,CD8T
HSF2,0.8768422299408739,0.015554128025755176,DMSO,Ruxolitinib,0.9119159191385089,All age groups,op,Ruxolitinib,CD8T
IKZF1,0.9980422437496371,-0.00032024432315254825,DMSO,Ruxolitinib,0.9980422437496371,All age groups,op,Ruxolitinib,CD8T
IKZF2,0.4135369255727924,-0.382041108959499,DMSO,Ruxolitinib,0.5219398089753691,All age groups,op,Ruxolitinib,CD8T
IKZF3,0.1314675018153784,-0.4845695111830868,DMSO,Ruxolitinib,0.21911250302563065,All age groups,op,Ruxolitinib,CD8T
IKZF5,6.187528687445435e-06,0.362484911554545,DMSO,Ruxolitinib,2.7267075571793444e-05,All age groups,op,Ruxolitinib,CD8T
IRF1,0.011012606208660718,-1.2542720049688487,DMSO,Ruxolitinib,0.031122582763606375,All age groups,op,Ruxolitinib,CD8T
IRF2,5.965704353143498e-11,-0.6485239064992848,DMSO,Ruxolitinib,3.446851404038465e-10,All age groups,op,Ruxolitinib,CD8T
IRF3,1.107057593255437e-15,-0.783249746152516,DMSO,Ruxolitinib,9.284999169239149e-15,All age groups,op,Ruxolitinib,CD8T
IRF4,4.145312572788265e-123,0.598885938187621,DMSO,Ruxolitinib,1.539687527035641e-121,All age groups,op,Ruxolitinib,CD8T
IRF7,2.1841021212147126e-31,-2.5807440207780155,DMSO,Ruxolitinib,2.028094826842233e-30,All age groups,op,Ruxolitinib,CD8T
IRF9,2.405018463823262e-66,-1.2148506345576011,DMSO,Ruxolitinib,5.210873338283734e-65,All age groups,op,Ruxolitinib,CD8T
JUN,9.064970454702949e-05,-0.6281733870915751,DMSO,Ruxolitinib,0.000346601811503348,All age groups,op,Ruxolitinib,CD8T
JUNB,0.017692459371840826,0.8569083582028902,DMSO,Ruxolitinib,0.04600039436678614,All age groups,op,Ruxolitinib,CD8T
JUND,1.4425265068306614e-231,-0.4617460232274908,DMSO,Ruxolitinib,9.376422294399298e-230,All age groups,op,Ruxolitinib,CD8T
KAT7,5.016649844494217e-15,0.687280806330488,DMSO,Ruxolitinib,3.9525119986924136e-14,All age groups,op,Ruxolitinib,CD8T
KDM2A,0.3825395305566698,0.12568051381637654,DMSO,Ruxolitinib,0.4973013897236707,All age groups,op,Ruxolitinib,CD8T
KLF10,0.4273058100672501,-0.1856565095433155,DMSO,Ruxolitinib,0.5341322625840625,All age groups,op,Ruxolitinib,CD8T
KLF11,0.0008916749473874718,0.09051256653276922,DMSO,Ruxolitinib,0.0030911398176099027,All age groups,op,Ruxolitinib,CD8T
KLF12,0.1414899488934894,0.29187663299815386,DMSO,Ruxolitinib,0.23087268460262123,All age groups,op,Ruxolitinib,CD8T
KLF13,0.7239940657446617,-0.05999127581624227,DMSO,Ruxolitinib,0.7927831505434657,All age groups,op,Ruxolitinib,CD8T
KLF2,1.8893619625493568e-40,-0.1718699716509945,DMSO,Ruxolitinib,2.4561705513141636e-39,All age groups,op,Ruxolitinib,CD8T
KLF3,0.29964998629901385,-0.3577055732019323,DMSO,Ruxolitinib,0.41440955551991276,All age groups,op,Ruxolitinib,CD8T
KLF6,0.051940546628809946,-1.171582157913459,DMSO,Ruxolitinib,0.10803633698792468,All age groups,op,Ruxolitinib,CD8T
KLF7,0.05469486120941339,0.5566881205766506,DMSO,Ruxolitinib,0.11286241201942444,All age groups,op,Ruxolitinib,CD8T
KLF9,0.2913338850035123,0.18933169722155677,DMSO,Ruxolitinib,0.40944221676169296,All age groups,op,Ruxolitinib,CD8T
KMT2A,0.5394198179295658,-0.13183418516614867,DMSO,Ruxolitinib,0.6346115505053715,All age groups,op,Ruxolitinib,CD8T
LCOR,0.0,0.6500125254650039,DMSO,Ruxolitinib,0.0,All age groups,op,Ruxolitinib,CD8T
LCORL,2.350564742070451e-38,0.4697637741266452,DMSO,Ruxolitinib,2.657160143210075e-37,All age groups,op,Ruxolitinib,CD8T
LEF1,0.04983598091929458,0.988720956523851,DMSO,Ruxolitinib,0.10708557883484786,All age groups,op,Ruxolitinib,CD8T
MAF,0.004976391919008223,-0.6835088129809801,DMSO,Ruxolitinib,0.015221904693436917,All age groups,op,Ruxolitinib,CD8T
MAFF,0.027812543417831168,-0.47302307842827496,DMSO,Ruxolitinib,0.06758188120220658,All age groups,op,Ruxolitinib,CD8T
MAX,0.04489377214895763,-0.23714058724252732,DMSO,Ruxolitinib,0.09891848100617782,All age groups,op,Ruxolitinib,CD8T
MAZ,3.511281241779949e-14,-0.3942239150510489,DMSO,Ruxolitinib,2.6850974201846666e-13,All age groups,op,Ruxolitinib,CD8T
MEF2A,0.015722447139206137,0.1604904829450673,DMSO,Ruxolitinib,0.04214264181642882,All age groups,op,Ruxolitinib,CD8T
MEF2D,0.0003990320274176075,0.45880157342561984,DMSO,Ruxolitinib,0.0014409489878969158,All age groups,op,Ruxolitinib,CD8T
MSC,0.002159750578217996,-0.3121786946758625,DMSO,Ruxolitinib,0.006932532720205912,All age groups,op,Ruxolitinib,CD8T
MTF2,0.3779129066670701,-0.06463256515364353,DMSO,Ruxolitinib,0.49375555644943836,All age groups,op,Ruxolitinib,CD8T
MXD1,1.021375031867016e-54,0.7159251724040132,DMSO,Ruxolitinib,1.659734426783901e-53,All age groups,op,Ruxolitinib,CD8T
MXD4,0.0005567171915288999,-0.5862654331030267,DMSO,Ruxolitinib,0.0019576058799765017,All age groups,op,Ruxolitinib,CD8T
MXI1,0.8142176088683746,-0.04751206986772634,DMSO,Ruxolitinib,0.8605551963649488,All age groups,op,Ruxolitinib,CD8T
MYB,4.0039339079641495e-05,0.15943861704367598,DMSO,Ruxolitinib,0.00016265981501104357,All age groups,op,Ruxolitinib,CD8T
MYBL1,0.0011277981535756417,-0.6489411648526047,DMSO,Ruxolitinib,0.003808149609476193,All age groups,op,Ruxolitinib,CD8T
MYC,0.2974698048347286,0.4344990780147728,DMSO,Ruxolitinib,0.4135943810536334,All age groups,op,Ruxolitinib,CD8T
MZF1,0.15537162519498995,0.16625474382653613,DMSO,Ruxolitinib,0.24632086921156945,All age groups,op,Ruxolitinib,CD8T
NCOA1,0.1812982495272324,0.21483749660219745,DMSO,Ruxolitinib,0.2803721272217328,All age groups,op,Ruxolitinib,CD8T
NCOA2,0.009858857924491366,0.19905691013834095,DMSO,Ruxolitinib,0.02816816549854676,All age groups,op,Ruxolitinib,CD8T
NCOA3,0.5881216885831387,0.09339575736231949,DMSO,Ruxolitinib,0.6736195552053571,All age groups,op,Ruxolitinib,CD8T
NFAT5,0.10109318299584588,0.30736711768964103,DMSO,Ruxolitinib,0.18002895601999952,All age groups,op,Ruxolitinib,CD8T
NFATC1,2.98456630237339e-13,0.38803857959429705,DMSO,Ruxolitinib,1.9897108682489268e-12,All age groups,op,Ruxolitinib,CD8T
NFATC2,0.050252524725009816,-1.1206049307727575,DMSO,Ruxolitinib,0.10709554449592255,All age groups,op,Ruxolitinib,CD8T
NFATC3,0.7890280970311202,-0.08191104414793782,DMSO,Ruxolitinib,0.8373359397064949,All age groups,op,Ruxolitinib,CD8T
NFE2L2,0.6785918830473101,-0.03479325474038175,DMSO,Ruxolitinib,0.7604909034150888,All age groups,op,Ruxolitinib,CD8T
NFIC,0.08924214851052482,-0.2117975162024136,DMSO,Ruxolitinib,0.16225845183731785,All age groups,op,Ruxolitinib,CD8T
NFIL3,0.03290523900311976,0.146803636283912,DMSO,Ruxolitinib,0.07707533460190213,All age groups,op,Ruxolitinib,CD8T
NFKB1,0.18950327942131062,0.24369803475919763,DMSO,Ruxolitinib,0.28938397530085574,All age groups,op,Ruxolitinib,CD8T
NFKB2,0.25652373959914343,-0.22858802092898708,DMSO,Ruxolitinib,0.36848713975567565,All age groups,op,Ruxolitinib,CD8T
NPAS2,0.1420754982169977,0.13213517300204916,DMSO,Ruxolitinib,0.23087268460262123,All age groups,op,Ruxolitinib,CD8T
NR1D1,0.17208930527546085,-0.4304817759962181,DMSO,Ruxolitinib,0.26792346929113664,All age groups,op,Ruxolitinib,CD8T
NR1D2,0.6012314765390233,0.08730417715064812,DMSO,Ruxolitinib,0.6856148416673072,All age groups,op,Ruxolitinib,CD8T
NR1H2,0.9681563398093904,0.00719528124236657,DMSO,Ruxolitinib,0.9718943951754498,All age groups,op,Ruxolitinib,CD8T
NR3C1,0.6125810431313546,0.10818362069305228,DMSO,Ruxolitinib,0.6955068611971712,All age groups,op,Ruxolitinib,CD8T
NR3C2,1.1293157357827868e-145,0.3559817584613954,DMSO,Ruxolitinib,4.8937015217254095e-144,All age groups,op,Ruxolitinib,CD8T
NR4A1,0.47885269223521676,-0.11741114767147327,DMSO,Ruxolitinib,0.5855078618773412,All age groups,op,Ruxolitinib,CD8T
NR4A2,0.038262180345082615,-0.3093164388505774,DMSO,Ruxolitinib,0.08788975160559241,All age groups,op,Ruxolitinib,CD8T
PATZ1,0.059698617071652284,0.15162891148669436,DMSO,Ruxolitinib,0.11954639175381918,All age groups,op,Ruxolitinib,CD8T
PBX2,6.755078113359143e-12,0.34558870580231177,DMSO,Ruxolitinib,3.991637066984948e-11,All age groups,op,Ruxolitinib,CD8T
PHF20,0.012609368345452492,-0.46952019644963033,DMSO,Ruxolitinib,0.034150372602267165,All age groups,op,Ruxolitinib,CD8T
PHF21A,0.07644937065250615,0.34089505610962334,DMSO,Ruxolitinib,0.1461532086003794,All age groups,op,Ruxolitinib,CD8T
PLAG1,0.021941516350623122,0.6410026419473284,DMSO,Ruxolitinib,0.054853790876557805,All age groups,op,Ruxolitinib,CD8T
POU2F2,0.1325250320828224,-0.17954751010825434,DMSO,Ruxolitinib,0.21946820599703074,All age groups,op,Ruxolitinib,CD8T
PPARD,1.4872709058952989e-08,0.32028524674557574,DMSO,Ruxolitinib,7.436354529476494e-08,All age groups,op,Ruxolitinib,CD8T
PRDM1,0.0749772223912483,-1.1828373512055197,DMSO,Ruxolitinib,0.14440057645721893,All age groups,op,Ruxolitinib,CD8T
PRDM2,0.011629696087797006,0.05048070207606795,DMSO,Ruxolitinib,0.03216724449816193,All age groups,op,Ruxolitinib,CD8T
RARA,0.7381297009996284,-0.047113654138033034,DMSO,Ruxolitinib,0.8029862856062904,All age groups,op,Ruxolitinib,CD8T
RARG,0.34005619155785294,-0.3650533997457541,DMSO,Ruxolitinib,0.46290371625676313,All age groups,op,Ruxolitinib,CD8T
RBPJ,4.966948147685653e-07,-0.21093630611079975,DMSO,Ruxolitinib,2.3060830685683386e-06,All age groups,op,Ruxolitinib,CD8T
REL,0.08331243419276183,-0.587989909363278,DMSO,Ruxolitinib,0.15583620784257607,All age groups,op,Ruxolitinib,CD8T
RELA,3.633446564396935e-154,0.4527445275432265,DMSO,Ruxolitinib,1.889392213486406e-152,All age groups,op,Ruxolitinib,CD8T
RELB,0.08647683657602387,-0.26348506449455084,DMSO,Ruxolitinib,0.15833786978708597,All age groups,op,Ruxolitinib,CD8T
REST,1.0784587825929372e-05,-0.6601289731439278,DMSO,Ruxolitinib,4.596709565150224e-05,All age groups,op,Ruxolitinib,CD8T
RFX2,0.48191800939135,0.020816551506117466,DMSO,Ruxolitinib,0.5855078618773412,All age groups,op,Ruxolitinib,CD8T
RFX3,0.006484171781320127,0.1754284846113737,DMSO,Ruxolitinib,0.019377984633830267,All age groups,op,Ruxolitinib,CD8T
RLF,0.5012961505788092,-0.189972076574368,DMSO,Ruxolitinib,0.5993612281999536,All age groups,op,Ruxolitinib,CD8T
RORA,0.09712127798839015,-1.0005701944948038,DMSO,Ruxolitinib,0.17414849846194097,All age groups,op,Ruxolitinib,CD8T
RORC,0.28571866606926866,-0.5675787311412432,DMSO,Ruxolitinib,0.4059390884044254,All age groups,op,Ruxolitinib,CD8T
RUNX1,6.326505836315192e-09,0.6323142692513398,DMSO,Ruxolitinib,3.225277485180294e-08,All age groups,op,Ruxolitinib,CD8T
RUNX2,0.20397393997490842,0.13431027674127147,DMSO,Ruxolitinib,0.3065504300200936,All age groups,op,Ruxolitinib,CD8T
RUNX3,0.0688286554438183,-0.8478157728387256,DMSO,Ruxolitinib,0.13455225876235158,All age groups,op,Ruxolitinib,CD8T
SAFB,0.03853627570399052,-0.2573715191482198,DMSO,Ruxolitinib,0.08788975160559241,All age groups,op,Ruxolitinib,CD8T
SAFB2,0.0025357069704585646,-0.33109395151988724,DMSO,Ruxolitinib,0.008036614683867571,All age groups,op,Ruxolitinib,CD8T
SATB1,0.018697058303683508,0.49131616486742424,DMSO,Ruxolitinib,0.047659168225075606,All age groups,op,Ruxolitinib,CD8T
SKIL,0.0001917918270069623,-0.394123955401034,DMSO,Ruxolitinib,0.0007123696431687172,All age groups,op,Ruxolitinib,CD8T
SMAD3,0.3530924538041007,-0.253351522747872,DMSO,Ruxolitinib,0.4732166906652896,All age groups,op,Ruxolitinib,CD8T
SMAD5,0.03888718970315102,0.3488611154505576,DMSO,Ruxolitinib,0.08791886367668926,All age groups,op,Ruxolitinib,CD8T
SNAI3,0.036778787718172175,-0.22192935696254734,DMSO,Ruxolitinib,0.08537932863147112,All age groups,op,Ruxolitinib,CD8T
SOX13,0.5710712388807584,-0.13995165069026175,DMSO,Ruxolitinib,0.6569846111017574,All age groups,op,Ruxolitinib,CD8T
SOX4,0.4054828601969267,0.1564904011475606,DMSO,Ruxolitinib,0.5167918806431419,All age groups,op,Ruxolitinib,CD8T
SP110,2.1244813866040252e-21,-0.7169335573222657,DMSO,Ruxolitinib,1.9047074500587813e-20,All age groups,op,Ruxolitinib,CD8T
SP140L,5.128692605562059e-05,-0.4619676893255882,DMSO,Ruxolitinib,0.00020203940567365688,All age groups,op,Ruxolitinib,CD8T
SP3,1.5340853634958917e-10,0.25969943380585764,DMSO,Ruxolitinib,8.486429670402805e-10,All age groups,op,Ruxolitinib,CD8T
SP4,1.750748398668169e-52,0.6859736402300989,DMSO,Ruxolitinib,2.677615197963082e-51,All age groups,op,Ruxolitinib,CD8T
SPEN,0.0201068307582669,0.20881482913572805,DMSO,Ruxolitinib,0.05075510676844072,All age groups,op,Ruxolitinib,CD8T
SREBF1,0.12188280071979288,0.33169699453548035,DMSO,Ruxolitinib,0.20681167434326092,All age groups,op,Ruxolitinib,CD8T
SREBF2,1.574622810590469e-39,0.6449601043829389,DMSO,Ruxolitinib,1.9495330035881996e-38,All age groups,op,Ruxolitinib,CD8T
STAT1,1.0941061102055465e-119,-2.892251572205802,DMSO,Ruxolitinib,3.555844858168026e-118,All age groups,op,Ruxolitinib,CD8T
STAT3,0.21950448862823946,-0.20038284913747853,DMSO,Ruxolitinib,0.324810957875728,All age groups,op,Ruxolitinib,CD8T
STAT4,0.5504919849708949,-0.13257880972172642,DMSO,Ruxolitinib,0.6418292201454381,All age groups,op,Ruxolitinib,CD8T
STAT5A,0.07446755846724187,-0.2964706082133232,DMSO,Ruxolitinib,0.14440057645721893,All age groups,op,Ruxolitinib,CD8T
STAT5B,0.9481074295675883,0.0030507428484926415,DMSO,Ruxolitinib,0.9605213282758419,All age groups,op,Ruxolitinib,CD8T
TBPL1,0.48646199379358135,0.11766956904556854,DMSO,Ruxolitinib,0.5882796204015402,All age groups,op,Ruxolitinib,CD8T
TBX21,0.051177343251427296,-1.039003637121505,DMSO,Ruxolitinib,0.10803633698792468,All age groups,op,Ruxolitinib,CD8T
TCF12,2.5113330397092388e-08,0.5116604780213194,DMSO,Ruxolitinib,1.231974698725287e-07,All age groups,op,Ruxolitinib,CD8T
TCF7,0.10952646170942816,0.8890843799478471,DMSO,Ruxolitinib,0.18984586696300884,All age groups,op,Ruxolitinib,CD8T
TFAP4,0.4928806607361993,-0.09026392164162071,DMSO,Ruxolitinib,0.5932822768120917,All age groups,op,Ruxolitinib,CD8T
TFCP2L1,0.009847700669863225,-0.2810844641693883,DMSO,Ruxolitinib,0.02816816549854676,All age groups,op,Ruxolitinib,CD8T
TFDP2,0.894344257150264,-0.0554109441585644,DMSO,Ruxolitinib,0.9227361383296374,All age groups,op,Ruxolitinib,CD8T
TFEB,0.06795650863220129,-0.18616558449116263,DMSO,Ruxolitinib,0.13385372912403284,All age groups,op,Ruxolitinib,CD8T
TGIF1,0.7449736204669211,0.02595310313764143,DMSO,Ruxolitinib,0.8070547555058311,All age groups,op,Ruxolitinib,CD8T
TGIF2,0.5091373986971031,-0.12082722537453511,DMSO,Ruxolitinib,0.6044553591837754,All age groups,op,Ruxolitinib,CD8T
THRA,0.06249538049873187,-0.14077949362545747,DMSO,Ruxolitinib,0.12403663305091822,All age groups,op,Ruxolitinib,CD8T
TRERF1,5.041504999529468e-35,0.27088912651454883,DMSO,Ruxolitinib,5.041504999529468e-34,All age groups,op,Ruxolitinib,CD8T
USF2,0.00011924332616825106,-0.29994191696694666,DMSO,Ruxolitinib,0.0004493226783151489,All age groups,op,Ruxolitinib,CD8T
VEZF1,1.8754225971911415e-58,0.6685428322967142,DMSO,Ruxolitinib,3.2507325017979783e-57,All age groups,op,Ruxolitinib,CD8T
XBP1,0.003948547946993678,-0.7098795029755545,DMSO,Ruxolitinib,0.012221696026409002,All age groups,op,Ruxolitinib,CD8T
YBX1,5.71366397933465e-32,-0.43215384125334805,DMSO,Ruxolitinib,5.502046794914848e-31,All age groups,op,Ruxolitinib,CD8T
YBX3,0.9525228605157923,0.010774157024544984,DMSO,Ruxolitinib,0.9605213282758419,All age groups,op,Ruxolitinib,CD8T
YY1,0.3307839974226132,-0.24273247858950717,DMSO,Ruxolitinib,0.4526517859467339,All age groups,op,Ruxolitinib,CD8T
ZBED5,0.34295799634912205,-0.09823503149550443,DMSO,Ruxolitinib,0.4644222867227694,All age groups,op,Ruxolitinib,CD8T
ZBTB1,0.5368954751658974,-0.14471725413034417,DMSO,Ruxolitinib,0.6345128342869697,All age groups,op,Ruxolitinib,CD8T
ZBTB10,0.7520256759857616,-0.07391190676672584,DMSO,Ruxolitinib,0.8113140072875437,All age groups,op,Ruxolitinib,CD8T
ZBTB11,1.2109331972021232e-12,0.3782819768523922,DMSO,Ruxolitinib,7.67908856762322e-12,All age groups,op,Ruxolitinib,CD8T
ZBTB18,1.0069182735800956e-35,0.2599975941040933,DMSO,Ruxolitinib,1.0471950045232994e-34,All age groups,op,Ruxolitinib,CD8T
ZBTB20,1.4497387361347725e-13,0.5550498668537044,DMSO,Ruxolitinib,1.0187353280947051e-12,All age groups,op,Ruxolitinib,CD8T
ZBTB25,0.8259617129213135,0.03384805013735818,DMSO,Ruxolitinib,0.8694333820224353,All age groups,op,Ruxolitinib,CD8T
ZBTB4,0.10188925835122994,0.19817484199605376,DMSO,Ruxolitinib,0.1802122936824475,All age groups,op,Ruxolitinib,CD8T
ZBTB43,1.2806143187720225e-68,0.529670720463324,DMSO,Ruxolitinib,3.026906571642962e-67,All age groups,op,Ruxolitinib,CD8T
ZBTB44,0.3627535476591932,0.20894341059001728,DMSO,Ruxolitinib,0.4827262369145118,All age groups,op,Ruxolitinib,CD8T
ZBTB49,5.059858948598319e-39,0.44597442667639225,DMSO,Ruxolitinib,5.979833302888923e-38,All age groups,op,Ruxolitinib,CD8T
ZBTB7A,0.18224188269412633,-0.2540359728264618,DMSO,Ruxolitinib,0.2803721272217328,All age groups,op,Ruxolitinib,CD8T
ZBTB7B,0.1450648163407999,-0.09587517346411323,DMSO,Ruxolitinib,0.23426616303483214,All age groups,op,Ruxolitinib,CD8T
ZC3H8,0.868804368355394,-0.028402213500349067,DMSO,Ruxolitinib,0.9071852842265158,All age groups,op,Ruxolitinib,CD8T
ZEB1,0.09364612073447777,0.26011264651406957,DMSO,Ruxolitinib,0.16908327354836264,All age groups,op,Ruxolitinib,CD8T
ZEB2,0.10439920670901903,-0.9412243614952467,DMSO,Ruxolitinib,0.1834040117861145,All age groups,op,Ruxolitinib,CD8T
ZFP14,0.9531327026737201,0.01081651585609992,DMSO,Ruxolitinib,0.9605213282758419,All age groups,op,Ruxolitinib,CD8T
ZFP62,7.118151332249539e-07,-0.40987317369271875,DMSO,Ruxolitinib,3.2468760462892634e-06,All age groups,op,Ruxolitinib,CD8T
ZIK1,0.04338971288261005,0.0557827963284554,DMSO,Ruxolitinib,0.0964215841835779,All age groups,op,Ruxolitinib,CD8T
ZKSCAN1,0.5681280226998647,0.06829465892108526,DMSO,Ruxolitinib,0.6565034928976214,All age groups,op,Ruxolitinib,CD8T
ZNF10,0.023819373214039517,0.5722184491724409,DMSO,Ruxolitinib,0.05842487769481391,All age groups,op,Ruxolitinib,CD8T
ZNF101,0.6442164785390183,-0.05073948184253485,DMSO,Ruxolitinib,0.7282447148701946,All age groups,op,Ruxolitinib,CD8T
ZNF134,4.247028908640221e-71,0.24251151772497578,DMSO,Ruxolitinib,1.1042275162464575e-69,All age groups,op,Ruxolitinib,CD8T
ZNF135,0.6904393887659401,0.06508204927240087,DMSO,Ruxolitinib,0.7704473866057701,All age groups,op,Ruxolitinib,CD8T
ZNF138,0.008939892794590487,0.24390979025300555,DMSO,Ruxolitinib,0.026116540748241872,All age groups,op,Ruxolitinib,CD8T
ZNF148,0.1079575557192581,-0.2834658069822969,DMSO,Ruxolitinib,0.18838231199333627,All age groups,op,Ruxolitinib,CD8T
ZNF207,0.11076863407257308,0.12750808167028924,DMSO,Ruxolitinib,0.19072744939648342,All age groups,op,Ruxolitinib,CD8T
ZNF217,0.1500836338837587,-0.09537406081787807,DMSO,Ruxolitinib,0.2393972074219464,All age groups,op,Ruxolitinib,CD8T
ZNF24,0.03024512830986413,-0.30082123667340593,DMSO,Ruxolitinib,0.0714884850960425,All age groups,op,Ruxolitinib,CD8T
ZNF274,0.36390131705863193,-0.1186358584820777,DMSO,Ruxolitinib,0.4827262369145118,All age groups,op,Ruxolitinib,CD8T
ZNF276,0.5025413374907304,0.11430862498774304,DMSO,Ruxolitinib,0.5993612281999536,All age groups,op,Ruxolitinib,CD8T
ZNF292,0.7590028929507416,0.04050247588495982,DMSO,Ruxolitinib,0.8154576535834414,All age groups,op,Ruxolitinib,CD8T
ZNF296,9.794999547760534e-13,0.30820033976557326,DMSO,Ruxolitinib,6.366749706044347e-12,All age groups,op,Ruxolitinib,CD8T
ZNF302,0.37678311347679827,-0.05895934443610784,DMSO,Ruxolitinib,0.49375555644943836,All age groups,op,Ruxolitinib,CD8T
ZNF318,2.7329340209261465e-85,0.5660013475302677,DMSO,Ruxolitinib,7.895142727119978e-84,All age groups,op,Ruxolitinib,CD8T
ZNF331,0.02844185460963007,0.5420270475576868,DMSO,Ruxolitinib,0.06847113146762794,All age groups,op,Ruxolitinib,CD8T
ZNF335,1.4002270988056358e-242,0.8079898750159545,DMSO,Ruxolitinib,1.2135301522982177e-240,All age groups,op,Ruxolitinib,CD8T
ZNF33B,0.05977319587690959,-0.18777281150307878,DMSO,Ruxolitinib,0.11954639175381918,All age groups,op,Ruxolitinib,CD8T
ZNF394,0.13124218005592936,-0.16131985072227192,DMSO,Ruxolitinib,0.21911250302563065,All age groups,op,Ruxolitinib,CD8T
ZNF397,0.8344279563786574,0.010746337403983508,DMSO,Ruxolitinib,0.874803502655044,All age groups,op,Ruxolitinib,CD8T
ZNF407,0.016197479852661695,0.1559642328087011,DMSO,Ruxolitinib,0.042972905731551436,All age groups,op,Ruxolitinib,CD8T
ZNF414,0.048105517916491945,-0.20390911972486828,DMSO,Ruxolitinib,0.10510449292678913,All age groups,op,Ruxolitinib,CD8T
ZNF451,0.565839451815179,-0.0382209412896799,DMSO,Ruxolitinib,0.6565034928976214,All age groups,op,Ruxolitinib,CD8T
ZNF511,7.242459567764573e-06,-0.3262524597210335,DMSO,Ruxolitinib,3.138399146031315e-05,All age groups,op,Ruxolitinib,CD8T
ZNF512,0.0014310534640085105,0.22699236164672523,DMSO,Ruxolitinib,0.004650923758027659,All age groups,op,Ruxolitinib,CD8T
ZNF550,0.6606716064784897,0.03436689917904934,DMSO,Ruxolitinib,0.7436130635688628,All age groups,op,Ruxolitinib,CD8T
ZNF580,0.2518940708129668,-0.1295220553618884,DMSO,Ruxolitinib,0.3638469911742854,All age groups,op,Ruxolitinib,CD8T
ZNF584,0.29641138857480176,0.10374498821803524,DMSO,Ruxolitinib,0.4135943810536334,All age groups,op,Ruxolitinib,CD8T
ZNF600,0.07965570006292733,-0.4643331598291171,DMSO,Ruxolitinib,0.15117140157927814,All age groups,op,Ruxolitinib,CD8T
ZNF609,0.28884263059582804,0.21088437193080414,DMSO,Ruxolitinib,0.4081471954071483,All age groups,op,Ruxolitinib,CD8T
ZNF644,0.4035235636546949,-0.12244072902974305,DMSO,Ruxolitinib,0.5167918806431419,All age groups,op,Ruxolitinib,CD8T
ZNF652,0.7690240203679661,-0.022297827759152497,DMSO,Ruxolitinib,0.8204267472445851,All age groups,op,Ruxolitinib,CD8T
ZNF655,0.05932768947933683,0.17506887520361727,DMSO,Ruxolitinib,0.11954639175381918,All age groups,op,Ruxolitinib,CD8T
ZNF667,0.4798396797002408,0.06064530494352146,DMSO,Ruxolitinib,0.5855078618773412,All age groups,op,Ruxolitinib,CD8T
ZNF677,0.7257014993436339,0.03937449692853975,DMSO,Ruxolitinib,0.7927831505434657,All age groups,op,Ruxolitinib,CD8T
ZNF708,0.00022183825777171315,0.08015221029373887,DMSO,Ruxolitinib,0.000812365450995006,All age groups,op,Ruxolitinib,CD8T
ZNF717,1.6416883114054376e-09,-0.2654129181127282,DMSO,Ruxolitinib,8.710999203375791e-09,All age groups,op,Ruxolitinib,CD8T
ZNF766,0.1921486381332259,-0.20338849733112951,DMSO,Ruxolitinib,0.2904572436897601,All age groups,op,Ruxolitinib,CD8T
ZNF770,0.21987203302356972,0.1500900341411319,DMSO,Ruxolitinib,0.324810957875728,All age groups,op,Ruxolitinib,CD8T
ZNF800,3.994563846559903e-62,0.2710048453224327,DMSO,Ruxolitinib,7.989127693119805e-61,All age groups,op,Ruxolitinib,CD8T
ZNF83,0.7196976139327216,0.0410312990207616,DMSO,Ruxolitinib,0.7927831505434657,All age groups,op,Ruxolitinib,CD8T
ZNF891,1.9772701360084525e-05,0.32610998612376924,DMSO,Ruxolitinib,8.291777989712865e-05,All age groups,op,Ruxolitinib,CD8T
ZSCAN18,0.4755836989427157,0.10578539884593852,DMSO,Ruxolitinib,0.5855078618773412,All age groups,op,Ruxolitinib,CD8T
ZSCAN9,0.9156817729809856,-0.004140539323023902,DMSO,Ruxolitinib,0.9373120510828987,All age groups,op,Ruxolitinib,CD8T
ADNP,3.6025505669981914e-10,0.3419238165597518,DMSO,Ruxolitinib,8.987415625037594e-10,All age groups,op,Ruxolitinib,NK
AHR,0.38338614841790153,0.15762295204072616,DMSO,Ruxolitinib,0.42261635895368677,All age groups,op,Ruxolitinib,NK
AKAP8,1.5353665864128147e-16,0.5126703638335347,DMSO,Ruxolitinib,4.665152320254322e-16,All age groups,op,Ruxolitinib,NK
AKNA,0.0004101804317284399,0.9152668490997481,DMSO,Ruxolitinib,0.0006568429886462179,All age groups,op,Ruxolitinib,NK
ARHGAP35,3.1601292395504e-34,1.3096953219534437,DMSO,Ruxolitinib,1.92038623018832e-33,All age groups,op,Ruxolitinib,NK
ARID2,8.545248562282816e-53,1.5071690009521774,DMSO,Ruxolitinib,8.43843295525428e-52,All age groups,op,Ruxolitinib,NK
ARID5A,0.09802073164715217,0.16010362023389066,DMSO,Ruxolitinib,0.11974697629059311,All age groups,op,Ruxolitinib,NK
ASCL2,0.24060051597055443,-0.372064694842931,DMSO,Ruxolitinib,0.2808981393350808,All age groups,op,Ruxolitinib,NK
ASH1L,0.019354914544189295,0.47137066662784716,DMSO,Ruxolitinib,0.025343175397640128,All age groups,op,Ruxolitinib,NK
ATF1,1.982564414107046e-13,-1.0922376422892317,DMSO,Ruxolitinib,5.593663882659165e-13,All age groups,op,Ruxolitinib,NK
ATF2,1.9693124619631138e-31,1.9676124010078029,DMSO,Ruxolitinib,1.1383586670372146e-30,All age groups,op,Ruxolitinib,NK
ATF3,0.0,-0.7747732305060563,DMSO,Ruxolitinib,0.0,All age groups,op,Ruxolitinib,NK
ATF4,7.75872003578772e-09,-3.650027634318945,DMSO,Ruxolitinib,1.734732687246877e-08,All age groups,op,Ruxolitinib,NK
ATF6,3.5514063987145493e-22,1.2458279805975074,DMSO,Ruxolitinib,1.3360052642783306e-21,All age groups,op,Ruxolitinib,NK
BACH1,2.2240764061679344e-51,1.0540875192134445,DMSO,Ruxolitinib,2.1084244330472017e-50,All age groups,op,Ruxolitinib,NK
BACH2,0.47364046921259306,-0.42151385734539654,DMSO,Ruxolitinib,0.5079311819157672,All age groups,op,Ruxolitinib,NK
BATF,1.6746253885184363e-06,-1.4716294998617958,DMSO,Ruxolitinib,3.2267172120233283e-06,All age groups,op,Ruxolitinib,NK
BCL11B,0.01119301496632194,0.6438952908404344,DMSO,Ruxolitinib,0.014911413095643538,All age groups,op,Ruxolitinib,NK
BCL6,4.012203263452519e-30,0.6497797076645419,DMSO,Ruxolitinib,2.0231748371026532e-29,All age groups,op,Ruxolitinib,NK
BHLHE40,2.654254969169476e-57,-1.1171091581587327,DMSO,Ruxolitinib,2.9955163223484087e-56,All age groups,op,Ruxolitinib,NK
BNC2,3.743971636903179e-17,1.6160452949224198,DMSO,Ruxolitinib,1.1675279972974386e-16,All age groups,op,Ruxolitinib,NK
CDC5L,3.6057581162345358e-06,-1.2302631759687532,DMSO,Ruxolitinib,6.5735744119045e-06,All age groups,op,Ruxolitinib,NK
CEBPB,0.00492705632917229,-0.6431648762421626,DMSO,Ruxolitinib,0.006868896176551957,All age groups,op,Ruxolitinib,NK
CEBPD,1.8088595230288075e-23,-1.350260990945582,DMSO,Ruxolitinib,7.266096728098769e-23,All age groups,op,Ruxolitinib,NK
CEBPZ,6.784689592670639e-13,-0.7459591479831467,DMSO,Ruxolitinib,1.8067094758010576e-12,All age groups,op,Ruxolitinib,NK
CREB1,6.600945511301385e-26,1.295459091789534,DMSO,Ruxolitinib,2.8970816410711634e-25,All age groups,op,Ruxolitinib,NK
CREB3L2,2.5941808923387575e-20,1.2139668509542314,DMSO,Ruxolitinib,8.783155306918365e-20,All age groups,op,Ruxolitinib,NK
CREM,4.496602033182981e-12,-0.9467805173245196,DMSO,Ruxolitinib,1.1841052020715182e-11,All age groups,op,Ruxolitinib,NK
CTCF,0.004395931725280566,-0.9251266627015086,DMSO,Ruxolitinib,0.0061647089875236346,All age groups,op,Ruxolitinib,NK
CUX1,0.02882337484291384,0.16438106642025593,DMSO,Ruxolitinib,0.03712575998788359,All age groups,op,Ruxolitinib,NK
DDIT3,1.474136849531962e-22,-1.2837796750502093,DMSO,Ruxolitinib,5.727384153099589e-22,All age groups,op,Ruxolitinib,NK
DMTF1,4.804642268126716e-13,1.0347825968299738,DMSO,Ruxolitinib,1.3088508247655536e-12,All age groups,op,Ruxolitinib,NK
DNMT1,0.0008365760683505628,-4.687047864001893,DMSO,Ruxolitinib,0.0012958727333273424,All age groups,op,Ruxolitinib,NK
DR1,0.002105356312284801,0.6474297622706282,DMSO,Ruxolitinib,0.003099189105661477,All age groups,op,Ruxolitinib,NK
DRAP1,1.045602152265281e-65,-2.8143312885491176,DMSO,Ruxolitinib,1.4576924122757153e-64,All age groups,op,Ruxolitinib,NK
E2F1,0.002256103116449017,-6.914329584601107,DMSO,Ruxolitinib,0.0033005952999902283,All age groups,op,Ruxolitinib,NK
E2F3,0.0013970650859385385,-2.1352493269487045,DMSO,Ruxolitinib,0.002136157583015701,All age groups,op,Ruxolitinib,NK
E2F4,2.1922984198847363e-38,-1.15566690979145,DMSO,Ruxolitinib,1.6236710172271328e-37,All age groups,op,Ruxolitinib,NK
EEA1,0.0003158681764735702,-0.8213772475566904,DMSO,Ruxolitinib,0.0005127449166043571,All age groups,op,Ruxolitinib,NK
EGR1,0.0018370872617291456,-0.5873596202579746,DMSO,Ruxolitinib,0.002738299880690613,All age groups,op,Ruxolitinib,NK
ELF1,0.3082503118553849,-0.02796347977289552,DMSO,Ruxolitinib,0.3462337626053375,All age groups,op,Ruxolitinib,NK
ELF2,1.4089954615536587e-07,0.6278191448751209,DMSO,Ruxolitinib,2.8541190118651033e-07,All age groups,op,Ruxolitinib,NK
ELF4,8.763271802349687e-25,2.5405610300691515,DMSO,Ruxolitinib,3.708741816351564e-24,All age groups,op,Ruxolitinib,NK
ELK4,2.5135756595990272e-33,1.015337293922857,DMSO,Ruxolitinib,1.4892935783124236e-32,All age groups,op,Ruxolitinib,NK
EOMES,1.8640075309279148e-30,-1.5079893608181365,DMSO,Ruxolitinib,9.817106329553684e-30,All age groups,op,Ruxolitinib,NK
ETS1,0.6986698890007079,-0.2205902518994094,DMSO,Ruxolitinib,0.7230775707125231,All age groups,op,Ruxolitinib,NK
ETV3,3.764374468640321e-09,0.608277290414082,DMSO,Ruxolitinib,8.746634794781921e-09,All age groups,op,Ruxolitinib,NK
FLI1,2.2960605189188547e-26,-0.48984019830240083,DMSO,Ruxolitinib,1.0267289490259785e-25,All age groups,op,Ruxolitinib,NK
FOS,0.008980357701299681,-0.915335360058712,DMSO,Ruxolitinib,0.012092868040954684,All age groups,op,Ruxolitinib,NK
FOSB,1.0198614422740885e-48,-1.078134080732756,DMSO,Ruxolitinib,9.296429300729191e-48,All age groups,op,Ruxolitinib,NK
FOSL2,1.3663459199098713e-05,-0.5967987077035014,DMSO,Ruxolitinib,2.4347667896138307e-05,All age groups,op,Ruxolitinib,NK
FOXJ3,1.1720952201307671e-16,1.1343065675621535,DMSO,Ruxolitinib,3.6076177554674263e-16,All age groups,op,Ruxolitinib,NK
FOXK1,0.44559594828639904,-0.1513962595917621,DMSO,Ruxolitinib,0.4866646992805372,All age groups,op,Ruxolitinib,NK
FOXO1,7.317520040714441e-20,0.8358065805798018,DMSO,Ruxolitinib,2.4426088023229893e-19,All age groups,op,Ruxolitinib,NK
FOXO3,6.576206291035762e-184,0.6339947684514836,DMSO,Ruxolitinib,3.1171217819509516e-182,All age groups,op,Ruxolitinib,NK
FOXP1,0.984230793460878,-0.006861614198437375,DMSO,Ruxolitinib,0.984230793460878,All age groups,op,Ruxolitinib,NK
GABPA,5.948147834418912e-21,1.3269133142619747,DMSO,Ruxolitinib,2.1040463235183317e-20,All age groups,op,Ruxolitinib,NK
GATA3,0.011199289160441139,-1.387138252979171,DMSO,Ruxolitinib,0.014911413095643538,All age groups,op,Ruxolitinib,NK
GATAD2A,0.03753852547149281,0.45088727397843825,DMSO,Ruxolitinib,0.047322502855020196,All age groups,op,Ruxolitinib,NK
GATAD2B,2.812589201935124e-103,1.136219238993059,DMSO,Ruxolitinib,8.332295510732806e-102,All age groups,op,Ruxolitinib,NK
GFI1,0.2683851086864212,-0.2837767688991958,DMSO,Ruxolitinib,0.3087731590227273,All age groups,op,Ruxolitinib,NK
GTF2I,3.5971151489638695e-67,1.6869967909359904,DMSO,Ruxolitinib,5.328226814402732e-66,All age groups,op,Ruxolitinib,NK
GTF3A,6.158317202788457e-56,-3.1586429983022164,DMSO,Ruxolitinib,6.345744248090715e-55,All age groups,op,Ruxolitinib,NK
HBP1,7.614389105461062e-302,0.2879710856594313,DMSO,Ruxolitinib,9.023051089971359e-300,All age groups,op,Ruxolitinib,NK
HES6,0.29552757003577723,-0.29456769798214316,DMSO,Ruxolitinib,0.3365998581618323,All age groups,op,Ruxolitinib,NK
HIF1A,0.36552665099918435,0.1047657270684071,DMSO,Ruxolitinib,0.40481222563928365,All age groups,op,Ruxolitinib,NK
HIVEP1,1.659359519849402e-08,0.421109164778296,DMSO,Ruxolitinib,3.5751655109482576e-08,All age groups,op,Ruxolitinib,NK
HMBOX1,9.347932801986245e-41,0.9690393304492618,DMSO,Ruxolitinib,7.146645400228193e-40,All age groups,op,Ruxolitinib,NK
HMG20B,0.21134893235376695,-0.09120999672756243,DMSO,Ruxolitinib,0.2492024724768297,All age groups,op,Ruxolitinib,NK
HMGA1,1.0372689589524879e-08,-0.7949282824392646,DMSO,Ruxolitinib,2.2762291043679596e-08,All age groups,op,Ruxolitinib,NK
HSF1,6.190443421309459e-08,-0.6473419609150911,DMSO,Ruxolitinib,1.2983496379206564e-07,All age groups,op,Ruxolitinib,NK
IKZF1,1.3755613247101391e-15,0.8979866848603398,DMSO,Ruxolitinib,4.126683974130418e-15,All age groups,op,Ruxolitinib,NK
IKZF2,1.2338343449761115e-246,1.2603900296463473,DMSO,Ruxolitinib,9.747291325311281e-245,All age groups,op,Ruxolitinib,NK
IKZF3,3.6976659427527515e-37,0.8065331222048174,DMSO,Ruxolitinib,2.5038480812354346e-36,All age groups,op,Ruxolitinib,NK
IKZF5,2.3978164574959977e-08,0.942782680918961,DMSO,Ruxolitinib,5.073950896665638e-08,All age groups,op,Ruxolitinib,NK
IRF1,0.027905837118049177,-0.6363191396687237,DMSO,Ruxolitinib,0.036140346431571886,All age groups,op,Ruxolitinib,NK
IRF2,2.5157769094943337e-07,-0.9663759251158505,DMSO,Ruxolitinib,5.052873962289466e-07,All age groups,op,Ruxolitinib,NK
IRF3,2.4033891036505025e-11,-0.8571961601899871,DMSO,Ruxolitinib,6.124765780270636e-11,All age groups,op,Ruxolitinib,NK
IRF7,8.682350579642963e-147,-4.866545446560294,DMSO,Ruxolitinib,3.42952847895897e-145,All age groups,op,Ruxolitinib,NK
IRF8,0.0014191298722073297,-0.8260230552334047,DMSO,Ruxolitinib,0.002155985767391905,All age groups,op,Ruxolitinib,NK
IRF9,8.051666363611398e-72,-2.778497918949821,DMSO,Ruxolitinib,1.5902041068132512e-70,All age groups,op,Ruxolitinib,NK
JUN,3.4839922886947638e-68,-0.5547770820425335,DMSO,Ruxolitinib,5.5047078161377265e-67,All age groups,op,Ruxolitinib,NK
JUNB,0.008857866555790014,-0.2953920183855184,DMSO,Ruxolitinib,0.011996082135555619,All age groups,op,Ruxolitinib,NK
JUND,4.0018941182504354e-13,-1.3106631202114059,DMSO,Ruxolitinib,1.1158222423827685e-12,All age groups,op,Ruxolitinib,NK
KAT7,5.4969797258466034e-05,0.6286132331853925,DMSO,Ruxolitinib,9.372548165652121e-05,All age groups,op,Ruxolitinib,NK
KDM2A,0.4531937569300728,0.12376680281814838,DMSO,Ruxolitinib,0.4904425588695308,All age groups,op,Ruxolitinib,NK
KDM5B,1.665678383460024e-56,0.9353816888781322,DMSO,Ruxolitinib,1.7943898949092076e-55,All age groups,op,Ruxolitinib,NK
KLF10,0.29683278631148924,-0.310269529372355,DMSO,Ruxolitinib,0.3365998581618323,All age groups,op,Ruxolitinib,NK
KLF12,2.0939773444394313e-05,1.1582349388245976,DMSO,Ruxolitinib,3.596178482841632e-05,All age groups,op,Ruxolitinib,NK
KLF13,1.524709344872348e-37,0.9996078032532858,DMSO,Ruxolitinib,1.062812102161019e-36,All age groups,op,Ruxolitinib,NK
KLF2,2.5980207577445248e-06,-0.7186979026360292,DMSO,Ruxolitinib,4.8867533300432735e-06,All age groups,op,Ruxolitinib,NK
KLF3,0.07070566605585252,-0.4708271634964518,DMSO,Ruxolitinib,0.08819601502756341,All age groups,op,Ruxolitinib,NK
KLF6,2.6519944878535854e-34,-0.5378877633298741,DMSO,Ruxolitinib,1.6540070884771046e-33,All age groups,op,Ruxolitinib,NK
KLF9,2.1366580002793815e-21,1.4886750576837666,DMSO,Ruxolitinib,7.672544637366871e-21,All age groups,op,Ruxolitinib,NK
KMT2A,0.7455921990761862,-0.09148717699791575,DMSO,Ruxolitinib,0.7616609964700696,All age groups,op,Ruxolitinib,NK
LCOR,7.410503583003739e-72,1.238651258038183,DMSO,Ruxolitinib,1.5902041068132512e-70,All age groups,op,Ruxolitinib,NK
LCORL,1.3203537419378267e-20,1.3197455061491705,DMSO,Ruxolitinib,4.5351280701342746e-20,All age groups,op,Ruxolitinib,NK
LEF1,0.0015353700582101714,-1.8123103575289872,DMSO,Ruxolitinib,0.002303055087315257,All age groups,op,Ruxolitinib,NK
LIN54,0.002969386210146954,-3.091419049427794,DMSO,Ruxolitinib,0.004239424890390531,All age groups,op,Ruxolitinib,NK
MAFF,0.0002592275873358532,-1.222451656573524,DMSO,Ruxolitinib,0.00042370302205929107,All age groups,op,Ruxolitinib,NK
MAX,0.3011821385266462,-0.2540449685381628,DMSO,Ruxolitinib,0.33990555633721503,All age groups,op,Ruxolitinib,NK
MAZ,0.00039169075051908594,-3.60606580586191,DMSO,Ruxolitinib,0.0006315014141021998,All age groups,op,Ruxolitinib,NK
MBD4,0.6451596546663976,-0.03631007138024068,DMSO,Ruxolitinib,0.6765612307784789,All age groups,op,Ruxolitinib,NK
MEF2A,0.681075250601674,-0.042050227215556873,DMSO,Ruxolitinib,0.7079597999675294,All age groups,op,Ruxolitinib,NK
MEF2C,7.951520742976984e-09,1.0204224145468288,DMSO,Ruxolitinib,1.7612246879304163e-08,All age groups,op,Ruxolitinib,NK
MEF2D,4.506697156012554e-09,0.24994399705099238,DMSO,Ruxolitinib,1.0369778892960925e-08,All age groups,op,Ruxolitinib,NK
MGA,7.585317262066454e-62,1.794746959133306,DMSO,Ruxolitinib,8.988600955548748e-61,All age groups,op,Ruxolitinib,NK
MSC,5.030182760176637e-07,-0.5456059206660976,DMSO,Ruxolitinib,9.934610951348859e-07,All age groups,op,Ruxolitinib,NK
MTF2,0.004242670432940852,-0.743155609311365,DMSO,Ruxolitinib,0.0060210352850717476,All age groups,op,Ruxolitinib,NK
MXD1,5.85817067266106e-19,1.603957631909779,DMSO,Ruxolitinib,1.8761979046225287e-18,All age groups,op,Ruxolitinib,NK
MXD3,0.012698787285588514,-4.162481046704947,DMSO,Ruxolitinib,0.016720069926024875,All age groups,op,Ruxolitinib,NK
MXD4,0.864309839513442,0.03559632583295406,DMSO,Ruxolitinib,0.871665667934833,All age groups,op,Ruxolitinib,NK
MXI1,0.0006316945174568548,-0.47809169818071234,DMSO,Ruxolitinib,0.0009914675538892357,All age groups,op,Ruxolitinib,NK
MYBL1,0.9726691703705673,-0.005930833980871834,DMSO,Ruxolitinib,0.9767906499060358,All age groups,op,Ruxolitinib,NK
MYC,0.0014620670046197179,-2.244935076325938,DMSO,Ruxolitinib,0.0022070692999673447,All age groups,op,Ruxolitinib,NK
NCOA1,0.40424173640741934,0.3752223477687148,DMSO,Ruxolitinib,0.44354301633591847,All age groups,op,Ruxolitinib,NK
NCOA2,7.158664018741132e-08,0.4670475606432834,DMSO,Ruxolitinib,1.488248572317235e-07,All age groups,op,Ruxolitinib,NK
NCOA3,9.933415689991954e-31,0.9846361783971808,DMSO,Ruxolitinib,5.47492911285603e-30,All age groups,op,Ruxolitinib,NK
NFAT5,3.319859986999283e-06,1.1228907499496839,DMSO,Ruxolitinib,6.1469282571783604e-06,All age groups,op,Ruxolitinib,NK
NFATC2,0.011945044929836095,0.6014056285195616,DMSO,Ruxolitinib,0.015815506415481313,All age groups,op,Ruxolitinib,NK
NFATC3,0.03141125533787987,0.6859334603845374,DMSO,Ruxolitinib,0.04002401889826629,All age groups,op,Ruxolitinib,NK
NFE2L2,0.004312098819488025,-0.39138286930081395,DMSO,Ruxolitinib,0.006083139406063464,All age groups,op,Ruxolitinib,NK
NFIC,0.0019425766439115965,-1.9746490136792048,DMSO,Ruxolitinib,0.0028774416537940524,All age groups,op,Ruxolitinib,NK
NFKB1,1.0492688787279856e-17,-0.794960995749932,DMSO,Ruxolitinib,3.315689656780434e-17,All age groups,op,Ruxolitinib,NK
NFKB2,0.24919089524794724,-0.32673752030739855,DMSO,Ruxolitinib,0.28950118712629164,All age groups,op,Ruxolitinib,NK
NFYB,0.000118606753412858,-2.387664716277041,DMSO,Ruxolitinib,0.0001965720318800514,All age groups,op,Ruxolitinib,NK
NFYC,3.6261103464305315e-07,-0.9533950650436208,DMSO,Ruxolitinib,7.221749177344841e-07,All age groups,op,Ruxolitinib,NK
NR1D2,0.45236435101257677,0.08033692043529357,DMSO,Ruxolitinib,0.4904425588695308,All age groups,op,Ruxolitinib,NK
NR1H2,0.09134549404994291,-0.3725632410266755,DMSO,Ruxolitinib,0.11334493240752078,All age groups,op,Ruxolitinib,NK
NR2C2,3.1526175965075833e-43,2.1012882230348042,DMSO,Ruxolitinib,2.4905679012409907e-42,All age groups,op,Ruxolitinib,NK
NR3C1,2.0761277929920875e-05,1.0645895890571857,DMSO,Ruxolitinib,3.59154953970164e-05,All age groups,op,Ruxolitinib,NK
NR4A1,2.4057100630860353e-09,-0.6312768183876861,DMSO,Ruxolitinib,5.7015328495139035e-09,All age groups,op,Ruxolitinib,NK
NR4A2,1.9797593526112403e-05,-1.1280218319738797,DMSO,Ruxolitinib,3.450021813006353e-05,All age groups,op,Ruxolitinib,NK
PHF20,1.7252888491158833e-24,-0.8121063989927263,DMSO,Ruxolitinib,7.173569425271304e-24,All age groups,op,Ruxolitinib,NK
PHF21A,1.2248655360363783e-62,1.4043820364949935,DMSO,Ruxolitinib,1.612739622447898e-61,All age groups,op,Ruxolitinib,NK
PLSCR1,2.5331539901693994e-15,-1.2413039745446668,DMSO,Ruxolitinib,7.504468695876846e-15,All age groups,op,Ruxolitinib,NK
POU2F1,1.6340656034457325e-27,0.6026203332778325,DMSO,Ruxolitinib,7.745470960332771e-27,All age groups,op,Ruxolitinib,NK
POU2F2,5.438886347047208e-10,-0.515760851960619,DMSO,Ruxolitinib,1.3215538514792932e-09,All age groups,op,Ruxolitinib,NK
PRDM1,0.03513250133732402,0.8601742857176347,DMSO,Ruxolitinib,0.04452621827243739,All age groups,op,Ruxolitinib,NK
PRDM2,6.787466725601958e-05,0.5389963012085061,DMSO,Ruxolitinib,0.00011408720666437335,All age groups,op,Ruxolitinib,NK
PREB,5.044217817082098e-19,-0.9684108179910477,DMSO,Ruxolitinib,1.6376433186965169e-18,All age groups,op,Ruxolitinib,NK
RARA,0.0512466797230292,-0.37921276854394753,DMSO,Ruxolitinib,0.06426170949395725,All age groups,op,Ruxolitinib,NK
RBPJ,3.5067530339770117e-06,-1.3411836069439038,DMSO,Ruxolitinib,6.442639294981021e-06,All age groups,op,Ruxolitinib,NK
REL,0.3536921891890662,-0.3903273140646491,DMSO,Ruxolitinib,0.3935448302244539,All age groups,op,Ruxolitinib,NK
RELB,0.09256740249334174,-0.29209624135922113,DMSO,Ruxolitinib,0.11402588153305684,All age groups,op,Ruxolitinib,NK
REST,1.1726080393365354e-08,-1.2921244490512482,DMSO,Ruxolitinib,2.5496156451629258e-08,All age groups,op,Ruxolitinib,NK
RFX3,3.034714467834557e-22,0.573963428586915,DMSO,Ruxolitinib,1.160044078833532e-21,All age groups,op,Ruxolitinib,NK
RLF,0.008809095747287443,0.4414632883224509,DMSO,Ruxolitinib,0.011996082135555619,All age groups,op,Ruxolitinib,NK
RORA,0.5109342198900352,-0.25265720038101946,DMSO,Ruxolitinib,0.5454568023150376,All age groups,op,Ruxolitinib,NK
RREB1,5.501794377352558e-25,0.9887070371792865,DMSO,Ruxolitinib,2.3707732135137386e-24,All age groups,op,Ruxolitinib,NK
RUNX1,3.5444690944728163e-69,1.3164485228719833,DMSO,Ruxolitinib,6.000279824214696e-68,All age groups,op,Ruxolitinib,NK
RUNX2,0.22228702311499582,-0.840483215891159,DMSO,Ruxolitinib,0.2608021013774951,All age groups,op,Ruxolitinib,NK
RUNX3,0.7820970531565996,-0.08614293059035442,DMSO,Ruxolitinib,0.7955236120090734,All age groups,op,Ruxolitinib,NK
SAFB,0.5529274189079343,-0.1064217087870271,DMSO,Ruxolitinib,0.5876403510366834,All age groups,op,Ruxolitinib,NK
SAFB2,0.2911438849234721,-0.1398967041669709,DMSO,Ruxolitinib,0.33333865085441006,All age groups,op,Ruxolitinib,NK
SATB1,0.09285651956067499,-0.5502396019445452,DMSO,Ruxolitinib,0.11402588153305684,All age groups,op,Ruxolitinib,NK
SKIL,2.4019095533145996e-23,-0.5908410740453338,DMSO,Ruxolitinib,9.487542735592668e-23,All age groups,op,Ruxolitinib,NK
SMAD3,0.4674426786943985,0.1140117044794758,DMSO,Ruxolitinib,0.5035632493207838,All age groups,op,Ruxolitinib,NK
SMAD4,1.7923046219689794e-30,1.6808086446705486,DMSO,Ruxolitinib,9.654004441060184e-30,All age groups,op,Ruxolitinib,NK
SMAD5,1.693988559331737e-27,1.4340983452203275,DMSO,Ruxolitinib,7.872064481600424e-27,All age groups,op,Ruxolitinib,NK
SNAI1,0.002609692890906595,-0.37379462778430067,DMSO,Ruxolitinib,0.003771324482590628,All age groups,op,Ruxolitinib,NK
SOX4,0.029683452486356728,-0.5467089025497884,DMSO,Ruxolitinib,0.03802690940144078,All age groups,op,Ruxolitinib,NK
SP110,2.27174985630799e-28,-1.4477141500851236,DMSO,Ruxolitinib,1.12167649155207e-27,All age groups,op,Ruxolitinib,NK
SP140L,0.5762448721880938,0.11456194131897658,DMSO,Ruxolitinib,0.6069779320381256,All age groups,op,Ruxolitinib,NK
SP3,8.29557207150571e-11,0.9019867278149712,DMSO,Ruxolitinib,2.0915431712200568e-10,All age groups,op,Ruxolitinib,NK
SP4,3.9341370761981476e-80,1.4427144695508645,DMSO,Ruxolitinib,9.32390487058961e-79,All age groups,op,Ruxolitinib,NK
SPEN,0.006062940697140187,0.8292190602877545,DMSO,Ruxolitinib,0.008354168286175722,All age groups,op,Ruxolitinib,NK
SREBF2,3.8111126801480604e-10,1.3818170929846145,DMSO,Ruxolitinib,9.408684429115525e-10,All age groups,op,Ruxolitinib,NK
STAT1,7.182432021783448e-14,-1.7968265627978124,DMSO,Ruxolitinib,2.0508872158586471e-13,All age groups,op,Ruxolitinib,NK
STAT2,4.070517585586955e-36,1.2462479910873487,DMSO,Ruxolitinib,2.679757410511412e-35,All age groups,op,Ruxolitinib,NK
STAT3,0.0008085799921091227,0.5772281932557076,DMSO,Ruxolitinib,0.001260746435064882,All age groups,op,Ruxolitinib,NK
STAT4,2.317828347207415e-14,1.3845741811251384,DMSO,Ruxolitinib,6.781794052940214e-14,All age groups,op,Ruxolitinib,NK
STAT5A,0.14345398073076857,-0.4870550700460481,DMSO,Ruxolitinib,0.17435176119585716,All age groups,op,Ruxolitinib,NK
STAT5B,2.354443882060373e-08,0.1765720184108778,DMSO,Ruxolitinib,5.0270558562910666e-08,All age groups,op,Ruxolitinib,NK
STAT6,6.101183822261488e-05,0.9189068893779911,DMSO,Ruxolitinib,0.00010328432613399806,All age groups,op,Ruxolitinib,NK
TBX21,0.7996476347222932,0.10350750234204042,DMSO,Ruxolitinib,0.809899527475143,All age groups,op,Ruxolitinib,NK
TCF12,2.1219186172040812e-44,1.467973359058659,DMSO,Ruxolitinib,1.859641775899259e-43,All age groups,op,Ruxolitinib,NK
TCF4,0.7325058051518942,0.10999563066426206,DMSO,Ruxolitinib,0.7515319299610344,All age groups,op,Ruxolitinib,NK
TCF7,0.005954436161631602,-2.7864878051314057,DMSO,Ruxolitinib,0.008252639592436781,All age groups,op,Ruxolitinib,NK
TFCP2,2.4349746860154696e-43,1.8269417557698944,DMSO,Ruxolitinib,1.9899620709850563e-42,All age groups,op,Ruxolitinib,NK
TFDP1,0.002865730877108413,-6.09636184612816,DMSO,Ruxolitinib,0.004116231623482993,All age groups,op,Ruxolitinib,NK
TFDP2,1.2304264456854946e-07,0.9253615638332704,DMSO,Ruxolitinib,2.5138885140298465e-07,All age groups,op,Ruxolitinib,NK
TGIF1,4.109447245413274e-13,-0.7961311197033552,DMSO,Ruxolitinib,1.1324872060034254e-12,All age groups,op,Ruxolitinib,NK
THAP11,8.06480891190698e-12,-0.6130654738008081,DMSO,Ruxolitinib,2.1003952880461037e-11,All age groups,op,Ruxolitinib,NK
TP53,0.0004464315158343569,-3.8849638925835617,DMSO,Ruxolitinib,0.0007100957667969301,All age groups,op,Ruxolitinib,NK
TRAFD1,8.048886273092665e-20,1.2653423632819123,DMSO,Ruxolitinib,2.6494250648930023e-19,All age groups,op,Ruxolitinib,NK
TRERF1,0.0004856002072226463,0.21563816607187378,DMSO,Ruxolitinib,0.0007672483274117812,All age groups,op,Ruxolitinib,NK
USF2,1.950077863858117e-06,-0.7422880047154715,DMSO,Ruxolitinib,3.6973476298749897e-06,All age groups,op,Ruxolitinib,NK
VEZF1,1.504956561423578e-240,0.5260249104420889,DMSO,Ruxolitinib,8.9168676264347e-239,All age groups,op,Ruxolitinib,NK
XBP1,1.633337825109763e-05,-1.7600934204172107,DMSO,Ruxolitinib,2.8674152929704728e-05,All age groups,op,Ruxolitinib,NK
YBX1,1.38524744642797e-05,-3.3307425715003522,DMSO,Ruxolitinib,2.4500272000255885e-05,All age groups,op,Ruxolitinib,NK
YBX3,0.0012626033711134364,-1.3623099616620589,DMSO,Ruxolitinib,0.0019430973958044445,All age groups,op,Ruxolitinib,NK
YY1,5.46465305674982e-10,-1.6082931921198735,DMSO,Ruxolitinib,1.3215538514792932e-09,All age groups,op,Ruxolitinib,NK
ZBED4,1.3845652576392438e-128,0.6459905318851705,DMSO,Ruxolitinib,4.6877423722928685e-127,All age groups,op,Ruxolitinib,NK
ZBTB1,0.6584135118583939,-0.08227072336809844,DMSO,Ruxolitinib,0.6874185123807901,All age groups,op,Ruxolitinib,NK
ZBTB10,0.1686532842463646,-0.21081499909369997,DMSO,Ruxolitinib,0.20289760592075337,All age groups,op,Ruxolitinib,NK
ZBTB11,6.057766179063121e-83,1.155775085687348,DMSO,Ruxolitinib,1.5952117604866218e-81,All age groups,op,Ruxolitinib,NK
ZBTB20,1.0197239729131878e-06,1.1565097519089875,DMSO,Ruxolitinib,1.980939193282176e-06,All age groups,op,Ruxolitinib,NK
ZBTB43,1.324831146658809e-21,0.481406599439327,DMSO,Ruxolitinib,4.830538180894427e-21,All age groups,op,Ruxolitinib,NK
ZBTB44,5.3159016081307105e-62,1.5025017923380473,DMSO,Ruxolitinib,6.630887795405149e-61,All age groups,op,Ruxolitinib,NK
ZBTB7A,0.02219877247388211,-0.5808904908825169,DMSO,Ruxolitinib,0.028907192726978354,All age groups,op,Ruxolitinib,NK
ZEB1,0.18715957033097286,-0.9149987546424289,DMSO,Ruxolitinib,0.22289858376100788,All age groups,op,Ruxolitinib,NK
ZEB2,0.16399743204855033,0.4284093393866553,DMSO,Ruxolitinib,0.1983030173240124,All age groups,op,Ruxolitinib,NK
ZFP91,1.7839928516954547e-06,1.3776290049781441,DMSO,Ruxolitinib,3.4097282729985703e-06,All age groups,op,Ruxolitinib,NK
ZFX,2.1970451360835128e-44,1.2092339660846025,DMSO,Ruxolitinib,1.859641775899259e-43,All age groups,op,Ruxolitinib,NK
ZGPAT,3.3021742613729325e-06,-0.7398651573916751,DMSO,Ruxolitinib,6.1469282571783604e-06,All age groups,op,Ruxolitinib,NK
ZHX1,5.692767585344968e-24,1.2190460387543471,DMSO,Ruxolitinib,2.3261826167702712e-23,All age groups,op,Ruxolitinib,NK
ZHX2,6.182210598231205e-09,0.5043390567412156,DMSO,Ruxolitinib,1.3954132493150435e-08,All age groups,op,Ruxolitinib,NK
ZKSCAN1,0.25646784099363595,-0.18569096550270695,DMSO,Ruxolitinib,0.29650184544142305,All age groups,op,Ruxolitinib,NK
ZNF148,1.2135775683751213e-09,0.7236022642076811,DMSO,Ruxolitinib,2.9052311485343814e-09,All age groups,op,Ruxolitinib,NK
ZNF207,8.154505574069626e-06,-0.6606066565872055,DMSO,Ruxolitinib,1.475280779430917e-05,All age groups,op,Ruxolitinib,NK
ZNF217,0.0024963554331026098,0.4924602917463758,DMSO,Ruxolitinib,0.003629670169603181,All age groups,op,Ruxolitinib,NK
ZNF24,0.00639975813267633,-0.11426744700701086,DMSO,Ruxolitinib,0.008767298713550812,All age groups,op,Ruxolitinib,NK
ZNF276,3.763249129294589e-09,1.1958587490509145,DMSO,Ruxolitinib,8.746634794781921e-09,All age groups,op,Ruxolitinib,NK
ZNF280D,0.3474810294059646,0.15173547032954873,DMSO,Ruxolitinib,0.38845756589251706,All age groups,op,Ruxolitinib,NK
ZNF292,3.8331307356254064e-30,0.4674363731378482,DMSO,Ruxolitinib,1.9748956181374377e-29,All age groups,op,Ruxolitinib,NK
ZNF318,2.3009785631657384e-27,1.9049756245324734,DMSO,Ruxolitinib,1.0487152297505384e-26,All age groups,op,Ruxolitinib,NK
ZNF326,0.7146660068244322,0.04195385755060864,DMSO,Ruxolitinib,0.7364167113799583,All age groups,op,Ruxolitinib,NK
ZNF331,9.49113551493176e-05,-1.1822103208419903,DMSO,Ruxolitinib,0.00015840838852386105,All age groups,op,Ruxolitinib,NK
ZNF335,5.207002203723372e-71,1.1631433551101917,DMSO,Ruxolitinib,9.492765556018762e-70,All age groups,op,Ruxolitinib,NK
ZNF33A,1.5908547584959827e-27,0.05524487114948743,DMSO,Ruxolitinib,7.694542403337713e-27,All age groups,op,Ruxolitinib,NK
ZNF350,0.5595451401002527,-0.12538638368419205,DMSO,Ruxolitinib,0.592018741981071,All age groups,op,Ruxolitinib,NK
ZNF394,6.465660001333836e-07,-0.4791804007475407,DMSO,Ruxolitinib,1.2664143969554705e-06,All age groups,op,Ruxolitinib,NK
ZNF407,3.220108728596101e-31,1.6230084992063663,DMSO,Ruxolitinib,1.817061353993514e-30,All age groups,op,Ruxolitinib,NK
ZNF451,6.039831038479506e-38,0.9453625381439458,DMSO,Ruxolitinib,4.337696836726191e-37,All age groups,op,Ruxolitinib,NK
ZNF460,1.308036491165379e-20,1.179224649181106,DMSO,Ruxolitinib,4.5351280701342746e-20,All age groups,op,Ruxolitinib,NK
ZNF511,1.1593295809784598e-07,-1.4826116147521695,DMSO,Ruxolitinib,2.389227049494739e-07,All age groups,op,Ruxolitinib,NK
ZNF592,6.560912435761097e-22,1.6288449486940593,DMSO,Ruxolitinib,2.4295878863677814e-21,All age groups,op,Ruxolitinib,NK
ZNF600,5.8491415837720875e-09,1.8758695485009913,DMSO,Ruxolitinib,1.3329293801480621e-08,All age groups,op,Ruxolitinib,NK
ZNF609,0.00018630550472772568,0.5257497964761927,DMSO,Ruxolitinib,0.00030662780986438185,All age groups,op,Ruxolitinib,NK
ZNF644,0.19092267517267103,0.2192155672288152,DMSO,Ruxolitinib,0.22624337007961517,All age groups,op,Ruxolitinib,NK
ZNF652,8.437230811357956e-06,0.6370133036381763,DMSO,Ruxolitinib,1.5148664411301785e-05,All age groups,op,Ruxolitinib,NK
ZNF708,6.112204960283252e-35,1.3682786980874386,DMSO,Ruxolitinib,3.915115069154407e-34,All age groups,op,Ruxolitinib,NK
ZNF740,6.253828270936064e-13,1.1655978565626601,DMSO,Ruxolitinib,1.6842696593316443e-12,All age groups,op,Ruxolitinib,NK
ZNF800,6.616007866477286e-14,1.0528294437189747,DMSO,Ruxolitinib,1.9121876394574595e-13,All age groups,op,Ruxolitinib,NK
ZNF83,0.17756421984850912,0.20609427516649015,DMSO,Ruxolitinib,0.21253899042473062,All age groups,op,Ruxolitinib,NK
ZXDC,9.142199793555636e-12,1.0017311150063695,DMSO,Ruxolitinib,2.3551101642094412e-11,All age groups,op,Ruxolitinib,NK
AHR,0.0635577406850859,0.37339997228796595,DMSO,Ruxolitinib,0.10276543786095059,All age groups,op,Ruxolitinib,B
AKNA,0.1292078409658227,-0.16307204490865423,DMSO,Ruxolitinib,0.18490087586488418,All age groups,op,Ruxolitinib,B
ARID2,0.03568262729700188,0.48222698761372373,DMSO,Ruxolitinib,0.06301400139683311,All age groups,op,Ruxolitinib,B
ARID3A,0.001088640656839925,-1.4612557011996732,DMSO,Ruxolitinib,0.0039285728051179905,All age groups,op,Ruxolitinib,B
ARID3B,0.001340783952281937,0.1651291183888667,DMSO,Ruxolitinib,0.0047337146639785605,All age groups,op,Ruxolitinib,B
ARID5A,0.9406982317098355,-0.0048706567842622395,DMSO,Ruxolitinib,0.9599748348186435,All age groups,op,Ruxolitinib,B
ASH1L,0.9862155304274592,0.0036582483807923913,DMSO,Ruxolitinib,0.9884773271010352,All age groups,op,Ruxolitinib,B
ATF2,0.004469123081263996,0.42598036584943344,DMSO,Ruxolitinib,0.012503501654322865,All age groups,op,Ruxolitinib,B
ATF4,0.0007120504608042612,-1.3513156537304216,DMSO,Ruxolitinib,0.0026863721930342577,All age groups,op,Ruxolitinib,B
ATF5,0.11149668004842571,-0.2610772030958682,DMSO,Ruxolitinib,0.16235481480735672,All age groups,op,Ruxolitinib,B
ATF6,0.03738616212156769,0.31195417227052263,DMSO,Ruxolitinib,0.06509898159629618,All age groups,op,Ruxolitinib,B
ATF7,0.02412376226864526,0.3214005218051039,DMSO,Ruxolitinib,0.04692825628822398,All age groups,op,Ruxolitinib,B
BACH1,0.1361296199317534,-0.1884900907850593,DMSO,Ruxolitinib,0.19150438058195818,All age groups,op,Ruxolitinib,B
BACH2,0.08570370083809722,1.0477641179373318,DMSO,Ruxolitinib,0.13092160434776814,All age groups,op,Ruxolitinib,B
BATF,8.909889068570421e-08,-1.1113592534759167,DMSO,Ruxolitinib,6.338749651640099e-07,All age groups,op,Ruxolitinib,B
BCL11A,0.9275283311110143,0.02526497960963588,DMSO,Ruxolitinib,0.9543576630026552,All age groups,op,Ruxolitinib,B
BCL11B,0.4454701848939536,-0.4004022391670837,DMSO,Ruxolitinib,0.5437356668558552,All age groups,op,Ruxolitinib,B
BCL6,0.027101809348902994,0.5062153329918235,DMSO,Ruxolitinib,0.05112386763543064,All age groups,op,Ruxolitinib,B
BHLHE40,0.588574511643702,-0.13713828482816948,DMSO,Ruxolitinib,0.6706353589890103,All age groups,op,Ruxolitinib,B
BHLHE41,0.003096225846684577,-0.5907816152772302,DMSO,Ruxolitinib,0.00940195409542024,All age groups,op,Ruxolitinib,B
CAMTA1,0.03149280587490353,-0.07611508938827634,DMSO,Ruxolitinib,0.05682397581776072,All age groups,op,Ruxolitinib,B
CDC5L,4.232615767993263e-24,-0.2523364810922253,DMSO,Ruxolitinib,1.1710236958114696e-22,All age groups,op,Ruxolitinib,B
CEBPB,9.823617714492339e-24,-0.6572329131827512,DMSO,Ruxolitinib,2.4460808109085924e-22,All age groups,op,Ruxolitinib,B
CEBPG,0.0013497740608131637,-0.4418862409482968,DMSO,Ruxolitinib,0.0047337146639785605,All age groups,op,Ruxolitinib,B
CREB1,0.03138945242869952,0.49007958298224,DMSO,Ruxolitinib,0.05682397581776072,All age groups,op,Ruxolitinib,B
CREB3,0.920648753901436,0.0059663279873265335,DMSO,Ruxolitinib,0.9543576630026552,All age groups,op,Ruxolitinib,B
CREB3L2,0.006783140088722741,0.35668211241400155,DMSO,Ruxolitinib,0.01759376960512461,All age groups,op,Ruxolitinib,B
CREM,0.07347091733957738,-0.2212024537569827,DMSO,Ruxolitinib,0.11578644568072637,All age groups,op,Ruxolitinib,B
CTCF,1.65023305325889e-05,-0.1693119762369498,DMSO,Ruxolitinib,8.560583963780493e-05,All age groups,op,Ruxolitinib,B
CUX1,0.0034312570171565492,0.5389777443073601,DMSO,Ruxolitinib,0.010293771051469648,All age groups,op,Ruxolitinib,B
DBP,0.8193163051540164,-0.06801940585473432,DMSO,Ruxolitinib,0.8755783690272536,All age groups,op,Ruxolitinib,B
DDIT3,0.13149317728526194,-0.4125850715127453,DMSO,Ruxolitinib,0.18709600653731556,All age groups,op,Ruxolitinib,B
DEAF1,0.263266905680445,-0.0650263591234171,DMSO,Ruxolitinib,0.33846662632968616,All age groups,op,Ruxolitinib,B
DMTF1,0.0887021917157947,0.47892394441664493,DMSO,Ruxolitinib,0.1346758886416639,All age groups,op,Ruxolitinib,B
DNMT1,0.00357436376569423,-0.12703793203381053,DMSO,Ruxolitinib,0.010470783266563097,All age groups,op,Ruxolitinib,B
DR1,7.80874817405798e-08,-0.9711433164164281,DMSO,Ruxolitinib,5.823488461821091e-07,All age groups,op,Ruxolitinib,B
DRAP1,5.432836580382245e-08,-2.368478220701879,DMSO,Ruxolitinib,4.227425964109935e-07,All age groups,op,Ruxolitinib,B
E2F4,3.4898127117272446e-51,-0.4870853620133688,DMSO,Ruxolitinib,1.4482722753668063e-49,All age groups,op,Ruxolitinib,B
E2F5,0.0046781572147660145,0.27146344401058303,DMSO,Ruxolitinib,0.012796377690847233,All age groups,op,Ruxolitinib,B
EBF1,0.004346735307066268,-0.45353628656541173,DMSO,Ruxolitinib,0.0122992851302216,All age groups,op,Ruxolitinib,B
EEA1,0.10083516787550546,-0.25070229451816733,DMSO,Ruxolitinib,0.15034704671258,All age groups,op,Ruxolitinib,B
EGR1,0.012222608150127979,-0.587023689389853,DMSO,Ruxolitinib,0.027173477048052383,All age groups,op,Ruxolitinib,B
ELF1,0.015365536508243523,0.460031650924039,DMSO,Ruxolitinib,0.03301551285158299,All age groups,op,Ruxolitinib,B
ELF2,0.025609543369210622,0.47963104188629063,DMSO,Ruxolitinib,0.04943237441033678,All age groups,op,Ruxolitinib,B
ELF4,3.793106341250493e-10,-0.12451719614114028,DMSO,Ruxolitinib,3.777933915885491e-09,All age groups,op,Ruxolitinib,B
ELK3,0.5351022982545739,0.07824301453112414,DMSO,Ruxolitinib,0.625542123311685,All age groups,op,Ruxolitinib,B
ELK4,0.0023138895887981183,0.36171388305426033,DMSO,Ruxolitinib,0.00748257802091859,All age groups,op,Ruxolitinib,B
ETS1,0.7341657085478961,-0.0991020690817912,DMSO,Ruxolitinib,0.7913734260970828,All age groups,op,Ruxolitinib,B
ETV6,0.1907200405448911,0.2474921897462261,DMSO,Ruxolitinib,0.2566988653820426,All age groups,op,Ruxolitinib,B
FLI1,0.04809620306894109,-0.16918186099998186,DMSO,Ruxolitinib,0.08146907866779818,All age groups,op,Ruxolitinib,B
FOS,0.5496595969902753,0.062283400121968015,DMSO,Ruxolitinib,0.636582510002691,All age groups,op,Ruxolitinib,B
FOSB,0.004884986278427705,-0.2580125040703895,DMSO,Ruxolitinib,0.013079156809983858,All age groups,op,Ruxolitinib,B
FOXJ3,0.010091076188173594,0.5591375356103541,DMSO,Ruxolitinib,0.023482971690235745,All age groups,op,Ruxolitinib,B
FOXO1,0.4145443948596218,0.3802942059504595,DMSO,Ruxolitinib,0.5109977936635932,All age groups,op,Ruxolitinib,B
FOXO3,7.845924468367423e-05,0.4915598784363648,DMSO,Ruxolitinib,0.0003552063986588161,All age groups,op,Ruxolitinib,B
FOXP1,0.10464875830612339,0.6579264982520444,DMSO,Ruxolitinib,0.15510440963229002,All age groups,op,Ruxolitinib,B
GATAD2A,7.238844302723687e-05,0.3423316043598548,DMSO,Ruxolitinib,0.0003359364650537989,All age groups,op,Ruxolitinib,B
GATAD2B,0.009235233298543912,0.6140027382043104,DMSO,Ruxolitinib,0.022497160834019966,All age groups,op,Ruxolitinib,B
GTF2I,0.9520245477812144,0.014401920970050478,DMSO,Ruxolitinib,0.967567805704173,All age groups,op,Ruxolitinib,B
GTF3A,2.9934038813676076e-06,-1.6685158643863385,DMSO,Ruxolitinib,1.733389689443103e-05,All age groups,op,Ruxolitinib,B
HBP1,0.2587152708893242,0.21014142037449804,DMSO,Ruxolitinib,0.33552136693459234,All age groups,op,Ruxolitinib,B
HES1,0.008808376363424688,-0.722077772180692,DMSO,Ruxolitinib,0.02171570014349255,All age groups,op,Ruxolitinib,B
HHEX,3.0183775313247135e-21,-0.5935523829552315,DMSO,Ruxolitinib,6.26313337749878e-20,All age groups,op,Ruxolitinib,B
HIF1A,0.070829030649638,-0.20571965585692453,DMSO,Ruxolitinib,0.11233394032968065,All age groups,op,Ruxolitinib,B
HIVEP1,0.8454946635639911,-0.027739352824079983,DMSO,Ruxolitinib,0.8996930394334777,All age groups,op,Ruxolitinib,B
HMBOX1,0.016486197787782927,0.7403513111465733,DMSO,Ruxolitinib,0.03508601067656367,All age groups,op,Ruxolitinib,B
HMG20B,8.761921501358028e-07,-0.9527297175687014,DMSO,Ruxolitinib,5.3212645215564606e-06,All age groups,op,Ruxolitinib,B
HMGA1,2.056538228822393e-14,-0.906342589739444,DMSO,Ruxolitinib,2.5603900948838793e-13,All age groups,op,Ruxolitinib,B
HSF1,8.60352110255747e-06,-0.6227102882929264,DMSO,Ruxolitinib,4.558035647950659e-05,All age groups,op,Ruxolitinib,B
IKZF1,0.29028628972528914,0.2527468268382698,DMSO,Ruxolitinib,0.3706732622646,All age groups,op,Ruxolitinib,B
IKZF2,0.1652366948333679,0.4205101794313393,DMSO,Ruxolitinib,0.22606558798631102,All age groups,op,Ruxolitinib,B
IKZF3,0.0018288694831922413,-0.7258124999694976,DMSO,Ruxolitinib,0.00607184668419824,All age groups,op,Ruxolitinib,B
IKZF5,0.006702952617128061,0.6663290227863903,DMSO,Ruxolitinib,0.01759376960512461,All age groups,op,Ruxolitinib,B
IRF1,0.002973827986918334,-0.4952922244943825,DMSO,Ruxolitinib,0.009141767515341546,All age groups,op,Ruxolitinib,B
IRF2,0.0,-0.9469437041710974,DMSO,Ruxolitinib,0.0,All age groups,op,Ruxolitinib,B
IRF3,1.5224075434836504e-10,-0.8738311625011725,DMSO,Ruxolitinib,1.5794978263642873e-09,All age groups,op,Ruxolitinib,B
IRF4,0.010627572477277218,0.6591456906507082,DMSO,Ruxolitinib,0.024277665567358046,All age groups,op,Ruxolitinib,B
IRF5,0.00013260566634820157,-1.3516440516708517,DMSO,Ruxolitinib,0.0005609397286431874,All age groups,op,Ruxolitinib,B
IRF7,4.350838421207211e-16,-3.9742198590879068,DMSO,Ruxolitinib,7.738276906289968e-15,All age groups,op,Ruxolitinib,B
IRF8,0.09598335560972075,0.28706058571837545,DMSO,Ruxolitinib,0.14440695890204058,All age groups,op,Ruxolitinib,B
IRF9,3.6102229563361005e-74,-4.453398130654086,DMSO,Ruxolitinib,2.996485053758963e-72,All age groups,op,Ruxolitinib,B
JDP2,0.027475460203848397,-0.4426913027249529,DMSO,Ruxolitinib,0.051439019479385346,All age groups,op,Ruxolitinib,B
JUN,0.01820462454914731,0.23007561107148167,DMSO,Ruxolitinib,0.03715534026834164,All age groups,op,Ruxolitinib,B
JUNB,0.06565288319567664,0.0745477377913805,DMSO,Ruxolitinib,0.10546818010144182,All age groups,op,Ruxolitinib,B
JUND,0.01784470741438785,-0.611199075166501,DMSO,Ruxolitinib,0.03702776788485478,All age groups,op,Ruxolitinib,B
KAT7,0.10621211184013774,0.3098203641565789,DMSO,Ruxolitinib,0.15649003460469998,All age groups,op,Ruxolitinib,B
KDM2A,0.5952155728401458,-0.0791419029940883,DMSO,Ruxolitinib,0.6736758074418014,All age groups,op,Ruxolitinib,B
KDM5B,0.4998419263243966,0.05724095562874846,DMSO,Ruxolitinib,0.5905626146354647,All age groups,op,Ruxolitinib,B
KLF10,0.1970848024813523,-0.38936638115633215,DMSO,Ruxolitinib,0.2638393323540684,All age groups,op,Ruxolitinib,B
KLF11,0.6725714681058466,-0.05732178384517509,DMSO,Ruxolitinib,0.7313113343159642,All age groups,op,Ruxolitinib,B
KLF12,0.06646110110280322,0.34306254793262214,DMSO,Ruxolitinib,0.10608214214485898,All age groups,op,Ruxolitinib,B
KLF13,0.0001366543219172807,-0.6178153473144553,DMSO,Ruxolitinib,0.0005671154359567149,All age groups,op,Ruxolitinib,B
KLF16,0.1254328762931245,0.14915873853705577,DMSO,Ruxolitinib,0.18158596626155812,All age groups,op,Ruxolitinib,B
KLF2,1.1492518392265846e-07,0.4486903680611503,DMSO,Ruxolitinib,7.948991887983878e-07,All age groups,op,Ruxolitinib,B
KLF3,0.00010959160801924482,0.8919431162200606,DMSO,Ruxolitinib,0.0004787422876630169,All age groups,op,Ruxolitinib,B
KLF4,7.586780610952287e-07,0.3602325246233698,DMSO,Ruxolitinib,4.722770930317798e-06,All age groups,op,Ruxolitinib,B
KLF6,0.07853037705427583,-0.4013354001431792,DMSO,Ruxolitinib,0.12145381295971852,All age groups,op,Ruxolitinib,B
KLF7,5.069063059573432e-05,0.664873520216479,DMSO,Ruxolitinib,0.00024748954937917343,All age groups,op,Ruxolitinib,B
KLF8,0.14614417223269735,0.43061714798285977,DMSO,Ruxolitinib,0.20329552450246727,All age groups,op,Ruxolitinib,B
KLF9,0.002437345316208646,0.7280265551130454,DMSO,Ruxolitinib,0.007780756201742986,All age groups,op,Ruxolitinib,B
KMT2A,0.0003098391868379017,-0.22450809648448175,DMSO,Ruxolitinib,0.0012054680862912115,All age groups,op,Ruxolitinib,B
LCOR,0.0782989970655816,0.5800538328155369,DMSO,Ruxolitinib,0.12145381295971852,All age groups,op,Ruxolitinib,B
LCORL,0.6946049133061141,-0.04674001308186485,DMSO,Ruxolitinib,0.7519853191879234,All age groups,op,Ruxolitinib,B
LEF1,0.20380294690688683,0.31228853054394756,DMSO,Ruxolitinib,0.2713739774321648,All age groups,op,Ruxolitinib,B
MAX,0.00013291342967850626,-0.29493110839349335,DMSO,Ruxolitinib,0.0005609397286431874,All age groups,op,Ruxolitinib,B
MAZ,1.7618021851976457e-09,-1.1486965380260603,DMSO,Ruxolitinib,1.62477312634894e-08,All age groups,op,Ruxolitinib,B
MBD2,3.853888532533484e-08,-0.6934152236586074,DMSO,Ruxolitinib,3.095542724518831e-07,All age groups,op,Ruxolitinib,B
MBD4,1.5210720780928434e-29,-0.686893225362402,DMSO,Ruxolitinib,4.7343368430639755e-28,All age groups,op,Ruxolitinib,B
MEF2A,0.0028187226446964413,-0.7614261224781462,DMSO,Ruxolitinib,0.008884328335815365,All age groups,op,Ruxolitinib,B
MEF2C,0.7380490702844527,0.12530981716501918,DMSO,Ruxolitinib,0.7921302521587444,All age groups,op,Ruxolitinib,B
MEF2D,0.0003197539003607414,0.4619915290043064,DMSO,Ruxolitinib,0.0012249034029203785,All age groups,op,Ruxolitinib,B
MGA,0.008463693751110907,0.6974401729408773,DMSO,Ruxolitinib,0.02128747216188501,All age groups,op,Ruxolitinib,B
MLX,1.0133689739960224e-15,-0.885431865633849,DMSO,Ruxolitinib,1.57705546578131e-14,All age groups,op,Ruxolitinib,B
MSC,0.03706330933113008,-0.44133439500827915,DMSO,Ruxolitinib,0.06499129593979852,All age groups,op,Ruxolitinib,B
MTF2,0.9231776956345292,-0.00809079947541432,DMSO,Ruxolitinib,0.9543576630026552,All age groups,op,Ruxolitinib,B
MXD3,0.0240690302587855,0.19977062887938013,DMSO,Ruxolitinib,0.04692825628822398,All age groups,op,Ruxolitinib,B
MXD4,0.0008081896518011561,-0.3201344004095367,DMSO,Ruxolitinib,0.003003570496992356,All age groups,op,Ruxolitinib,B
MXI1,0.00398495049083758,0.63411339395225,DMSO,Ruxolitinib,0.011537821769983225,All age groups,op,Ruxolitinib,B
MYC,7.285369121648652e-05,-0.9034224763216893,DMSO,Ruxolitinib,0.0003359364650537989,All age groups,op,Ruxolitinib,B
NCOA1,4.085593669867431e-05,0.4642135407648394,DMSO,Ruxolitinib,0.00020346256475939806,All age groups,op,Ruxolitinib,B
NCOA2,0.13477417515879014,0.3290153702883647,DMSO,Ruxolitinib,0.19067482735533378,All age groups,op,Ruxolitinib,B
NCOA3,0.6258574159213406,0.09503548356079723,DMSO,Ruxolitinib,0.6988273388538735,All age groups,op,Ruxolitinib,B
NFAT5,0.4939438225500361,-0.1305391737118485,DMSO,Ruxolitinib,0.589653628137848,All age groups,op,Ruxolitinib,B
NFATC1,0.0514304292796176,0.22018393437978764,DMSO,Ruxolitinib,0.0853745126041652,All age groups,op,Ruxolitinib,B
NFATC2,0.004316557485249227,0.18569357115049576,DMSO,Ruxolitinib,0.0122992851302216,All age groups,op,Ruxolitinib,B
NFATC3,0.6407082787402557,0.175559541369901,DMSO,Ruxolitinib,0.7090504951392163,All age groups,op,Ruxolitinib,B
NFE2L1,0.5226981528183661,-0.06858713534204153,DMSO,Ruxolitinib,0.6139237738291186,All age groups,op,Ruxolitinib,B
NFE2L2,0.014713436371180715,0.18888874928751986,DMSO,Ruxolitinib,0.03213724260021051,All age groups,op,Ruxolitinib,B
NFKB1,0.019157958890282652,-0.32732104236000126,DMSO,Ruxolitinib,0.03816265410944304,All age groups,op,Ruxolitinib,B
NFKB2,0.12750173281522795,-0.3457452669509096,DMSO,Ruxolitinib,0.1835140547456171,All age groups,op,Ruxolitinib,B
NFYC,1.1950697651427265e-09,-0.4538440544748828,DMSO,Ruxolitinib,1.1445091212328419e-08,All age groups,op,Ruxolitinib,B
NR1D2,0.0016675574540181441,0.3375543191336933,DMSO,Ruxolitinib,0.005611105487169161,All age groups,op,Ruxolitinib,B
NR1H2,0.00015415777299163295,-0.3866376696576852,DMSO,Ruxolitinib,0.0006292669749986329,All age groups,op,Ruxolitinib,B
NR2C2,0.009718363101425053,0.5208320687438855,DMSO,Ruxolitinib,0.022960246802355512,All age groups,op,Ruxolitinib,B
NR3C1,0.01538072084652059,0.36874204205700717,DMSO,Ruxolitinib,0.03301551285158299,All age groups,op,Ruxolitinib,B
NR4A1,8.278145677442072e-12,-0.5568472468419353,DMSO,Ruxolitinib,9.369355789468528e-11,All age groups,op,Ruxolitinib,B
NR4A2,0.15536432202455763,-0.2026154498917876,DMSO,Ruxolitinib,0.21373323858626989,All age groups,op,Ruxolitinib,B
PAX5,0.560497362174587,-0.15919841240544316,DMSO,Ruxolitinib,0.6461289036179266,All age groups,op,Ruxolitinib,B
PHF20,0.01967039978004715,0.22512075705608936,DMSO,Ruxolitinib,0.03887245670818842,All age groups,op,Ruxolitinib,B
PHF21A,0.01039771873695783,0.4540929977610421,DMSO,Ruxolitinib,0.02397251819909722,All age groups,op,Ruxolitinib,B
PLAG1,0.5004365931248315,-0.039842861316771096,DMSO,Ruxolitinib,0.5905626146354647,All age groups,op,Ruxolitinib,B
POU2F1,0.1396479031530497,-0.10874884795210098,DMSO,Ruxolitinib,0.19535015665791783,All age groups,op,Ruxolitinib,B
POU2F2,8.920585456625082e-09,-0.945766396262646,DMSO,Ruxolitinib,7.659399236895329e-08,All age groups,op,Ruxolitinib,B
PRDM1,0.4722075445391921,-0.1527469015803975,DMSO,Ruxolitinib,0.5723333837322823,All age groups,op,Ruxolitinib,B
PRDM2,1.3524427392407968e-62,-0.22914656291472557,DMSO,Ruxolitinib,8.418956051773961e-61,All age groups,op,Ruxolitinib,B
PRDM4,1.3814608973507184e-17,0.39503230305312154,DMSO,Ruxolitinib,2.6460289495409916e-16,All age groups,op,Ruxolitinib,B
RARA,0.24960489207283432,-0.25643448090145754,DMSO,Ruxolitinib,0.3281073792136297,All age groups,op,Ruxolitinib,B
REL,0.4734966949753018,-0.07139600207043066,DMSO,Ruxolitinib,0.5723333837322823,All age groups,op,Ruxolitinib,B
RELA,0.06269902961865881,-0.24528623060736074,DMSO,Ruxolitinib,0.10203959722252316,All age groups,op,Ruxolitinib,B
RELB,0.0314091826218037,-0.44958572226951493,DMSO,Ruxolitinib,0.05682397581776072,All age groups,op,Ruxolitinib,B
REPIN1,3.690854061803466e-07,-0.3651963312841673,DMSO,Ruxolitinib,2.356468362536059e-06,All age groups,op,Ruxolitinib,B
REST,4.909333690416674e-15,-0.7033217660943502,DMSO,Ruxolitinib,6.791244938409733e-14,All age groups,op,Ruxolitinib,B
RFX3,0.0067662186908418916,0.7739035123049121,DMSO,Ruxolitinib,0.01759376960512461,All age groups,op,Ruxolitinib,B
RLF,0.002908206962732631,0.5069863420916411,DMSO,Ruxolitinib,0.009051794171505314,All age groups,op,Ruxolitinib,B
RORA,0.6235556976679187,-0.17123891947217093,DMSO,Ruxolitinib,0.6988273388538735,All age groups,op,Ruxolitinib,B
RREB1,0.028398602617378022,0.49635952462652955,DMSO,Ruxolitinib,0.05277053769945617,All age groups,op,Ruxolitinib,B
RUNX1,0.35332774611301676,0.2630469443939685,DMSO,Ruxolitinib,0.44433640799061197,All age groups,op,Ruxolitinib,B
RUNX2,0.9016152043299918,0.02256329502021397,DMSO,Ruxolitinib,0.9472666070808775,All age groups,op,Ruxolitinib,B
RUNX3,0.01098839638316087,-0.880200802759933,DMSO,Ruxolitinib,0.024649645940604113,All age groups,op,Ruxolitinib,B
SAFB,0.3612106662289545,-0.06288231610534893,DMSO,Ruxolitinib,0.4519671150301994,All age groups,op,Ruxolitinib,B
SAFB2,0.9080201024903544,-0.0107780366231122,DMSO,Ruxolitinib,0.9499874181516732,All age groups,op,Ruxolitinib,B
SATB1,0.8703542022841668,0.04146526968271399,DMSO,Ruxolitinib,0.9222050909308832,All age groups,op,Ruxolitinib,B
SKIL,5.283042580760832e-199,0.19167175212988852,DMSO,Ruxolitinib,6.577388013047236e-197,All age groups,op,Ruxolitinib,B
SMAD3,0.05534013947349445,0.6682926832103437,DMSO,Ruxolitinib,0.09125625648278224,All age groups,op,Ruxolitinib,B
SOX4,0.5898359181469608,0.044914366092302004,DMSO,Ruxolitinib,0.6706353589890103,All age groups,op,Ruxolitinib,B
SOX5,0.2585270071550838,-0.30833710555941884,DMSO,Ruxolitinib,0.33552136693459234,All age groups,op,Ruxolitinib,B
SP110,5.8286264280010786e-30,-1.2490188815523549,DMSO,Ruxolitinib,2.0733256865318123e-28,All age groups,op,Ruxolitinib,B
SP140L,0.244711073186487,0.22262476031099196,DMSO,Ruxolitinib,0.3241120065076344,All age groups,op,Ruxolitinib,B
SP3,0.01801144305381435,0.5133612172271568,DMSO,Ruxolitinib,0.037064870416527056,All age groups,op,Ruxolitinib,B
SP4,0.0287606913960029,0.6081961215848538,DMSO,Ruxolitinib,0.053047497463738685,All age groups,op,Ruxolitinib,B
SPEN,0.43176731072276986,-0.1465568105450489,DMSO,Ruxolitinib,0.5296062087190625,All age groups,op,Ruxolitinib,B
SPI1,3.833678077166898e-09,-2.5267237243694374,DMSO,Ruxolitinib,3.409235147194849e-08,All age groups,op,Ruxolitinib,B
SPIB,6.226777453817471e-06,-2.8802364603022625,DMSO,Ruxolitinib,3.370581708696849e-05,All age groups,op,Ruxolitinib,B
SREBF2,0.032975089513566674,0.4045848619801171,DMSO,Ruxolitinib,0.058648552063415016,All age groups,op,Ruxolitinib,B
STAT1,8.316223240330459e-54,-5.964747751133312,DMSO,Ruxolitinib,4.141479173684568e-52,All age groups,op,Ruxolitinib,B
STAT2,0.09627130593469371,0.44682184052001145,DMSO,Ruxolitinib,0.14440695890204058,All age groups,op,Ruxolitinib,B
STAT3,2.993721013285954e-15,-0.3662936939051109,DMSO,Ruxolitinib,4.384920778283544e-14,All age groups,op,Ruxolitinib,B
STAT5A,3.3776704307676302e-12,-0.6077743199845699,DMSO,Ruxolitinib,4.004952082195905e-11,All age groups,op,Ruxolitinib,B
STAT5B,0.10780834717182311,0.2812459614970296,DMSO,Ruxolitinib,0.15790752026931737,All age groups,op,Ruxolitinib,B
STAT6,1.3540022515064185e-21,-0.7426426464983612,DMSO,Ruxolitinib,3.0649687329554384e-20,All age groups,op,Ruxolitinib,B
TBX21,0.9788363827510178,-0.0028495325764260984,DMSO,Ruxolitinib,0.9867621834210665,All age groups,op,Ruxolitinib,B
TCF12,0.17688167507030095,0.3545199410830359,DMSO,Ruxolitinib,0.2393670494157877,All age groups,op,Ruxolitinib,B
TCF3,0.00029212063579434153,-0.17675243707409116,DMSO,Ruxolitinib,0.001154572036710969,All age groups,op,Ruxolitinib,B
TCF4,2.704396330090434e-07,-0.7570862005453294,DMSO,Ruxolitinib,1.7780223478221518e-06,All age groups,op,Ruxolitinib,B
TCF7,0.4876073073886872,-0.3451854767817147,DMSO,Ruxolitinib,0.5865421233805947,All age groups,op,Ruxolitinib,B
TEAD2,0.4949301537381937,-0.028731532914220075,DMSO,Ruxolitinib,0.589653628137848,All age groups,op,Ruxolitinib,B
TFDP1,2.0008207513183196e-06,-1.5679334762631143,DMSO,Ruxolitinib,1.186200873995861e-05,All age groups,op,Ruxolitinib,B
TFDP2,0.06242486134381963,0.31658121838189857,DMSO,Ruxolitinib,0.10203959722252316,All age groups,op,Ruxolitinib,B
TFEB,6.856690941303496e-05,-0.9944860194954858,DMSO,Ruxolitinib,0.00032833000853549436,All age groups,op,Ruxolitinib,B
TFEC,0.05044148200948137,-0.6459675738068468,DMSO,Ruxolitinib,0.08429482564000577,All age groups,op,Ruxolitinib,B
TGIF1,0.3382704544460662,-0.24604251951677367,DMSO,Ruxolitinib,0.42974154671974735,All age groups,op,Ruxolitinib,B
THAP11,5.0333125211648e-06,-1.112079753778234,DMSO,Ruxolitinib,2.785099595044523e-05,All age groups,op,Ruxolitinib,B
THRB,0.009306054481542396,0.5047510180254194,DMSO,Ruxolitinib,0.022497160834019966,All age groups,op,Ruxolitinib,B
TP53,1.0032915748929385e-15,-0.8164725082232295,DMSO,Ruxolitinib,1.57705546578131e-14,All age groups,op,Ruxolitinib,B
TRAFD1,7.951751313330004e-08,-0.5973484502551666,DMSO,Ruxolitinib,5.823488461821091e-07,All age groups,op,Ruxolitinib,B
TRERF1,0.9884773271010352,-0.0024091011855104463,DMSO,Ruxolitinib,0.9884773271010352,All age groups,op,Ruxolitinib,B
USF2,1.695271679408166e-11,-0.5919877452700218,DMSO,Ruxolitinib,1.835315861620145e-10,All age groups,op,Ruxolitinib,B
XBP1,2.3081110530236796e-05,-0.6924848844063387,DMSO,Ruxolitinib,0.00011728972493936657,All age groups,op,Ruxolitinib,B
YBX1,0.0016389392776523946,-0.4227071217401428,DMSO,Ruxolitinib,0.005590354522403374,All age groups,op,Ruxolitinib,B
YBX3,0.014091574804465224,0.8702286905224907,DMSO,Ruxolitinib,0.031051346250547264,All age groups,op,Ruxolitinib,B
YY1,4.119479253675323e-06,-1.0204737045996943,DMSO,Ruxolitinib,2.3312507594662625e-05,All age groups,op,Ruxolitinib,B
ZBED5,0.0020234306814623424,0.5384466431772074,DMSO,Ruxolitinib,0.006629397890580569,All age groups,op,Ruxolitinib,B
ZBTB1,0.6708960579071725,-0.043973740240662806,DMSO,Ruxolitinib,0.7313113343159642,All age groups,op,Ruxolitinib,B
ZBTB10,0.2637049217187113,0.12282279698209325,DMSO,Ruxolitinib,0.33846662632968616,All age groups,op,Ruxolitinib,B
ZBTB11,0.0035297391001134744,0.7464826860250469,DMSO,Ruxolitinib,0.010463155189622085,All age groups,op,Ruxolitinib,B
ZBTB20,0.3522508815322315,0.2454195747230757,DMSO,Ruxolitinib,0.44433640799061197,All age groups,op,Ruxolitinib,B
ZBTB21,0.006943331663046426,0.20158231648911715,DMSO,Ruxolitinib,0.017641730449985307,All age groups,op,Ruxolitinib,B
ZBTB32,9.837982125376222e-05,-1.0212934805642295,DMSO,Ruxolitinib,0.0004374388480747642,All age groups,op,Ruxolitinib,B
ZBTB40,0.0107658717769736,0.6199981143128875,DMSO,Ruxolitinib,0.024370018840603875,All age groups,op,Ruxolitinib,B
ZBTB44,0.00686771865330635,0.34674269934490276,DMSO,Ruxolitinib,0.01762950458426063,All age groups,op,Ruxolitinib,B
ZBTB7A,0.008766770260685485,-0.5890255223934547,DMSO,Ruxolitinib,0.02171570014349255,All age groups,op,Ruxolitinib,B
ZBTB7B,0.026593810180148687,-0.44853900161297605,DMSO,Ruxolitinib,0.050548539960740636,All age groups,op,Ruxolitinib,B
ZEB1,0.9399115470581659,0.01271663587876759,DMSO,Ruxolitinib,0.9599748348186435,All age groups,op,Ruxolitinib,B
ZEB2,0.25036306044413514,-0.2377721285020821,DMSO,Ruxolitinib,0.3281073792136297,All age groups,op,Ruxolitinib,B
ZFP91,0.009774241610641303,0.515968343444527,DMSO,Ruxolitinib,0.022960246802355512,All age groups,op,Ruxolitinib,B
ZFX,0.018986567732012415,0.6236232770875887,DMSO,Ruxolitinib,0.03812625294573461,All age groups,op,Ruxolitinib,B
ZFY,0.6634658539575438,0.07419165786659195,DMSO,Ruxolitinib,0.7277665094071736,All age groups,op,Ruxolitinib,B
ZHX2,0.037913671033111135,0.734583806311098,DMSO,Ruxolitinib,0.06555905616142134,All age groups,op,Ruxolitinib,B
ZKSCAN1,0.04201683744321905,0.20907915123881082,DMSO,Ruxolitinib,0.07165885289973661,All age groups,op,Ruxolitinib,B
ZNF10,0.04871792504246498,0.3587570046819759,DMSO,Ruxolitinib,0.08196461713225528,All age groups,op,Ruxolitinib,B
ZNF148,0.4107469984073918,0.1161436162961582,DMSO,Ruxolitinib,0.5088358338479629,All age groups,op,Ruxolitinib,B
ZNF207,6.385180337838851e-15,-1.0678522904852035,DMSO,Ruxolitinib,8.367946863799336e-14,All age groups,op,Ruxolitinib,B
ZNF217,0.8895231477896778,0.025177944067367026,DMSO,Ruxolitinib,0.9385223042357194,All age groups,op,Ruxolitinib,B
ZNF24,0.1474381801406369,0.17951862265552992,DMSO,Ruxolitinib,0.20395614919454771,All age groups,op,Ruxolitinib,B
ZNF274,0.031808295378717245,0.5370220755857009,DMSO,Ruxolitinib,0.056980327692810036,All age groups,op,Ruxolitinib,B
ZNF280D,0.0010818945118669034,-0.09160916087103566,DMSO,Ruxolitinib,0.0039285728051179905,All age groups,op,Ruxolitinib,B
ZNF292,0.9674247093825977,-0.00232122587589334,DMSO,Ruxolitinib,0.9792225716921417,All age groups,op,Ruxolitinib,B
ZNF296,3.403562710122751e-08,-1.0639293635112033,DMSO,Ruxolitinib,2.8249570494018834e-07,All age groups,op,Ruxolitinib,B
ZNF318,0.6398757916376678,0.16083500649678925,DMSO,Ruxolitinib,0.7090504951392163,All age groups,op,Ruxolitinib,B
ZNF326,0.08092758123089323,0.17012220718489957,DMSO,Ruxolitinib,0.12438868966970627,All age groups,op,Ruxolitinib,B
ZNF331,0.07439232806843932,-0.28326177606230313,DMSO,Ruxolitinib,0.11650119301283894,All age groups,op,Ruxolitinib,B
ZNF335,0.009440240582797473,0.48046030753653685,DMSO,Ruxolitinib,0.02260211447227472,All age groups,op,Ruxolitinib,B
ZNF33A,0.5490719858180323,0.04792633781195654,DMSO,Ruxolitinib,0.636582510002691,All age groups,op,Ruxolitinib,B
ZNF394,0.9266116517504774,-0.005701318411993246,DMSO,Ruxolitinib,0.9543576630026552,All age groups,op,Ruxolitinib,B
ZNF407,0.0015531847501290752,0.5943500087731337,DMSO,Ruxolitinib,0.005371430594196385,All age groups,op,Ruxolitinib,B
ZNF451,0.0265666473632043,0.405912222227163,DMSO,Ruxolitinib,0.050548539960740636,All age groups,op,Ruxolitinib,B
ZNF460,0.016992694168334835,0.5321941237160482,DMSO,Ruxolitinib,0.03585746481284215,All age groups,op,Ruxolitinib,B
ZNF511,0.004727978905855202,-0.831322873233408,DMSO,Ruxolitinib,0.012796377690847233,All age groups,op,Ruxolitinib,B
ZNF580,0.00028396221650999165,-0.3947402729729606,DMSO,Ruxolitinib,0.0011404289017901278,All age groups,op,Ruxolitinib,B
ZNF592,0.01858613052706216,0.6659883665121621,DMSO,Ruxolitinib,0.037625581310881936,All age groups,op,Ruxolitinib,B
ZNF608,0.017264104072308693,0.470312051333849,DMSO,Ruxolitinib,0.03612404969751987,All age groups,op,Ruxolitinib,B
ZNF609,0.5831470170196988,-0.049503986375896154,DMSO,Ruxolitinib,0.6691410471792858,All age groups,op,Ruxolitinib,B
ZNF639,2.7134477597285853e-07,0.43629469390903713,DMSO,Ruxolitinib,1.7780223478221518e-06,All age groups,op,Ruxolitinib,B
ZNF644,0.6126033966795345,-0.0965528557553519,DMSO,Ruxolitinib,0.6902183066660817,All age groups,op,Ruxolitinib,B
ZNF652,0.0047168080226868605,0.4213692917977667,DMSO,Ruxolitinib,0.012796377690847233,All age groups,op,Ruxolitinib,B
ZNF669,0.16904522959594392,0.25254676817891725,DMSO,Ruxolitinib,0.23001236158136631,All age groups,op,Ruxolitinib,B
ZNF708,0.038817588935891864,0.3831354190744964,DMSO,Ruxolitinib,0.06665916996577292,All age groups,op,Ruxolitinib,B
ZNF791,0.6519697038479538,0.07237505401867614,DMSO,Ruxolitinib,0.7183206029121262,All age groups,op,Ruxolitinib,B
ZNF800,0.3819989003517641,0.212875896423301,DMSO,Ruxolitinib,0.4755886309379463,All age groups,op,Ruxolitinib,B
