index,sum_by,cell_type,Major_CT_original,age,Major_CT,dataset,donor_id,well,condition,is_control,donor_age,bulk_group,perturbation_type,cell_count,CD16_NK_count,Classic_MONO_count,MAIT_count,Memory_B_count,Naive_B_count,NonClassic_MONO_count,Plasmablasts_B_count,Tcm_Naive_CD4_count,Tcm_Naive_CD8_count,Tem_Effector_CD4_count,Tem_Trm_CD8_count,Treg_count,donor_id_old,age_group,predicted_age,age_acceleration
1,_4-1BBL_Donor10_H5_CD4T,CD4T,CD4T,42,CD4T,parsebioscience,Donor 2,H5,4-1BBL,False,Donor 2- age: 42,4-1BBL_Donor 2_H5,cytokine,1718,0,0,0,0,0,0,0,652,0,999,0,67,Donor10,Young,5.139201964489381,-36.86079803551062
6,_4-1BBL_Donor11_H5_CD4T,CD4T,CD4T,46,CD4T,parsebioscience,Donor 3,H5,4-1BBL,False,Donor 3- age: 46,4-1BBL_Donor 3_H5,cytokine,1920,0,0,0,0,0,0,0,709,0,1148,0,63,Donor11,Young,-20.39777522661837,-66.39777522661836
11,_4-1BBL_Donor12_H5_CD4T,CD4T,CD4T,36,CD4T,parsebioscience,Donor 4,H5,4-1BBL,False,Donor 4- age: 36,4-1BBL_Donor 4_H5,cytokine,5147,0,0,0,0,0,0,0,1815,0,3174,0,158,Donor12,Young,-18.164102973494884,-54.164102973494884
16,_4-1BBL_Donor1_H5_CD4T,CD4T,CD4T,75,CD4T,parsebioscience,Donor 1,H5,4-1BBL,False,Donor 1- age: 75,4-1BBL_Donor 1_H5,cytokine,9895,0,0,0,0,0,0,0,3864,0,5709,0,322,Donor1,Old,23.743430561611518,-51.25656943838848
21,_4-1BBL_Donor2_H5_CD4T,CD4T,CD4T,34,CD4T,parsebioscience,Donor 5,H5,4-1BBL,False,Donor 5- age: 34,4-1BBL_Donor 5_H5,cytokine,3892,0,0,0,0,0,0,0,1138,0,2624,0,130,Donor2,Young,-16.4317683198882,-50.4317683198882
26,_4-1BBL_Donor3_H5_CD4T,CD4T,CD4T,68,CD4T,parsebioscience,Donor 6,H5,4-1BBL,False,Donor 6- age: 68,4-1BBL_Donor 6_H5,cytokine,2742,0,0,0,0,0,0,0,1324,0,1334,0,84,Donor3,Old,11.332511506707561,-56.66748849329244
31,_4-1BBL_Donor4_H5_CD4T,CD4T,CD4T,59,CD4T,parsebioscience,Donor 7,H5,4-1BBL,False,Donor 7- age: 59,4-1BBL_Donor 7_H5,cytokine,1516,0,0,0,0,0,0,0,728,0,737,0,51,Donor4,Old,-7.546117320646054,-66.54611732064606
36,_4-1BBL_Donor5_H5_CD4T,CD4T,CD4T,41,CD4T,parsebioscience,Donor 8,H5,4-1BBL,False,Donor 8- age: 41,4-1BBL_Donor 8_H5,cytokine,7892,0,0,0,0,0,0,0,3692,0,4007,0,193,Donor5,Young,-30.7268351173333,-71.72683511733331
41,_4-1BBL_Donor6_H5_CD4T,CD4T,CD4T,38,CD4T,parsebioscience,Donor 9,H5,4-1BBL,False,Donor 9- age: 38,4-1BBL_Donor 9_H5,cytokine,5040,0,0,0,0,0,0,0,2020,0,2789,0,231,Donor6,Young,-10.408689735355942,-48.40868973535594
46,_4-1BBL_Donor7_H5_CD4T,CD4T,CD4T,45,CD4T,parsebioscience,Donor 10,H5,4-1BBL,False,Donor 10- age: 45,4-1BBL_Donor 10_H5,cytokine,3452,0,0,0,0,0,0,0,1339,0,1925,0,188,Donor7,Young,-17.970653886675557,-62.97065388667556
51,_4-1BBL_Donor8_H5_CD4T,CD4T,CD4T,52,CD4T,parsebioscience,Donor 11,H5,4-1BBL,False,Donor 11- age: 52,4-1BBL_Donor 11_H5,cytokine,2947,0,0,0,0,0,0,0,776,0,2067,0,104,Donor8,Old,-0.9609960614979585,-52.96099606149796
56,_4-1BBL_Donor9_H5_CD4T,CD4T,CD4T,38,CD4T,parsebioscience,Donor 12,H5,4-1BBL,False,Donor 12- age: 38,4-1BBL_Donor 12_H5,cytokine,1654,0,0,0,0,0,0,0,647,0,963,0,44,Donor9,Young,-15.307966814593065,-53.307966814593065
61,_ADSF_Donor10_F6_CD4T,CD4T,CD4T,42,CD4T,parsebioscience,Donor 2,F6,ADSF,False,Donor 2- age: 42,ADSF_Donor 2_F6,cytokine,1705,0,0,0,0,0,0,0,807,0,823,0,75,Donor10,Young,-2.636885260419966,-44.636885260419966
66,_ADSF_Donor11_F6_CD4T,CD4T,CD4T,46,CD4T,parsebioscience,Donor 3,F6,ADSF,False,Donor 3- age: 46,ADSF_Donor 3_F6,cytokine,1684,0,0,0,0,0,0,0,650,0,961,0,73,Donor11,Young,-27.875761326332473,-73.87576132633248
71,_ADSF_Donor12_F6_CD4T,CD4T,CD4T,36,CD4T,parsebioscience,Donor 4,F6,ADSF,False,Donor 4- age: 36,ADSF_Donor 4_F6,cytokine,5317,0,0,0,0,0,0,0,1954,0,2710,0,653,Donor12,Young,-16.043934414288223,-52.04393441428822
76,_ADSF_Donor1_F6_CD4T,CD4T,CD4T,75,CD4T,parsebioscience,Donor 1,F6,ADSF,False,Donor 1- age: 75,ADSF_Donor 1_F6,cytokine,8563,0,0,0,0,0,0,0,4019,0,4214,0,330,Donor1,Old,12.616099776002258,-62.38390022399774
81,_ADSF_Donor2_F6_CD4T,CD4T,CD4T,34,CD4T,parsebioscience,Donor 5,F6,ADSF,False,Donor 5- age: 34,ADSF_Donor 5_F6,cytokine,4634,0,0,0,0,0,0,0,1645,0,2793,0,196,Donor2,Young,-19.85689683459092,-53.85689683459092
86,_ADSF_Donor3_F6_CD4T,CD4T,CD4T,68,CD4T,parsebioscience,Donor 6,F6,ADSF,False,Donor 6- age: 68,ADSF_Donor 6_F6,cytokine,3278,0,0,0,0,0,0,0,1759,0,1377,0,142,Donor3,Old,4.230241402997876,-63.769758597002124
91,_ADSF_Donor4_F6_CD4T,CD4T,CD4T,59,CD4T,parsebioscience,Donor 7,F6,ADSF,False,Donor 7- age: 59,ADSF_Donor 7_F6,cytokine,800,0,0,0,0,0,0,0,404,0,356,0,40,Donor4,Old,-10.357999579632015,-69.35799957963201
96,_ADSF_Donor5_F6_CD4T,CD4T,CD4T,41,CD4T,parsebioscience,Donor 8,F6,ADSF,False,Donor 8- age: 41,ADSF_Donor 8_F6,cytokine,7495,0,0,0,0,0,0,0,3707,0,3603,0,185,Donor5,Young,-33.32618186603677,-74.32618186603676
101,_ADSF_Donor6_F6_CD4T,CD4T,CD4T,38,CD4T,parsebioscience,Donor 9,F6,ADSF,False,Donor 9- age: 38,ADSF_Donor 9_F6,cytokine,4781,0,0,0,0,0,0,0,2075,0,2499,0,207,Donor6,Young,-17.448286562870585,-55.448286562870585
106,_ADSF_Donor7_F6_CD4T,CD4T,CD4T,45,CD4T,parsebioscience,Donor 10,F6,ADSF,False,Donor 10- age: 45,ADSF_Donor 10_F6,cytokine,4354,0,0,0,0,0,0,0,1987,0,2091,0,276,Donor7,Young,-14.620057413978635,-59.620057413978635
111,_ADSF_Donor8_F6_CD4T,CD4T,CD4T,52,CD4T,parsebioscience,Donor 11,F6,ADSF,False,Donor 11- age: 52,ADSF_Donor 11_F6,cytokine,3639,0,0,0,0,0,0,0,1068,0,2422,0,149,Donor8,Old,-6.906889404254535,-58.906889404254535
116,_ADSF_Donor9_F6_CD4T,CD4T,CD4T,38,CD4T,parsebioscience,Donor 12,F6,ADSF,False,Donor 12- age: 38,ADSF_Donor 12_F6,cytokine,1840,0,0,0,0,0,0,0,783,0,1002,0,55,Donor9,Young,-19.458078068304665,-57.458078068304665
121,_APRIL_Donor10_C1_CD4T,CD4T,CD4T,42,CD4T,parsebioscience,Donor 2,C1,APRIL,False,Donor 2- age: 42,APRIL_Donor 2_C1,cytokine,1208,0,0,0,0,0,0,0,441,0,717,0,50,Donor10,Young,-2.7268289590955774,-44.72682895909558
126,_APRIL_Donor11_C1_CD4T,CD4T,CD4T,46,CD4T,parsebioscience,Donor 3,C1,APRIL,False,Donor 3- age: 46,APRIL_Donor 3_C1,cytokine,1498,0,0,0,0,0,0,0,679,0,767,0,52,Donor11,Young,-21.805141994084757,-67.80514199408475
131,_APRIL_Donor12_C1_CD4T,CD4T,CD4T,36,CD4T,parsebioscience,Donor 4,C1,APRIL,False,Donor 4- age: 36,APRIL_Donor 4_C1,cytokine,2803,0,0,0,0,0,0,0,1202,0,1509,0,92,Donor12,Young,-18.147281971465766,-54.147281971465766
136,_APRIL_Donor1_C1_CD4T,CD4T,CD4T,75,CD4T,parsebioscience,Donor 1,C1,APRIL,False,Donor 1- age: 75,APRIL_Donor 1_C1,cytokine,3561,0,0,0,0,0,0,0,1489,0,1940,0,132,Donor1,Old,18.667759069537,-56.332240930463
141,_APRIL_Donor2_C1_CD4T,CD4T,CD4T,34,CD4T,parsebioscience,Donor 5,C1,APRIL,False,Donor 5- age: 34,APRIL_Donor 5_C1,cytokine,1397,0,0,0,0,0,0,0,506,0,844,0,47,Donor2,Young,-15.588312857870058,-49.58831285787006
146,_APRIL_Donor3_C1_CD4T,CD4T,CD4T,68,CD4T,parsebioscience,Donor 6,C1,APRIL,False,Donor 6- age: 68,APRIL_Donor 6_C1,cytokine,2205,0,0,0,0,0,0,0,1198,0,899,0,108,Donor3,Old,7.417390160879307,-60.58260983912069
151,_APRIL_Donor4_C1_CD4T,CD4T,CD4T,59,CD4T,parsebioscience,Donor 7,C1,APRIL,False,Donor 7- age: 59,APRIL_Donor 7_C1,cytokine,487,0,0,0,0,0,0,0,232,0,236,0,19,Donor4,Old,-12.760757647172007,-71.760757647172
156,_APRIL_Donor5_C1_CD4T,CD4T,CD4T,41,CD4T,parsebioscience,Donor 8,C1,APRIL,False,Donor 8- age: 41,APRIL_Donor 8_C1,cytokine,4474,0,0,0,0,0,0,0,2145,0,2197,0,132,Donor5,Young,-28.869475243063626,-69.86947524306362
161,_APRIL_Donor6_C1_CD4T,CD4T,CD4T,38,CD4T,parsebioscience,Donor 9,C1,APRIL,False,Donor 9- age: 38,APRIL_Donor 9_C1,cytokine,6420,0,0,0,0,0,0,0,2541,0,3569,0,310,Donor6,Young,-10.348034667487092,-48.34803466748709
166,_APRIL_Donor7_C1_CD4T,CD4T,CD4T,45,CD4T,parsebioscience,Donor 10,C1,APRIL,False,Donor 10- age: 45,APRIL_Donor 10_C1,cytokine,3415,0,0,0,0,0,0,0,1242,0,1993,0,180,Donor7,Young,-16.297057836364466,-61.297057836364466
171,_APRIL_Donor8_C1_CD4T,CD4T,CD4T,52,CD4T,parsebioscience,Donor 11,C1,APRIL,False,Donor 11- age: 52,APRIL_Donor 11_C1,cytokine,1595,0,0,0,0,0,0,0,454,0,1075,0,66,Donor8,Old,-5.164882944265322,-57.16488294426532
176,_APRIL_Donor9_C1_CD4T,CD4T,CD4T,38,CD4T,parsebioscience,Donor 12,C1,APRIL,False,Donor 12- age: 38,APRIL_Donor 12_C1,cytokine,1957,0,0,0,0,0,0,0,775,0,1131,0,51,Donor9,Young,-20.861022921651518,-58.86102292165152
181,_BAFF_Donor10_D1_CD4T,CD4T,CD4T,42,CD4T,parsebioscience,Donor 2,D1,BAFF,False,Donor 2- age: 42,BAFF_Donor 2_D1,cytokine,1036,0,0,0,0,0,0,0,466,0,527,0,43,Donor10,Young,-2.21485132108144,-44.21485132108144
186,_BAFF_Donor11_D1_CD4T,CD4T,CD4T,46,CD4T,parsebioscience,Donor 3,D1,BAFF,False,Donor 3- age: 46,BAFF_Donor 3_D1,cytokine,1882,0,0,0,0,0,0,0,834,0,984,0,64,Donor11,Young,-19.70601310632201,-65.70601310632202
191,_BAFF_Donor12_D1_CD4T,CD4T,CD4T,36,CD4T,parsebioscience,Donor 4,D1,BAFF,False,Donor 4- age: 36,BAFF_Donor 4_D1,cytokine,3755,0,0,0,0,0,0,0,1485,0,2151,0,119,Donor12,Young,-14.90328696262332,-50.90328696262332
196,_BAFF_Donor1_D1_CD4T,CD4T,CD4T,75,CD4T,parsebioscience,Donor 1,D1,BAFF,False,Donor 1- age: 75,BAFF_Donor 1_D1,cytokine,5185,0,0,0,0,0,0,0,2535,0,2435,0,215,Donor1,Old,15.735593892568659,-59.26440610743134
201,_BAFF_Donor2_D1_CD4T,CD4T,CD4T,34,CD4T,parsebioscience,Donor 5,D1,BAFF,False,Donor 5- age: 34,BAFF_Donor 5_D1,cytokine,1462,0,0,0,0,0,0,0,531,0,884,0,47,Donor2,Young,-19.067857521173373,-53.06785752117337
206,_BAFF_Donor3_D1_CD4T,CD4T,CD4T,68,CD4T,parsebioscience,Donor 6,D1,BAFF,False,Donor 6- age: 68,BAFF_Donor 6_D1,cytokine,2120,0,0,0,0,0,0,0,1129,0,879,0,112,Donor3,Old,6.29294761430441,-61.70705238569559
211,_BAFF_Donor4_D1_CD4T,CD4T,CD4T,59,CD4T,parsebioscience,Donor 7,D1,BAFF,False,Donor 7- age: 59,BAFF_Donor 7_D1,cytokine,441,0,0,0,0,0,0,0,228,0,197,0,16,Donor4,Old,-8.474181733643867,-67.47418173364386
216,_BAFF_Donor5_D1_CD4T,CD4T,CD4T,41,CD4T,parsebioscience,Donor 8,D1,BAFF,False,Donor 8- age: 41,BAFF_Donor 8_D1,cytokine,3983,0,0,0,0,0,0,0,2168,0,1707,0,108,Donor5,Young,-34.9795628793758,-75.9795628793758
221,_BAFF_Donor6_D1_CD4T,CD4T,CD4T,38,CD4T,parsebioscience,Donor 9,D1,BAFF,False,Donor 9- age: 38,BAFF_Donor 9_D1,cytokine,5286,0,0,0,0,0,0,0,1949,0,3114,0,223,Donor6,Young,-6.630405018470604,-44.630405018470604
226,_BAFF_Donor7_D1_CD4T,CD4T,CD4T,45,CD4T,parsebioscience,Donor 10,D1,BAFF,False,Donor 10- age: 45,BAFF_Donor 10_D1,cytokine,4534,0,0,0,0,0,0,0,1767,0,2520,0,247,Donor7,Young,-14.792807217345448,-59.79280721734545
231,_BAFF_Donor8_D1_CD4T,CD4T,CD4T,52,CD4T,parsebioscience,Donor 11,D1,BAFF,False,Donor 11- age: 52,BAFF_Donor 11_D1,cytokine,1907,0,0,0,0,0,0,0,523,0,1322,0,62,Donor8,Old,-5.546466802439305,-57.546466802439305
236,_BAFF_Donor9_D1_CD4T,CD4T,CD4T,38,CD4T,parsebioscience,Donor 12,D1,BAFF,False,Donor 12- age: 38,BAFF_Donor 12_D1,cytokine,2274,0,0,0,0,0,0,0,829,0,1372,0,73,Donor9,Young,-17.03980857134112,-55.03980857134112
241,_C3a_Donor10_E4_CD4T,CD4T,CD4T,42,CD4T,parsebioscience,Donor 2,E4,C3a,False,Donor 2- age: 42,C3a_Donor 2_E4,cytokine,1444,0,0,0,0,0,0,0,559,0,836,0,49,Donor10,Young,-3.062275689462183,-45.06227568946218
246,_C3a_Donor11_E4_CD4T,CD4T,CD4T,46,CD4T,parsebioscience,Donor 3,E4,C3a,False,Donor 3- age: 46,C3a_Donor 3_E4,cytokine,1698,0,0,0,0,0,0,0,491,0,1167,0,40,Donor11,Young,-23.720591849339648,-69.72059184933966
251,_C3a_Donor12_E4_CD4T,CD4T,CD4T,36,CD4T,parsebioscience,Donor 4,E4,C3a,False,Donor 4- age: 36,C3a_Donor 4_E4,cytokine,4133,0,0,0,0,0,0,0,1301,0,2592,0,240,Donor12,Young,-18.295268956580664,-54.295268956580664
256,_C3a_Donor1_E4_CD4T,CD4T,CD4T,75,CD4T,parsebioscience,Donor 1,E4,C3a,False,Donor 1- age: 75,C3a_Donor 1_E4,cytokine,5729,0,0,0,0,0,0,0,2325,0,3212,0,192,Donor1,Old,14.624884804121407,-60.37511519587859
261,_C3a_Donor2_E4_CD4T,CD4T,CD4T,34,CD4T,parsebioscience,Donor 5,E4,C3a,False,Donor 5- age: 34,C3a_Donor 5_E4,cytokine,3312,0,0,0,0,0,0,0,1004,0,2206,0,102,Donor2,Young,-19.350246284234267,-53.35024628423427
266,_C3a_Donor3_E4_CD4T,CD4T,CD4T,68,CD4T,parsebioscience,Donor 6,E4,C3a,False,Donor 6- age: 68,C3a_Donor 6_E4,cytokine,2532,0,0,0,0,0,0,0,1209,0,1231,0,92,Donor3,Old,9.168393785582701,-58.8316062144173
271,_C3a_Donor4_E4_CD4T,CD4T,CD4T,59,CD4T,parsebioscience,Donor 7,E4,C3a,False,Donor 7- age: 59,C3a_Donor 7_E4,cytokine,509,0,0,0,0,0,0,0,265,0,220,0,24,Donor4,Old,-2.8458166421263513,-61.84581664212635
276,_C3a_Donor5_E4_CD4T,CD4T,CD4T,41,CD4T,parsebioscience,Donor 8,E4,C3a,False,Donor 8- age: 41,C3a_Donor 8_E4,cytokine,4658,0,0,0,0,0,0,0,2106,0,2457,0,95,Donor5,Young,-33.09029677382605,-74.09029677382605
281,_C3a_Donor6_E4_CD4T,CD4T,CD4T,38,CD4T,parsebioscience,Donor 9,E4,C3a,False,Donor 9- age: 38,C3a_Donor 9_E4,cytokine,4837,0,0,0,0,0,0,0,1682,0,2955,0,200,Donor6,Young,-11.139160939636973,-49.13916093963697
286,_C3a_Donor7_E4_CD4T,CD4T,CD4T,45,CD4T,parsebioscience,Donor 10,E4,C3a,False,Donor 10- age: 45,C3a_Donor 10_E4,cytokine,3446,0,0,0,0,0,0,0,1286,0,1979,0,181,Donor7,Young,-15.050320583255647,-60.05032058325565
291,_C3a_Donor8_E4_CD4T,CD4T,CD4T,52,CD4T,parsebioscience,Donor 11,E4,C3a,False,Donor 11- age: 52,C3a_Donor 11_E4,cytokine,3483,0,0,0,0,0,0,0,897,0,2453,0,133,Donor8,Old,-3.879294260640272,-55.87929426064027
296,_C3a_Donor9_E4_CD4T,CD4T,CD4T,38,CD4T,parsebioscience,Donor 12,E4,C3a,False,Donor 12- age: 38,C3a_Donor 12_E4,cytokine,2456,0,0,0,0,0,0,0,774,0,1610,0,72,Donor9,Young,-18.048671893063236,-56.048671893063236
301,_C5a_Donor10_H1_CD4T,CD4T,CD4T,42,CD4T,parsebioscience,Donor 2,H1,C5a,False,Donor 2- age: 42,C5a_Donor 2_H1,cytokine,1929,0,0,0,0,0,0,0,836,0,1028,0,65,Donor10,Young,0.2582008562949767,-41.74179914370502
306,_C5a_Donor11_H1_CD4T,CD4T,CD4T,46,CD4T,parsebioscience,Donor 3,H1,C5a,False,Donor 3- age: 46,C5a_Donor 3_H1,cytokine,1795,0,0,0,0,0,0,0,785,0,941,0,69,Donor11,Young,-20.00774595933219,-66.0077459593322
311,_C5a_Donor12_H1_CD4T,CD4T,CD4T,36,CD4T,parsebioscience,Donor 4,H1,C5a,False,Donor 4- age: 36,C5a_Donor 4_H1,cytokine,3142,0,0,0,0,0,0,0,1333,0,1716,0,93,Donor12,Young,-14.626367447118902,-50.6263674471189
316,_C5a_Donor1_H1_CD4T,CD4T,CD4T,75,CD4T,parsebioscience,Donor 1,H1,C5a,False,Donor 1- age: 75,C5a_Donor 1_H1,cytokine,4988,0,0,0,0,0,0,0,2496,0,2322,0,170,Donor1,Old,22.666177521699225,-52.333822478300775
321,_C5a_Donor2_H1_CD4T,CD4T,CD4T,34,CD4T,parsebioscience,Donor 5,H1,C5a,False,Donor 5- age: 34,C5a_Donor 5_H1,cytokine,2844,0,0,0,0,0,0,0,930,0,1819,0,95,Donor2,Young,-16.427405665802745,-50.427405665802745
326,_C5a_Donor3_H1_CD4T,CD4T,CD4T,68,CD4T,parsebioscience,Donor 6,H1,C5a,False,Donor 6- age: 68,C5a_Donor 6_H1,cytokine,1923,0,0,0,0,0,0,0,939,0,894,0,90,Donor3,Old,13.854418592087526,-54.14558140791247
331,_C5a_Donor4_H1_CD4T,CD4T,CD4T,59,CD4T,parsebioscience,Donor 7,H1,C5a,False,Donor 7- age: 59,C5a_Donor 7_H1,cytokine,506,0,0,0,0,0,0,0,270,0,209,0,27,Donor4,Old,-20.59473849322054,-79.59473849322055
336,_C5a_Donor5_H1_CD4T,CD4T,CD4T,41,CD4T,parsebioscience,Donor 8,H1,C5a,False,Donor 8- age: 41,C5a_Donor 8_H1,cytokine,6080,0,0,0,0,0,0,0,3364,0,2558,0,158,Donor5,Young,-34.459172337701325,-75.45917233770132
341,_C5a_Donor6_H1_CD4T,CD4T,CD4T,38,CD4T,parsebioscience,Donor 9,H1,C5a,False,Donor 9- age: 38,C5a_Donor 9_H1,cytokine,2986,0,0,0,0,0,0,0,1206,0,1672,0,108,Donor6,Young,-7.54053348265861,-45.54053348265861
346,_C5a_Donor7_H1_CD4T,CD4T,CD4T,45,CD4T,parsebioscience,Donor 10,H1,C5a,False,Donor 10- age: 45,C5a_Donor 10_H1,cytokine,3614,0,0,0,0,0,0,0,1451,0,1983,0,180,Donor7,Young,-9.214817381561822,-54.21481738156182
351,_C5a_Donor8_H1_CD4T,CD4T,CD4T,52,CD4T,parsebioscience,Donor 11,H1,C5a,False,Donor 11- age: 52,C5a_Donor 11_H1,cytokine,2647,0,0,0,0,0,0,0,802,0,1745,0,100,Donor8,Old,-3.6528157015054816,-55.65281570150548
356,_C5a_Donor9_H1_CD4T,CD4T,CD4T,38,CD4T,parsebioscience,Donor 12,H1,C5a,False,Donor 12- age: 38,C5a_Donor 12_H1,cytokine,1879,0,0,0,0,0,0,0,770,0,1056,0,53,Donor9,Young,-13.685540481541274,-51.685540481541274
361,_CD27L_Donor10_D6_CD4T,CD4T,CD4T,42,CD4T,parsebioscience,Donor 2,D6,CD27L,False,Donor 2- age: 42,CD27L_Donor 2_D6,cytokine,1635,0,0,0,0,0,0,0,677,0,885,0,73,Donor10,Young,-7.69134934023662,-49.69134934023662
366,_CD27L_Donor11_D6_CD4T,CD4T,CD4T,46,CD4T,parsebioscience,Donor 3,D6,CD27L,False,Donor 3- age: 46,CD27L_Donor 3_D6,cytokine,1505,0,0,0,0,0,0,0,572,0,879,0,54,Donor11,Young,-29.179066451713133,-75.17906645171314
371,_CD27L_Donor12_D6_CD4T,CD4T,CD4T,36,CD4T,parsebioscience,Donor 4,D6,CD27L,False,Donor 4- age: 36,CD27L_Donor 4_D6,cytokine,5598,0,0,0,0,0,0,0,1962,0,3448,0,188,Donor12,Young,-19.419063463632305,-55.419063463632305
376,_CD27L_Donor1_D6_CD4T,CD4T,CD4T,75,CD4T,parsebioscience,Donor 1,D6,CD27L,False,Donor 1- age: 75,CD27L_Donor 1_D6,cytokine,8726,0,0,0,0,0,0,0,3708,0,4709,0,309,Donor1,Old,18.677699465458417,-56.32230053454158
381,_CD27L_Donor2_D6_CD4T,CD4T,CD4T,34,CD4T,parsebioscience,Donor 5,D6,CD27L,False,Donor 5- age: 34,CD27L_Donor 5_D6,cytokine,4375,0,0,0,0,0,0,0,1305,0,2933,0,137,Donor2,Young,-16.24332033099511,-50.24332033099511
386,_CD27L_Donor3_D6_CD4T,CD4T,CD4T,68,CD4T,parsebioscience,Donor 6,D6,CD27L,False,Donor 6- age: 68,CD27L_Donor 6_D6,cytokine,4547,0,0,0,0,0,0,0,1928,0,2405,0,214,Donor3,Old,7.947966362847346,-60.052033637152654
391,_CD27L_Donor4_D6_CD4T,CD4T,CD4T,59,CD4T,parsebioscience,Donor 7,D6,CD27L,False,Donor 7- age: 59,CD27L_Donor 7_D6,cytokine,1192,0,0,0,0,0,0,0,567,0,577,0,48,Donor4,Old,-11.168459423099826,-70.16845942309982
396,_CD27L_Donor5_D6_CD4T,CD4T,CD4T,41,CD4T,parsebioscience,Donor 8,D6,CD27L,False,Donor 8- age: 41,CD27L_Donor 8_D6,cytokine,7114,0,0,0,0,0,0,0,3518,0,3382,0,214,Donor5,Young,-32.812082010075194,-73.81208201007519
401,_CD27L_Donor6_D6_CD4T,CD4T,CD4T,38,CD4T,parsebioscience,Donor 9,D6,CD27L,False,Donor 9- age: 38,CD27L_Donor 9_D6,cytokine,4645,0,0,0,0,0,0,0,1868,0,2552,0,225,Donor6,Young,-10.23484514912851,-48.23484514912851
406,_CD27L_Donor7_D6_CD4T,CD4T,CD4T,45,CD4T,parsebioscience,Donor 10,D6,CD27L,False,Donor 10- age: 45,CD27L_Donor 10_D6,cytokine,4114,0,0,0,0,0,0,0,1412,0,2511,0,191,Donor7,Young,-18.951222905032104,-63.951222905032104
411,_CD27L_Donor8_D6_CD4T,CD4T,CD4T,52,CD4T,parsebioscience,Donor 11,D6,CD27L,False,Donor 11- age: 52,CD27L_Donor 11_D6,cytokine,3273,0,0,0,0,0,0,0,847,0,2291,0,135,Donor8,Old,-5.718964743450734,-57.718964743450734
416,_CD27L_Donor9_D6_CD4T,CD4T,CD4T,38,CD4T,parsebioscience,Donor 12,D6,CD27L,False,Donor 12- age: 38,CD27L_Donor 12_D6,cytokine,2637,0,0,0,0,0,0,0,868,0,1679,0,90,Donor9,Young,-15.97920594390255,-53.97920594390255
421,_CD30L_Donor10_D7_CD4T,CD4T,CD4T,42,CD4T,parsebioscience,Donor 2,D7,CD30L,False,Donor 2- age: 42,CD30L_Donor 2_D7,cytokine,1761,0,0,0,0,0,0,0,853,0,831,0,77,Donor10,Young,-0.25789468826849316,-42.25789468826849
426,_CD30L_Donor11_D7_CD4T,CD4T,CD4T,46,CD4T,parsebioscience,Donor 3,D7,CD30L,False,Donor 3- age: 46,CD30L_Donor 3_D7,cytokine,1544,0,0,0,0,0,0,0,698,0,793,0,53,Donor11,Young,-21.780455368094813,-67.7804553680948
431,_CD30L_Donor12_D7_CD4T,CD4T,CD4T,36,CD4T,parsebioscience,Donor 4,D7,CD30L,False,Donor 4- age: 36,CD30L_Donor 4_D7,cytokine,4984,0,0,0,0,0,0,0,2010,0,2770,0,204,Donor12,Young,-17.809726915695315,-53.809726915695315
436,_CD30L_Donor1_D7_CD4T,CD4T,CD4T,75,CD4T,parsebioscience,Donor 1,D7,CD30L,False,Donor 1- age: 75,CD30L_Donor 1_D7,cytokine,6792,0,0,0,0,0,0,0,3147,0,3388,0,257,Donor1,Old,10.747099994258335,-64.25290000574167
441,_CD30L_Donor2_D7_CD4T,CD4T,CD4T,34,CD4T,parsebioscience,Donor 5,D7,CD30L,False,Donor 5- age: 34,CD30L_Donor 5_D7,cytokine,3456,0,0,0,0,0,0,0,1351,0,1968,0,137,Donor2,Young,-19.403727305161034,-53.403727305161034
446,_CD30L_Donor3_D7_CD4T,CD4T,CD4T,68,CD4T,parsebioscience,Donor 6,D7,CD30L,False,Donor 6- age: 68,CD30L_Donor 6_D7,cytokine,3792,0,0,0,0,0,0,0,1890,0,1738,0,164,Donor3,Old,8.43218414639334,-59.56781585360666
451,_CD30L_Donor4_D7_CD4T,CD4T,CD4T,59,CD4T,parsebioscience,Donor 7,D7,CD30L,False,Donor 7- age: 59,CD30L_Donor 7_D7,cytokine,824,0,0,0,0,0,0,0,438,0,345,0,41,Donor4,Old,-5.16458619873611,-64.16458619873612
456,_CD30L_Donor5_D7_CD4T,CD4T,CD4T,41,CD4T,parsebioscience,Donor 8,D7,CD30L,False,Donor 8- age: 41,CD30L_Donor 8_D7,cytokine,8301,0,0,0,0,0,0,0,4399,0,3675,0,227,Donor5,Young,-37.42684167597668,-78.42684167597668
461,_CD30L_Donor6_D7_CD4T,CD4T,CD4T,38,CD4T,parsebioscience,Donor 9,D7,CD30L,False,Donor 9- age: 38,CD30L_Donor 9_D7,cytokine,5510,0,0,0,0,0,0,0,2445,0,2775,0,290,Donor6,Young,-11.229814547896929,-49.22981454789693
466,_CD30L_Donor7_D7_CD4T,CD4T,CD4T,45,CD4T,parsebioscience,Donor 10,D7,CD30L,False,Donor 10- age: 45,CD30L_Donor 10_D7,cytokine,2823,0,0,0,0,0,0,0,1318,0,1308,0,197,Donor7,Young,-21.667975602051875,-66.66797560205188
471,_CD30L_Donor8_D7_CD4T,CD4T,CD4T,52,CD4T,parsebioscience,Donor 11,D7,CD30L,False,Donor 11- age: 52,CD30L_Donor 11_D7,cytokine,2630,0,0,0,0,0,0,0,762,0,1728,0,140,Donor8,Old,-4.378192860155799,-56.3781928601558
476,_CD30L_Donor9_D7_CD4T,CD4T,CD4T,38,CD4T,parsebioscience,Donor 12,D7,CD30L,False,Donor 12- age: 38,CD30L_Donor 12_D7,cytokine,2736,0,0,0,0,0,0,0,1130,0,1509,0,97,Donor9,Young,-18.30589972181152,-56.30589972181152
481,_CD40L_Donor10_B1_CD4T,CD4T,CD4T,42,CD4T,parsebioscience,Donor 2,B1,CD40L,False,Donor 2- age: 42,CD40L_Donor 2_B1,cytokine,2316,0,0,0,0,0,0,0,888,0,1333,0,95,Donor10,Young,4.8569609574067485,-37.14303904259325
486,_CD40L_Donor11_B1_CD4T,CD4T,CD4T,46,CD4T,parsebioscience,Donor 3,B1,CD40L,False,Donor 3- age: 46,CD40L_Donor 3_B1,cytokine,1967,0,0,0,0,0,0,0,708,0,1199,0,60,Donor11,Young,-18.54701216813543,-64.54701216813544
491,_CD40L_Donor12_B1_CD4T,CD4T,CD4T,36,CD4T,parsebioscience,Donor 4,B1,CD40L,False,Donor 4- age: 36,CD40L_Donor 4_B1,cytokine,5057,0,0,0,0,0,0,0,1863,0,2919,0,275,Donor12,Young,-10.85315106018259,-46.85315106018259
496,_CD40L_Donor1_B1_CD4T,CD4T,CD4T,75,CD4T,parsebioscience,Donor 1,B1,CD40L,False,Donor 1- age: 75,CD40L_Donor 1_B1,cytokine,4761,0,0,0,0,0,0,0,2427,0,2139,0,195,Donor1,Old,23.15146959632385,-51.84853040367615
501,_CD40L_Donor2_B1_CD4T,CD4T,CD4T,34,CD4T,parsebioscience,Donor 5,B1,CD40L,False,Donor 5- age: 34,CD40L_Donor 5_B1,cytokine,2612,0,0,0,0,0,0,0,948,0,1546,0,118,Donor2,Young,-18.407137204995912,-52.40713720499591
506,_CD40L_Donor3_B1_CD4T,CD4T,CD4T,68,CD4T,parsebioscience,Donor 6,B1,CD40L,False,Donor 6- age: 68,CD40L_Donor 6_B1,cytokine,2496,0,0,0,0,0,0,0,1152,0,1223,0,121,Donor3,Old,10.697151622380723,-57.30284837761928
511,_CD40L_Donor4_B1_CD4T,CD4T,CD4T,59,CD4T,parsebioscience,Donor 7,B1,CD40L,False,Donor 7- age: 59,CD40L_Donor 7_B1,cytokine,551,0,0,0,0,0,0,0,218,0,320,0,13,Donor4,Old,-1.2925543169740976,-60.2925543169741
516,_CD40L_Donor5_B1_CD4T,CD4T,CD4T,41,CD4T,parsebioscience,Donor 8,B1,CD40L,False,Donor 8- age: 41,CD40L_Donor 8_B1,cytokine,5794,0,0,0,0,0,0,0,3083,0,2515,0,196,Donor5,Young,-31.36035576790531,-72.3603557679053
521,_CD40L_Donor6_B1_CD4T,CD4T,CD4T,38,CD4T,parsebioscience,Donor 9,B1,CD40L,False,Donor 9- age: 38,CD40L_Donor 9_B1,cytokine,4900,0,0,0,0,0,0,0,2034,0,2610,0,256,Donor6,Young,-8.165676719818258,-46.16567671981826
526,_CD40L_Donor7_B1_CD4T,CD4T,CD4T,45,CD4T,parsebioscience,Donor 10,B1,CD40L,False,Donor 10- age: 45,CD40L_Donor 10_B1,cytokine,3143,0,0,0,0,0,0,0,1175,0,1794,0,174,Donor7,Young,-17.196881668323307,-62.19688166832331
531,_CD40L_Donor8_B1_CD4T,CD4T,CD4T,52,CD4T,parsebioscience,Donor 11,B1,CD40L,False,Donor 11- age: 52,CD40L_Donor 11_B1,cytokine,1859,0,0,0,0,0,0,0,500,0,1286,0,73,Donor8,Old,-2.266188829487625,-54.266188829487625
536,_CD40L_Donor9_B1_CD4T,CD4T,CD4T,38,CD4T,parsebioscience,Donor 12,B1,CD40L,False,Donor 12- age: 38,CD40L_Donor 12_B1,cytokine,1785,0,0,0,0,0,0,0,699,0,1018,0,68,Donor9,Young,-10.557900861872845,-48.557900861872845
541,_CT-1_Donor10_B7_CD4T,CD4T,CD4T,42,CD4T,parsebioscience,Donor 2,B7,CT-1,False,Donor 2- age: 42,CT-1_Donor 2_B7,cytokine,2279,0,0,0,0,0,0,0,1149,0,1014,0,116,Donor10,Young,0.39836257125243435,-41.601637428747566
546,_CT-1_Donor11_B7_CD4T,CD4T,CD4T,46,CD4T,parsebioscience,Donor 3,B7,CT-1,False,Donor 3- age: 46,CT-1_Donor 3_B7,cytokine,1783,0,0,0,0,0,0,0,650,0,1054,0,79,Donor11,Young,-16.380232866822958,-62.38023286682296
551,_CT-1_Donor12_B7_CD4T,CD4T,CD4T,36,CD4T,parsebioscience,Donor 4,B7,CT-1,False,Donor 4- age: 36,CT-1_Donor 4_B7,cytokine,6332,0,0,0,0,0,0,0,2598,0,3541,0,193,Donor12,Young,-11.60668801129082,-47.60668801129082
556,_CT-1_Donor1_B7_CD4T,CD4T,CD4T,75,CD4T,parsebioscience,Donor 1,B7,CT-1,False,Donor 1- age: 75,CT-1_Donor 1_B7,cytokine,15876,0,0,0,0,0,0,0,7962,0,7300,0,614,Donor1,Old,17.365312816536054,-57.634687183463946
561,_CT-1_Donor2_B7_CD4T,CD4T,CD4T,34,CD4T,parsebioscience,Donor 5,B7,CT-1,False,Donor 5- age: 34,CT-1_Donor 5_B7,cytokine,1928,0,0,0,0,0,0,0,718,0,1129,0,81,Donor2,Young,-12.12956404119577,-46.12956404119577
566,_CT-1_Donor3_B7_CD4T,CD4T,CD4T,68,CD4T,parsebioscience,Donor 6,B7,CT-1,False,Donor 6- age: 68,CT-1_Donor 6_B7,cytokine,4012,0,0,0,0,0,0,0,2025,0,1825,0,162,Donor3,Old,10.792086929586645,-57.207913070413355
571,_CT-1_Donor4_B7_CD4T,CD4T,CD4T,59,CD4T,parsebioscience,Donor 7,B7,CT-1,False,Donor 7- age: 59,CT-1_Donor 7_B7,cytokine,751,0,0,0,0,0,0,0,393,0,331,0,27,Donor4,Old,-8.251281173919445,-67.25128117391944
576,_CT-1_Donor5_B7_CD4T,CD4T,CD4T,41,CD4T,parsebioscience,Donor 8,B7,CT-1,False,Donor 8- age: 41,CT-1_Donor 8_B7,cytokine,7313,0,0,0,0,0,0,0,4011,0,3082,0,220,Donor5,Young,-30.245372859094438,-71.24537285909443
581,_CT-1_Donor6_B7_CD4T,CD4T,CD4T,38,CD4T,parsebioscience,Donor 9,B7,CT-1,False,Donor 9- age: 38,CT-1_Donor 9_B7,cytokine,7944,0,0,0,0,0,0,0,3472,0,4083,0,389,Donor6,Young,-8.144419437871882,-46.14441943787188
586,_CT-1_Donor7_B7_CD4T,CD4T,CD4T,45,CD4T,parsebioscience,Donor 10,B7,CT-1,False,Donor 10- age: 45,CT-1_Donor 10_B7,cytokine,4918,0,0,0,0,0,0,0,1951,0,2681,0,286,Donor7,Young,-9.038702724643308,-54.03870272464331
591,_CT-1_Donor8_B7_CD4T,CD4T,CD4T,52,CD4T,parsebioscience,Donor 11,B7,CT-1,False,Donor 11- age: 52,CT-1_Donor 11_B7,cytokine,4307,0,0,0,0,0,0,0,1313,0,2805,0,189,Donor8,Old,-3.4772649167413263,-55.477264916741326
596,_CT-1_Donor9_B7_CD4T,CD4T,CD4T,38,CD4T,parsebioscience,Donor 12,B7,CT-1,False,Donor 12- age: 38,CT-1_Donor 12_B7,cytokine,4019,0,0,0,0,0,0,0,1761,0,2112,0,146,Donor9,Young,-13.083255560616173,-51.08325556061617
601,_Decorin_Donor10_F8_CD4T,CD4T,CD4T,42,CD4T,parsebioscience,Donor 2,F8,Decorin,False,Donor 2- age: 42,Decorin_Donor 2_F8,cytokine,1582,0,0,0,0,0,0,0,672,0,849,0,61,Donor10,Young,-4.020317209972184,-46.020317209972184
606,_Decorin_Donor11_F8_CD4T,CD4T,CD4T,46,CD4T,parsebioscience,Donor 3,F8,Decorin,False,Donor 3- age: 46,Decorin_Donor 3_F8,cytokine,2054,0,0,0,0,0,0,0,864,0,1122,0,68,Donor11,Young,-21.11735728583225,-67.11735728583224
611,_Decorin_Donor12_F8_CD4T,CD4T,CD4T,36,CD4T,parsebioscience,Donor 4,F8,Decorin,False,Donor 4- age: 36,Decorin_Donor 4_F8,cytokine,5267,0,0,0,0,0,0,0,1871,0,3273,0,123,Donor12,Young,-17.20315740216177,-53.20315740216177
616,_Decorin_Donor1_F8_CD4T,CD4T,CD4T,75,CD4T,parsebioscience,Donor 1,F8,Decorin,False,Donor 1- age: 75,Decorin_Donor 1_F8,cytokine,6168,0,0,0,0,0,0,0,2660,0,3286,0,222,Donor1,Old,15.409220783197412,-59.59077921680259
621,_Decorin_Donor2_F8_CD4T,CD4T,CD4T,34,CD4T,parsebioscience,Donor 5,F8,Decorin,False,Donor 5- age: 34,Decorin_Donor 5_F8,cytokine,3494,0,0,0,0,0,0,0,1147,0,2219,0,128,Donor2,Young,-15.64137616288398,-49.64137616288398
626,_Decorin_Donor3_F8_CD4T,CD4T,CD4T,68,CD4T,parsebioscience,Donor 6,F8,Decorin,False,Donor 6- age: 68,Decorin_Donor 6_F8,cytokine,3452,0,0,0,0,0,0,0,1750,0,1562,0,140,Donor3,Old,8.177659627860045,-59.822340372139955
631,_Decorin_Donor4_F8_CD4T,CD4T,CD4T,59,CD4T,parsebioscience,Donor 7,F8,Decorin,False,Donor 7- age: 59,Decorin_Donor 7_F8,cytokine,829,0,0,0,0,0,0,0,409,0,382,0,38,Donor4,Old,-9.110687604312965,-68.11068760431297
636,_Decorin_Donor5_F8_CD4T,CD4T,CD4T,41,CD4T,parsebioscience,Donor 8,F8,Decorin,False,Donor 8- age: 41,Decorin_Donor 8_F8,cytokine,9042,0,0,0,0,0,0,0,4585,0,4189,0,268,Donor5,Young,-32.72615777359069,-73.7261577735907
641,_Decorin_Donor6_F8_CD4T,CD4T,CD4T,38,CD4T,parsebioscience,Donor 9,F8,Decorin,False,Donor 9- age: 38,Decorin_Donor 9_F8,cytokine,4747,0,0,0,0,0,0,0,2121,0,2404,0,222,Donor6,Young,-9.970561799782793,-47.97056179978279
646,_Decorin_Donor7_F8_CD4T,CD4T,CD4T,45,CD4T,parsebioscience,Donor 10,F8,Decorin,False,Donor 10- age: 45,Decorin_Donor 10_F8,cytokine,3223,0,0,0,0,0,0,0,1410,0,1588,0,225,Donor7,Young,-17.96124927137938,-62.96124927137938
651,_Decorin_Donor8_F8_CD4T,CD4T,CD4T,52,CD4T,parsebioscience,Donor 11,F8,Decorin,False,Donor 11- age: 52,Decorin_Donor 11_F8,cytokine,3028,0,0,0,0,0,0,0,866,0,2036,0,126,Donor8,Old,-3.3420638293041023,-55.3420638293041
656,_Decorin_Donor9_F8_CD4T,CD4T,CD4T,38,CD4T,parsebioscience,Donor 12,F8,Decorin,False,Donor 12- age: 38,Decorin_Donor 12_F8,cytokine,1926,0,0,0,0,0,0,0,813,0,1045,0,68,Donor9,Young,-14.984597344495448,-52.98459734449545
661,_EGF_Donor10_E9_CD4T,CD4T,CD4T,42,CD4T,parsebioscience,Donor 2,E9,EGF,False,Donor 2- age: 42,EGF_Donor 2_E9,cytokine,1755,0,0,0,0,0,0,0,828,0,860,0,67,Donor10,Young,-0.7112199364311635,-42.71121993643116
666,_EGF_Donor11_E9_CD4T,CD4T,CD4T,46,CD4T,parsebioscience,Donor 3,E9,EGF,False,Donor 3- age: 46,EGF_Donor 3_E9,cytokine,1855,0,0,0,0,0,0,0,640,0,1163,0,52,Donor11,Young,-26.21118094329288,-72.21118094329287
671,_EGF_Donor12_E9_CD4T,CD4T,CD4T,36,CD4T,parsebioscience,Donor 4,E9,EGF,False,Donor 4- age: 36,EGF_Donor 4_E9,cytokine,5871,0,0,0,0,0,0,0,2355,0,3357,0,159,Donor12,Young,-21.823532847199424,-57.823532847199424
676,_EGF_Donor1_E9_CD4T,CD4T,CD4T,75,CD4T,parsebioscience,Donor 1,E9,EGF,False,Donor 1- age: 75,EGF_Donor 1_E9,cytokine,8536,0,0,0,0,0,0,0,3868,0,4356,0,312,Donor1,Old,14.3384355773116,-60.6615644226884
681,_EGF_Donor2_E9_CD4T,CD4T,CD4T,34,CD4T,parsebioscience,Donor 5,E9,EGF,False,Donor 5- age: 34,EGF_Donor 5_E9,cytokine,3640,0,0,0,0,0,0,0,1383,0,2099,0,158,Donor2,Young,-22.584600337222135,-56.584600337222135
686,_EGF_Donor3_E9_CD4T,CD4T,CD4T,68,CD4T,parsebioscience,Donor 6,E9,EGF,False,Donor 6- age: 68,EGF_Donor 6_E9,cytokine,4882,0,0,0,0,0,0,0,2428,0,2251,0,203,Donor3,Old,6.03952851428339,-61.96047148571661
691,_EGF_Donor4_E9_CD4T,CD4T,CD4T,59,CD4T,parsebioscience,Donor 7,E9,EGF,False,Donor 7- age: 59,EGF_Donor 7_E9,cytokine,656,0,0,0,0,0,0,0,375,0,251,0,30,Donor4,Old,-11.483271706562967,-70.48327170656296
696,_EGF_Donor5_E9_CD4T,CD4T,CD4T,41,CD4T,parsebioscience,Donor 8,E9,EGF,False,Donor 8- age: 41,EGF_Donor 8_E9,cytokine,5732,0,0,0,0,0,0,0,3014,0,2544,0,174,Donor5,Young,-36.11916752597492,-77.11916752597492
701,_EGF_Donor6_E9_CD4T,CD4T,CD4T,38,CD4T,parsebioscience,Donor 9,E9,EGF,False,Donor 9- age: 38,EGF_Donor 9_E9,cytokine,4715,0,0,0,0,0,0,0,1943,0,2552,0,220,Donor6,Young,-14.442732782357488,-52.44273278235749
706,_EGF_Donor7_E9_CD4T,CD4T,CD4T,45,CD4T,parsebioscience,Donor 10,E9,EGF,False,Donor 10- age: 45,EGF_Donor 10_E9,cytokine,3808,0,0,0,0,0,0,0,1693,0,1871,0,244,Donor7,Young,-23.598843795091874,-68.59884379509188
711,_EGF_Donor8_E9_CD4T,CD4T,CD4T,52,CD4T,parsebioscience,Donor 11,E9,EGF,False,Donor 11- age: 52,EGF_Donor 11_E9,cytokine,1905,0,0,0,0,0,0,0,561,0,1287,0,57,Donor8,Old,-6.174448882678526,-58.174448882678526
716,_EGF_Donor9_E9_CD4T,CD4T,CD4T,38,CD4T,parsebioscience,Donor 12,E9,EGF,False,Donor 12- age: 38,EGF_Donor 12_E9,cytokine,2110,0,0,0,0,0,0,0,915,0,1145,0,50,Donor9,Young,-19.76200789963064,-57.76200789963064
721,_EPO_Donor10_F10_CD4T,CD4T,CD4T,42,CD4T,parsebioscience,Donor 2,F10,EPO,False,Donor 2- age: 42,EPO_Donor 2_F10,cytokine,1453,0,0,0,0,0,0,0,678,0,708,0,67,Donor10,Young,-4.1068518566909304,-46.10685185669093
726,_EPO_Donor11_F10_CD4T,CD4T,CD4T,46,CD4T,parsebioscience,Donor 3,F10,EPO,False,Donor 3- age: 46,EPO_Donor 3_F10,cytokine,1621,0,0,0,0,0,0,0,651,0,909,0,61,Donor11,Young,-21.89785533876458,-67.89785533876457
731,_EPO_Donor12_F10_CD4T,CD4T,CD4T,36,CD4T,parsebioscience,Donor 4,F10,EPO,False,Donor 4- age: 36,EPO_Donor 4_F10,cytokine,4697,0,0,0,0,0,0,0,2016,0,2528,0,153,Donor12,Young,-18.575313965802742,-54.57531396580274
736,_EPO_Donor1_F10_CD4T,CD4T,CD4T,75,CD4T,parsebioscience,Donor 1,F10,EPO,False,Donor 1- age: 75,EPO_Donor 1_F10,cytokine,5232,0,0,0,0,0,0,0,2180,0,2877,0,175,Donor1,Old,13.397269462675098,-61.6027305373249
741,_EPO_Donor2_F10_CD4T,CD4T,CD4T,34,CD4T,parsebioscience,Donor 5,F10,EPO,False,Donor 5- age: 34,EPO_Donor 5_F10,cytokine,3360,0,0,0,0,0,0,0,1170,0,2054,0,136,Donor2,Young,-15.309369050945214,-49.309369050945214
746,_EPO_Donor3_F10_CD4T,CD4T,CD4T,68,CD4T,parsebioscience,Donor 6,F10,EPO,False,Donor 6- age: 68,EPO_Donor 6_F10,cytokine,4656,0,0,0,0,0,0,0,2280,0,2194,0,182,Donor3,Old,10.212924205264905,-57.787075794735095
751,_EPO_Donor4_F10_CD4T,CD4T,CD4T,59,CD4T,parsebioscience,Donor 7,F10,EPO,False,Donor 7- age: 59,EPO_Donor 7_F10,cytokine,935,0,0,0,0,0,0,0,498,0,390,0,47,Donor4,Old,-5.698926611548153,-64.69892661154816
756,_EPO_Donor5_F10_CD4T,CD4T,CD4T,41,CD4T,parsebioscience,Donor 8,F10,EPO,False,Donor 8- age: 41,EPO_Donor 8_F10,cytokine,5558,0,0,0,0,0,0,0,2885,0,2526,0,147,Donor5,Young,-31.159264136982507,-72.1592641369825
761,_EPO_Donor6_F10_CD4T,CD4T,CD4T,38,CD4T,parsebioscience,Donor 9,F10,EPO,False,Donor 9- age: 38,EPO_Donor 9_F10,cytokine,3951,0,0,0,0,0,0,0,1704,0,2052,0,195,Donor6,Young,-10.05936414637177,-48.05936414637177
766,_EPO_Donor7_F10_CD4T,CD4T,CD4T,45,CD4T,parsebioscience,Donor 10,F10,EPO,False,Donor 10- age: 45,EPO_Donor 10_F10,cytokine,2955,0,0,0,0,0,0,0,1459,0,1301,0,195,Donor7,Young,-15.576613275897962,-60.57661327589796
771,_EPO_Donor8_F10_CD4T,CD4T,CD4T,52,CD4T,parsebioscience,Donor 11,F10,EPO,False,Donor 11- age: 52,EPO_Donor 11_F10,cytokine,3066,0,0,0,0,0,0,0,887,0,2058,0,121,Donor8,Old,-5.213753194948133,-57.21375319494813
776,_EPO_Donor9_F10_CD4T,CD4T,CD4T,38,CD4T,parsebioscience,Donor 12,F10,EPO,False,Donor 12- age: 38,EPO_Donor 12_F10,cytokine,2155,0,0,0,0,0,0,0,880,0,1199,0,76,Donor9,Young,-16.801698419354814,-54.801698419354814
781,_FGF-beta_Donor10_E11_CD4T,CD4T,CD4T,42,CD4T,parsebioscience,Donor 2,E11,FGF-beta,False,Donor 2- age: 42,FGF-beta_Donor 2_E11,cytokine,1620,0,0,0,0,0,0,0,709,0,861,0,50,Donor10,Young,-2.76970096459538,-44.76970096459538
786,_FGF-beta_Donor11_E11_CD4T,CD4T,CD4T,46,CD4T,parsebioscience,Donor 3,E11,FGF-beta,False,Donor 3- age: 46,FGF-beta_Donor 3_E11,cytokine,1706,0,0,0,0,0,0,0,554,0,1096,0,56,Donor11,Young,-20.97096418828641,-66.97096418828642
791,_FGF-beta_Donor12_E11_CD4T,CD4T,CD4T,36,CD4T,parsebioscience,Donor 4,E11,FGF-beta,False,Donor 4- age: 36,FGF-beta_Donor 4_E11,cytokine,3494,0,0,0,0,0,0,0,1477,0,1906,0,111,Donor12,Young,-13.96423589680058,-49.96423589680058
796,_FGF-beta_Donor1_E11_CD4T,CD4T,CD4T,75,CD4T,parsebioscience,Donor 1,E11,FGF-beta,False,Donor 1- age: 75,FGF-beta_Donor 1_E11,cytokine,7698,0,0,0,0,0,0,0,3551,0,3860,0,287,Donor1,Old,21.435959729753954,-53.564040270246046
801,_FGF-beta_Donor2_E11_CD4T,CD4T,CD4T,34,CD4T,parsebioscience,Donor 5,E11,FGF-beta,False,Donor 5- age: 34,FGF-beta_Donor 5_E11,cytokine,3976,0,0,0,0,0,0,0,1538,0,2288,0,150,Donor2,Young,-20.060183844461143,-54.06018384446114
806,_FGF-beta_Donor3_E11_CD4T,CD4T,CD4T,68,CD4T,parsebioscience,Donor 6,E11,FGF-beta,False,Donor 6- age: 68,FGF-beta_Donor 6_E11,cytokine,2775,0,0,0,0,0,0,0,1379,0,1273,0,123,Donor3,Old,13.125339562544156,-54.874660437455844
811,_FGF-beta_Donor4_E11_CD4T,CD4T,CD4T,59,CD4T,parsebioscience,Donor 7,E11,FGF-beta,False,Donor 7- age: 59,FGF-beta_Donor 7_E11,cytokine,700,0,0,0,0,0,0,0,364,0,302,0,34,Donor4,Old,-12.46576557068331,-71.46576557068332
816,_FGF-beta_Donor5_E11_CD4T,CD4T,CD4T,41,CD4T,parsebioscience,Donor 8,E11,FGF-beta,False,Donor 8- age: 41,FGF-beta_Donor 8_E11,cytokine,5119,0,0,0,0,0,0,0,2466,0,2527,0,126,Donor5,Young,-31.109060580439667,-72.10906058043966
821,_FGF-beta_Donor6_E11_CD4T,CD4T,CD4T,38,CD4T,parsebioscience,Donor 9,E11,FGF-beta,False,Donor 9- age: 38,FGF-beta_Donor 9_E11,cytokine,4338,0,0,0,0,0,0,0,1699,0,2426,0,213,Donor6,Young,-5.438981938812695,-43.438981938812695
826,_FGF-beta_Donor7_E11_CD4T,CD4T,CD4T,45,CD4T,parsebioscience,Donor 10,E11,FGF-beta,False,Donor 10- age: 45,FGF-beta_Donor 10_E11,cytokine,3596,0,0,0,0,0,0,0,1505,0,1870,0,221,Donor7,Young,-15.807335204441564,-60.807335204441564
831,_FGF-beta_Donor8_E11_CD4T,CD4T,CD4T,52,CD4T,parsebioscience,Donor 11,E11,FGF-beta,False,Donor 11- age: 52,FGF-beta_Donor 11_E11,cytokine,1699,0,0,0,0,0,0,0,534,0,1084,0,81,Donor8,Old,0.17027645558922444,-51.829723544410776
836,_FGF-beta_Donor9_E11_CD4T,CD4T,CD4T,38,CD4T,parsebioscience,Donor 12,E11,FGF-beta,False,Donor 12- age: 38,FGF-beta_Donor 12_E11,cytokine,2353,0,0,0,0,0,0,0,908,0,1355,0,90,Donor9,Young,-11.002940952855646,-49.002940952855646
841,_FLT3L_Donor10_E5_CD4T,CD4T,CD4T,42,CD4T,parsebioscience,Donor 2,E5,FLT3L,False,Donor 2- age: 42,FLT3L_Donor 2_E5,cytokine,1761,0,0,0,0,0,0,0,639,0,1059,0,63,Donor10,Young,-0.8414318805598597,-42.84143188055986
846,_FLT3L_Donor11_E5_CD4T,CD4T,CD4T,46,CD4T,parsebioscience,Donor 3,E5,FLT3L,False,Donor 3- age: 46,FLT3L_Donor 3_E5,cytokine,1493,0,0,0,0,0,0,0,432,0,1014,0,47,Donor11,Young,-21.02460577429084,-67.02460577429085
851,_FLT3L_Donor12_E5_CD4T,CD4T,CD4T,36,CD4T,parsebioscience,Donor 4,E5,FLT3L,False,Donor 4- age: 36,FLT3L_Donor 4_E5,cytokine,5046,0,0,0,0,0,0,0,1662,0,3283,0,101,Donor12,Young,-17.129721337956575,-53.129721337956575
856,_FLT3L_Donor1_E5_CD4T,CD4T,CD4T,75,CD4T,parsebioscience,Donor 1,E5,FLT3L,False,Donor 1- age: 75,FLT3L_Donor 1_E5,cytokine,5867,0,0,0,0,0,0,0,2253,0,3401,0,213,Donor1,Old,16.39577204371885,-58.60422795628115
861,_FLT3L_Donor2_E5_CD4T,CD4T,CD4T,34,CD4T,parsebioscience,Donor 5,E5,FLT3L,False,Donor 5- age: 34,FLT3L_Donor 5_E5,cytokine,4128,0,0,0,0,0,0,0,1351,0,2628,0,149,Donor2,Young,-18.381885697343627,-52.38188569734363
866,_FLT3L_Donor3_E5_CD4T,CD4T,CD4T,68,CD4T,parsebioscience,Donor 6,E5,FLT3L,False,Donor 6- age: 68,FLT3L_Donor 6_E5,cytokine,3004,0,0,0,0,0,0,0,1310,0,1559,0,135,Donor3,Old,9.819995554814298,-58.1800044451857
871,_FLT3L_Donor4_E5_CD4T,CD4T,CD4T,59,CD4T,parsebioscience,Donor 7,E5,FLT3L,False,Donor 7- age: 59,FLT3L_Donor 7_E5,cytokine,752,0,0,0,0,0,0,0,405,0,322,0,25,Donor4,Old,-13.866223095571918,-72.86622309557191
876,_FLT3L_Donor5_E5_CD4T,CD4T,CD4T,41,CD4T,parsebioscience,Donor 8,E5,FLT3L,False,Donor 8- age: 41,FLT3L_Donor 8_E5,cytokine,6709,0,0,0,0,0,0,0,2921,0,3649,0,139,Donor5,Young,-34.1873275575448,-75.18732755754479
881,_FLT3L_Donor6_E5_CD4T,CD4T,CD4T,38,CD4T,parsebioscience,Donor 9,E5,FLT3L,False,Donor 9- age: 38,FLT3L_Donor 9_E5,cytokine,6595,0,0,0,0,0,0,0,2006,0,4379,0,210,Donor6,Young,-9.984769867945765,-47.984769867945765
886,_FLT3L_Donor7_E5_CD4T,CD4T,CD4T,45,CD4T,parsebioscience,Donor 10,E5,FLT3L,False,Donor 10- age: 45,FLT3L_Donor 10_E5,cytokine,2759,0,0,0,0,0,0,0,994,0,1599,0,166,Donor7,Young,-18.29418464665286,-63.29418464665286
891,_FLT3L_Donor8_E5_CD4T,CD4T,CD4T,52,CD4T,parsebioscience,Donor 11,E5,FLT3L,False,Donor 11- age: 52,FLT3L_Donor 11_E5,cytokine,3301,0,0,0,0,0,0,0,861,0,2315,0,125,Donor8,Old,-3.507146516584733,-55.50714651658473
896,_FLT3L_Donor9_E5_CD4T,CD4T,CD4T,38,CD4T,parsebioscience,Donor 12,E5,FLT3L,False,Donor 12- age: 38,FLT3L_Donor 12_E5,cytokine,1895,0,0,0,0,0,0,0,592,0,1256,0,47,Donor9,Young,-17.531292622193057,-55.53129262219306
901,_FasL_Donor10_D5_CD4T,CD4T,CD4T,42,CD4T,parsebioscience,Donor 2,D5,FasL,False,Donor 2- age: 42,FasL_Donor 2_D5,cytokine,1644,0,0,0,0,0,0,0,729,0,839,0,76,Donor10,Young,-5.105007492125914,-47.105007492125914
906,_FasL_Donor11_D5_CD4T,CD4T,CD4T,46,CD4T,parsebioscience,Donor 3,D5,FasL,False,Donor 3- age: 46,FasL_Donor 3_D5,cytokine,1661,0,0,0,0,0,0,0,738,0,857,0,66,Donor11,Young,-30.87037251183248,-76.87037251183247
911,_FasL_Donor12_D5_CD4T,CD4T,CD4T,36,CD4T,parsebioscience,Donor 4,D5,FasL,False,Donor 4- age: 36,FasL_Donor 4_D5,cytokine,5941,0,0,0,0,0,0,0,2331,0,3434,0,176,Donor12,Young,-19.658979161729768,-55.65897916172977
916,_FasL_Donor1_D5_CD4T,CD4T,CD4T,75,CD4T,parsebioscience,Donor 1,D5,FasL,False,Donor 1- age: 75,FasL_Donor 1_D5,cytokine,6549,0,0,0,0,0,0,0,2823,0,3506,0,220,Donor1,Old,12.63940975113794,-62.36059024886206
921,_FasL_Donor2_D5_CD4T,CD4T,CD4T,34,CD4T,parsebioscience,Donor 5,D5,FasL,False,Donor 5- age: 34,FasL_Donor 5_D5,cytokine,3696,0,0,0,0,0,0,0,1324,0,2222,0,150,Donor2,Young,-21.060930310334165,-55.060930310334165
926,_FasL_Donor3_D5_CD4T,CD4T,CD4T,68,CD4T,parsebioscience,Donor 6,D5,FasL,False,Donor 6- age: 68,FasL_Donor 6_D5,cytokine,3760,0,0,0,0,0,0,0,1866,0,1726,0,168,Donor3,Old,2.766029414257737,-65.23397058574227
931,_FasL_Donor4_D5_CD4T,CD4T,CD4T,59,CD4T,parsebioscience,Donor 7,D5,FasL,False,Donor 7- age: 59,FasL_Donor 7_D5,cytokine,1019,0,0,0,0,0,0,0,544,0,427,0,48,Donor4,Old,-11.915540092697576,-70.91554009269757
936,_FasL_Donor5_D5_CD4T,CD4T,CD4T,41,CD4T,parsebioscience,Donor 8,D5,FasL,False,Donor 8- age: 41,FasL_Donor 8_D5,cytokine,7257,0,0,0,0,0,0,0,3805,0,3241,0,211,Donor5,Young,-35.151087083844324,-76.15108708384432
941,_FasL_Donor6_D5_CD4T,CD4T,CD4T,38,CD4T,parsebioscience,Donor 9,D5,FasL,False,Donor 9- age: 38,FasL_Donor 9_D5,cytokine,4829,0,0,0,0,0,0,0,2034,0,2564,0,231,Donor6,Young,-12.283506150105374,-50.283506150105374
946,_FasL_Donor7_D5_CD4T,CD4T,CD4T,45,CD4T,parsebioscience,Donor 10,D5,FasL,False,Donor 10- age: 45,FasL_Donor 10_D5,cytokine,4379,0,0,0,0,0,0,0,1838,0,2273,0,268,Donor7,Young,-21.940440211431614,-66.94044021143162
951,_FasL_Donor8_D5_CD4T,CD4T,CD4T,52,CD4T,parsebioscience,Donor 11,D5,FasL,False,Donor 11- age: 52,FasL_Donor 11_D5,cytokine,2394,0,0,0,0,0,0,0,633,0,1680,0,81,Donor8,Old,-8.227307573617473,-60.22730757361747
956,_FasL_Donor9_D5_CD4T,CD4T,CD4T,38,CD4T,parsebioscience,Donor 12,D5,FasL,False,Donor 12- age: 38,FasL_Donor 12_D5,cytokine,1919,0,0,0,0,0,0,0,738,0,1120,0,61,Donor9,Young,-17.456645729132653,-55.45664572913265
961,_G-CSF_Donor10_E8_CD4T,CD4T,CD4T,42,CD4T,parsebioscience,Donor 2,E8,G-CSF,False,Donor 2- age: 42,G-CSF_Donor 2_E8,cytokine,1778,0,0,0,0,0,0,0,837,0,870,0,71,Donor10,Young,-10.852224800005864,-52.852224800005864
966,_G-CSF_Donor11_E8_CD4T,CD4T,CD4T,46,CD4T,parsebioscience,Donor 3,E8,G-CSF,False,Donor 3- age: 46,G-CSF_Donor 3_E8,cytokine,1728,0,0,0,0,0,0,0,623,0,1041,0,64,Donor11,Young,-31.26056984602183,-77.26056984602184
971,_G-CSF_Donor12_E8_CD4T,CD4T,CD4T,36,CD4T,parsebioscience,Donor 4,E8,G-CSF,False,Donor 4- age: 36,G-CSF_Donor 4_E8,cytokine,4812,0,0,0,0,0,0,0,2060,0,2612,0,140,Donor12,Young,-22.415648189157174,-58.415648189157174
976,_G-CSF_Donor1_E8_CD4T,CD4T,CD4T,75,CD4T,parsebioscience,Donor 1,E8,G-CSF,False,Donor 1- age: 75,G-CSF_Donor 1_E8,cytokine,14014,0,0,0,0,0,0,0,6520,0,6953,0,541,Donor1,Old,17.366424296199277,-57.63357570380072
981,_G-CSF_Donor2_E8_CD4T,CD4T,CD4T,34,CD4T,parsebioscience,Donor 5,E8,G-CSF,False,Donor 5- age: 34,G-CSF_Donor 5_E8,cytokine,3476,0,0,0,0,0,0,0,1187,0,2170,0,119,Donor2,Young,-22.174959321607695,-56.174959321607695
986,_G-CSF_Donor3_E8_CD4T,CD4T,CD4T,68,CD4T,parsebioscience,Donor 6,E8,G-CSF,False,Donor 6- age: 68,G-CSF_Donor 6_E8,cytokine,3526,0,0,0,0,0,0,0,1825,0,1534,0,167,Donor3,Old,3.3840614508637685,-64.61593854913623
991,_G-CSF_Donor4_E8_CD4T,CD4T,CD4T,59,CD4T,parsebioscience,Donor 7,E8,G-CSF,False,Donor 7- age: 59,G-CSF_Donor 7_E8,cytokine,1007,0,0,0,0,0,0,0,574,0,388,0,45,Donor4,Old,-14.486390320437586,-73.48639032043758
996,_G-CSF_Donor5_E8_CD4T,CD4T,CD4T,41,CD4T,parsebioscience,Donor 8,E8,G-CSF,False,Donor 8- age: 41,G-CSF_Donor 8_E8,cytokine,5952,0,0,0,0,0,0,0,3014,0,2778,0,160,Donor5,Young,-34.49292233144295,-75.49292233144294
1001,_G-CSF_Donor6_E8_CD4T,CD4T,CD4T,38,CD4T,parsebioscience,Donor 9,E8,G-CSF,False,Donor 9- age: 38,G-CSF_Donor 9_E8,cytokine,6489,0,0,0,0,0,0,0,2491,0,3692,0,306,Donor6,Young,-12.898246162971212,-50.89824616297121
1006,_G-CSF_Donor7_E8_CD4T,CD4T,CD4T,45,CD4T,parsebioscience,Donor 10,E8,G-CSF,False,Donor 10- age: 45,G-CSF_Donor 10_E8,cytokine,3883,0,0,0,0,0,0,0,1560,0,2074,0,249,Donor7,Young,-23.357691863900406,-68.35769186390041
1011,_G-CSF_Donor8_E8_CD4T,CD4T,CD4T,52,CD4T,parsebioscience,Donor 11,E8,G-CSF,False,Donor 11- age: 52,G-CSF_Donor 11_E8,cytokine,2544,0,0,0,0,0,0,0,731,0,1724,0,89,Donor8,Old,-8.26317897597226,-60.26317897597226
1016,_G-CSF_Donor9_E8_CD4T,CD4T,CD4T,38,CD4T,parsebioscience,Donor 12,E8,G-CSF,False,Donor 12- age: 38,G-CSF_Donor 12_E8,cytokine,2581,0,0,0,0,0,0,0,1067,0,1449,0,65,Donor9,Young,-18.866812343952667,-56.86681234395267
1021,_GDNF_Donor10_F2_CD4T,CD4T,CD4T,42,CD4T,parsebioscience,Donor 2,F2,GDNF,False,Donor 2- age: 42,GDNF_Donor 2_F2,cytokine,1719,0,0,0,0,0,0,0,682,0,963,0,74,Donor10,Young,-4.193075521233375,-46.193075521233375
1026,_GDNF_Donor11_F2_CD4T,CD4T,CD4T,46,CD4T,parsebioscience,Donor 3,F2,GDNF,False,Donor 3- age: 46,GDNF_Donor 3_F2,cytokine,1024,0,0,0,0,0,0,0,443,0,552,0,29,Donor11,Young,-20.620899139275956,-66.62089913927596
1031,_GDNF_Donor12_F2_CD4T,CD4T,CD4T,36,CD4T,parsebioscience,Donor 4,F2,GDNF,False,Donor 4- age: 36,GDNF_Donor 4_F2,cytokine,4083,0,0,0,0,0,0,0,1581,0,2365,0,137,Donor12,Young,-20.51696712746118,-56.51696712746118
1036,_GDNF_Donor1_F2_CD4T,CD4T,CD4T,75,CD4T,parsebioscience,Donor 1,F2,GDNF,False,Donor 1- age: 75,GDNF_Donor 1_F2,cytokine,4187,0,0,0,0,0,0,0,1795,0,2228,0,164,Donor1,Old,10.938381020531672,-64.06161897946834
1041,_GDNF_Donor2_F2_CD4T,CD4T,CD4T,34,CD4T,parsebioscience,Donor 5,F2,GDNF,False,Donor 5- age: 34,GDNF_Donor 5_F2,cytokine,3219,0,0,0,0,0,0,0,1080,0,2004,0,135,Donor2,Young,-20.13823334246687,-54.13823334246687
1046,_GDNF_Donor3_F2_CD4T,CD4T,CD4T,68,CD4T,parsebioscience,Donor 6,F2,GDNF,False,Donor 6- age: 68,GDNF_Donor 6_F2,cytokine,2191,0,0,0,0,0,0,0,1136,0,935,0,120,Donor3,Old,7.242877030564927,-60.75712296943507
1051,_GDNF_Donor4_F2_CD4T,CD4T,CD4T,59,CD4T,parsebioscience,Donor 7,F2,GDNF,False,Donor 7- age: 59,GDNF_Donor 7_F2,cytokine,780,0,0,0,0,0,0,0,376,0,361,0,43,Donor4,Old,-10.309049566289183,-69.30904956628919
1056,_GDNF_Donor5_F2_CD4T,CD4T,CD4T,41,CD4T,parsebioscience,Donor 8,F2,GDNF,False,Donor 8- age: 41,GDNF_Donor 8_F2,cytokine,6662,0,0,0,0,0,0,0,3447,0,3010,0,205,Donor5,Young,-32.71864477732317,-73.71864477732316
1061,_GDNF_Donor6_F2_CD4T,CD4T,CD4T,38,CD4T,parsebioscience,Donor 9,F2,GDNF,False,Donor 9- age: 38,GDNF_Donor 9_F2,cytokine,4610,0,0,0,0,0,0,0,1751,0,2642,0,217,Donor6,Young,-10.37566854214709,-48.37566854214709
1066,_GDNF_Donor7_F2_CD4T,CD4T,CD4T,45,CD4T,parsebioscience,Donor 10,F2,GDNF,False,Donor 10- age: 45,GDNF_Donor 10_F2,cytokine,3365,0,0,0,0,0,0,0,1400,0,1771,0,194,Donor7,Young,-18.74607813255681,-63.74607813255681
1071,_GDNF_Donor8_F2_CD4T,CD4T,CD4T,52,CD4T,parsebioscience,Donor 11,F2,GDNF,False,Donor 11- age: 52,GDNF_Donor 11_F2,cytokine,3953,0,0,0,0,0,0,0,1075,0,2722,0,156,Donor8,Old,-3.408224984815483,-55.40822498481548
1076,_GDNF_Donor9_F2_CD4T,CD4T,CD4T,38,CD4T,parsebioscience,Donor 12,F2,GDNF,False,Donor 12- age: 38,GDNF_Donor 12_F2,cytokine,2505,0,0,0,0,0,0,0,918,0,1512,0,75,Donor9,Young,-18.177038258459824,-56.177038258459824
1081,_GITRL_Donor10_E3_CD4T,CD4T,CD4T,42,CD4T,parsebioscience,Donor 2,E3,GITRL,False,Donor 2- age: 42,GITRL_Donor 2_E3,cytokine,1495,0,0,0,0,0,0,0,685,0,743,0,67,Donor10,Young,-5.179430766246121,-47.17943076624612
1086,_GITRL_Donor11_E3_CD4T,CD4T,CD4T,46,CD4T,parsebioscience,Donor 3,E3,GITRL,False,Donor 3- age: 46,GITRL_Donor 3_E3,cytokine,1755,0,0,0,0,0,0,0,628,0,1056,0,71,Donor11,Young,-22.06929362816023,-68.06929362816024
1091,_GITRL_Donor12_E3_CD4T,CD4T,CD4T,36,CD4T,parsebioscience,Donor 4,E3,GITRL,False,Donor 4- age: 36,GITRL_Donor 4_E3,cytokine,3418,0,0,0,0,0,0,0,1282,0,1964,0,172,Donor12,Young,-15.503560292980445,-51.503560292980445
1096,_GITRL_Donor1_E3_CD4T,CD4T,CD4T,75,CD4T,parsebioscience,Donor 1,E3,GITRL,False,Donor 1- age: 75,GITRL_Donor 1_E3,cytokine,5709,0,0,0,0,0,0,0,2612,0,2891,0,206,Donor1,Old,17.136998442652477,-57.86300155734752
1101,_GITRL_Donor2_E3_CD4T,CD4T,CD4T,34,CD4T,parsebioscience,Donor 5,E3,GITRL,False,Donor 5- age: 34,GITRL_Donor 5_E3,cytokine,4279,0,0,0,0,0,0,0,1507,0,2622,0,150,Donor2,Young,-18.0427829049732,-52.0427829049732
1106,_GITRL_Donor3_E3_CD4T,CD4T,CD4T,68,CD4T,parsebioscience,Donor 6,E3,GITRL,False,Donor 6- age: 68,GITRL_Donor 6_E3,cytokine,3019,0,0,0,0,0,0,0,1540,0,1376,0,103,Donor3,Old,14.081640702596829,-53.91835929740317
1111,_GITRL_Donor4_E3_CD4T,CD4T,CD4T,59,CD4T,parsebioscience,Donor 7,E3,GITRL,False,Donor 7- age: 59,GITRL_Donor 7_E3,cytokine,604,0,0,0,0,0,0,0,303,0,276,0,25,Donor4,Old,-7.608445344547398,-66.60844534454739
1116,_GITRL_Donor5_E3_CD4T,CD4T,CD4T,41,CD4T,parsebioscience,Donor 8,E3,GITRL,False,Donor 8- age: 41,GITRL_Donor 8_E3,cytokine,4110,0,0,0,0,0,0,0,1994,0,1995,0,121,Donor5,Young,-31.204529578477768,-72.20452957847777
1121,_GITRL_Donor6_E3_CD4T,CD4T,CD4T,38,CD4T,parsebioscience,Donor 9,E3,GITRL,False,Donor 9- age: 38,GITRL_Donor 9_E3,cytokine,5337,0,0,0,0,0,0,0,2188,0,2932,0,217,Donor6,Young,-1.2230034036691961,-39.223003403669196
1126,_GITRL_Donor7_E3_CD4T,CD4T,CD4T,45,CD4T,parsebioscience,Donor 10,E3,GITRL,False,Donor 10- age: 45,GITRL_Donor 10_E3,cytokine,3299,0,0,0,0,0,0,0,1483,0,1612,0,204,Donor7,Young,-16.594144671144925,-61.594144671144925
1131,_GITRL_Donor8_E3_CD4T,CD4T,CD4T,52,CD4T,parsebioscience,Donor 11,E3,GITRL,False,Donor 11- age: 52,GITRL_Donor 11_E3,cytokine,2715,0,0,0,0,0,0,0,790,0,1836,0,89,Donor8,Old,-1.706313817659506,-53.706313817659506
1136,_GITRL_Donor9_E3_CD4T,CD4T,CD4T,38,CD4T,parsebioscience,Donor 12,E3,GITRL,False,Donor 12- age: 38,GITRL_Donor 12_E3,cytokine,2141,0,0,0,0,0,0,0,795,0,1285,0,61,Donor9,Young,-13.239686317278647,-51.23968631727865
1141,_GM-CSF_Donor10_G11_CD4T,CD4T,CD4T,42,CD4T,parsebioscience,Donor 2,G11,GM-CSF,False,Donor 2- age: 42,GM-CSF_Donor 2_G11,cytokine,1315,0,0,0,0,0,0,0,599,0,659,0,57,Donor10,Young,4.53735484669339,-37.46264515330661
1146,_GM-CSF_Donor11_G11_CD4T,CD4T,CD4T,46,CD4T,parsebioscience,Donor 3,G11,GM-CSF,False,Donor 3- age: 46,GM-CSF_Donor 3_G11,cytokine,1955,0,0,0,0,0,0,0,948,0,943,0,64,Donor11,Young,-25.633192296326236,-71.63319229632623
1151,_GM-CSF_Donor12_G11_CD4T,CD4T,CD4T,36,CD4T,parsebioscience,Donor 4,G11,GM-CSF,False,Donor 4- age: 36,GM-CSF_Donor 4_G11,cytokine,4616,0,0,0,0,0,0,0,2274,0,2189,0,153,Donor12,Young,-10.686068076515035,-46.686068076515035
1156,_GM-CSF_Donor1_G11_CD4T,CD4T,CD4T,75,CD4T,parsebioscience,Donor 1,G11,GM-CSF,False,Donor 1- age: 75,GM-CSF_Donor 1_G11,cytokine,10491,0,0,0,0,0,0,0,5340,0,4744,0,407,Donor1,Old,20.34652761970814,-54.65347238029186
1161,_GM-CSF_Donor2_G11_CD4T,CD4T,CD4T,34,CD4T,parsebioscience,Donor 5,G11,GM-CSF,False,Donor 5- age: 34,GM-CSF_Donor 5_G11,cytokine,3510,0,0,0,0,0,0,0,1171,0,2214,0,125,Donor2,Young,-19.888987056410947,-53.88898705641095
1166,_GM-CSF_Donor3_G11_CD4T,CD4T,CD4T,68,CD4T,parsebioscience,Donor 6,G11,GM-CSF,False,Donor 6- age: 68,GM-CSF_Donor 6_G11,cytokine,3586,0,0,0,0,0,0,0,1822,0,1613,0,151,Donor3,Old,3.1050585514058966,-64.8949414485941
1171,_GM-CSF_Donor4_G11_CD4T,CD4T,CD4T,59,CD4T,parsebioscience,Donor 7,G11,GM-CSF,False,Donor 7- age: 59,GM-CSF_Donor 7_G11,cytokine,808,0,0,0,0,0,0,0,436,0,330,0,42,Donor4,Old,-17.535944231519714,-76.53594423151972
1176,_GM-CSF_Donor5_G11_CD4T,CD4T,CD4T,41,CD4T,parsebioscience,Donor 8,G11,GM-CSF,False,Donor 8- age: 41,GM-CSF_Donor 8_G11,cytokine,7836,0,0,0,0,0,0,0,4484,0,3117,0,235,Donor5,Young,-29.196719782537222,-70.19671978253723
1181,_GM-CSF_Donor6_G11_CD4T,CD4T,CD4T,38,CD4T,parsebioscience,Donor 9,G11,GM-CSF,False,Donor 9- age: 38,GM-CSF_Donor 9_G11,cytokine,2874,0,0,0,0,0,0,0,1289,0,1442,0,143,Donor6,Young,-13.633747158970543,-51.63374715897054
1186,_GM-CSF_Donor7_G11_CD4T,CD4T,CD4T,45,CD4T,parsebioscience,Donor 10,G11,GM-CSF,False,Donor 10- age: 45,GM-CSF_Donor 10_G11,cytokine,2464,0,0,0,0,0,0,0,1004,0,1332,0,128,Donor7,Young,-15.124200662697469,-60.12420066269747
1191,_GM-CSF_Donor8_G11_CD4T,CD4T,CD4T,52,CD4T,parsebioscience,Donor 11,G11,GM-CSF,False,Donor 11- age: 52,GM-CSF_Donor 11_G11,cytokine,2035,0,0,0,0,0,0,0,813,0,1146,0,76,Donor8,Old,2.6035739211381,-49.3964260788619
1196,_GM-CSF_Donor9_G11_CD4T,CD4T,CD4T,38,CD4T,parsebioscience,Donor 12,G11,GM-CSF,False,Donor 12- age: 38,GM-CSF_Donor 12_G11,cytokine,1860,0,0,0,0,0,0,0,792,0,1002,0,66,Donor9,Young,-17.857151471915422,-55.85715147191542
1201,_HGF_Donor10_E12_CD4T,CD4T,CD4T,42,CD4T,parsebioscience,Donor 2,E12,HGF,False,Donor 2- age: 42,HGF_Donor 2_E12,cytokine,1268,0,0,0,0,0,0,0,488,0,732,0,48,Donor10,Young,-2.9961281553725883,-44.99612815537259
1206,_HGF_Donor11_E12_CD4T,CD4T,CD4T,46,CD4T,parsebioscience,Donor 3,E12,HGF,False,Donor 3- age: 46,HGF_Donor 3_E12,cytokine,1648,0,0,0,0,0,0,0,530,0,1079,0,39,Donor11,Young,-30.69855087603697,-76.69855087603696
1211,_HGF_Donor12_E12_CD4T,CD4T,CD4T,36,CD4T,parsebioscience,Donor 4,E12,HGF,False,Donor 4- age: 36,HGF_Donor 4_E12,cytokine,4040,0,0,0,0,0,0,0,1427,0,2499,0,114,Donor12,Young,-18.078548555298703,-54.0785485552987
1216,_HGF_Donor1_E12_CD4T,CD4T,CD4T,75,CD4T,parsebioscience,Donor 1,E12,HGF,False,Donor 1- age: 75,HGF_Donor 1_E12,cytokine,8520,0,0,0,0,0,0,0,3738,0,4434,0,348,Donor1,Old,16.55314754189108,-58.44685245810892
1221,_HGF_Donor2_E12_CD4T,CD4T,CD4T,34,CD4T,parsebioscience,Donor 5,E12,HGF,False,Donor 5- age: 34,HGF_Donor 5_E12,cytokine,3833,0,0,0,0,0,0,0,1341,0,2366,0,126,Donor2,Young,-18.348798961262453,-52.34879896126245
1226,_HGF_Donor3_E12_CD4T,CD4T,CD4T,68,CD4T,parsebioscience,Donor 6,E12,HGF,False,Donor 6- age: 68,HGF_Donor 6_E12,cytokine,4059,0,0,0,0,0,0,0,1887,0,1993,0,179,Donor3,Old,9.051824744087348,-58.94817525591265
1231,_HGF_Donor4_E12_CD4T,CD4T,CD4T,59,CD4T,parsebioscience,Donor 7,E12,HGF,False,Donor 7- age: 59,HGF_Donor 7_E12,cytokine,538,0,0,0,0,0,0,0,261,0,255,0,22,Donor4,Old,-10.015205339658884,-69.01520533965888
1236,_HGF_Donor5_E12_CD4T,CD4T,CD4T,41,CD4T,parsebioscience,Donor 8,E12,HGF,False,Donor 8- age: 41,HGF_Donor 8_E12,cytokine,3918,0,0,0,0,0,0,0,1962,0,1842,0,114,Donor5,Young,-31.05331792476661,-72.05331792476662
1241,_HGF_Donor6_E12_CD4T,CD4T,CD4T,38,CD4T,parsebioscience,Donor 9,E12,HGF,False,Donor 9- age: 38,HGF_Donor 9_E12,cytokine,4654,0,0,0,0,0,0,0,1774,0,2671,0,209,Donor6,Young,-10.087214495796012,-48.08721449579601
1246,_HGF_Donor7_E12_CD4T,CD4T,CD4T,45,CD4T,parsebioscience,Donor 10,E12,HGF,False,Donor 10- age: 45,HGF_Donor 10_E12,cytokine,3938,0,0,0,0,0,0,0,1462,0,2267,0,209,Donor7,Young,-17.609854275534893,-62.60985427553489
1251,_HGF_Donor8_E12_CD4T,CD4T,CD4T,52,CD4T,parsebioscience,Donor 11,E12,HGF,False,Donor 11- age: 52,HGF_Donor 11_E12,cytokine,955,0,0,0,0,0,0,0,303,0,616,0,36,Donor8,Old,-4.414414368964053,-56.41441436896405
1256,_HGF_Donor9_E12_CD4T,CD4T,CD4T,38,CD4T,parsebioscience,Donor 12,E12,HGF,False,Donor 12- age: 38,HGF_Donor 12_E12,cytokine,1794,0,0,0,0,0,0,0,654,0,1087,0,53,Donor9,Young,-17.754635598965613,-55.75463559896561
1261,_IFN-alpha1_Donor10_C7_CD4T,CD4T,CD4T,42,CD4T,parsebioscience,Donor 2,C7,IFN-alpha1,False,Donor 2- age: 42,IFN-alpha1_Donor 2_C7,cytokine,1703,0,0,0,0,0,0,0,644,0,989,0,70,Donor10,Young,-0.9079816097404816,-42.90798160974048
1266,_IFN-alpha1_Donor11_C7_CD4T,CD4T,CD4T,46,CD4T,parsebioscience,Donor 3,C7,IFN-alpha1,False,Donor 3- age: 46,IFN-alpha1_Donor 3_C7,cytokine,1751,0,0,0,0,0,0,0,603,0,1088,0,60,Donor11,Young,-27.262909269936905,-73.2629092699369
1271,_IFN-alpha1_Donor12_C7_CD4T,CD4T,CD4T,36,CD4T,parsebioscience,Donor 4,C7,IFN-alpha1,False,Donor 4- age: 36,IFN-alpha1_Donor 4_C7,cytokine,6191,0,0,0,0,0,0,0,2582,0,3343,0,266,Donor12,Young,-5.658321298009518,-41.65832129800952
1276,_IFN-alpha1_Donor1_C7_CD4T,CD4T,CD4T,75,CD4T,parsebioscience,Donor 1,C7,IFN-alpha1,False,Donor 1- age: 75,IFN-alpha1_Donor 1_C7,cytokine,10859,0,0,0,0,0,0,0,4912,0,5537,0,410,Donor1,Old,17.971091559681852,-57.02890844031815
1281,_IFN-alpha1_Donor2_C7_CD4T,CD4T,CD4T,34,CD4T,parsebioscience,Donor 5,C7,IFN-alpha1,False,Donor 5- age: 34,IFN-alpha1_Donor 5_C7,cytokine,3297,0,0,0,0,0,0,0,1086,0,2100,0,111,Donor2,Young,-15.581383971520431,-49.58138397152043
1286,_IFN-alpha1_Donor3_C7_CD4T,CD4T,CD4T,68,CD4T,parsebioscience,Donor 6,C7,IFN-alpha1,False,Donor 6- age: 68,IFN-alpha1_Donor 6_C7,cytokine,4906,0,0,0,0,0,0,0,2408,0,2264,0,234,Donor3,Old,6.8796310033209025,-61.1203689966791
1291,_IFN-alpha1_Donor4_C7_CD4T,CD4T,CD4T,59,CD4T,parsebioscience,Donor 7,C7,IFN-alpha1,False,Donor 7- age: 59,IFN-alpha1_Donor 7_C7,cytokine,737,0,0,0,0,0,0,0,357,0,357,0,23,Donor4,Old,-10.79212416903001,-69.79212416903002
1296,_IFN-alpha1_Donor5_C7_CD4T,CD4T,CD4T,41,CD4T,parsebioscience,Donor 8,C7,IFN-alpha1,False,Donor 8- age: 41,IFN-alpha1_Donor 8_C7,cytokine,7599,0,0,0,0,0,0,0,3666,0,3720,0,213,Donor5,Young,-28.185162449263196,-69.1851624492632
1301,_IFN-alpha1_Donor6_C7_CD4T,CD4T,CD4T,38,CD4T,parsebioscience,Donor 9,C7,IFN-alpha1,False,Donor 9- age: 38,IFN-alpha1_Donor 9_C7,cytokine,4599,0,0,0,0,0,0,0,2115,0,2248,0,236,Donor6,Young,-4.1119398381810655,-42.111939838181065
1306,_IFN-alpha1_Donor7_C7_CD4T,CD4T,CD4T,45,CD4T,parsebioscience,Donor 10,C7,IFN-alpha1,False,Donor 10- age: 45,IFN-alpha1_Donor 10_C7,cytokine,3581,0,0,0,0,0,0,0,1355,0,2033,0,193,Donor7,Young,-15.662422152887764,-60.662422152887764
1311,_IFN-alpha1_Donor8_C7_CD4T,CD4T,CD4T,52,CD4T,parsebioscience,Donor 11,C7,IFN-alpha1,False,Donor 11- age: 52,IFN-alpha1_Donor 11_C7,cytokine,2871,0,0,0,0,0,0,0,978,0,1783,0,110,Donor8,Old,3.670559574515245,-48.329440425484755
1316,_IFN-alpha1_Donor9_C7_CD4T,CD4T,CD4T,38,CD4T,parsebioscience,Donor 12,C7,IFN-alpha1,False,Donor 12- age: 38,IFN-alpha1_Donor 12_C7,cytokine,2861,0,0,0,0,0,0,0,1020,0,1731,0,110,Donor9,Young,-12.474534818100956,-50.474534818100956
1321,_IFN-beta_Donor10_H3_CD4T,CD4T,CD4T,42,CD4T,parsebioscience,Donor 2,H3,IFN-beta,False,Donor 2- age: 42,IFN-beta_Donor 2_H3,cytokine,1540,0,0,0,0,0,0,0,517,0,971,0,52,Donor10,Young,-3.683036212129288,-45.68303621212929
1326,_IFN-beta_Donor11_H3_CD4T,CD4T,CD4T,46,CD4T,parsebioscience,Donor 3,H3,IFN-beta,False,Donor 3- age: 46,IFN-beta_Donor 3_H3,cytokine,1920,0,0,0,0,0,0,0,632,0,1236,0,52,Donor11,Young,-20.58104202487649,-66.5810420248765
1331,_IFN-beta_Donor12_H3_CD4T,CD4T,CD4T,36,CD4T,parsebioscience,Donor 4,H3,IFN-beta,False,Donor 4- age: 36,IFN-beta_Donor 4_H3,cytokine,3681,0,0,0,0,0,0,0,1113,0,2421,0,147,Donor12,Young,-8.10931088796179,-44.10931088796179
1336,_IFN-beta_Donor1_H3_CD4T,CD4T,CD4T,75,CD4T,parsebioscience,Donor 1,H3,IFN-beta,False,Donor 1- age: 75,IFN-beta_Donor 1_H3,cytokine,11231,0,0,0,0,0,0,0,4233,0,6623,0,375,Donor1,Old,17.910495403647943,-57.08950459635206
1341,_IFN-beta_Donor2_H3_CD4T,CD4T,CD4T,34,CD4T,parsebioscience,Donor 5,H3,IFN-beta,False,Donor 5- age: 34,IFN-beta_Donor 5_H3,cytokine,2997,0,0,0,0,0,0,0,836,0,2013,0,148,Donor2,Young,-7.636049802834741,-41.63604980283474
1346,_IFN-beta_Donor3_H3_CD4T,CD4T,CD4T,68,CD4T,parsebioscience,Donor 6,H3,IFN-beta,False,Donor 6- age: 68,IFN-beta_Donor 6_H3,cytokine,1868,0,0,0,0,0,0,0,858,0,932,0,78,Donor3,Old,4.442377716047908,-63.55762228395209
1351,_IFN-beta_Donor4_H3_CD4T,CD4T,CD4T,59,CD4T,parsebioscience,Donor 7,H3,IFN-beta,False,Donor 7- age: 59,IFN-beta_Donor 7_H3,cytokine,427,0,0,0,0,0,0,0,227,0,182,0,18,Donor4,Old,-15.748291788387213,-74.7482917883872
1356,_IFN-beta_Donor5_H3_CD4T,CD4T,CD4T,41,CD4T,parsebioscience,Donor 8,H3,IFN-beta,False,Donor 8- age: 41,IFN-beta_Donor 8_H3,cytokine,7021,0,0,0,0,0,0,0,2748,0,4097,0,176,Donor5,Young,-26.68143565629898,-67.68143565629899
1361,_IFN-beta_Donor6_H3_CD4T,CD4T,CD4T,38,CD4T,parsebioscience,Donor 9,H3,IFN-beta,False,Donor 9- age: 38,IFN-beta_Donor 9_H3,cytokine,6745,0,0,0,0,0,0,0,1594,0,4830,0,321,Donor6,Young,-4.8831077987100215,-42.88310779871002
1366,_IFN-beta_Donor7_H3_CD4T,CD4T,CD4T,45,CD4T,parsebioscience,Donor 10,H3,IFN-beta,False,Donor 10- age: 45,IFN-beta_Donor 10_H3,cytokine,2939,0,0,0,0,0,0,0,899,0,1871,0,169,Donor7,Young,-12.04774789793668,-57.04774789793668
1371,_IFN-beta_Donor8_H3_CD4T,CD4T,CD4T,52,CD4T,parsebioscience,Donor 11,H3,IFN-beta,False,Donor 11- age: 52,IFN-beta_Donor 11_H3,cytokine,2942,0,0,0,0,0,0,0,782,0,2030,0,130,Donor8,Old,1.42292374722998,-50.57707625277002
1376,_IFN-beta_Donor9_H3_CD4T,CD4T,CD4T,38,CD4T,parsebioscience,Donor 12,H3,IFN-beta,False,Donor 12- age: 38,IFN-beta_Donor 12_H3,cytokine,1735,0,0,0,0,0,0,0,509,0,1153,0,73,Donor9,Young,-5.576469940241999,-43.576469940242
1381,_IFN-epsilon_Donor10_C8_CD4T,CD4T,CD4T,42,CD4T,parsebioscience,Donor 2,C8,IFN-epsilon,False,Donor 2- age: 42,IFN-epsilon_Donor 2_C8,cytokine,1873,0,0,0,0,0,0,0,706,0,1080,0,87,Donor10,Young,-2.5718183406479795,-44.57181834064798
1386,_IFN-epsilon_Donor11_C8_CD4T,CD4T,CD4T,46,CD4T,parsebioscience,Donor 3,C8,IFN-epsilon,False,Donor 3- age: 46,IFN-epsilon_Donor 3_C8,cytokine,1897,0,0,0,0,0,0,0,775,0,1033,0,89,Donor11,Young,-21.03592507090145,-67.03592507090144
1391,_IFN-epsilon_Donor12_C8_CD4T,CD4T,CD4T,36,CD4T,parsebioscience,Donor 4,C8,IFN-epsilon,False,Donor 4- age: 36,IFN-epsilon_Donor 4_C8,cytokine,5397,0,0,0,0,0,0,0,2003,0,3229,0,165,Donor12,Young,-19.899343309194172,-55.89934330919417
1396,_IFN-epsilon_Donor1_C8_CD4T,CD4T,CD4T,75,CD4T,parsebioscience,Donor 1,C8,IFN-epsilon,False,Donor 1- age: 75,IFN-epsilon_Donor 1_C8,cytokine,9561,0,0,0,0,0,0,0,4280,0,4877,0,404,Donor1,Old,15.45821146475518,-59.54178853524482
1401,_IFN-epsilon_Donor2_C8_CD4T,CD4T,CD4T,34,CD4T,parsebioscience,Donor 5,C8,IFN-epsilon,False,Donor 5- age: 34,IFN-epsilon_Donor 5_C8,cytokine,2710,0,0,0,0,0,0,0,899,0,1715,0,96,Donor2,Young,-20.121463810825084,-54.121463810825084
1406,_IFN-epsilon_Donor3_C8_CD4T,CD4T,CD4T,68,CD4T,parsebioscience,Donor 6,C8,IFN-epsilon,False,Donor 6- age: 68,IFN-epsilon_Donor 6_C8,cytokine,4059,0,0,0,0,0,0,0,1772,0,2111,0,176,Donor3,Old,6.618892944230431,-61.38110705576957
1411,_IFN-epsilon_Donor4_C8_CD4T,CD4T,CD4T,59,CD4T,parsebioscience,Donor 7,C8,IFN-epsilon,False,Donor 7- age: 59,IFN-epsilon_Donor 7_C8,cytokine,822,0,0,0,0,0,0,0,390,0,403,0,29,Donor4,Old,-10.14424097085297,-69.14424097085296
1416,_IFN-epsilon_Donor5_C8_CD4T,CD4T,CD4T,41,CD4T,parsebioscience,Donor 8,C8,IFN-epsilon,False,Donor 8- age: 41,IFN-epsilon_Donor 8_C8,cytokine,7349,0,0,0,0,0,0,0,3483,0,3675,0,191,Donor5,Young,-33.88710651888049,-74.8871065188805
1421,_IFN-epsilon_Donor6_C8_CD4T,CD4T,CD4T,38,CD4T,parsebioscience,Donor 9,C8,IFN-epsilon,False,Donor 9- age: 38,IFN-epsilon_Donor 9_C8,cytokine,4516,0,0,0,0,0,0,0,1947,0,2353,0,216,Donor6,Young,-11.023895000862773,-49.02389500086277
1426,_IFN-epsilon_Donor7_C8_CD4T,CD4T,CD4T,45,CD4T,parsebioscience,Donor 10,C8,IFN-epsilon,False,Donor 10- age: 45,IFN-epsilon_Donor 10_C8,cytokine,3957,0,0,0,0,0,0,0,1526,0,2163,0,268,Donor7,Young,-18.675268148378272,-63.67526814837827
1431,_IFN-epsilon_Donor8_C8_CD4T,CD4T,CD4T,52,CD4T,parsebioscience,Donor 11,C8,IFN-epsilon,False,Donor 11- age: 52,IFN-epsilon_Donor 11_C8,cytokine,2780,0,0,0,0,0,0,0,749,0,1920,0,111,Donor8,Old,-1.9141875880329664,-53.914187588032966
1436,_IFN-epsilon_Donor9_C8_CD4T,CD4T,CD4T,38,CD4T,parsebioscience,Donor 12,C8,IFN-epsilon,False,Donor 12- age: 38,IFN-epsilon_Donor 12_C8,cytokine,2816,0,0,0,0,0,0,0,1104,0,1603,0,109,Donor9,Young,-19.86916254617804,-57.86916254617804
1441,_IFN-gamma_Donor10_G6_CD4T,CD4T,CD4T,42,CD4T,parsebioscience,Donor 2,G6,IFN-gamma,False,Donor 2- age: 42,IFN-gamma_Donor 2_G6,cytokine,1281,0,0,0,0,0,0,0,496,0,740,0,45,Donor10,Young,-0.9441924598009521,-42.94419245980095
1446,_IFN-gamma_Donor11_G6_CD4T,CD4T,CD4T,46,CD4T,parsebioscience,Donor 3,G6,IFN-gamma,False,Donor 3- age: 46,IFN-gamma_Donor 3_G6,cytokine,1648,0,0,0,0,0,0,0,706,0,891,0,51,Donor11,Young,-18.795416246390836,-64.79541624639083
1451,_IFN-gamma_Donor12_G6_CD4T,CD4T,CD4T,36,CD4T,parsebioscience,Donor 4,G6,IFN-gamma,False,Donor 4- age: 36,IFN-gamma_Donor 4_G6,cytokine,5139,0,0,0,0,0,0,0,2026,0,2913,0,200,Donor12,Young,-9.869879118001826,-45.869879118001826
1456,_IFN-gamma_Donor1_G6_CD4T,CD4T,CD4T,75,CD4T,parsebioscience,Donor 1,G6,IFN-gamma,False,Donor 1- age: 75,IFN-gamma_Donor 1_G6,cytokine,8702,0,0,0,0,0,0,0,3140,0,5239,0,323,Donor1,Old,21.76679480878888,-53.23320519121112
1461,_IFN-gamma_Donor2_G6_CD4T,CD4T,CD4T,34,CD4T,parsebioscience,Donor 5,G6,IFN-gamma,False,Donor 5- age: 34,IFN-gamma_Donor 5_G6,cytokine,4969,0,0,0,0,0,0,0,1576,0,3206,0,187,Donor2,Young,-15.086649826761992,-49.08664982676199
1466,_IFN-gamma_Donor3_G6_CD4T,CD4T,CD4T,68,CD4T,parsebioscience,Donor 6,G6,IFN-gamma,False,Donor 6- age: 68,IFN-gamma_Donor 6_G6,cytokine,2710,0,0,0,0,0,0,0,1293,0,1286,0,131,Donor3,Old,6.894642764684292,-61.10535723531571
1471,_IFN-gamma_Donor4_G6_CD4T,CD4T,CD4T,59,CD4T,parsebioscience,Donor 7,G6,IFN-gamma,False,Donor 7- age: 59,IFN-gamma_Donor 7_G6,cytokine,779,0,0,0,0,0,0,0,446,0,297,0,36,Donor4,Old,-2.7429673712489944,-61.742967371248994
1476,_IFN-gamma_Donor5_G6_CD4T,CD4T,CD4T,41,CD4T,parsebioscience,Donor 8,G6,IFN-gamma,False,Donor 8- age: 41,IFN-gamma_Donor 8_G6,cytokine,5294,0,0,0,0,0,0,0,2166,0,2993,0,135,Donor5,Young,-23.93831415002787,-64.93831415002788
1481,_IFN-gamma_Donor6_G6_CD4T,CD4T,CD4T,38,CD4T,parsebioscience,Donor 9,G6,IFN-gamma,False,Donor 9- age: 38,IFN-gamma_Donor 9_G6,cytokine,3364,0,0,0,0,0,0,0,1375,0,1831,0,158,Donor6,Young,-3.173709558124031,-41.17370955812403
1486,_IFN-gamma_Donor7_G6_CD4T,CD4T,CD4T,45,CD4T,parsebioscience,Donor 10,G6,IFN-gamma,False,Donor 10- age: 45,IFN-gamma_Donor 10_G6,cytokine,4413,0,0,0,0,0,0,0,1945,0,2185,0,283,Donor7,Young,-9.799276996172516,-54.799276996172516
1491,_IFN-gamma_Donor8_G6_CD4T,CD4T,CD4T,52,CD4T,parsebioscience,Donor 11,G6,IFN-gamma,False,Donor 11- age: 52,IFN-gamma_Donor 11_G6,cytokine,3141,0,0,0,0,0,0,0,1063,0,1938,0,140,Donor8,Old,8.192363681012914,-43.807636318987086
1496,_IFN-gamma_Donor9_G6_CD4T,CD4T,CD4T,38,CD4T,parsebioscience,Donor 12,G6,IFN-gamma,False,Donor 12- age: 38,IFN-gamma_Donor 12_G6,cytokine,1993,0,0,0,0,0,0,0,936,0,997,0,60,Donor9,Young,-14.50408824780174,-52.50408824780174
1501,_IFN-lambda1_Donor10_C9_CD4T,CD4T,CD4T,42,CD4T,parsebioscience,Donor 2,C9,IFN-lambda1,False,Donor 2- age: 42,IFN-lambda1_Donor 2_C9,cytokine,1650,0,0,0,0,0,0,0,754,0,841,0,55,Donor10,Young,-1.7818990310340297,-43.78189903103403
1506,_IFN-lambda1_Donor11_C9_CD4T,CD4T,CD4T,46,CD4T,parsebioscience,Donor 3,C9,IFN-lambda1,False,Donor 3- age: 46,IFN-lambda1_Donor 3_C9,cytokine,1511,0,0,0,0,0,0,0,625,0,830,0,56,Donor11,Young,-21.434688514403128,-67.43468851440312
1511,_IFN-lambda1_Donor12_C9_CD4T,CD4T,CD4T,36,CD4T,parsebioscience,Donor 4,C9,IFN-lambda1,False,Donor 4- age: 36,IFN-lambda1_Donor 4_C9,cytokine,5370,0,0,0,0,0,0,0,2063,0,3047,0,260,Donor12,Young,-19.76728018477791,-55.76728018477791
1516,_IFN-lambda1_Donor1_C9_CD4T,CD4T,CD4T,75,CD4T,parsebioscience,Donor 1,C9,IFN-lambda1,False,Donor 1- age: 75,IFN-lambda1_Donor 1_C9,cytokine,8872,0,0,0,0,0,0,0,4496,0,4039,0,337,Donor1,Old,14.83255458215158,-60.16744541784842
1521,_IFN-lambda1_Donor2_C9_CD4T,CD4T,CD4T,34,CD4T,parsebioscience,Donor 5,C9,IFN-lambda1,False,Donor 5- age: 34,IFN-lambda1_Donor 5_C9,cytokine,3697,0,0,0,0,0,0,0,1325,0,2222,0,150,Donor2,Young,-17.834735582664898,-51.8347355826649
1526,_IFN-lambda1_Donor3_C9_CD4T,CD4T,CD4T,68,CD4T,parsebioscience,Donor 6,C9,IFN-lambda1,False,Donor 6- age: 68,IFN-lambda1_Donor 6_C9,cytokine,2726,0,0,0,0,0,0,0,1357,0,1256,0,113,Donor3,Old,2.131679655889485,-65.86832034411051
1531,_IFN-lambda1_Donor4_C9_CD4T,CD4T,CD4T,59,CD4T,parsebioscience,Donor 7,C9,IFN-lambda1,False,Donor 7- age: 59,IFN-lambda1_Donor 7_C9,cytokine,828,0,0,0,0,0,0,0,450,0,340,0,38,Donor4,Old,-11.85714457646663,-70.85714457646662
1536,_IFN-lambda1_Donor5_C9_CD4T,CD4T,CD4T,41,CD4T,parsebioscience,Donor 8,C9,IFN-lambda1,False,Donor 8- age: 41,IFN-lambda1_Donor 8_C9,cytokine,6611,0,0,0,0,0,0,0,3422,0,2994,0,195,Donor5,Young,-34.92032990310164,-75.92032990310165
1541,_IFN-lambda1_Donor6_C9_CD4T,CD4T,CD4T,38,CD4T,parsebioscience,Donor 9,C9,IFN-lambda1,False,Donor 9- age: 38,IFN-lambda1_Donor 9_C9,cytokine,5648,0,0,0,0,0,0,0,2620,0,2741,0,287,Donor6,Young,-11.56896846499091,-49.56896846499091
1546,_IFN-lambda1_Donor7_C9_CD4T,CD4T,CD4T,45,CD4T,parsebioscience,Donor 10,C9,IFN-lambda1,False,Donor 10- age: 45,IFN-lambda1_Donor 10_C9,cytokine,3770,0,0,0,0,0,0,0,1431,0,2152,0,187,Donor7,Young,-18.45361253148736,-63.45361253148736
1551,_IFN-lambda1_Donor8_C9_CD4T,CD4T,CD4T,52,CD4T,parsebioscience,Donor 11,C9,IFN-lambda1,False,Donor 11- age: 52,IFN-lambda1_Donor 11_C9,cytokine,2415,0,0,0,0,0,0,0,727,0,1589,0,99,Donor8,Old,-6.271410416940974,-58.271410416940974
1556,_IFN-lambda1_Donor9_C9_CD4T,CD4T,CD4T,38,CD4T,parsebioscience,Donor 12,C9,IFN-lambda1,False,Donor 12- age: 38,IFN-lambda1_Donor 12_C9,cytokine,1958,0,0,0,0,0,0,0,891,0,984,0,83,Donor9,Young,-21.630379843929468,-59.63037984392947
1561,_IFN-lambda2_Donor10_C10_CD4T,CD4T,CD4T,42,CD4T,parsebioscience,Donor 2,C10,IFN-lambda2,False,Donor 2- age: 42,IFN-lambda2_Donor 2_C10,cytokine,1806,0,0,0,0,0,0,0,729,0,1015,0,62,Donor10,Young,1.6494880424402751,-40.350511957559725
1566,_IFN-lambda2_Donor11_C10_CD4T,CD4T,CD4T,46,CD4T,parsebioscience,Donor 3,C10,IFN-lambda2,False,Donor 3- age: 46,IFN-lambda2_Donor 3_C10,cytokine,1792,0,0,0,0,0,0,0,659,0,1063,0,70,Donor11,Young,-29.129561813403463,-75.12956181340346
1571,_IFN-lambda2_Donor12_C10_CD4T,CD4T,CD4T,36,CD4T,parsebioscience,Donor 4,C10,IFN-lambda2,False,Donor 4- age: 36,IFN-lambda2_Donor 4_C10,cytokine,4940,0,0,0,0,0,0,0,1800,0,3034,0,106,Donor12,Young,-21.981138311382445,-57.981138311382445
1576,_IFN-lambda2_Donor1_C10_CD4T,CD4T,CD4T,75,CD4T,parsebioscience,Donor 1,C10,IFN-lambda2,False,Donor 1- age: 75,IFN-lambda2_Donor 1_C10,cytokine,6465,0,0,0,0,0,0,0,2921,0,3287,0,257,Donor1,Old,15.843897450738218,-59.15610254926178
1581,_IFN-lambda2_Donor2_C10_CD4T,CD4T,CD4T,34,CD4T,parsebioscience,Donor 5,C10,IFN-lambda2,False,Donor 5- age: 34,IFN-lambda2_Donor 5_C10,cytokine,4811,0,0,0,0,0,0,0,1584,0,3071,0,156,Donor2,Young,-18.29075297686827,-52.29075297686827
1586,_IFN-lambda2_Donor3_C10_CD4T,CD4T,CD4T,68,CD4T,parsebioscience,Donor 6,C10,IFN-lambda2,False,Donor 6- age: 68,IFN-lambda2_Donor 6_C10,cytokine,4771,0,0,0,0,0,0,0,2319,0,2212,0,240,Donor3,Old,7.522916399252139,-60.47708360074786
1591,_IFN-lambda2_Donor4_C10_CD4T,CD4T,CD4T,59,CD4T,parsebioscience,Donor 7,C10,IFN-lambda2,False,Donor 7- age: 59,IFN-lambda2_Donor 7_C10,cytokine,968,0,0,0,0,0,0,0,517,0,405,0,46,Donor4,Old,-5.5826959162149095,-64.5826959162149
1596,_IFN-lambda2_Donor5_C10_CD4T,CD4T,CD4T,41,CD4T,parsebioscience,Donor 8,C10,IFN-lambda2,False,Donor 8- age: 41,IFN-lambda2_Donor 8_C10,cytokine,4287,0,0,0,0,0,0,0,2247,0,1922,0,118,Donor5,Young,-32.98694321129313,-73.98694321129312
1601,_IFN-lambda2_Donor6_C10_CD4T,CD4T,CD4T,38,CD4T,parsebioscience,Donor 9,C10,IFN-lambda2,False,Donor 9- age: 38,IFN-lambda2_Donor 9_C10,cytokine,4305,0,0,0,0,0,0,0,1811,0,2289,0,205,Donor6,Young,-14.393224618224387,-52.39322461822439
1606,_IFN-lambda2_Donor7_C10_CD4T,CD4T,CD4T,45,CD4T,parsebioscience,Donor 10,C10,IFN-lambda2,False,Donor 10- age: 45,IFN-lambda2_Donor 10_C10,cytokine,3779,0,0,0,0,0,0,0,1212,0,2365,0,202,Donor7,Young,-16.5888862559815,-61.5888862559815
1611,_IFN-lambda2_Donor8_C10_CD4T,CD4T,CD4T,52,CD4T,parsebioscience,Donor 11,C10,IFN-lambda2,False,Donor 11- age: 52,IFN-lambda2_Donor 11_C10,cytokine,2125,0,0,0,0,0,0,0,710,0,1320,0,95,Donor8,Old,-5.3666414387584425,-57.36664143875844
1616,_IFN-lambda2_Donor9_C10_CD4T,CD4T,CD4T,38,CD4T,parsebioscience,Donor 12,C10,IFN-lambda2,False,Donor 12- age: 38,IFN-lambda2_Donor 12_C10,cytokine,2218,0,0,0,0,0,0,0,890,0,1251,0,77,Donor9,Young,-19.570438857040692,-57.57043885704069
1621,_IFN-lambda3_Donor10_C11_CD4T,CD4T,CD4T,42,CD4T,parsebioscience,Donor 2,C11,IFN-lambda3,False,Donor 2- age: 42,IFN-lambda3_Donor 2_C11,cytokine,1428,0,0,0,0,0,0,0,471,0,916,0,41,Donor10,Young,-1.024164965171373,-43.02416496517137
1626,_IFN-lambda3_Donor11_C11_CD4T,CD4T,CD4T,46,CD4T,parsebioscience,Donor 3,C11,IFN-lambda3,False,Donor 3- age: 46,IFN-lambda3_Donor 3_C11,cytokine,1497,0,0,0,0,0,0,0,466,0,980,0,51,Donor11,Young,-21.369062393436728,-67.36906239343674
1631,_IFN-lambda3_Donor12_C11_CD4T,CD4T,CD4T,36,CD4T,parsebioscience,Donor 4,C11,IFN-lambda3,False,Donor 4- age: 36,IFN-lambda3_Donor 4_C11,cytokine,4520,0,0,0,0,0,0,0,1235,0,3174,0,111,Donor12,Young,-17.586382671635143,-53.58638267163514
1636,_IFN-lambda3_Donor1_C11_CD4T,CD4T,CD4T,75,CD4T,parsebioscience,Donor 1,C11,IFN-lambda3,False,Donor 1- age: 75,IFN-lambda3_Donor 1_C11,cytokine,5557,0,0,0,0,0,0,0,2036,0,3327,0,194,Donor1,Old,17.62907404409409,-57.37092595590591
1641,_IFN-lambda3_Donor2_C11_CD4T,CD4T,CD4T,34,CD4T,parsebioscience,Donor 5,C11,IFN-lambda3,False,Donor 5- age: 34,IFN-lambda3_Donor 5_C11,cytokine,4196,0,0,0,0,0,0,0,1002,0,3054,0,140,Donor2,Young,-14.818430206276268,-48.81843020627627
1646,_IFN-lambda3_Donor3_C11_CD4T,CD4T,CD4T,68,CD4T,parsebioscience,Donor 6,C11,IFN-lambda3,False,Donor 6- age: 68,IFN-lambda3_Donor 6_C11,cytokine,3694,0,0,0,0,0,0,0,1579,0,1944,0,171,Donor3,Old,7.599896286558433,-60.40010371344157
1651,_IFN-lambda3_Donor4_C11_CD4T,CD4T,CD4T,59,CD4T,parsebioscience,Donor 7,C11,IFN-lambda3,False,Donor 7- age: 59,IFN-lambda3_Donor 7_C11,cytokine,759,0,0,0,0,0,0,0,310,0,419,0,30,Donor4,Old,-6.343641340566087,-65.34364134056608
1656,_IFN-lambda3_Donor5_C11_CD4T,CD4T,CD4T,41,CD4T,parsebioscience,Donor 8,C11,IFN-lambda3,False,Donor 8- age: 41,IFN-lambda3_Donor 8_C11,cytokine,5358,0,0,0,0,0,0,0,2275,0,2948,0,135,Donor5,Young,-30.02313751000282,-71.02313751000281
1661,_IFN-lambda3_Donor6_C11_CD4T,CD4T,CD4T,38,CD4T,parsebioscience,Donor 9,C11,IFN-lambda3,False,Donor 9- age: 38,IFN-lambda3_Donor 9_C11,cytokine,3569,0,0,0,0,0,0,0,1335,0,2053,0,181,Donor6,Young,-6.828248664886523,-44.82824866488652
1666,_IFN-lambda3_Donor7_C11_CD4T,CD4T,CD4T,45,CD4T,parsebioscience,Donor 10,C11,IFN-lambda3,False,Donor 10- age: 45,IFN-lambda3_Donor 10_C11,cytokine,2951,0,0,0,0,0,0,0,736,0,2094,0,121,Donor7,Young,-15.592613694182113,-60.59261369418211
1671,_IFN-lambda3_Donor8_C11_CD4T,CD4T,CD4T,52,CD4T,parsebioscience,Donor 11,C11,IFN-lambda3,False,Donor 11- age: 52,IFN-lambda3_Donor 11_C11,cytokine,1472,0,0,0,0,0,0,0,359,0,1065,0,48,Donor8,Old,2.2869572666940243,-49.713042733305976
1676,_IFN-lambda3_Donor9_C11_CD4T,CD4T,CD4T,38,CD4T,parsebioscience,Donor 12,C11,IFN-lambda3,False,Donor 12- age: 38,IFN-lambda3_Donor 12_C11,cytokine,2151,0,0,0,0,0,0,0,700,0,1384,0,67,Donor9,Young,-13.242602240057728,-51.24260224005773
1681,_IFN-omega_Donor10_C12_CD4T,CD4T,CD4T,42,CD4T,parsebioscience,Donor 2,C12,IFN-omega,False,Donor 2- age: 42,IFN-omega_Donor 2_C12,cytokine,1303,0,0,0,0,0,0,0,499,0,752,0,52,Donor10,Young,1.6550224825016002,-40.3449775174984
1686,_IFN-omega_Donor11_C12_CD4T,CD4T,CD4T,46,CD4T,parsebioscience,Donor 3,C12,IFN-omega,False,Donor 3- age: 46,IFN-omega_Donor 3_C12,cytokine,1351,0,0,0,0,0,0,0,577,0,715,0,59,Donor11,Young,-17.284316800613716,-63.284316800613716
1691,_IFN-omega_Donor12_C12_CD4T,CD4T,CD4T,36,CD4T,parsebioscience,Donor 4,C12,IFN-omega,False,Donor 4- age: 36,IFN-omega_Donor 4_C12,cytokine,3230,0,0,0,0,0,0,0,1238,0,1895,0,97,Donor12,Young,-13.039584756558192,-49.03958475655819
1696,_IFN-omega_Donor1_C12_CD4T,CD4T,CD4T,75,CD4T,parsebioscience,Donor 1,C12,IFN-omega,False,Donor 1- age: 75,IFN-omega_Donor 1_C12,cytokine,2890,0,0,0,0,0,0,0,1334,0,1445,0,111,Donor1,Old,13.805715858458896,-61.194284141541104
1701,_IFN-omega_Donor2_C12_CD4T,CD4T,CD4T,34,CD4T,parsebioscience,Donor 5,C12,IFN-omega,False,Donor 5- age: 34,IFN-omega_Donor 5_C12,cytokine,5047,0,0,0,0,0,0,0,1792,0,3020,0,235,Donor2,Young,-8.58719434445198,-42.58719434445198
1706,_IFN-omega_Donor3_C12_CD4T,CD4T,CD4T,68,CD4T,parsebioscience,Donor 6,C12,IFN-omega,False,Donor 6- age: 68,IFN-omega_Donor 6_C12,cytokine,3460,0,0,0,0,0,0,0,1654,0,1612,0,194,Donor3,Old,2.9999779113670186,-65.00002208863299
1711,_IFN-omega_Donor4_C12_CD4T,CD4T,CD4T,59,CD4T,parsebioscience,Donor 7,C12,IFN-omega,False,Donor 7- age: 59,IFN-omega_Donor 7_C12,cytokine,554,0,0,0,0,0,0,0,302,0,220,0,32,Donor4,Old,-2.6081101511519904,-61.60811015115199
1716,_IFN-omega_Donor5_C12_CD4T,CD4T,CD4T,41,CD4T,parsebioscience,Donor 8,C12,IFN-omega,False,Donor 8- age: 41,IFN-omega_Donor 8_C12,cytokine,4314,0,0,0,0,0,0,0,2296,0,1867,0,151,Donor5,Young,-23.694013227660726,-64.69401322766072
1721,_IFN-omega_Donor6_C12_CD4T,CD4T,CD4T,38,CD4T,parsebioscience,Donor 9,C12,IFN-omega,False,Donor 9- age: 38,IFN-omega_Donor 9_C12,cytokine,3556,0,0,0,0,0,0,0,1475,0,1865,0,216,Donor6,Young,-3.4098747111647683,-41.40987471116477
1726,_IFN-omega_Donor7_C12_CD4T,CD4T,CD4T,45,CD4T,parsebioscience,Donor 10,C12,IFN-omega,False,Donor 10- age: 45,IFN-omega_Donor 10_C12,cytokine,2586,0,0,0,0,0,0,0,815,0,1618,0,153,Donor7,Young,-8.488449943100925,-53.488449943100925
1731,_IFN-omega_Donor8_C12_CD4T,CD4T,CD4T,52,CD4T,parsebioscience,Donor 11,C12,IFN-omega,False,Donor 11- age: 52,IFN-omega_Donor 11_C12,cytokine,2192,0,0,0,0,0,0,0,842,0,1240,0,110,Donor8,Old,1.8325327714577142,-50.167467228542286
1736,_IFN-omega_Donor9_C12_CD4T,CD4T,CD4T,38,CD4T,parsebioscience,Donor 12,C12,IFN-omega,False,Donor 12- age: 38,IFN-omega_Donor 12_C12,cytokine,1939,0,0,0,0,0,0,0,853,0,1005,0,81,Donor9,Young,-9.480056141627848,-47.48005614162785
1741,_IGF-1_Donor10_E10_CD4T,CD4T,CD4T,42,CD4T,parsebioscience,Donor 2,E10,IGF-1,False,Donor 2- age: 42,IGF-1_Donor 2_E10,cytokine,1653,0,0,0,0,0,0,0,645,0,949,0,59,Donor10,Young,-4.730309700942961,-46.73030970094296
1746,_IGF-1_Donor11_E10_CD4T,CD4T,CD4T,46,CD4T,parsebioscience,Donor 3,E10,IGF-1,False,Donor 3- age: 46,IGF-1_Donor 3_E10,cytokine,1780,0,0,0,0,0,0,0,446,0,1277,0,57,Donor11,Young,-25.384434695070304,-71.3844346950703
1751,_IGF-1_Donor12_E10_CD4T,CD4T,CD4T,36,CD4T,parsebioscience,Donor 4,E10,IGF-1,False,Donor 4- age: 36,IGF-1_Donor 4_E10,cytokine,4723,0,0,0,0,0,0,0,1691,0,2913,0,119,Donor12,Young,-15.94091063399491,-51.94091063399491
1756,_IGF-1_Donor1_E10_CD4T,CD4T,CD4T,75,CD4T,parsebioscience,Donor 1,E10,IGF-1,False,Donor 1- age: 75,IGF-1_Donor 1_E10,cytokine,7327,0,0,0,0,0,0,0,2997,0,4096,0,234,Donor1,Old,7.192438937401306,-67.8075610625987
1761,_IGF-1_Donor2_E10_CD4T,CD4T,CD4T,34,CD4T,parsebioscience,Donor 5,E10,IGF-1,False,Donor 5- age: 34,IGF-1_Donor 5_E10,cytokine,3831,0,0,0,0,0,0,0,1250,0,2465,0,116,Donor2,Young,-22.92783515818028,-56.92783515818028
1766,_IGF-1_Donor3_E10_CD4T,CD4T,CD4T,68,CD4T,parsebioscience,Donor 6,E10,IGF-1,False,Donor 6- age: 68,IGF-1_Donor 6_E10,cytokine,4539,0,0,0,0,0,0,0,1911,0,2443,0,185,Donor3,Old,5.933243459946013,-62.06675654005399
1771,_IGF-1_Donor4_E10_CD4T,CD4T,CD4T,59,CD4T,parsebioscience,Donor 7,E10,IGF-1,False,Donor 7- age: 59,IGF-1_Donor 7_E10,cytokine,504,0,0,0,0,0,0,0,286,0,192,0,26,Donor4,Old,-11.347166999950765,-70.34716699995076
1776,_IGF-1_Donor5_E10_CD4T,CD4T,CD4T,41,CD4T,parsebioscience,Donor 8,E10,IGF-1,False,Donor 8- age: 41,IGF-1_Donor 8_E10,cytokine,5376,0,0,0,0,0,0,0,2434,0,2797,0,145,Donor5,Young,-34.03486769305352,-75.03486769305351
1781,_IGF-1_Donor6_E10_CD4T,CD4T,CD4T,38,CD4T,parsebioscience,Donor 9,E10,IGF-1,False,Donor 9- age: 38,IGF-1_Donor 9_E10,cytokine,5271,0,0,0,0,0,0,0,1831,0,3209,0,231,Donor6,Young,-12.13262011369779,-50.13262011369779
1786,_IGF-1_Donor7_E10_CD4T,CD4T,CD4T,45,CD4T,parsebioscience,Donor 10,E10,IGF-1,False,Donor 10- age: 45,IGF-1_Donor 10_E10,cytokine,3206,0,0,0,0,0,0,0,1146,0,1896,0,164,Donor7,Young,-25.22849780409782,-70.22849780409783
1791,_IGF-1_Donor8_E10_CD4T,CD4T,CD4T,52,CD4T,parsebioscience,Donor 11,E10,IGF-1,False,Donor 11- age: 52,IGF-1_Donor 11_E10,cytokine,2082,0,0,0,0,0,0,0,531,0,1470,0,81,Donor8,Old,-11.251052346597042,-63.25105234659704
1796,_IGF-1_Donor9_E10_CD4T,CD4T,CD4T,38,CD4T,parsebioscience,Donor 12,E10,IGF-1,False,Donor 12- age: 38,IGF-1_Donor 12_E10,cytokine,2182,0,0,0,0,0,0,0,630,0,1484,0,68,Donor9,Young,-18.990464189572286,-56.990464189572286
1801,_IL-1-alpha_Donor10_A2_CD4T,CD4T,CD4T,42,CD4T,parsebioscience,Donor 2,A2,IL-1-alpha,False,Donor 2- age: 42,IL-1-alpha_Donor 2_A2,cytokine,1733,0,0,0,0,0,0,0,657,0,997,0,79,Donor10,Young,3.043805052542986,-38.956194947457014
1806,_IL-1-alpha_Donor11_A2_CD4T,CD4T,CD4T,46,CD4T,parsebioscience,Donor 3,A2,IL-1-alpha,False,Donor 3- age: 46,IL-1-alpha_Donor 3_A2,cytokine,1345,0,0,0,0,0,0,0,570,0,727,0,48,Donor11,Young,-19.814965695673585,-65.81496569567358
1811,_IL-1-alpha_Donor12_A2_CD4T,CD4T,CD4T,36,CD4T,parsebioscience,Donor 4,A2,IL-1-alpha,False,Donor 4- age: 36,IL-1-alpha_Donor 4_A2,cytokine,5702,0,0,0,0,0,0,0,2507,0,3029,0,166,Donor12,Young,-13.35695148543558,-49.35695148543558
1816,_IL-1-alpha_Donor1_A2_CD4T,CD4T,CD4T,75,CD4T,parsebioscience,Donor 1,A2,IL-1-alpha,False,Donor 1- age: 75,IL-1-alpha_Donor 1_A2,cytokine,4078,0,0,0,0,0,0,0,1976,0,1939,0,163,Donor1,Old,20.81647300492331,-54.18352699507669
1821,_IL-1-alpha_Donor2_A2_CD4T,CD4T,CD4T,34,CD4T,parsebioscience,Donor 5,A2,IL-1-alpha,False,Donor 5- age: 34,IL-1-alpha_Donor 5_A2,cytokine,2781,0,0,0,0,0,0,0,1053,0,1609,0,119,Donor2,Young,-20.9685392807012,-54.9685392807012
1826,_IL-1-alpha_Donor3_A2_CD4T,CD4T,CD4T,68,CD4T,parsebioscience,Donor 6,A2,IL-1-alpha,False,Donor 6- age: 68,IL-1-alpha_Donor 6_A2,cytokine,3385,0,0,0,0,0,0,0,752,0,2527,0,106,Donor3,Old,0.9427377147267606,-67.05726228527324
1831,_IL-1-alpha_Donor4_A2_CD4T,CD4T,CD4T,59,CD4T,parsebioscience,Donor 7,A2,IL-1-alpha,False,Donor 7- age: 59,IL-1-alpha_Donor 7_A2,cytokine,558,0,0,0,0,0,0,0,63,0,484,0,11,Donor4,Old,1.8551552943819871,-57.14484470561801
1836,_IL-1-alpha_Donor5_A2_CD4T,CD4T,CD4T,41,CD4T,parsebioscience,Donor 8,A2,IL-1-alpha,False,Donor 8- age: 41,IL-1-alpha_Donor 8_A2,cytokine,5867,0,0,0,0,0,0,0,3464,0,2200,0,203,Donor5,Young,-27.041240849832853,-68.04124084983286
1841,_IL-1-alpha_Donor6_A2_CD4T,CD4T,CD4T,38,CD4T,parsebioscience,Donor 9,A2,IL-1-alpha,False,Donor 9- age: 38,IL-1-alpha_Donor 9_A2,cytokine,5725,0,0,0,0,0,0,0,2773,0,2679,0,273,Donor6,Young,-4.3513413236685,-42.3513413236685
1846,_IL-1-alpha_Donor7_A2_CD4T,CD4T,CD4T,45,CD4T,parsebioscience,Donor 10,A2,IL-1-alpha,False,Donor 10- age: 45,IL-1-alpha_Donor 10_A2,cytokine,5283,0,0,0,0,0,0,0,2870,0,2096,0,317,Donor7,Young,-9.741460484144902,-54.7414604841449
1851,_IL-1-alpha_Donor8_A2_CD4T,CD4T,CD4T,52,CD4T,parsebioscience,Donor 11,A2,IL-1-alpha,False,Donor 11- age: 52,IL-1-alpha_Donor 11_A2,cytokine,2586,0,0,0,0,0,0,0,909,0,1588,0,89,Donor8,Old,-2.0542446390541613,-54.05424463905416
1856,_IL-1-alpha_Donor9_A2_CD4T,CD4T,CD4T,38,CD4T,parsebioscience,Donor 12,A2,IL-1-alpha,False,Donor 12- age: 38,IL-1-alpha_Donor 12_A2,cytokine,3220,0,0,0,0,0,0,0,1517,0,1573,0,130,Donor9,Young,-9.185491608007716,-47.185491608007716
1861,_IL-1-beta_Donor10_G5_CD4T,CD4T,CD4T,42,CD4T,parsebioscience,Donor 2,G5,IL-1-beta,False,Donor 2- age: 42,IL-1-beta_Donor 2_G5,cytokine,1445,0,0,0,0,0,0,0,423,0,970,0,52,Donor10,Young,9.766151812461423,-32.23384818753858
1866,_IL-1-beta_Donor11_G5_CD4T,CD4T,CD4T,46,CD4T,parsebioscience,Donor 3,G5,IL-1-beta,False,Donor 3- age: 46,IL-1-beta_Donor 3_G5,cytokine,1667,0,0,0,0,0,0,0,574,0,1027,0,66,Donor11,Young,-11.027887201458846,-57.027887201458846
1871,_IL-1-beta_Donor12_G5_CD4T,CD4T,CD4T,36,CD4T,parsebioscience,Donor 4,G5,IL-1-beta,False,Donor 4- age: 36,IL-1-beta_Donor 4_G5,cytokine,5735,0,0,0,0,0,0,0,1771,0,3826,0,138,Donor12,Young,-3.268165555722092,-39.26816555572209
1876,_IL-1-beta_Donor1_G5_CD4T,CD4T,CD4T,75,CD4T,parsebioscience,Donor 1,G5,IL-1-beta,False,Donor 1- age: 75,IL-1-beta_Donor 1_G5,cytokine,10325,0,0,0,0,0,0,0,3148,0,6868,0,309,Donor1,Old,27.04422506718523,-47.95577493281477
1881,_IL-1-beta_Donor2_G5_CD4T,CD4T,CD4T,34,CD4T,parsebioscience,Donor 5,G5,IL-1-beta,False,Donor 5- age: 34,IL-1-beta_Donor 5_G5,cytokine,4835,0,0,0,0,0,0,0,1271,0,3433,0,131,Donor2,Young,-14.600365943077314,-48.600365943077314
1886,_IL-1-beta_Donor3_G5_CD4T,CD4T,CD4T,68,CD4T,parsebioscience,Donor 6,G5,IL-1-beta,False,Donor 6- age: 68,IL-1-beta_Donor 6_G5,cytokine,2357,0,0,0,0,0,0,0,972,0,1288,0,97,Donor3,Old,15.995854991735818,-52.00414500826418
1891,_IL-1-beta_Donor4_G5_CD4T,CD4T,CD4T,59,CD4T,parsebioscience,Donor 7,G5,IL-1-beta,False,Donor 7- age: 59,IL-1-beta_Donor 7_G5,cytokine,811,0,0,0,0,0,0,0,393,0,383,0,35,Donor4,Old,-3.9689424520909924,-62.96894245209099
1896,_IL-1-beta_Donor5_G5_CD4T,CD4T,CD4T,41,CD4T,parsebioscience,Donor 8,G5,IL-1-beta,False,Donor 8- age: 41,IL-1-beta_Donor 8_G5,cytokine,5613,0,0,0,0,0,0,0,2326,0,3106,0,181,Donor5,Young,-16.123604115754027,-57.12360411575403
1901,_IL-1-beta_Donor6_G5_CD4T,CD4T,CD4T,38,CD4T,parsebioscience,Donor 9,G5,IL-1-beta,False,Donor 9- age: 38,IL-1-beta_Donor 9_G5,cytokine,4366,0,0,0,0,0,0,0,1386,0,2797,0,183,Donor6,Young,2.057617034549658,-35.94238296545034
1906,_IL-1-beta_Donor7_G5_CD4T,CD4T,CD4T,45,CD4T,parsebioscience,Donor 10,G5,IL-1-beta,False,Donor 10- age: 45,IL-1-beta_Donor 10_G5,cytokine,4651,0,0,0,0,0,0,0,1586,0,2824,0,241,Donor7,Young,-7.253424894585201,-52.2534248945852
1911,_IL-1-beta_Donor8_G5_CD4T,CD4T,CD4T,52,CD4T,parsebioscience,Donor 11,G5,IL-1-beta,False,Donor 11- age: 52,IL-1-beta_Donor 11_G5,cytokine,2664,0,0,0,0,0,0,0,753,0,1830,0,81,Donor8,Old,6.644920453990842,-45.35507954600916
1916,_IL-1-beta_Donor9_G5_CD4T,CD4T,CD4T,38,CD4T,parsebioscience,Donor 12,G5,IL-1-beta,False,Donor 12- age: 38,IL-1-beta_Donor 12_G5,cytokine,2792,0,0,0,0,0,0,0,1011,0,1709,0,72,Donor9,Young,1.1718983558754132,-36.82810164412459
1921,_IL-10_Donor10_G8_CD4T,CD4T,CD4T,42,CD4T,parsebioscience,Donor 2,G8,IL-10,False,Donor 2- age: 42,IL-10_Donor 2_G8,cytokine,1853,0,0,0,0,0,0,0,943,0,821,0,89,Donor10,Young,-22.263118334551415,-64.26311833455142
1926,_IL-10_Donor11_G8_CD4T,CD4T,CD4T,46,CD4T,parsebioscience,Donor 3,G8,IL-10,False,Donor 3- age: 46,IL-10_Donor 3_G8,cytokine,1888,0,0,0,0,0,0,0,837,0,991,0,60,Donor11,Young,-29.220881768118495,-75.22088176811849
1931,_IL-10_Donor12_G8_CD4T,CD4T,CD4T,36,CD4T,parsebioscience,Donor 4,G8,IL-10,False,Donor 4- age: 36,IL-10_Donor 4_G8,cytokine,7362,0,0,0,0,0,0,0,3117,0,4054,0,191,Donor12,Young,-28.649983753428778,-64.64998375342878
1936,_IL-10_Donor1_G8_CD4T,CD4T,CD4T,75,CD4T,parsebioscience,Donor 1,G8,IL-10,False,Donor 1- age: 75,IL-10_Donor 1_G8,cytokine,8076,0,0,0,0,0,0,0,4370,0,3423,0,283,Donor1,Old,-2.037406170042722,-77.03740617004271
1941,_IL-10_Donor2_G8_CD4T,CD4T,CD4T,34,CD4T,parsebioscience,Donor 5,G8,IL-10,False,Donor 5- age: 34,IL-10_Donor 5_G8,cytokine,4432,0,0,0,0,0,0,0,1826,0,2439,0,167,Donor2,Young,-27.377363376689736,-61.377363376689736
1946,_IL-10_Donor3_G8_CD4T,CD4T,CD4T,68,CD4T,parsebioscience,Donor 6,G8,IL-10,False,Donor 6- age: 68,IL-10_Donor 6_G8,cytokine,2718,0,0,0,0,0,0,0,1487,0,1101,0,130,Donor3,Old,-5.777996850609306,-73.7779968506093
1951,_IL-10_Donor4_G8_CD4T,CD4T,CD4T,59,CD4T,parsebioscience,Donor 7,G8,IL-10,False,Donor 7- age: 59,IL-10_Donor 7_G8,cytokine,808,0,0,0,0,0,0,0,461,0,312,0,35,Donor4,Old,-22.681685165616408,-81.68168516561641
1956,_IL-10_Donor5_G8_CD4T,CD4T,CD4T,41,CD4T,parsebioscience,Donor 8,G8,IL-10,False,Donor 8- age: 41,IL-10_Donor 8_G8,cytokine,9065,0,0,0,0,0,0,0,4654,0,4174,0,237,Donor5,Young,-38.00857119039326,-79.00857119039327
1961,_IL-10_Donor6_G8_CD4T,CD4T,CD4T,38,CD4T,parsebioscience,Donor 9,G8,IL-10,False,Donor 9- age: 38,IL-10_Donor 9_G8,cytokine,3594,0,0,0,0,0,0,0,1545,0,1884,0,165,Donor6,Young,-22.645022426167436,-60.645022426167436
1966,_IL-10_Donor7_G8_CD4T,CD4T,CD4T,45,CD4T,parsebioscience,Donor 10,G8,IL-10,False,Donor 10- age: 45,IL-10_Donor 10_G8,cytokine,3485,0,0,0,0,0,0,0,1471,0,1841,0,173,Donor7,Young,-24.585634677316953,-69.58563467731696
1971,_IL-10_Donor8_G8_CD4T,CD4T,CD4T,52,CD4T,parsebioscience,Donor 11,G8,IL-10,False,Donor 11- age: 52,IL-10_Donor 11_G8,cytokine,2873,0,0,0,0,0,0,0,815,0,1945,0,113,Donor8,Old,-13.9226667409798,-65.92266674097979
1976,_IL-10_Donor9_G8_CD4T,CD4T,CD4T,38,CD4T,parsebioscience,Donor 12,G8,IL-10,False,Donor 12- age: 38,IL-10_Donor 12_G8,cytokine,2304,0,0,0,0,0,0,0,962,0,1265,0,77,Donor9,Young,-22.9248662792671,-60.9248662792671
1981,_IL-11_Donor10_B2_CD4T,CD4T,CD4T,42,CD4T,parsebioscience,Donor 2,B2,IL-11,False,Donor 2- age: 42,IL-11_Donor 2_B2,cytokine,1774,0,0,0,0,0,0,0,850,0,841,0,83,Donor10,Young,-4.483939029792559,-46.48393902979256
1986,_IL-11_Donor11_B2_CD4T,CD4T,CD4T,46,CD4T,parsebioscience,Donor 3,B2,IL-11,False,Donor 3- age: 46,IL-11_Donor 3_B2,cytokine,1361,0,0,0,0,0,0,0,593,0,714,0,54,Donor11,Young,-18.341038488357206,-64.34103848835721
1991,_IL-11_Donor12_B2_CD4T,CD4T,CD4T,36,CD4T,parsebioscience,Donor 4,B2,IL-11,False,Donor 4- age: 36,IL-11_Donor 4_B2,cytokine,4217,0,0,0,0,0,0,0,1714,0,2243,0,260,Donor12,Young,-17.368886900101053,-53.36888690010105
1996,_IL-11_Donor1_B2_CD4T,CD4T,CD4T,75,CD4T,parsebioscience,Donor 1,B2,IL-11,False,Donor 1- age: 75,IL-11_Donor 1_B2,cytokine,3981,0,0,0,0,0,0,0,1743,0,2077,0,161,Donor1,Old,14.014278477282986,-60.985721522717014
2001,_IL-11_Donor2_B2_CD4T,CD4T,CD4T,34,CD4T,parsebioscience,Donor 5,B2,IL-11,False,Donor 5- age: 34,IL-11_Donor 5_B2,cytokine,2416,0,0,0,0,0,0,0,903,0,1428,0,85,Donor2,Young,-20.33566482890945,-54.33566482890945
2006,_IL-11_Donor3_B2_CD4T,CD4T,CD4T,68,CD4T,parsebioscience,Donor 6,B2,IL-11,False,Donor 6- age: 68,IL-11_Donor 6_B2,cytokine,3470,0,0,0,0,0,0,0,1778,0,1526,0,166,Donor3,Old,5.60058278832723,-62.39941721167277
2011,_IL-11_Donor4_B2_CD4T,CD4T,CD4T,59,CD4T,parsebioscience,Donor 7,B2,IL-11,False,Donor 7- age: 59,IL-11_Donor 7_B2,cytokine,793,0,0,0,0,0,0,0,342,0,431,0,20,Donor4,Old,-1.911452878662054,-60.911452878662054
2016,_IL-11_Donor5_B2_CD4T,CD4T,CD4T,41,CD4T,parsebioscience,Donor 8,B2,IL-11,False,Donor 8- age: 41,IL-11_Donor 8_B2,cytokine,5041,0,0,0,0,0,0,0,2562,0,2318,0,161,Donor5,Young,-35.71278638074917,-76.71278638074918
2021,_IL-11_Donor6_B2_CD4T,CD4T,CD4T,38,CD4T,parsebioscience,Donor 9,B2,IL-11,False,Donor 9- age: 38,IL-11_Donor 9_B2,cytokine,4321,0,0,0,0,0,0,0,1892,0,2255,0,174,Donor6,Young,-8.430736283757064,-46.430736283757064
2026,_IL-11_Donor7_B2_CD4T,CD4T,CD4T,45,CD4T,parsebioscience,Donor 10,B2,IL-11,False,Donor 10- age: 45,IL-11_Donor 10_B2,cytokine,3466,0,0,0,0,0,0,0,1685,0,1581,0,200,Donor7,Young,-15.975420974153202,-60.9754209741532
2031,_IL-11_Donor8_B2_CD4T,CD4T,CD4T,52,CD4T,parsebioscience,Donor 11,B2,IL-11,False,Donor 11- age: 52,IL-11_Donor 11_B2,cytokine,2156,0,0,0,0,0,0,0,693,0,1383,0,80,Donor8,Old,-6.3884282363663445,-58.388428236366344
2036,_IL-11_Donor9_B2_CD4T,CD4T,CD4T,38,CD4T,parsebioscience,Donor 12,B2,IL-11,False,Donor 12- age: 38,IL-11_Donor 12_B2,cytokine,1661,0,0,0,0,0,0,0,649,0,958,0,54,Donor9,Young,-20.948606467797312,-58.94860646779731
2041,_IL-12_Donor10_G10_CD4T,CD4T,CD4T,42,CD4T,parsebioscience,Donor 2,G10,IL-12,False,Donor 2- age: 42,IL-12_Donor 2_G10,cytokine,1290,0,0,0,0,0,0,0,591,0,652,0,47,Donor10,Young,2.8973455534580452,-39.102654446541955
2046,_IL-12_Donor11_G10_CD4T,CD4T,CD4T,46,CD4T,parsebioscience,Donor 3,G10,IL-12,False,Donor 3- age: 46,IL-12_Donor 3_G10,cytokine,1977,0,0,0,0,0,0,0,986,0,917,0,74,Donor11,Young,-13.7023516127799,-59.7023516127799
2051,_IL-12_Donor12_G10_CD4T,CD4T,CD4T,36,CD4T,parsebioscience,Donor 4,G10,IL-12,False,Donor 4- age: 36,IL-12_Donor 4_G10,cytokine,4611,0,0,0,0,0,0,0,2188,0,2282,0,141,Donor12,Young,-10.516245231790528,-46.51624523179053
2056,_IL-12_Donor1_G10_CD4T,CD4T,CD4T,75,CD4T,parsebioscience,Donor 1,G10,IL-12,False,Donor 1- age: 75,IL-12_Donor 1_G10,cytokine,6990,0,0,0,0,0,0,0,3325,0,3376,0,289,Donor1,Old,24.331979268948082,-50.66802073105192
2061,_IL-12_Donor2_G10_CD4T,CD4T,CD4T,34,CD4T,parsebioscience,Donor 5,G10,IL-12,False,Donor 5- age: 34,IL-12_Donor 5_G10,cytokine,5260,0,0,0,0,0,0,0,2060,0,2986,0,214,Donor2,Young,-16.23482083211332,-50.23482083211332
2066,_IL-12_Donor3_G10_CD4T,CD4T,CD4T,68,CD4T,parsebioscience,Donor 6,G10,IL-12,False,Donor 6- age: 68,IL-12_Donor 6_G10,cytokine,5013,0,0,0,0,0,0,0,2543,0,2228,0,242,Donor3,Old,7.965646362894525,-60.034353637105475
2071,_IL-12_Donor4_G10_CD4T,CD4T,CD4T,59,CD4T,parsebioscience,Donor 7,G10,IL-12,False,Donor 7- age: 59,IL-12_Donor 7_G10,cytokine,769,0,0,0,0,0,0,0,398,0,337,0,34,Donor4,Old,-5.006293854893833,-64.00629385489384
2076,_IL-12_Donor5_G10_CD4T,CD4T,CD4T,41,CD4T,parsebioscience,Donor 8,G10,IL-12,False,Donor 8- age: 41,IL-12_Donor 8_G10,cytokine,8670,0,0,0,0,0,0,0,4874,0,3539,0,257,Donor5,Young,-31.04852111402254,-72.04852111402255
2081,_IL-12_Donor6_G10_CD4T,CD4T,CD4T,38,CD4T,parsebioscience,Donor 9,G10,IL-12,False,Donor 9- age: 38,IL-12_Donor 9_G10,cytokine,4454,0,0,0,0,0,0,0,2339,0,1875,0,240,Donor6,Young,-2.66564681090874,-40.66564681090874
2086,_IL-12_Donor7_G10_CD4T,CD4T,CD4T,45,CD4T,parsebioscience,Donor 10,G10,IL-12,False,Donor 10- age: 45,IL-12_Donor 10_G10,cytokine,2615,0,0,0,0,0,0,0,1146,0,1341,0,128,Donor7,Young,-17.81882992555341,-62.81882992555341
2091,_IL-12_Donor8_G10_CD4T,CD4T,CD4T,52,CD4T,parsebioscience,Donor 11,G10,IL-12,False,Donor 11- age: 52,IL-12_Donor 11_G10,cytokine,2169,0,0,0,0,0,0,0,684,0,1390,0,95,Donor8,Old,-5.918130694260036,-57.918130694260036
2096,_IL-12_Donor9_G10_CD4T,CD4T,CD4T,38,CD4T,parsebioscience,Donor 12,G10,IL-12,False,Donor 12- age: 38,IL-12_Donor 12_G10,cytokine,2271,0,0,0,0,0,0,0,902,0,1279,0,90,Donor9,Young,-14.907488690187044,-52.907488690187044
2101,_IL-13_Donor10_A7_CD4T,CD4T,CD4T,42,CD4T,parsebioscience,Donor 2,A7,IL-13,False,Donor 2- age: 42,IL-13_Donor 2_A7,cytokine,2082,0,0,0,0,0,0,0,974,0,1013,0,95,Donor10,Young,-11.229410310772614,-53.229410310772614
2106,_IL-13_Donor11_A7_CD4T,CD4T,CD4T,46,CD4T,parsebioscience,Donor 3,A7,IL-13,False,Donor 3- age: 46,IL-13_Donor 3_A7,cytokine,1665,0,0,0,0,0,0,0,646,0,966,0,53,Donor11,Young,-21.40688353627383,-67.40688353627382
2111,_IL-13_Donor12_A7_CD4T,CD4T,CD4T,36,CD4T,parsebioscience,Donor 4,A7,IL-13,False,Donor 4- age: 36,IL-13_Donor 4_A7,cytokine,6787,0,0,0,0,0,0,0,3053,0,3495,0,239,Donor12,Young,-20.893257991200365,-56.893257991200365
2116,_IL-13_Donor1_A7_CD4T,CD4T,CD4T,75,CD4T,parsebioscience,Donor 1,A7,IL-13,False,Donor 1- age: 75,IL-13_Donor 1_A7,cytokine,6525,0,0,0,0,0,0,0,3288,0,2955,0,282,Donor1,Old,15.420354046114362,-59.57964595388564
2121,_IL-13_Donor2_A7_CD4T,CD4T,CD4T,34,CD4T,parsebioscience,Donor 5,A7,IL-13,False,Donor 5- age: 34,IL-13_Donor 5_A7,cytokine,3598,0,0,0,0,0,0,0,1554,0,1888,0,156,Donor2,Young,-23.72750189110895,-57.72750189110895
2126,_IL-13_Donor3_A7_CD4T,CD4T,CD4T,68,CD4T,parsebioscience,Donor 6,A7,IL-13,False,Donor 6- age: 68,IL-13_Donor 6_A7,cytokine,3396,0,0,0,0,0,0,0,1380,0,1892,0,124,Donor3,Old,7.624478489346274,-60.375521510653726
2131,_IL-13_Donor4_A7_CD4T,CD4T,CD4T,59,CD4T,parsebioscience,Donor 7,A7,IL-13,False,Donor 7- age: 59,IL-13_Donor 7_A7,cytokine,722,0,0,0,0,0,0,0,211,0,494,0,17,Donor4,Old,-6.38260091083847,-65.38260091083848
2136,_IL-13_Donor5_A7_CD4T,CD4T,CD4T,41,CD4T,parsebioscience,Donor 8,A7,IL-13,False,Donor 8- age: 41,IL-13_Donor 8_A7,cytokine,8022,0,0,0,0,0,0,0,4164,0,3583,0,275,Donor5,Young,-30.863128812763897,-71.8631288127639
2141,_IL-13_Donor6_A7_CD4T,CD4T,CD4T,38,CD4T,parsebioscience,Donor 9,A7,IL-13,False,Donor 9- age: 38,IL-13_Donor 9_A7,cytokine,7920,0,0,0,0,0,0,0,3315,0,4201,0,404,Donor6,Young,-15.263653231687591,-53.26365323168759
2146,_IL-13_Donor7_A7_CD4T,CD4T,CD4T,45,CD4T,parsebioscience,Donor 10,A7,IL-13,False,Donor 10- age: 45,IL-13_Donor 10_A7,cytokine,3734,0,0,0,0,0,0,0,1687,0,1817,0,230,Donor7,Young,-20.284220846425377,-65.28422084642537
2151,_IL-13_Donor8_A7_CD4T,CD4T,CD4T,52,CD4T,parsebioscience,Donor 11,A7,IL-13,False,Donor 11- age: 52,IL-13_Donor 11_A7,cytokine,4762,0,0,0,0,0,0,0,1402,0,3144,0,216,Donor8,Old,-7.414975597472569,-59.41497559747257
2156,_IL-13_Donor9_A7_CD4T,CD4T,CD4T,38,CD4T,parsebioscience,Donor 12,A7,IL-13,False,Donor 12- age: 38,IL-13_Donor 12_A7,cytokine,3781,0,0,0,0,0,0,0,1453,0,2210,0,118,Donor9,Young,-19.39223737966561,-57.39223737966561
2161,_IL-15_Donor10_A11_CD4T,CD4T,CD4T,42,CD4T,parsebioscience,Donor 2,A11,IL-15,False,Donor 2- age: 42,IL-15_Donor 2_A11,cytokine,2699,0,0,0,0,0,0,0,1278,0,1254,0,167,Donor10,Young,11.775186041545844,-30.224813958454156
2166,_IL-15_Donor11_A11_CD4T,CD4T,CD4T,46,CD4T,parsebioscience,Donor 3,A11,IL-15,False,Donor 3- age: 46,IL-15_Donor 3_A11,cytokine,2135,0,0,0,0,0,0,0,948,0,1080,0,107,Donor11,Young,0.0541273432570506,-45.94587265674295
2171,_IL-15_Donor12_A11_CD4T,CD4T,CD4T,36,CD4T,parsebioscience,Donor 4,A11,IL-15,False,Donor 4- age: 36,IL-15_Donor 4_A11,cytokine,6405,0,0,0,0,0,0,0,2802,0,3287,0,316,Donor12,Young,-1.9404589189483517,-37.94045891894835
2176,_IL-15_Donor1_A11_CD4T,CD4T,CD4T,75,CD4T,parsebioscience,Donor 1,A11,IL-15,False,Donor 1- age: 75,IL-15_Donor 1_A11,cytokine,5300,0,0,0,0,0,0,0,2477,0,2535,0,288,Donor1,Old,22.392963939711684,-52.607036060288316
2181,_IL-15_Donor2_A11_CD4T,CD4T,CD4T,34,CD4T,parsebioscience,Donor 5,A11,IL-15,False,Donor 5- age: 34,IL-15_Donor 5_A11,cytokine,4380,0,0,0,0,0,0,0,2100,0,1974,0,306,Donor2,Young,-3.6254251282442382,-37.62542512824424
2186,_IL-15_Donor3_A11_CD4T,CD4T,CD4T,68,CD4T,parsebioscience,Donor 6,A11,IL-15,False,Donor 6- age: 68,IL-15_Donor 6_A11,cytokine,5916,0,0,0,0,0,0,0,1608,0,4034,0,274,Donor3,Old,11.045367787176353,-56.95463221282365
2191,_IL-15_Donor4_A11_CD4T,CD4T,CD4T,59,CD4T,parsebioscience,Donor 7,A11,IL-15,False,Donor 7- age: 59,IL-15_Donor 7_A11,cytokine,569,0,0,0,0,0,0,0,138,0,412,0,19,Donor4,Old,5.662855278376682,-53.33714472162332
2196,_IL-15_Donor5_A11_CD4T,CD4T,CD4T,41,CD4T,parsebioscience,Donor 8,A11,IL-15,False,Donor 8- age: 41,IL-15_Donor 8_A11,cytokine,6821,0,0,0,0,0,0,0,3729,0,2782,0,310,Donor5,Young,-13.178276535608909,-54.17827653560891
2201,_IL-15_Donor6_A11_CD4T,CD4T,CD4T,38,CD4T,parsebioscience,Donor 9,A11,IL-15,False,Donor 9- age: 38,IL-15_Donor 9_A11,cytokine,7785,0,0,0,0,0,0,0,3634,0,3639,0,512,Donor6,Young,-1.4964979461810444,-39.496497946181044
2206,_IL-15_Donor7_A11_CD4T,CD4T,CD4T,45,CD4T,parsebioscience,Donor 10,A11,IL-15,False,Donor 10- age: 45,IL-15_Donor 10_A11,cytokine,3664,0,0,0,0,0,0,0,2165,0,1201,0,298,Donor7,Young,-3.7001632696095257,-48.700163269609526
2211,_IL-15_Donor8_A11_CD4T,CD4T,CD4T,52,CD4T,parsebioscience,Donor 11,A11,IL-15,False,Donor 11- age: 52,IL-15_Donor 11_A11,cytokine,4265,0,0,0,0,0,0,0,2175,0,1788,0,302,Donor8,Old,5.195000088111321,-46.80499991188868
2216,_IL-15_Donor9_A11_CD4T,CD4T,CD4T,38,CD4T,parsebioscience,Donor 12,A11,IL-15,False,Donor 12- age: 38,IL-15_Donor 12_A11,cytokine,2800,0,0,0,0,0,0,0,1530,0,1095,0,175,Donor9,Young,0.941105301082608,-37.05889469891739
2221,_IL-16_Donor10_G2_CD4T,CD4T,CD4T,42,CD4T,parsebioscience,Donor 2,G2,IL-16,False,Donor 2- age: 42,IL-16_Donor 2_G2,cytokine,1829,0,0,0,0,0,0,0,757,0,986,0,86,Donor10,Young,1.2398798585382096,-40.76012014146179
2226,_IL-16_Donor11_G2_CD4T,CD4T,CD4T,46,CD4T,parsebioscience,Donor 3,G2,IL-16,False,Donor 3- age: 46,IL-16_Donor 3_G2,cytokine,1141,0,0,0,0,0,0,0,469,0,617,0,55,Donor11,Young,-20.37301268254445,-66.37301268254444
2231,_IL-16_Donor12_G2_CD4T,CD4T,CD4T,36,CD4T,parsebioscience,Donor 4,G2,IL-16,False,Donor 4- age: 36,IL-16_Donor 4_G2,cytokine,3133,0,0,0,0,0,0,0,1066,0,1965,0,102,Donor12,Young,-12.987932315576167,-48.98793231557617
2236,_IL-16_Donor1_G2_CD4T,CD4T,CD4T,75,CD4T,parsebioscience,Donor 1,G2,IL-16,False,Donor 1- age: 75,IL-16_Donor 1_G2,cytokine,9981,0,0,0,0,0,0,0,4288,0,5317,0,376,Donor1,Old,14.883525051222456,-60.116474948777544
2241,_IL-16_Donor2_G2_CD4T,CD4T,CD4T,34,CD4T,parsebioscience,Donor 5,G2,IL-16,False,Donor 5- age: 34,IL-16_Donor 5_G2,cytokine,2489,0,0,0,0,0,0,0,839,0,1580,0,70,Donor2,Young,-17.211176827564408,-51.21117682756441
2246,_IL-16_Donor3_G2_CD4T,CD4T,CD4T,68,CD4T,parsebioscience,Donor 6,G2,IL-16,False,Donor 6- age: 68,IL-16_Donor 6_G2,cytokine,2239,0,0,0,0,0,0,0,1098,0,1049,0,92,Donor3,Old,9.950686225850276,-58.049313774149724
2251,_IL-16_Donor4_G2_CD4T,CD4T,CD4T,59,CD4T,parsebioscience,Donor 7,G2,IL-16,False,Donor 7- age: 59,IL-16_Donor 7_G2,cytokine,488,0,0,0,0,0,0,0,257,0,203,0,28,Donor4,Old,-3.488978888681409,-62.48897888868141
2256,_IL-16_Donor5_G2_CD4T,CD4T,CD4T,41,CD4T,parsebioscience,Donor 8,G2,IL-16,False,Donor 8- age: 41,IL-16_Donor 8_G2,cytokine,8592,0,0,0,0,0,0,0,4415,0,3960,0,217,Donor5,Young,-33.38865094850532,-74.38865094850533
2261,_IL-16_Donor6_G2_CD4T,CD4T,CD4T,38,CD4T,parsebioscience,Donor 9,G2,IL-16,False,Donor 9- age: 38,IL-16_Donor 9_G2,cytokine,3652,0,0,0,0,0,0,0,1450,0,2036,0,166,Donor6,Young,-3.4938184797210354,-41.493818479721035
2266,_IL-16_Donor7_G2_CD4T,CD4T,CD4T,45,CD4T,parsebioscience,Donor 10,G2,IL-16,False,Donor 10- age: 45,IL-16_Donor 10_G2,cytokine,2828,0,0,0,0,0,0,0,1023,0,1661,0,144,Donor7,Young,-12.619298020504353,-57.61929802050435
2271,_IL-16_Donor8_G2_CD4T,CD4T,CD4T,52,CD4T,parsebioscience,Donor 11,G2,IL-16,False,Donor 11- age: 52,IL-16_Donor 11_G2,cytokine,2596,0,0,0,0,0,0,0,776,0,1710,0,110,Donor8,Old,-4.085801240479235,-56.085801240479235
2276,_IL-16_Donor9_G2_CD4T,CD4T,CD4T,38,CD4T,parsebioscience,Donor 12,G2,IL-16,False,Donor 12- age: 38,IL-16_Donor 12_G2,cytokine,2173,0,0,0,0,0,0,0,830,0,1285,0,58,Donor9,Young,-13.09191971874133,-51.09191971874133
2281,_IL-17A_Donor10_D11_CD4T,CD4T,CD4T,42,CD4T,parsebioscience,Donor 2,D11,IL-17A,False,Donor 2- age: 42,IL-17A_Donor 2_D11,cytokine,1234,0,0,0,0,0,0,0,459,0,717,0,58,Donor10,Young,2.965126102593672,-39.03487389740633
2286,_IL-17A_Donor11_D11_CD4T,CD4T,CD4T,46,CD4T,parsebioscience,Donor 3,D11,IL-17A,False,Donor 3- age: 46,IL-17A_Donor 3_D11,cytokine,1748,0,0,0,0,0,0,0,657,0,1035,0,56,Donor11,Young,-28.783506549929903,-74.78350654992991
2291,_IL-17A_Donor12_D11_CD4T,CD4T,CD4T,36,CD4T,parsebioscience,Donor 4,D11,IL-17A,False,Donor 4- age: 36,IL-17A_Donor 4_D11,cytokine,3748,0,0,0,0,0,0,0,1492,0,2158,0,98,Donor12,Young,-21.833533197905986,-57.833533197905986
2296,_IL-17A_Donor1_D11_CD4T,CD4T,CD4T,75,CD4T,parsebioscience,Donor 1,D11,IL-17A,False,Donor 1- age: 75,IL-17A_Donor 1_D11,cytokine,5858,0,0,0,0,0,0,0,2598,0,3063,0,197,Donor1,Old,12.000605585245559,-62.99939441475444
2301,_IL-17A_Donor2_D11_CD4T,CD4T,CD4T,34,CD4T,parsebioscience,Donor 5,D11,IL-17A,False,Donor 5- age: 34,IL-17A_Donor 5_D11,cytokine,4797,0,0,0,0,0,0,0,1582,0,3030,0,185,Donor2,Young,-19.30873345108521,-53.30873345108521
2306,_IL-17A_Donor3_D11_CD4T,CD4T,CD4T,68,CD4T,parsebioscience,Donor 6,D11,IL-17A,False,Donor 6- age: 68,IL-17A_Donor 6_D11,cytokine,3496,0,0,0,0,0,0,0,1721,0,1621,0,154,Donor3,Old,7.018981407457453,-60.98101859254255
2311,_IL-17A_Donor4_D11_CD4T,CD4T,CD4T,59,CD4T,parsebioscience,Donor 7,D11,IL-17A,False,Donor 7- age: 59,IL-17A_Donor 7_D11,cytokine,675,0,0,0,0,0,0,0,367,0,278,0,30,Donor4,Old,-9.731435785491904,-68.7314357854919
2316,_IL-17A_Donor5_D11_CD4T,CD4T,CD4T,41,CD4T,parsebioscience,Donor 8,D11,IL-17A,False,Donor 8- age: 41,IL-17A_Donor 8_D11,cytokine,4355,0,0,0,0,0,0,0,2194,0,2030,0,131,Donor5,Young,-34.635531193092,-75.63553119309199
2321,_IL-17A_Donor6_D11_CD4T,CD4T,CD4T,38,CD4T,parsebioscience,Donor 9,D11,IL-17A,False,Donor 9- age: 38,IL-17A_Donor 9_D11,cytokine,5045,0,0,0,0,0,0,0,2009,0,2808,0,228,Donor6,Young,-13.546334808039042,-51.54633480803904
2326,_IL-17A_Donor7_D11_CD4T,CD4T,CD4T,45,CD4T,parsebioscience,Donor 10,D11,IL-17A,False,Donor 10- age: 45,IL-17A_Donor 10_D11,cytokine,3645,0,0,0,0,0,0,0,1464,0,1952,0,229,Donor7,Young,-18.353141813958324,-63.353141813958324
2331,_IL-17A_Donor8_D11_CD4T,CD4T,CD4T,52,CD4T,parsebioscience,Donor 11,D11,IL-17A,False,Donor 11- age: 52,IL-17A_Donor 11_D11,cytokine,2177,0,0,0,0,0,0,0,713,0,1389,0,75,Donor8,Old,-6.201858946463112,-58.20185894646311
2336,_IL-17A_Donor9_D11_CD4T,CD4T,CD4T,38,CD4T,parsebioscience,Donor 12,D11,IL-17A,False,Donor 12- age: 38,IL-17A_Donor 12_D11,cytokine,1630,0,0,0,0,0,0,0,568,0,1008,0,54,Donor9,Young,-21.735376863388645,-59.735376863388645
2341,_IL-17B_Donor10_C2_CD4T,CD4T,CD4T,42,CD4T,parsebioscience,Donor 2,C2,IL-17B,False,Donor 2- age: 42,IL-17B_Donor 2_C2,cytokine,1593,0,0,0,0,0,0,0,707,0,804,0,82,Donor10,Young,0.6222226239224184,-41.37777737607758
2346,_IL-17B_Donor11_C2_CD4T,CD4T,CD4T,46,CD4T,parsebioscience,Donor 3,C2,IL-17B,False,Donor 3- age: 46,IL-17B_Donor 3_C2,cytokine,1079,0,0,0,0,0,0,0,400,0,635,0,44,Donor11,Young,-22.631178555770866,-68.63117855577087
2351,_IL-17B_Donor12_C2_CD4T,CD4T,CD4T,36,CD4T,parsebioscience,Donor 4,C2,IL-17B,False,Donor 4- age: 36,IL-17B_Donor 4_C2,cytokine,4076,0,0,0,0,0,0,0,1455,0,2455,0,166,Donor12,Young,-16.07180289581779,-52.07180289581779
2356,_IL-17B_Donor1_C2_CD4T,CD4T,CD4T,75,CD4T,parsebioscience,Donor 1,C2,IL-17B,False,Donor 1- age: 75,IL-17B_Donor 1_C2,cytokine,7654,0,0,0,0,0,0,0,3353,0,4015,0,286,Donor1,Old,12.538015222696323,-62.46198477730368
2361,_IL-17B_Donor2_C2_CD4T,CD4T,CD4T,34,CD4T,parsebioscience,Donor 5,C2,IL-17B,False,Donor 5- age: 34,IL-17B_Donor 5_C2,cytokine,1943,0,0,0,0,0,0,0,713,0,1151,0,79,Donor2,Young,-12.220131756741061,-46.22013175674106
2366,_IL-17B_Donor3_C2_CD4T,CD4T,CD4T,68,CD4T,parsebioscience,Donor 6,C2,IL-17B,False,Donor 6- age: 68,IL-17B_Donor 6_C2,cytokine,2143,0,0,0,0,0,0,0,1035,0,1017,0,91,Donor3,Old,8.650267016038988,-59.34973298396101
2371,_IL-17B_Donor4_C2_CD4T,CD4T,CD4T,59,CD4T,parsebioscience,Donor 7,C2,IL-17B,False,Donor 7- age: 59,IL-17B_Donor 7_C2,cytokine,611,0,0,0,0,0,0,0,319,0,272,0,20,Donor4,Old,-12.128186909909566,-71.12818690990957
2376,_IL-17B_Donor5_C2_CD4T,CD4T,CD4T,41,CD4T,parsebioscience,Donor 8,C2,IL-17B,False,Donor 8- age: 41,IL-17B_Donor 8_C2,cytokine,4468,0,0,0,0,0,0,0,2228,0,2120,0,120,Donor5,Young,-36.97969010851828,-77.97969010851827
2381,_IL-17B_Donor6_C2_CD4T,CD4T,CD4T,38,CD4T,parsebioscience,Donor 9,C2,IL-17B,False,Donor 9- age: 38,IL-17B_Donor 9_C2,cytokine,3936,0,0,0,0,0,0,0,1611,0,2118,0,207,Donor6,Young,-3.596909460055649,-41.59690946005565
2386,_IL-17B_Donor7_C2_CD4T,CD4T,CD4T,45,CD4T,parsebioscience,Donor 10,C2,IL-17B,False,Donor 10- age: 45,IL-17B_Donor 10_C2,cytokine,4259,0,0,0,0,0,0,0,1538,0,2476,0,245,Donor7,Young,-17.94904425511266,-62.94904425511266
2391,_IL-17B_Donor8_C2_CD4T,CD4T,CD4T,52,CD4T,parsebioscience,Donor 11,C2,IL-17B,False,Donor 11- age: 52,IL-17B_Donor 11_C2,cytokine,2151,0,0,0,0,0,0,0,563,0,1503,0,85,Donor8,Old,-4.9883722623683795,-56.98837226236838
2396,_IL-17B_Donor9_C2_CD4T,CD4T,CD4T,38,CD4T,parsebioscience,Donor 12,C2,IL-17B,False,Donor 12- age: 38,IL-17B_Donor 12_C2,cytokine,1814,0,0,0,0,0,0,0,769,0,984,0,61,Donor9,Young,-8.777529063800849,-46.77752906380085
2401,_IL-17C_Donor10_C3_CD4T,CD4T,CD4T,42,CD4T,parsebioscience,Donor 2,C3,IL-17C,False,Donor 2- age: 42,IL-17C_Donor 2_C3,cytokine,1866,0,0,0,0,0,0,0,724,0,1080,0,62,Donor10,Young,-7.592541212533398,-49.5925412125334
2406,_IL-17C_Donor11_C3_CD4T,CD4T,CD4T,46,CD4T,parsebioscience,Donor 3,C3,IL-17C,False,Donor 3- age: 46,IL-17C_Donor 3_C3,cytokine,1596,0,0,0,0,0,0,0,521,0,1011,0,64,Donor11,Young,-21.70964626425792,-67.70964626425791
2411,_IL-17C_Donor12_C3_CD4T,CD4T,CD4T,36,CD4T,parsebioscience,Donor 4,C3,IL-17C,False,Donor 4- age: 36,IL-17C_Donor 4_C3,cytokine,3990,0,0,0,0,0,0,0,1390,0,2523,0,77,Donor12,Young,-16.41334719887505,-52.41334719887505
2416,_IL-17C_Donor1_C3_CD4T,CD4T,CD4T,75,CD4T,parsebioscience,Donor 1,C3,IL-17C,False,Donor 1- age: 75,IL-17C_Donor 1_C3,cytokine,6653,0,0,0,0,0,0,0,3031,0,3384,0,238,Donor1,Old,14.183713081208928,-60.81628691879107
2421,_IL-17C_Donor2_C3_CD4T,CD4T,CD4T,34,CD4T,parsebioscience,Donor 5,C3,IL-17C,False,Donor 5- age: 34,IL-17C_Donor 5_C3,cytokine,2873,0,0,0,0,0,0,0,945,0,1836,0,92,Donor2,Young,-22.10660158536431,-56.10660158536431
2426,_IL-17C_Donor3_C3_CD4T,CD4T,CD4T,68,CD4T,parsebioscience,Donor 6,C3,IL-17C,False,Donor 6- age: 68,IL-17C_Donor 6_C3,cytokine,2630,0,0,0,0,0,0,0,1239,0,1278,0,113,Donor3,Old,5.031490137773922,-62.96850986222608
2431,_IL-17C_Donor4_C3_CD4T,CD4T,CD4T,59,CD4T,parsebioscience,Donor 7,C3,IL-17C,False,Donor 7- age: 59,IL-17C_Donor 7_C3,cytokine,661,0,0,0,0,0,0,0,327,0,310,0,24,Donor4,Old,-2.504933198846949,-61.50493319884695
2436,_IL-17C_Donor5_C3_CD4T,CD4T,CD4T,41,CD4T,parsebioscience,Donor 8,C3,IL-17C,False,Donor 8- age: 41,IL-17C_Donor 8_C3,cytokine,4994,0,0,0,0,0,0,0,2267,0,2602,0,125,Donor5,Young,-32.89772661671862,-73.89772661671861
2441,_IL-17C_Donor6_C3_CD4T,CD4T,CD4T,38,CD4T,parsebioscience,Donor 9,C3,IL-17C,False,Donor 9- age: 38,IL-17C_Donor 9_C3,cytokine,3619,0,0,0,0,0,0,0,1411,0,1999,0,209,Donor6,Young,-13.558992093675151,-51.55899209367515
2446,_IL-17C_Donor7_C3_CD4T,CD4T,CD4T,45,CD4T,parsebioscience,Donor 10,C3,IL-17C,False,Donor 10- age: 45,IL-17C_Donor 10_C3,cytokine,3481,0,0,0,0,0,0,0,1077,0,2261,0,143,Donor7,Young,-18.65923343183973,-63.65923343183973
2451,_IL-17C_Donor8_C3_CD4T,CD4T,CD4T,52,CD4T,parsebioscience,Donor 11,C3,IL-17C,False,Donor 11- age: 52,IL-17C_Donor 11_C3,cytokine,3619,0,0,0,0,0,0,0,1021,0,2445,0,153,Donor8,Old,-8.094377588525752,-60.09437758852575
2456,_IL-17C_Donor9_C3_CD4T,CD4T,CD4T,38,CD4T,parsebioscience,Donor 12,C3,IL-17C,False,Donor 12- age: 38,IL-17C_Donor 12_C3,cytokine,2290,0,0,0,0,0,0,0,818,0,1404,0,68,Donor9,Young,-20.939132053287942,-58.93913205328794
2461,_IL-17D_Donor10_C4_CD4T,CD4T,CD4T,42,CD4T,parsebioscience,Donor 2,C4,IL-17D,False,Donor 2- age: 42,IL-17D_Donor 2_C4,cytokine,1885,0,0,0,0,0,0,0,688,0,1120,0,77,Donor10,Young,-4.694400876393722,-46.69440087639372
2466,_IL-17D_Donor11_C4_CD4T,CD4T,CD4T,46,CD4T,parsebioscience,Donor 3,C4,IL-17D,False,Donor 3- age: 46,IL-17D_Donor 3_C4,cytokine,1458,0,0,0,0,0,0,0,494,0,926,0,38,Donor11,Young,-22.93215289100528,-68.93215289100527
2471,_IL-17D_Donor12_C4_CD4T,CD4T,CD4T,36,CD4T,parsebioscience,Donor 4,C4,IL-17D,False,Donor 4- age: 36,IL-17D_Donor 4_C4,cytokine,4013,0,0,0,0,0,0,0,1117,0,2762,0,134,Donor12,Young,-20.73251323909505,-56.73251323909505
2476,_IL-17D_Donor1_C4_CD4T,CD4T,CD4T,75,CD4T,parsebioscience,Donor 1,C4,IL-17D,False,Donor 1- age: 75,IL-17D_Donor 1_C4,cytokine,8374,0,0,0,0,0,0,0,3109,0,4941,0,324,Donor1,Old,15.616807439912122,-59.38319256008788
2481,_IL-17D_Donor2_C4_CD4T,CD4T,CD4T,34,CD4T,parsebioscience,Donor 5,C4,IL-17D,False,Donor 5- age: 34,IL-17D_Donor 5_C4,cytokine,5067,0,0,0,0,0,0,0,1527,0,3366,0,174,Donor2,Young,-16.51764954450487,-50.51764954450487
2486,_IL-17D_Donor3_C4_CD4T,CD4T,CD4T,68,CD4T,parsebioscience,Donor 6,C4,IL-17D,False,Donor 6- age: 68,IL-17D_Donor 6_C4,cytokine,3151,0,0,0,0,0,0,0,1420,0,1597,0,134,Donor3,Old,8.375138901014836,-59.624861098985164
2491,_IL-17D_Donor4_C4_CD4T,CD4T,CD4T,59,CD4T,parsebioscience,Donor 7,C4,IL-17D,False,Donor 7- age: 59,IL-17D_Donor 7_C4,cytokine,829,0,0,0,0,0,0,0,381,0,409,0,39,Donor4,Old,-6.05958244883805,-65.05958244883806
2496,_IL-17D_Donor5_C4_CD4T,CD4T,CD4T,41,CD4T,parsebioscience,Donor 8,C4,IL-17D,False,Donor 8- age: 41,IL-17D_Donor 8_C4,cytokine,6720,0,0,0,0,0,0,0,2889,0,3687,0,144,Donor5,Young,-33.917985211324684,-74.91798521132469
2501,_IL-17D_Donor6_C4_CD4T,CD4T,CD4T,38,CD4T,parsebioscience,Donor 9,C4,IL-17D,False,Donor 9- age: 38,IL-17D_Donor 9_C4,cytokine,3406,0,0,0,0,0,0,0,1313,0,1933,0,160,Donor6,Young,-4.9074244945564445,-42.907424494556444
2506,_IL-17D_Donor7_C4_CD4T,CD4T,CD4T,45,CD4T,parsebioscience,Donor 10,C4,IL-17D,False,Donor 10- age: 45,IL-17D_Donor 10_C4,cytokine,4619,0,0,0,0,0,0,0,1231,0,3168,0,220,Donor7,Young,-13.696346411586553,-58.69634641158655
2511,_IL-17D_Donor8_C4_CD4T,CD4T,CD4T,52,CD4T,parsebioscience,Donor 11,C4,IL-17D,False,Donor 11- age: 52,IL-17D_Donor 11_C4,cytokine,2988,0,0,0,0,0,0,0,734,0,2132,0,122,Donor8,Old,-0.9998643462025285,-52.99986434620253
2516,_IL-17D_Donor9_C4_CD4T,CD4T,CD4T,38,CD4T,parsebioscience,Donor 12,C4,IL-17D,False,Donor 12- age: 38,IL-17D_Donor 12_C4,cytokine,2189,0,0,0,0,0,0,0,629,0,1508,0,52,Donor9,Young,-15.378633336994305,-53.378633336994305
2521,_IL-17E_Donor10_C5_CD4T,CD4T,CD4T,42,CD4T,parsebioscience,Donor 2,C5,IL-17E,False,Donor 2- age: 42,IL-17E_Donor 2_C5,cytokine,1818,0,0,0,0,0,0,0,700,0,1044,0,74,Donor10,Young,-0.546417353451119,-42.54641735345112
2526,_IL-17E_Donor11_C5_CD4T,CD4T,CD4T,46,CD4T,parsebioscience,Donor 3,C5,IL-17E,False,Donor 3- age: 46,IL-17E_Donor 3_C5,cytokine,1926,0,0,0,0,0,0,0,659,0,1207,0,60,Donor11,Young,-25.548802815461976,-71.54880281546198
2531,_IL-17E_Donor12_C5_CD4T,CD4T,CD4T,36,CD4T,parsebioscience,Donor 4,C5,IL-17E,False,Donor 4- age: 36,IL-17E_Donor 4_C5,cytokine,5741,0,0,0,0,0,0,0,1677,0,3465,0,599,Donor12,Young,-21.701132466675183,-57.70113246667518
2536,_IL-17E_Donor1_C5_CD4T,CD4T,CD4T,75,CD4T,parsebioscience,Donor 1,C5,IL-17E,False,Donor 1- age: 75,IL-17E_Donor 1_C5,cytokine,8279,0,0,0,0,0,0,0,3579,0,4427,0,273,Donor1,Old,7.025754126847374,-67.97424587315263
2541,_IL-17E_Donor2_C5_CD4T,CD4T,CD4T,34,CD4T,parsebioscience,Donor 5,C5,IL-17E,False,Donor 5- age: 34,IL-17E_Donor 5_C5,cytokine,5908,0,0,0,0,0,0,0,1686,0,4021,0,201,Donor2,Young,-22.24482466686441,-56.24482466686441
2546,_IL-17E_Donor3_C5_CD4T,CD4T,CD4T,68,CD4T,parsebioscience,Donor 6,C5,IL-17E,False,Donor 6- age: 68,IL-17E_Donor 6_C5,cytokine,3950,0,0,0,0,0,0,0,1833,0,1945,0,172,Donor3,Old,8.54664655248147,-59.45335344751853
2551,_IL-17E_Donor4_C5_CD4T,CD4T,CD4T,59,CD4T,parsebioscience,Donor 7,C5,IL-17E,False,Donor 7- age: 59,IL-17E_Donor 7_C5,cytokine,910,0,0,0,0,0,0,0,365,0,511,0,34,Donor4,Old,-2.140994885983112,-61.14099488598311
2556,_IL-17E_Donor5_C5_CD4T,CD4T,CD4T,41,CD4T,parsebioscience,Donor 8,C5,IL-17E,False,Donor 8- age: 41,IL-17E_Donor 8_C5,cytokine,1156,0,0,0,0,0,0,0,672,0,454,0,30,Donor5,Young,-43.96906122549368,-84.96906122549368
2561,_IL-17E_Donor6_C5_CD4T,CD4T,CD4T,38,CD4T,parsebioscience,Donor 9,C5,IL-17E,False,Donor 9- age: 38,IL-17E_Donor 9_C5,cytokine,4301,0,0,0,0,0,0,0,1407,0,2681,0,213,Donor6,Young,-11.98633925813646,-49.98633925813646
2566,_IL-17E_Donor7_C5_CD4T,CD4T,CD4T,45,CD4T,parsebioscience,Donor 10,C5,IL-17E,False,Donor 10- age: 45,IL-17E_Donor 10_C5,cytokine,4100,0,0,0,0,0,0,0,1024,0,2906,0,170,Donor7,Young,-19.57215261740769,-64.57215261740768
2571,_IL-17E_Donor8_C5_CD4T,CD4T,CD4T,52,CD4T,parsebioscience,Donor 11,C5,IL-17E,False,Donor 11- age: 52,IL-17E_Donor 11_C5,cytokine,2218,0,0,0,0,0,0,0,630,0,1504,0,84,Donor8,Old,-2.7953088685492844,-54.795308868549284
2576,_IL-17E_Donor9_C5_CD4T,CD4T,CD4T,38,CD4T,parsebioscience,Donor 12,C5,IL-17E,False,Donor 12- age: 38,IL-17E_Donor 12_C5,cytokine,1905,0,0,0,0,0,0,0,589,0,1255,0,61,Donor9,Young,-21.179770360296537,-59.17977036029654
2581,_IL-17F_Donor10_C6_CD4T,CD4T,CD4T,42,CD4T,parsebioscience,Donor 2,C6,IL-17F,False,Donor 2- age: 42,IL-17F_Donor 2_C6,cytokine,1860,0,0,0,0,0,0,0,758,0,1024,0,78,Donor10,Young,-4.885499709794054,-46.885499709794054
2586,_IL-17F_Donor11_C6_CD4T,CD4T,CD4T,46,CD4T,parsebioscience,Donor 3,C6,IL-17F,False,Donor 3- age: 46,IL-17F_Donor 3_C6,cytokine,1711,0,0,0,0,0,0,0,649,0,1007,0,55,Donor11,Young,-24.443884493539933,-70.44388449353994
2591,_IL-17F_Donor12_C6_CD4T,CD4T,CD4T,36,CD4T,parsebioscience,Donor 4,C6,IL-17F,False,Donor 4- age: 36,IL-17F_Donor 4_C6,cytokine,4833,0,0,0,0,0,0,0,1542,0,2899,0,392,Donor12,Young,-23.07009334696506,-59.07009334696506
2596,_IL-17F_Donor1_C6_CD4T,CD4T,CD4T,75,CD4T,parsebioscience,Donor 1,C6,IL-17F,False,Donor 1- age: 75,IL-17F_Donor 1_C6,cytokine,8814,0,0,0,0,0,0,0,3732,0,4779,0,303,Donor1,Old,19.296398039669782,-55.70360196033022
2601,_IL-17F_Donor2_C6_CD4T,CD4T,CD4T,34,CD4T,parsebioscience,Donor 5,C6,IL-17F,False,Donor 5- age: 34,IL-17F_Donor 5_C6,cytokine,5451,0,0,0,0,0,0,0,1704,0,3522,0,225,Donor2,Young,-18.335561167556428,-52.33556116755643
2606,_IL-17F_Donor3_C6_CD4T,CD4T,CD4T,68,CD4T,parsebioscience,Donor 6,C6,IL-17F,False,Donor 6- age: 68,IL-17F_Donor 6_C6,cytokine,3804,0,0,0,0,0,0,0,1858,0,1770,0,176,Donor3,Old,5.669332797366202,-62.3306672026338
2611,_IL-17F_Donor4_C6_CD4T,CD4T,CD4T,59,CD4T,parsebioscience,Donor 7,C6,IL-17F,False,Donor 7- age: 59,IL-17F_Donor 7_C6,cytokine,1073,0,0,0,0,0,0,0,520,0,495,0,58,Donor4,Old,-2.6044870403963216,-61.60448704039632
2616,_IL-17F_Donor5_C6_CD4T,CD4T,CD4T,41,CD4T,parsebioscience,Donor 8,C6,IL-17F,False,Donor 8- age: 41,IL-17F_Donor 8_C6,cytokine,7290,0,0,0,0,0,0,0,3484,0,3623,0,183,Donor5,Young,-33.3949619236303,-74.39496192363029
2621,_IL-17F_Donor6_C6_CD4T,CD4T,CD4T,38,CD4T,parsebioscience,Donor 9,C6,IL-17F,False,Donor 9- age: 38,IL-17F_Donor 9_C6,cytokine,3922,0,0,0,0,0,0,0,1657,0,2066,0,199,Donor6,Young,-7.750380583516012,-45.75038058351601
2626,_IL-17F_Donor7_C6_CD4T,CD4T,CD4T,45,CD4T,parsebioscience,Donor 10,C6,IL-17F,False,Donor 10- age: 45,IL-17F_Donor 10_C6,cytokine,5397,0,0,0,0,0,0,0,2244,0,2831,0,322,Donor7,Young,-17.372067005776465,-62.372067005776465
2631,_IL-17F_Donor8_C6_CD4T,CD4T,CD4T,52,CD4T,parsebioscience,Donor 11,C6,IL-17F,False,Donor 11- age: 52,IL-17F_Donor 11_C6,cytokine,2215,0,0,0,0,0,0,0,602,0,1523,0,90,Donor8,Old,-2.4493672534866207,-54.44936725348662
2636,_IL-17F_Donor9_C6_CD4T,CD4T,CD4T,38,CD4T,parsebioscience,Donor 12,C6,IL-17F,False,Donor 12- age: 38,IL-17F_Donor 12_C6,cytokine,2197,0,0,0,0,0,0,0,793,0,1344,0,60,Donor9,Young,-19.361526059391444,-57.361526059391444
2641,_IL-18_Donor10_A3_CD4T,CD4T,CD4T,42,CD4T,parsebioscience,Donor 2,A3,IL-18,False,Donor 2- age: 42,IL-18_Donor 2_A3,cytokine,2373,0,0,0,0,0,0,0,873,0,1418,0,82,Donor10,Young,2.6444503064813247,-39.355549693518675
2646,_IL-18_Donor11_A3_CD4T,CD4T,CD4T,46,CD4T,parsebioscience,Donor 3,A3,IL-18,False,Donor 3- age: 46,IL-18_Donor 3_A3,cytokine,1259,0,0,0,0,0,0,0,397,0,829,0,33,Donor11,Young,-20.89628895517469,-66.8962889551747
2651,_IL-18_Donor12_A3_CD4T,CD4T,CD4T,36,CD4T,parsebioscience,Donor 4,A3,IL-18,False,Donor 4- age: 36,IL-18_Donor 4_A3,cytokine,6492,0,0,0,0,0,0,0,2174,0,4132,0,186,Donor12,Young,-17.08342116988701,-53.08342116988701
2656,_IL-18_Donor1_A3_CD4T,CD4T,CD4T,75,CD4T,parsebioscience,Donor 1,A3,IL-18,False,Donor 1- age: 75,IL-18_Donor 1_A3,cytokine,5492,0,0,0,0,0,0,0,2067,0,3250,0,175,Donor1,Old,18.25015663968,-56.74984336032
2661,_IL-18_Donor2_A3_CD4T,CD4T,CD4T,34,CD4T,parsebioscience,Donor 5,A3,IL-18,False,Donor 5- age: 34,IL-18_Donor 5_A3,cytokine,2978,0,0,0,0,0,0,0,950,0,1934,0,94,Donor2,Young,-19.30488478307705,-53.30488478307705
2666,_IL-18_Donor3_A3_CD4T,CD4T,CD4T,68,CD4T,parsebioscience,Donor 6,A3,IL-18,False,Donor 6- age: 68,IL-18_Donor 6_A3,cytokine,2953,0,0,0,0,0,0,0,420,0,2465,0,68,Donor3,Old,9.593166095377413,-58.40683390462259
2671,_IL-18_Donor4_A3_CD4T,CD4T,CD4T,59,CD4T,parsebioscience,Donor 7,A3,IL-18,False,Donor 7- age: 59,IL-18_Donor 7_A3,cytokine,541,0,0,0,0,0,0,0,133,0,395,0,13,Donor4,Old,-12.830555831791877,-71.83055583179188
2676,_IL-18_Donor5_A3_CD4T,CD4T,CD4T,41,CD4T,parsebioscience,Donor 8,A3,IL-18,False,Donor 8- age: 41,IL-18_Donor 8_A3,cytokine,7746,0,0,0,0,0,0,0,3977,0,3552,0,217,Donor5,Young,-35.49589365542399,-76.495893655424
2681,_IL-18_Donor6_A3_CD4T,CD4T,CD4T,38,CD4T,parsebioscience,Donor 9,A3,IL-18,False,Donor 9- age: 38,IL-18_Donor 9_A3,cytokine,6111,0,0,0,0,0,0,0,2391,0,3419,0,301,Donor6,Young,-8.207783743819569,-46.20778374381957
2686,_IL-18_Donor7_A3_CD4T,CD4T,CD4T,45,CD4T,parsebioscience,Donor 10,A3,IL-18,False,Donor 10- age: 45,IL-18_Donor 10_A3,cytokine,4885,0,0,0,0,0,0,0,1982,0,2605,0,298,Donor7,Young,-17.582701615342465,-62.582701615342465
2691,_IL-18_Donor8_A3_CD4T,CD4T,CD4T,52,CD4T,parsebioscience,Donor 11,A3,IL-18,False,Donor 11- age: 52,IL-18_Donor 11_A3,cytokine,2788,0,0,0,0,0,0,0,682,0,1991,0,115,Donor8,Old,-4.30071281386676,-56.30071281386676
2696,_IL-18_Donor9_A3_CD4T,CD4T,CD4T,38,CD4T,parsebioscience,Donor 12,A3,IL-18,False,Donor 12- age: 38,IL-18_Donor 12_A3,cytokine,2798,0,0,0,0,0,0,0,848,0,1847,0,103,Donor9,Young,-12.899066992615694,-50.899066992615694
2701,_IL-19_Donor10_B9_CD4T,CD4T,CD4T,42,CD4T,parsebioscience,Donor 2,B9,IL-19,False,Donor 2- age: 42,IL-19_Donor 2_B9,cytokine,1831,0,0,0,0,0,0,0,961,0,792,0,78,Donor10,Young,-2.291130098449642,-44.29113009844964
2706,_IL-19_Donor11_B9_CD4T,CD4T,CD4T,46,CD4T,parsebioscience,Donor 3,B9,IL-19,False,Donor 3- age: 46,IL-19_Donor 3_B9,cytokine,1770,0,0,0,0,0,0,0,657,0,1059,0,54,Donor11,Young,-25.30075821924708,-71.30075821924709
2711,_IL-19_Donor12_B9_CD4T,CD4T,CD4T,36,CD4T,parsebioscience,Donor 4,B9,IL-19,False,Donor 4- age: 36,IL-19_Donor 4_B9,cytokine,5429,0,0,0,0,0,0,0,2288,0,2948,0,193,Donor12,Young,-19.39157795731287,-55.39157795731287
2716,_IL-19_Donor1_B9_CD4T,CD4T,CD4T,75,CD4T,parsebioscience,Donor 1,B9,IL-19,False,Donor 1- age: 75,IL-19_Donor 1_B9,cytokine,8174,0,0,0,0,0,0,0,3975,0,3851,0,348,Donor1,Old,9.342879627032481,-65.65712037296751
2721,_IL-19_Donor2_B9_CD4T,CD4T,CD4T,34,CD4T,parsebioscience,Donor 5,B9,IL-19,False,Donor 5- age: 34,IL-19_Donor 5_B9,cytokine,3144,0,0,0,0,0,0,0,1303,0,1714,0,127,Donor2,Young,-18.29245221496074,-52.29245221496074
2726,_IL-19_Donor3_B9_CD4T,CD4T,CD4T,68,CD4T,parsebioscience,Donor 6,B9,IL-19,False,Donor 6- age: 68,IL-19_Donor 6_B9,cytokine,2564,0,0,0,0,0,0,0,1355,0,1090,0,119,Donor3,Old,9.330319092318241,-58.66968090768176
2731,_IL-19_Donor4_B9_CD4T,CD4T,CD4T,59,CD4T,parsebioscience,Donor 7,B9,IL-19,False,Donor 7- age: 59,IL-19_Donor 7_B9,cytokine,602,0,0,0,0,0,0,0,297,0,283,0,22,Donor4,Old,-4.566971834719347,-63.56697183471935
2736,_IL-19_Donor5_B9_CD4T,CD4T,CD4T,41,CD4T,parsebioscience,Donor 8,B9,IL-19,False,Donor 8- age: 41,IL-19_Donor 8_B9,cytokine,7208,0,0,0,0,0,0,0,4042,0,2938,0,228,Donor5,Young,-32.24437206886336,-73.24437206886336
2741,_IL-19_Donor6_B9_CD4T,CD4T,CD4T,38,CD4T,parsebioscience,Donor 9,B9,IL-19,False,Donor 9- age: 38,IL-19_Donor 9_B9,cytokine,3628,0,0,0,0,0,0,0,1742,0,1698,0,188,Donor6,Young,-12.737480936643756,-50.737480936643756
2746,_IL-19_Donor7_B9_CD4T,CD4T,CD4T,45,CD4T,parsebioscience,Donor 10,B9,IL-19,False,Donor 10- age: 45,IL-19_Donor 10_B9,cytokine,3582,0,0,0,0,0,0,0,1580,0,1791,0,211,Donor7,Young,-16.23526680619718,-61.23526680619718
2751,_IL-19_Donor8_B9_CD4T,CD4T,CD4T,52,CD4T,parsebioscience,Donor 11,B9,IL-19,False,Donor 11- age: 52,IL-19_Donor 11_B9,cytokine,2709,0,0,0,0,0,0,0,828,0,1773,0,108,Donor8,Old,-5.249944366102461,-57.24994436610246
2756,_IL-19_Donor9_B9_CD4T,CD4T,CD4T,38,CD4T,parsebioscience,Donor 12,B9,IL-19,False,Donor 12- age: 38,IL-19_Donor 12_B9,cytokine,2802,0,0,0,0,0,0,0,1066,0,1660,0,76,Donor9,Young,-17.804078251552248,-55.80407825155225
2761,_IL-1Ra_Donor10_A1_CD4T,CD4T,CD4T,42,CD4T,parsebioscience,Donor 2,A1,IL-1Ra,False,Donor 2- age: 42,IL-1Ra_Donor 2_A1,cytokine,2425,0,0,0,0,0,0,0,794,0,1539,0,92,Donor10,Young,-8.037423501831945,-50.037423501831945
2766,_IL-1Ra_Donor11_A1_CD4T,CD4T,CD4T,46,CD4T,parsebioscience,Donor 3,A1,IL-1Ra,False,Donor 3- age: 46,IL-1Ra_Donor 3_A1,cytokine,1840,0,0,0,0,0,0,0,597,0,1195,0,48,Donor11,Young,-17.53175969327507,-63.53175969327507
2771,_IL-1Ra_Donor12_A1_CD4T,CD4T,CD4T,36,CD4T,parsebioscience,Donor 4,A1,IL-1Ra,False,Donor 4- age: 36,IL-1Ra_Donor 4_A1,cytokine,5126,0,0,0,0,0,0,0,1597,0,3413,0,116,Donor12,Young,-14.647280486646174,-50.647280486646174
2776,_IL-1Ra_Donor1_A1_CD4T,CD4T,CD4T,75,CD4T,parsebioscience,Donor 1,A1,IL-1Ra,False,Donor 1- age: 75,IL-1Ra_Donor 1_A1,cytokine,3520,0,0,0,0,0,0,0,1476,0,1918,0,126,Donor1,Old,17.61734210244944,-57.38265789755056
2781,_IL-1Ra_Donor2_A1_CD4T,CD4T,CD4T,34,CD4T,parsebioscience,Donor 5,A1,IL-1Ra,False,Donor 5- age: 34,IL-1Ra_Donor 5_A1,cytokine,3249,0,0,0,0,0,0,0,1133,0,1990,0,126,Donor2,Young,-18.760723549152708,-52.76072354915271
2786,_IL-1Ra_Donor3_A1_CD4T,CD4T,CD4T,68,CD4T,parsebioscience,Donor 6,A1,IL-1Ra,False,Donor 6- age: 68,IL-1Ra_Donor 6_A1,cytokine,2276,0,0,0,0,0,0,0,355,0,1885,0,36,Donor3,Old,5.299946596395536,-62.700053403604464
2791,_IL-1Ra_Donor4_A1_CD4T,CD4T,CD4T,59,CD4T,parsebioscience,Donor 7,A1,IL-1Ra,False,Donor 7- age: 59,IL-1Ra_Donor 7_A1,cytokine,586,0,0,0,0,0,0,0,27,0,552,0,7,Donor4,Old,-14.42271807301369,-73.4227180730137
2796,_IL-1Ra_Donor5_A1_CD4T,CD4T,CD4T,41,CD4T,parsebioscience,Donor 8,A1,IL-1Ra,False,Donor 8- age: 41,IL-1Ra_Donor 8_A1,cytokine,6223,0,0,0,0,0,0,0,2907,0,3134,0,182,Donor5,Young,-36.355595076025004,-77.355595076025
2801,_IL-1Ra_Donor6_A1_CD4T,CD4T,CD4T,38,CD4T,parsebioscience,Donor 9,A1,IL-1Ra,False,Donor 9- age: 38,IL-1Ra_Donor 9_A1,cytokine,9292,0,0,0,0,0,0,0,3399,0,5524,0,369,Donor6,Young,-14.821273774703151,-52.82127377470315
2806,_IL-1Ra_Donor7_A1_CD4T,CD4T,CD4T,45,CD4T,parsebioscience,Donor 10,A1,IL-1Ra,False,Donor 10- age: 45,IL-1Ra_Donor 10_A1,cytokine,5659,0,0,0,0,0,0,0,2359,0,2967,0,333,Donor7,Young,-21.322605419916847,-66.32260541991684
2811,_IL-1Ra_Donor8_A1_CD4T,CD4T,CD4T,52,CD4T,parsebioscience,Donor 11,A1,IL-1Ra,False,Donor 11- age: 52,IL-1Ra_Donor 11_A1,cytokine,2674,0,0,0,0,0,0,0,674,0,1896,0,104,Donor8,Old,-4.790696256073566,-56.790696256073566
2816,_IL-1Ra_Donor9_A1_CD4T,CD4T,CD4T,38,CD4T,parsebioscience,Donor 12,A1,IL-1Ra,False,Donor 12- age: 38,IL-1Ra_Donor 12_A1,cytokine,4071,0,0,0,0,0,0,0,1318,0,2629,0,124,Donor9,Young,-19.197008055342643,-57.19700805534264
2821,_IL-20_Donor10_B10_CD4T,CD4T,CD4T,42,CD4T,parsebioscience,Donor 2,B10,IL-20,False,Donor 2- age: 42,IL-20_Donor 2_B10,cytokine,1580,0,0,0,0,0,0,0,678,0,835,0,67,Donor10,Young,-0.08238872138849729,-42.0823887213885
2826,_IL-20_Donor11_B10_CD4T,CD4T,CD4T,46,CD4T,parsebioscience,Donor 3,B10,IL-20,False,Donor 3- age: 46,IL-20_Donor 3_B10,cytokine,1686,0,0,0,0,0,0,0,578,0,1067,0,41,Donor11,Young,-17.42980380509912,-63.42980380509912
2831,_IL-20_Donor12_B10_CD4T,CD4T,CD4T,36,CD4T,parsebioscience,Donor 4,B10,IL-20,False,Donor 4- age: 36,IL-20_Donor 4_B10,cytokine,5556,0,0,0,0,0,0,0,2047,0,3127,0,382,Donor12,Young,-18.481288292497062,-54.48128829249706
2836,_IL-20_Donor1_B10_CD4T,CD4T,CD4T,75,CD4T,parsebioscience,Donor 1,B10,IL-20,False,Donor 1- age: 75,IL-20_Donor 1_B10,cytokine,7618,0,0,0,0,0,0,0,3309,0,4001,0,308,Donor1,Old,11.818458606753332,-63.18154139324667
2841,_IL-20_Donor2_B10_CD4T,CD4T,CD4T,34,CD4T,parsebioscience,Donor 5,B10,IL-20,False,Donor 5- age: 34,IL-20_Donor 5_B10,cytokine,3549,0,0,0,0,0,0,0,1313,0,2086,0,150,Donor2,Young,-18.808313271455923,-52.80831327145592
2846,_IL-20_Donor3_B10_CD4T,CD4T,CD4T,68,CD4T,parsebioscience,Donor 6,B10,IL-20,False,Donor 6- age: 68,IL-20_Donor 6_B10,cytokine,3379,0,0,0,0,0,0,0,1474,0,1772,0,133,Donor3,Old,10.748799592659843,-57.25120040734016
2851,_IL-20_Donor4_B10_CD4T,CD4T,CD4T,59,CD4T,parsebioscience,Donor 7,B10,IL-20,False,Donor 7- age: 59,IL-20_Donor 7_B10,cytokine,1100,0,0,0,0,0,0,0,524,0,529,0,47,Donor4,Old,-10.559531506820356,-69.55953150682035
2856,_IL-20_Donor5_B10_CD4T,CD4T,CD4T,41,CD4T,parsebioscience,Donor 8,B10,IL-20,False,Donor 8- age: 41,IL-20_Donor 8_B10,cytokine,6643,0,0,0,0,0,0,0,3250,0,3210,0,183,Donor5,Young,-34.929246391048004,-75.929246391048
2861,_IL-20_Donor6_B10_CD4T,CD4T,CD4T,38,CD4T,parsebioscience,Donor 9,B10,IL-20,False,Donor 9- age: 38,IL-20_Donor 9_B10,cytokine,5706,0,0,0,0,0,0,0,2420,0,3013,0,273,Donor6,Young,-11.418932742825625,-49.418932742825625
2866,_IL-20_Donor7_B10_CD4T,CD4T,CD4T,45,CD4T,parsebioscience,Donor 10,B10,IL-20,False,Donor 10- age: 45,IL-20_Donor 10_B10,cytokine,3673,0,0,0,0,0,0,0,1344,0,2129,0,200,Donor7,Young,-21.129439593091412,-66.1294395930914
2871,_IL-20_Donor8_B10_CD4T,CD4T,CD4T,52,CD4T,parsebioscience,Donor 11,B10,IL-20,False,Donor 11- age: 52,IL-20_Donor 11_B10,cytokine,2717,0,0,0,0,0,0,0,763,0,1822,0,132,Donor8,Old,-4.653828187267685,-56.653828187267685
2876,_IL-20_Donor9_B10_CD4T,CD4T,CD4T,38,CD4T,parsebioscience,Donor 12,B10,IL-20,False,Donor 12- age: 38,IL-20_Donor 12_B10,cytokine,2367,0,0,0,0,0,0,0,954,0,1349,0,64,Donor9,Young,-20.607519088111154,-58.607519088111154
2881,_IL-21_Donor10_H4_CD4T,CD4T,CD4T,42,CD4T,parsebioscience,Donor 2,H4,IL-21,False,Donor 2- age: 42,IL-21_Donor 2_H4,cytokine,1580,0,0,0,0,0,0,0,688,0,843,0,49,Donor10,Young,-0.44526198864927125,-42.44526198864927
2886,_IL-21_Donor11_H4_CD4T,CD4T,CD4T,46,CD4T,parsebioscience,Donor 3,H4,IL-21,False,Donor 3- age: 46,IL-21_Donor 3_H4,cytokine,1888,0,0,0,0,0,0,0,908,0,933,0,47,Donor11,Young,-31.540958403674118,-77.54095840367413
2891,_IL-21_Donor12_H4_CD4T,CD4T,CD4T,36,CD4T,parsebioscience,Donor 4,H4,IL-21,False,Donor 4- age: 36,IL-21_Donor 4_H4,cytokine,5868,0,0,0,0,0,0,0,2529,0,3168,0,171,Donor12,Young,-12.130649604654444,-48.130649604654444
2896,_IL-21_Donor1_H4_CD4T,CD4T,CD4T,75,CD4T,parsebioscience,Donor 1,H4,IL-21,False,Donor 1- age: 75,IL-21_Donor 1_H4,cytokine,10817,0,0,0,0,0,0,0,5325,0,5076,0,416,Donor1,Old,24.738349413200524,-50.261650586799476
2901,_IL-21_Donor2_H4_CD4T,CD4T,CD4T,34,CD4T,parsebioscience,Donor 5,H4,IL-21,False,Donor 5- age: 34,IL-21_Donor 5_H4,cytokine,3669,0,0,0,0,0,0,0,1299,0,2243,0,127,Donor2,Young,-14.929947822220917,-48.92994782222092
2906,_IL-21_Donor3_H4_CD4T,CD4T,CD4T,68,CD4T,parsebioscience,Donor 6,H4,IL-21,False,Donor 6- age: 68,IL-21_Donor 6_H4,cytokine,2494,0,0,0,0,0,0,0,1227,0,1162,0,105,Donor3,Old,2.5195546535959465,-65.48044534640405
2911,_IL-21_Donor4_H4_CD4T,CD4T,CD4T,59,CD4T,parsebioscience,Donor 7,H4,IL-21,False,Donor 7- age: 59,IL-21_Donor 7_H4,cytokine,700,0,0,0,0,0,0,0,340,0,335,0,25,Donor4,Old,-13.08873611176677,-72.08873611176676
2916,_IL-21_Donor5_H4_CD4T,CD4T,CD4T,41,CD4T,parsebioscience,Donor 8,H4,IL-21,False,Donor 8- age: 41,IL-21_Donor 8_H4,cytokine,9570,0,0,0,0,0,0,0,5118,0,4200,0,252,Donor5,Young,-30.544894203218938,-71.54489420321894
2921,_IL-21_Donor6_H4_CD4T,CD4T,CD4T,38,CD4T,parsebioscience,Donor 9,H4,IL-21,False,Donor 9- age: 38,IL-21_Donor 9_H4,cytokine,6540,0,0,0,0,0,0,0,2647,0,3557,0,336,Donor6,Young,-7.656060812972434,-45.656060812972434
2926,_IL-21_Donor7_H4_CD4T,CD4T,CD4T,45,CD4T,parsebioscience,Donor 10,H4,IL-21,False,Donor 10- age: 45,IL-21_Donor 10_H4,cytokine,3190,0,0,0,0,0,0,0,1377,0,1617,0,196,Donor7,Young,-18.219774363821493,-63.21977436382149
2931,_IL-21_Donor8_H4_CD4T,CD4T,CD4T,52,CD4T,parsebioscience,Donor 11,H4,IL-21,False,Donor 11- age: 52,IL-21_Donor 11_H4,cytokine,4364,0,0,0,0,0,0,0,1306,0,2885,0,173,Donor8,Old,-4.871342352033203,-56.8713423520332
2936,_IL-21_Donor9_H4_CD4T,CD4T,CD4T,38,CD4T,parsebioscience,Donor 12,H4,IL-21,False,Donor 12- age: 38,IL-21_Donor 12_H4,cytokine,1861,0,0,0,0,0,0,0,739,0,1064,0,58,Donor9,Young,-14.997060178839568,-52.99706017883957
2941,_IL-22_Donor10_B11_CD4T,CD4T,CD4T,42,CD4T,parsebioscience,Donor 2,B11,IL-22,False,Donor 2- age: 42,IL-22_Donor 2_B11,cytokine,2061,0,0,0,0,0,0,0,880,0,1099,0,82,Donor10,Young,-1.4647125477537273,-43.46471254775373
2946,_IL-22_Donor11_B11_CD4T,CD4T,CD4T,46,CD4T,parsebioscience,Donor 3,B11,IL-22,False,Donor 3- age: 46,IL-22_Donor 3_B11,cytokine,1706,0,0,0,0,0,0,0,608,0,1042,0,56,Donor11,Young,-23.030018084273756,-69.03001808427376
2951,_IL-22_Donor12_B11_CD4T,CD4T,CD4T,36,CD4T,parsebioscience,Donor 4,B11,IL-22,False,Donor 4- age: 36,IL-22_Donor 4_B11,cytokine,4770,0,0,0,0,0,0,0,2069,0,2562,0,139,Donor12,Young,-18.5666117416091,-54.5666117416091
2956,_IL-22_Donor1_B11_CD4T,CD4T,CD4T,75,CD4T,parsebioscience,Donor 1,B11,IL-22,False,Donor 1- age: 75,IL-22_Donor 1_B11,cytokine,10768,0,0,0,0,0,0,0,4573,0,5794,0,401,Donor1,Old,8.193567405789018,-66.80643259421097
2961,_IL-22_Donor2_B11_CD4T,CD4T,CD4T,34,CD4T,parsebioscience,Donor 5,B11,IL-22,False,Donor 5- age: 34,IL-22_Donor 5_B11,cytokine,2785,0,0,0,0,0,0,0,1023,0,1656,0,106,Donor2,Young,-22.68757294316351,-56.68757294316351
2966,_IL-22_Donor3_B11_CD4T,CD4T,CD4T,68,CD4T,parsebioscience,Donor 6,B11,IL-22,False,Donor 6- age: 68,IL-22_Donor 6_B11,cytokine,2720,0,0,0,0,0,0,0,1074,0,1545,0,101,Donor3,Old,5.3527077667433645,-62.647292233256636
2971,_IL-22_Donor4_B11_CD4T,CD4T,CD4T,59,CD4T,parsebioscience,Donor 7,B11,IL-22,False,Donor 7- age: 59,IL-22_Donor 7_B11,cytokine,684,0,0,0,0,0,0,0,332,0,327,0,25,Donor4,Old,-14.316539106254432,-73.31653910625442
2976,_IL-22_Donor5_B11_CD4T,CD4T,CD4T,41,CD4T,parsebioscience,Donor 8,B11,IL-22,False,Donor 8- age: 41,IL-22_Donor 8_B11,cytokine,4634,0,0,0,0,0,0,0,2245,0,2249,0,140,Donor5,Young,-35.946509044441164,-76.94650904444117
2981,_IL-22_Donor6_B11_CD4T,CD4T,CD4T,38,CD4T,parsebioscience,Donor 9,B11,IL-22,False,Donor 9- age: 38,IL-22_Donor 9_B11,cytokine,6046,0,0,0,0,0,0,0,2623,0,3112,0,311,Donor6,Young,-13.734270358313374,-51.734270358313374
2986,_IL-22_Donor7_B11_CD4T,CD4T,CD4T,45,CD4T,parsebioscience,Donor 10,B11,IL-22,False,Donor 10- age: 45,IL-22_Donor 10_B11,cytokine,2541,0,0,0,0,0,0,0,998,0,1414,0,129,Donor7,Young,-22.11873984017189,-67.11873984017188
2991,_IL-22_Donor8_B11_CD4T,CD4T,CD4T,52,CD4T,parsebioscience,Donor 11,B11,IL-22,False,Donor 11- age: 52,IL-22_Donor 11_B11,cytokine,3109,0,0,0,0,0,0,0,838,0,2124,0,147,Donor8,Old,-9.274580652001795,-61.274580652001795
2996,_IL-22_Donor9_B11_CD4T,CD4T,CD4T,38,CD4T,parsebioscience,Donor 12,B11,IL-22,False,Donor 12- age: 38,IL-22_Donor 12_B11,cytokine,2399,0,0,0,0,0,0,0,942,0,1364,0,93,Donor9,Young,-18.25618763705173,-56.25618763705173
3001,_IL-23_Donor10_B8_CD4T,CD4T,CD4T,42,CD4T,parsebioscience,Donor 2,B8,IL-23,False,Donor 2- age: 42,IL-23_Donor 2_B8,cytokine,2948,0,0,0,0,0,0,0,1315,0,1504,0,129,Donor10,Young,0.539199646613703,-41.4608003533863
3006,_IL-23_Donor11_B8_CD4T,CD4T,CD4T,46,CD4T,parsebioscience,Donor 3,B8,IL-23,False,Donor 3- age: 46,IL-23_Donor 3_B8,cytokine,2031,0,0,0,0,0,0,0,628,0,1336,0,67,Donor11,Young,-18.561625161720762,-64.56162516172077
3011,_IL-23_Donor12_B8_CD4T,CD4T,CD4T,36,CD4T,parsebioscience,Donor 4,B8,IL-23,False,Donor 4- age: 36,IL-23_Donor 4_B8,cytokine,6684,0,0,0,0,0,0,0,2282,0,4253,0,149,Donor12,Young,-18.577123502595093,-54.57712350259509
3016,_IL-23_Donor1_B8_CD4T,CD4T,CD4T,75,CD4T,parsebioscience,Donor 1,B8,IL-23,False,Donor 1- age: 75,IL-23_Donor 1_B8,cytokine,8825,0,0,0,0,0,0,0,3952,0,4557,0,316,Donor1,Old,9.10868580697413,-65.89131419302586
3021,_IL-23_Donor2_B8_CD4T,CD4T,CD4T,34,CD4T,parsebioscience,Donor 5,B8,IL-23,False,Donor 5- age: 34,IL-23_Donor 5_B8,cytokine,2709,0,0,0,0,0,0,0,996,0,1600,0,113,Donor2,Young,-18.37965332140923,-52.37965332140923
3026,_IL-23_Donor3_B8_CD4T,CD4T,CD4T,68,CD4T,parsebioscience,Donor 6,B8,IL-23,False,Donor 6- age: 68,IL-23_Donor 6_B8,cytokine,4150,0,0,0,0,0,0,0,1958,0,2016,0,176,Donor3,Old,8.562466052570144,-59.437533947429856
3031,_IL-23_Donor4_B8_CD4T,CD4T,CD4T,59,CD4T,parsebioscience,Donor 7,B8,IL-23,False,Donor 7- age: 59,IL-23_Donor 7_B8,cytokine,668,0,0,0,0,0,0,0,305,0,338,0,25,Donor4,Old,-4.6652141984598146,-63.665214198459815
3036,_IL-23_Donor5_B8_CD4T,CD4T,CD4T,41,CD4T,parsebioscience,Donor 8,B8,IL-23,False,Donor 8- age: 41,IL-23_Donor 8_B8,cytokine,7718,0,0,0,0,0,0,0,3329,0,4196,0,193,Donor5,Young,-33.08125898697059,-74.0812589869706
3041,_IL-23_Donor6_B8_CD4T,CD4T,CD4T,38,CD4T,parsebioscience,Donor 9,B8,IL-23,False,Donor 9- age: 38,IL-23_Donor 9_B8,cytokine,5185,0,0,0,0,0,0,0,2242,0,2675,0,268,Donor6,Young,-11.492098615200781,-49.49209861520078
3046,_IL-23_Donor7_B8_CD4T,CD4T,CD4T,45,CD4T,parsebioscience,Donor 10,B8,IL-23,False,Donor 10- age: 45,IL-23_Donor 10_B8,cytokine,4567,0,0,0,0,0,0,0,1917,0,2352,0,298,Donor7,Young,-10.502602084824353,-55.50260208482435
3051,_IL-23_Donor8_B8_CD4T,CD4T,CD4T,52,CD4T,parsebioscience,Donor 11,B8,IL-23,False,Donor 11- age: 52,IL-23_Donor 11_B8,cytokine,3200,0,0,0,0,0,0,0,940,0,2129,0,131,Donor8,Old,-4.948751322555573,-56.94875132255557
3056,_IL-23_Donor9_B8_CD4T,CD4T,CD4T,38,CD4T,parsebioscience,Donor 12,B8,IL-23,False,Donor 12- age: 38,IL-23_Donor 12_B8,cytokine,2758,0,0,0,0,0,0,0,1039,0,1608,0,111,Donor9,Young,-14.707640219262935,-52.707640219262935
3061,_IL-24_Donor10_B12_CD4T,CD4T,CD4T,42,CD4T,parsebioscience,Donor 2,B12,IL-24,False,Donor 2- age: 42,IL-24_Donor 2_B12,cytokine,1552,0,0,0,0,0,0,0,538,0,949,0,65,Donor10,Young,5.906047382216357,-36.09395261778364
3066,_IL-24_Donor11_B12_CD4T,CD4T,CD4T,46,CD4T,parsebioscience,Donor 3,B12,IL-24,False,Donor 3- age: 46,IL-24_Donor 3_B12,cytokine,1418,0,0,0,0,0,0,0,422,0,953,0,43,Donor11,Young,-23.834446973471607,-69.83444697347161
3071,_IL-24_Donor12_B12_CD4T,CD4T,CD4T,36,CD4T,parsebioscience,Donor 4,B12,IL-24,False,Donor 4- age: 36,IL-24_Donor 4_B12,cytokine,4084,0,0,0,0,0,0,0,1525,0,2416,0,143,Donor12,Young,-15.84447250596508,-51.84447250596508
3076,_IL-24_Donor1_B12_CD4T,CD4T,CD4T,75,CD4T,parsebioscience,Donor 1,B12,IL-24,False,Donor 1- age: 75,IL-24_Donor 1_B12,cytokine,5024,0,0,0,0,0,0,0,1881,0,2976,0,167,Donor1,Old,13.445213329550157,-61.55478667044984
3081,_IL-24_Donor2_B12_CD4T,CD4T,CD4T,34,CD4T,parsebioscience,Donor 5,B12,IL-24,False,Donor 5- age: 34,IL-24_Donor 5_B12,cytokine,2955,0,0,0,0,0,0,0,955,0,1883,0,117,Donor2,Young,-16.9986769132147,-50.9986769132147
3086,_IL-24_Donor3_B12_CD4T,CD4T,CD4T,68,CD4T,parsebioscience,Donor 6,B12,IL-24,False,Donor 6- age: 68,IL-24_Donor 6_B12,cytokine,2960,0,0,0,0,0,0,0,977,0,1898,0,85,Donor3,Old,9.970796433616854,-58.029203566383146
3091,_IL-24_Donor4_B12_CD4T,CD4T,CD4T,59,CD4T,parsebioscience,Donor 7,B12,IL-24,False,Donor 7- age: 59,IL-24_Donor 7_B12,cytokine,605,0,0,0,0,0,0,0,270,0,314,0,21,Donor4,Old,-9.94539155983012,-68.94539155983011
3096,_IL-24_Donor5_B12_CD4T,CD4T,CD4T,41,CD4T,parsebioscience,Donor 8,B12,IL-24,False,Donor 8- age: 41,IL-24_Donor 8_B12,cytokine,4734,0,0,0,0,0,0,0,1873,0,2751,0,110,Donor5,Young,-29.660539296405382,-70.66053929640537
3101,_IL-24_Donor6_B12_CD4T,CD4T,CD4T,38,CD4T,parsebioscience,Donor 9,B12,IL-24,False,Donor 9- age: 38,IL-24_Donor 9_B12,cytokine,6879,0,0,0,0,0,0,0,2685,0,3899,0,295,Donor6,Young,-5.164223170607649,-43.16422317060765
3106,_IL-24_Donor7_B12_CD4T,CD4T,CD4T,45,CD4T,parsebioscience,Donor 10,B12,IL-24,False,Donor 10- age: 45,IL-24_Donor 10_B12,cytokine,3154,0,0,0,0,0,0,0,878,0,2145,0,131,Donor7,Young,-12.82578916023784,-57.82578916023784
3111,_IL-24_Donor8_B12_CD4T,CD4T,CD4T,52,CD4T,parsebioscience,Donor 11,B12,IL-24,False,Donor 11- age: 52,IL-24_Donor 11_B12,cytokine,2199,0,0,0,0,0,0,0,542,0,1562,0,95,Donor8,Old,-1.0929365283036745,-53.092936528303674
3116,_IL-24_Donor9_B12_CD4T,CD4T,CD4T,38,CD4T,parsebioscience,Donor 12,B12,IL-24,False,Donor 12- age: 38,IL-24_Donor 12_B12,cytokine,2064,0,0,0,0,0,0,0,591,0,1421,0,52,Donor9,Young,-11.536873699778702,-49.5368736997787
3121,_IL-26_Donor10_F12_CD4T,CD4T,CD4T,42,CD4T,parsebioscience,Donor 2,F12,IL-26,False,Donor 2- age: 42,IL-26_Donor 2_F12,cytokine,819,0,0,0,0,0,0,0,363,0,416,0,40,Donor10,Young,-4.268233771515689,-46.26823377151569
3126,_IL-26_Donor11_F12_CD4T,CD4T,CD4T,46,CD4T,parsebioscience,Donor 3,F12,IL-26,False,Donor 3- age: 46,IL-26_Donor 3_F12,cytokine,1296,0,0,0,0,0,0,0,554,0,704,0,38,Donor11,Young,-15.514281964124656,-61.514281964124656
3131,_IL-26_Donor12_F12_CD4T,CD4T,CD4T,36,CD4T,parsebioscience,Donor 4,F12,IL-26,False,Donor 4- age: 36,IL-26_Donor 4_F12,cytokine,3682,0,0,0,0,0,0,0,1537,0,2045,0,100,Donor12,Young,-15.232568271690887,-51.23256827169089
3136,_IL-26_Donor1_F12_CD4T,CD4T,CD4T,75,CD4T,parsebioscience,Donor 1,F12,IL-26,False,Donor 1- age: 75,IL-26_Donor 1_F12,cytokine,4317,0,0,0,0,0,0,0,1833,0,2350,0,134,Donor1,Old,13.267335367458145,-61.732664632541855
3141,_IL-26_Donor2_F12_CD4T,CD4T,CD4T,34,CD4T,parsebioscience,Donor 5,F12,IL-26,False,Donor 5- age: 34,IL-26_Donor 5_F12,cytokine,3464,0,0,0,0,0,0,0,1174,0,2162,0,128,Donor2,Young,-17.417079196239904,-51.417079196239904
3146,_IL-26_Donor3_F12_CD4T,CD4T,CD4T,68,CD4T,parsebioscience,Donor 6,F12,IL-26,False,Donor 6- age: 68,IL-26_Donor 6_F12,cytokine,4202,0,0,0,0,0,0,0,2039,0,1996,0,167,Donor3,Old,5.891792821159626,-62.108207178840374
3151,_IL-26_Donor4_F12_CD4T,CD4T,CD4T,59,CD4T,parsebioscience,Donor 7,F12,IL-26,False,Donor 7- age: 59,IL-26_Donor 7_F12,cytokine,566,0,0,0,0,0,0,0,291,0,257,0,18,Donor4,Old,-7.247385269579915,-66.24738526957992
3156,_IL-26_Donor5_F12_CD4T,CD4T,CD4T,41,CD4T,parsebioscience,Donor 8,F12,IL-26,False,Donor 8- age: 41,IL-26_Donor 8_F12,cytokine,9404,0,0,0,0,0,0,0,4882,0,4234,0,288,Donor5,Young,-34.024688213636985,-75.02468821363698
3161,_IL-26_Donor6_F12_CD4T,CD4T,CD4T,38,CD4T,parsebioscience,Donor 9,F12,IL-26,False,Donor 9- age: 38,IL-26_Donor 9_F12,cytokine,4330,0,0,0,0,0,0,0,1974,0,2145,0,211,Donor6,Young,-6.538986518063545,-44.538986518063545
3166,_IL-26_Donor7_F12_CD4T,CD4T,CD4T,45,CD4T,parsebioscience,Donor 10,F12,IL-26,False,Donor 10- age: 45,IL-26_Donor 10_F12,cytokine,3333,0,0,0,0,0,0,0,1364,0,1789,0,180,Donor7,Young,-19.496911582848405,-64.49691158284841
3171,_IL-26_Donor8_F12_CD4T,CD4T,CD4T,52,CD4T,parsebioscience,Donor 11,F12,IL-26,False,Donor 11- age: 52,IL-26_Donor 11_F12,cytokine,1576,0,0,0,0,0,0,0,461,0,1051,0,64,Donor8,Old,-7.525255102725659,-59.52525510272566
3176,_IL-26_Donor9_F12_CD4T,CD4T,CD4T,38,CD4T,parsebioscience,Donor 12,F12,IL-26,False,Donor 12- age: 38,IL-26_Donor 12_F12,cytokine,1744,0,0,0,0,0,0,0,670,0,1012,0,62,Donor9,Young,-18.230456936978094,-56.23045693697809
3181,_IL-27_Donor10_B3_CD4T,CD4T,CD4T,42,CD4T,parsebioscience,Donor 2,B3,IL-27,False,Donor 2- age: 42,IL-27_Donor 2_B3,cytokine,2126,0,0,0,0,0,0,0,937,0,1093,0,96,Donor10,Young,-0.9649660141964347,-42.964966014196435
3186,_IL-27_Donor11_B3_CD4T,CD4T,CD4T,46,CD4T,parsebioscience,Donor 3,B3,IL-27,False,Donor 3- age: 46,IL-27_Donor 3_B3,cytokine,1775,0,0,0,0,0,0,0,736,0,963,0,76,Donor11,Young,-11.981524351101434,-57.981524351101434
3191,_IL-27_Donor12_B3_CD4T,CD4T,CD4T,36,CD4T,parsebioscience,Donor 4,B3,IL-27,False,Donor 4- age: 36,IL-27_Donor 4_B3,cytokine,6225,0,0,0,0,0,0,0,2279,0,3402,0,544,Donor12,Young,-13.777231581906385,-49.777231581906385
3196,_IL-27_Donor1_B3_CD4T,CD4T,CD4T,75,CD4T,parsebioscience,Donor 1,B3,IL-27,False,Donor 1- age: 75,IL-27_Donor 1_B3,cytokine,4972,0,0,0,0,0,0,0,2274,0,2489,0,209,Donor1,Old,19.700035431796792,-55.29996456820321
3201,_IL-27_Donor2_B3_CD4T,CD4T,CD4T,34,CD4T,parsebioscience,Donor 5,B3,IL-27,False,Donor 5- age: 34,IL-27_Donor 5_B3,cytokine,3945,0,0,0,0,0,0,0,1341,0,2460,0,144,Donor2,Young,-16.54823456508796,-50.54823456508796
3206,_IL-27_Donor3_B3_CD4T,CD4T,CD4T,68,CD4T,parsebioscience,Donor 6,B3,IL-27,False,Donor 6- age: 68,IL-27_Donor 6_B3,cytokine,2845,0,0,0,0,0,0,0,1355,0,1371,0,119,Donor3,Old,9.321489362251171,-58.67851063774883
3211,_IL-27_Donor4_B3_CD4T,CD4T,CD4T,59,CD4T,parsebioscience,Donor 7,B3,IL-27,False,Donor 7- age: 59,IL-27_Donor 7_B3,cytokine,693,0,0,0,0,0,0,0,320,0,350,0,23,Donor4,Old,-7.726203964775145,-66.72620396477515
3216,_IL-27_Donor5_B3_CD4T,CD4T,CD4T,41,CD4T,parsebioscience,Donor 8,B3,IL-27,False,Donor 8- age: 41,IL-27_Donor 8_B3,cytokine,7483,0,0,0,0,0,0,0,4394,0,2842,0,247,Donor5,Young,-22.822545513451395,-63.822545513451395
3221,_IL-27_Donor6_B3_CD4T,CD4T,CD4T,38,CD4T,parsebioscience,Donor 9,B3,IL-27,False,Donor 9- age: 38,IL-27_Donor 9_B3,cytokine,6180,0,0,0,0,0,0,0,2474,0,3395,0,311,Donor6,Young,-4.23720703855728,-42.23720703855728
3226,_IL-27_Donor7_B3_CD4T,CD4T,CD4T,45,CD4T,parsebioscience,Donor 10,B3,IL-27,False,Donor 10- age: 45,IL-27_Donor 10_B3,cytokine,2819,0,0,0,0,0,0,0,1207,0,1464,0,148,Donor7,Young,-6.9643390534842595,-51.96433905348426
3231,_IL-27_Donor8_B3_CD4T,CD4T,CD4T,52,CD4T,parsebioscience,Donor 11,B3,IL-27,False,Donor 11- age: 52,IL-27_Donor 11_B3,cytokine,2711,0,0,0,0,0,0,0,818,0,1791,0,102,Donor8,Old,0.8602406923962533,-51.13975930760375
3236,_IL-27_Donor9_B3_CD4T,CD4T,CD4T,38,CD4T,parsebioscience,Donor 12,B3,IL-27,False,Donor 12- age: 38,IL-27_Donor 12_B3,cytokine,2586,0,0,0,0,0,0,0,1090,0,1429,0,67,Donor9,Young,-8.61147664330408,-46.61147664330408
3241,_IL-2_Donor10_G7_CD4T,CD4T,CD4T,42,CD4T,parsebioscience,Donor 2,G7,IL-2,False,Donor 2- age: 42,IL-2_Donor 2_G7,cytokine,1648,0,0,0,0,0,0,0,664,0,909,0,75,Donor10,Young,8.103441671729854,-33.896558328270146
3246,_IL-2_Donor11_G7_CD4T,CD4T,CD4T,46,CD4T,parsebioscience,Donor 3,G7,IL-2,False,Donor 3- age: 46,IL-2_Donor 3_G7,cytokine,1818,0,0,0,0,0,0,0,740,0,987,0,91,Donor11,Young,-8.53877295029266,-54.53877295029266
3251,_IL-2_Donor12_G7_CD4T,CD4T,CD4T,36,CD4T,parsebioscience,Donor 4,G7,IL-2,False,Donor 4- age: 36,IL-2_Donor 4_G7,cytokine,5600,0,0,0,0,0,0,0,2026,0,3398,0,176,Donor12,Young,-6.0888286805386755,-42.088828680538676
3256,_IL-2_Donor1_G7_CD4T,CD4T,CD4T,75,CD4T,parsebioscience,Donor 1,G7,IL-2,False,Donor 1- age: 75,IL-2_Donor 1_G7,cytokine,9167,0,0,0,0,0,0,0,3567,0,5268,0,332,Donor1,Old,24.01206030002342,-50.98793969997658
3261,_IL-2_Donor2_G7_CD4T,CD4T,CD4T,34,CD4T,parsebioscience,Donor 5,G7,IL-2,False,Donor 5- age: 34,IL-2_Donor 5_G7,cytokine,3259,0,0,0,0,0,0,0,1219,0,1850,0,190,Donor2,Young,-7.942379283083987,-41.94237928308399
3266,_IL-2_Donor3_G7_CD4T,CD4T,CD4T,68,CD4T,parsebioscience,Donor 6,G7,IL-2,False,Donor 6- age: 68,IL-2_Donor 6_G7,cytokine,3801,0,0,0,0,0,0,0,1683,0,1882,0,236,Donor3,Old,7.128665415713314,-60.871334584286686
3271,_IL-2_Donor4_G7_CD4T,CD4T,CD4T,59,CD4T,parsebioscience,Donor 7,G7,IL-2,False,Donor 7- age: 59,IL-2_Donor 7_G7,cytokine,807,0,0,0,0,0,0,0,450,0,325,0,32,Donor4,Old,-5.796173975839984,-64.79617397583999
3276,_IL-2_Donor5_G7_CD4T,CD4T,CD4T,41,CD4T,parsebioscience,Donor 8,G7,IL-2,False,Donor 8- age: 41,IL-2_Donor 8_G7,cytokine,5365,0,0,0,0,0,0,0,2270,0,2878,0,217,Donor5,Young,-12.432901667919644,-53.432901667919644
3281,_IL-2_Donor6_G7_CD4T,CD4T,CD4T,38,CD4T,parsebioscience,Donor 9,G7,IL-2,False,Donor 9- age: 38,IL-2_Donor 9_G7,cytokine,6693,0,0,0,0,0,0,0,2622,0,3692,0,379,Donor6,Young,0.5348609251034375,-37.46513907489656
3286,_IL-2_Donor7_G7_CD4T,CD4T,CD4T,45,CD4T,parsebioscience,Donor 10,G7,IL-2,False,Donor 10- age: 45,IL-2_Donor 10_G7,cytokine,4535,0,0,0,0,0,0,0,2312,0,1884,0,339,Donor7,Young,-7.486144317059335,-52.486144317059335
3291,_IL-2_Donor8_G7_CD4T,CD4T,CD4T,52,CD4T,parsebioscience,Donor 11,G7,IL-2,False,Donor 11- age: 52,IL-2_Donor 11_G7,cytokine,2615,0,0,0,0,0,0,0,1121,0,1343,0,151,Donor8,Old,4.777953418204291,-47.22204658179571
3296,_IL-2_Donor9_G7_CD4T,CD4T,CD4T,38,CD4T,parsebioscience,Donor 12,G7,IL-2,False,Donor 12- age: 38,IL-2_Donor 12_G7,cytokine,2154,0,0,0,0,0,0,0,1138,0,901,0,115,Donor9,Young,-0.695136932182777,-38.69513693218278
3301,_IL-31_Donor10_B4_CD4T,CD4T,CD4T,42,CD4T,parsebioscience,Donor 2,B4,IL-31,False,Donor 2- age: 42,IL-31_Donor 2_B4,cytokine,1917,0,0,0,0,0,0,0,735,0,1103,0,79,Donor10,Young,-3.771619662477626,-45.771619662477626
3306,_IL-31_Donor11_B4_CD4T,CD4T,CD4T,46,CD4T,parsebioscience,Donor 3,B4,IL-31,False,Donor 3- age: 46,IL-31_Donor 3_B4,cytokine,1724,0,0,0,0,0,0,0,544,0,1122,0,58,Donor11,Young,-22.448659663235638,-68.44865966323565
3311,_IL-31_Donor12_B4_CD4T,CD4T,CD4T,36,CD4T,parsebioscience,Donor 4,B4,IL-31,False,Donor 4- age: 36,IL-31_Donor 4_B4,cytokine,6132,0,0,0,0,0,0,0,1813,0,3566,0,753,Donor12,Young,-19.37168464196433,-55.37168464196433
3316,_IL-31_Donor1_B4_CD4T,CD4T,CD4T,75,CD4T,parsebioscience,Donor 1,B4,IL-31,False,Donor 1- age: 75,IL-31_Donor 1_B4,cytokine,7081,0,0,0,0,0,0,0,2960,0,3819,0,302,Donor1,Old,13.121152751191374,-61.878847248808626
3321,_IL-31_Donor2_B4_CD4T,CD4T,CD4T,34,CD4T,parsebioscience,Donor 5,B4,IL-31,False,Donor 5- age: 34,IL-31_Donor 5_B4,cytokine,3490,0,0,0,0,0,0,0,1138,0,2220,0,132,Donor2,Young,-19.45096525008133,-53.45096525008133
3326,_IL-31_Donor3_B4_CD4T,CD4T,CD4T,68,CD4T,parsebioscience,Donor 6,B4,IL-31,False,Donor 6- age: 68,IL-31_Donor 6_B4,cytokine,3238,0,0,0,0,0,0,0,1365,0,1744,0,129,Donor3,Old,11.669022552756225,-56.330977447243775
3331,_IL-31_Donor4_B4_CD4T,CD4T,CD4T,59,CD4T,parsebioscience,Donor 7,B4,IL-31,False,Donor 7- age: 59,IL-31_Donor 7_B4,cytokine,930,0,0,0,0,0,0,0,347,0,554,0,29,Donor4,Old,-13.546558800600558,-72.54655880060056
3336,_IL-31_Donor5_B4_CD4T,CD4T,CD4T,41,CD4T,parsebioscience,Donor 8,B4,IL-31,False,Donor 8- age: 41,IL-31_Donor 8_B4,cytokine,8060,0,0,0,0,0,0,0,3485,0,4360,0,215,Donor5,Young,-34.20435656264841,-75.2043565626484
3341,_IL-31_Donor6_B4_CD4T,CD4T,CD4T,38,CD4T,parsebioscience,Donor 9,B4,IL-31,False,Donor 9- age: 38,IL-31_Donor 9_B4,cytokine,6150,0,0,0,0,0,0,0,2258,0,3625,0,267,Donor6,Young,-11.914228729377562,-49.91422872937756
3346,_IL-31_Donor7_B4_CD4T,CD4T,CD4T,45,CD4T,parsebioscience,Donor 10,B4,IL-31,False,Donor 10- age: 45,IL-31_Donor 10_B4,cytokine,3773,0,0,0,0,0,0,0,1293,0,2308,0,172,Donor7,Young,-19.870963245294398,-64.8709632452944
3351,_IL-31_Donor8_B4_CD4T,CD4T,CD4T,52,CD4T,parsebioscience,Donor 11,B4,IL-31,False,Donor 11- age: 52,IL-31_Donor 11_B4,cytokine,3193,0,0,0,0,0,0,0,856,0,2177,0,160,Donor8,Old,-8.193736025532793,-60.19373602553279
3356,_IL-31_Donor9_B4_CD4T,CD4T,CD4T,38,CD4T,parsebioscience,Donor 12,B4,IL-31,False,Donor 12- age: 38,IL-31_Donor 12_B4,cytokine,2404,0,0,0,0,0,0,0,702,0,1636,0,66,Donor9,Young,-15.174767786657021,-53.17476778665702
3361,_IL-32-beta_Donor10_F9_CD4T,CD4T,CD4T,42,CD4T,parsebioscience,Donor 2,F9,IL-32-beta,False,Donor 2- age: 42,IL-32-beta_Donor 2_F9,cytokine,1785,0,0,0,0,0,0,0,885,0,848,0,52,Donor10,Young,-9.968763361826142,-51.96876336182614
3366,_IL-32-beta_Donor11_F9_CD4T,CD4T,CD4T,46,CD4T,parsebioscience,Donor 3,F9,IL-32-beta,False,Donor 3- age: 46,IL-32-beta_Donor 3_F9,cytokine,1909,0,0,0,0,0,0,0,674,0,1174,0,61,Donor11,Young,-14.066694853101701,-60.0666948531017
3371,_IL-32-beta_Donor12_F9_CD4T,CD4T,CD4T,36,CD4T,parsebioscience,Donor 4,F9,IL-32-beta,False,Donor 4- age: 36,IL-32-beta_Donor 4_F9,cytokine,5754,0,0,0,0,0,0,0,2178,0,3416,0,160,Donor12,Young,-16.7561085073415,-52.7561085073415
3376,_IL-32-beta_Donor1_F9_CD4T,CD4T,CD4T,75,CD4T,parsebioscience,Donor 1,F9,IL-32-beta,False,Donor 1- age: 75,IL-32-beta_Donor 1_F9,cytokine,6751,0,0,0,0,0,0,0,3018,0,3584,0,149,Donor1,Old,4.988517270376661,-70.01148272962334
3381,_IL-32-beta_Donor2_F9_CD4T,CD4T,CD4T,34,CD4T,parsebioscience,Donor 5,F9,IL-32-beta,False,Donor 5- age: 34,IL-32-beta_Donor 5_F9,cytokine,3136,0,0,0,0,0,0,0,1007,0,2027,0,102,Donor2,Young,-17.124903363584913,-51.12490336358491
3386,_IL-32-beta_Donor3_F9_CD4T,CD4T,CD4T,68,CD4T,parsebioscience,Donor 6,F9,IL-32-beta,False,Donor 6- age: 68,IL-32-beta_Donor 6_F9,cytokine,3091,0,0,0,0,0,0,0,1614,0,1350,0,127,Donor3,Old,-5.132960213736958,-73.13296021373696
3391,_IL-32-beta_Donor4_F9_CD4T,CD4T,CD4T,59,CD4T,parsebioscience,Donor 7,F9,IL-32-beta,False,Donor 7- age: 59,IL-32-beta_Donor 7_F9,cytokine,823,0,0,0,0,0,0,0,449,0,342,0,32,Donor4,Old,-16.20500050569803,-75.20500050569802
3396,_IL-32-beta_Donor5_F9_CD4T,CD4T,CD4T,41,CD4T,parsebioscience,Donor 8,F9,IL-32-beta,False,Donor 8- age: 41,IL-32-beta_Donor 8_F9,cytokine,8521,0,0,0,0,0,0,0,4445,0,3851,0,225,Donor5,Young,-28.24939510464531,-69.24939510464532
3401,_IL-32-beta_Donor6_F9_CD4T,CD4T,CD4T,38,CD4T,parsebioscience,Donor 9,F9,IL-32-beta,False,Donor 9- age: 38,IL-32-beta_Donor 9_F9,cytokine,5149,0,0,0,0,0,0,0,1944,0,2993,0,212,Donor6,Young,-9.817390652776702,-47.8173906527767
3406,_IL-32-beta_Donor7_F9_CD4T,CD4T,CD4T,45,CD4T,parsebioscience,Donor 10,F9,IL-32-beta,False,Donor 10- age: 45,IL-32-beta_Donor 10_F9,cytokine,3861,0,0,0,0,0,0,0,1788,0,1845,0,228,Donor7,Young,-18.260575417440414,-63.260575417440414
3411,_IL-32-beta_Donor8_F9_CD4T,CD4T,CD4T,52,CD4T,parsebioscience,Donor 11,F9,IL-32-beta,False,Donor 11- age: 52,IL-32-beta_Donor 11_F9,cytokine,3464,0,0,0,0,0,0,0,979,0,2344,0,141,Donor8,Old,-7.980280277581933,-59.98028027758193
3416,_IL-32-beta_Donor9_F9_CD4T,CD4T,CD4T,38,CD4T,parsebioscience,Donor 12,F9,IL-32-beta,False,Donor 12- age: 38,IL-32-beta_Donor 12_F9,cytokine,2200,0,0,0,0,0,0,0,965,0,1171,0,64,Donor9,Young,-17.10664819620782,-55.10664819620782
3421,_IL-33_Donor10_A4_CD4T,CD4T,CD4T,42,CD4T,parsebioscience,Donor 2,A4,IL-33,False,Donor 2- age: 42,IL-33_Donor 2_A4,cytokine,1704,0,0,0,0,0,0,0,636,0,1008,0,60,Donor10,Young,-0.2913990180617887,-42.29139901806179
3426,_IL-33_Donor11_A4_CD4T,CD4T,CD4T,46,CD4T,parsebioscience,Donor 3,A4,IL-33,False,Donor 3- age: 46,IL-33_Donor 3_A4,cytokine,1642,0,0,0,0,0,0,0,491,0,1101,0,50,Donor11,Young,-22.520847485901946,-68.52084748590195
3431,_IL-33_Donor12_A4_CD4T,CD4T,CD4T,36,CD4T,parsebioscience,Donor 4,A4,IL-33,False,Donor 4- age: 36,IL-33_Donor 4_A4,cytokine,6702,0,0,0,0,0,0,0,2168,0,4335,0,199,Donor12,Young,-16.76522468710845,-52.76522468710845
3436,_IL-33_Donor1_A4_CD4T,CD4T,CD4T,75,CD4T,parsebioscience,Donor 1,A4,IL-33,False,Donor 1- age: 75,IL-33_Donor 1_A4,cytokine,11395,0,0,0,0,0,0,0,4197,0,6828,0,370,Donor1,Old,23.795715392518346,-51.204284607481654
3441,_IL-33_Donor2_A4_CD4T,CD4T,CD4T,34,CD4T,parsebioscience,Donor 5,A4,IL-33,False,Donor 5- age: 34,IL-33_Donor 5_A4,cytokine,3804,0,0,0,0,0,0,0,1310,0,2325,0,169,Donor2,Young,-20.8698244097666,-54.8698244097666
3446,_IL-33_Donor3_A4_CD4T,CD4T,CD4T,68,CD4T,parsebioscience,Donor 6,A4,IL-33,False,Donor 6- age: 68,IL-33_Donor 6_A4,cytokine,3314,0,0,0,0,0,0,0,587,0,2655,0,72,Donor3,Old,9.383130114948926,-58.616869885051074
3451,_IL-33_Donor4_A4_CD4T,CD4T,CD4T,59,CD4T,parsebioscience,Donor 7,A4,IL-33,False,Donor 7- age: 59,IL-33_Donor 7_A4,cytokine,953,0,0,0,0,0,0,0,117,0,827,0,9,Donor4,Old,-21.279520328805198,-80.2795203288052
3456,_IL-33_Donor5_A4_CD4T,CD4T,CD4T,41,CD4T,parsebioscience,Donor 8,A4,IL-33,False,Donor 8- age: 41,IL-33_Donor 8_A4,cytokine,8551,0,0,0,0,0,0,0,4207,0,4093,0,251,Donor5,Young,-33.31788130878983,-74.31788130878982
3461,_IL-33_Donor6_A4_CD4T,CD4T,CD4T,38,CD4T,parsebioscience,Donor 9,A4,IL-33,False,Donor 9- age: 38,IL-33_Donor 9_A4,cytokine,8099,0,0,0,0,0,0,0,3032,0,4682,0,385,Donor6,Young,-8.157128875269485,-46.157128875269485
3466,_IL-33_Donor7_A4_CD4T,CD4T,CD4T,45,CD4T,parsebioscience,Donor 10,A4,IL-33,False,Donor 10- age: 45,IL-33_Donor 10_A4,cytokine,3219,0,0,0,0,0,0,0,1259,0,1778,0,182,Donor7,Young,-17.287408729141653,-62.28740872914165
3471,_IL-33_Donor8_A4_CD4T,CD4T,CD4T,52,CD4T,parsebioscience,Donor 11,A4,IL-33,False,Donor 11- age: 52,IL-33_Donor 11_A4,cytokine,4060,0,0,0,0,0,0,0,1082,0,2829,0,149,Donor8,Old,-0.6129580650641699,-52.61295806506417
3476,_IL-33_Donor9_A4_CD4T,CD4T,CD4T,38,CD4T,parsebioscience,Donor 12,A4,IL-33,False,Donor 12- age: 38,IL-33_Donor 12_A4,cytokine,3161,0,0,0,0,0,0,0,991,0,2072,0,98,Donor9,Young,-15.328533760167069,-53.32853376016707
3481,_IL-34_Donor10_E6_CD4T,CD4T,CD4T,42,CD4T,parsebioscience,Donor 2,E6,IL-34,False,Donor 2- age: 42,IL-34_Donor 2_E6,cytokine,1708,0,0,0,0,0,0,0,511,0,1142,0,55,Donor10,Young,4.762224750015463,-37.23777524998454
3486,_IL-34_Donor11_E6_CD4T,CD4T,CD4T,46,CD4T,parsebioscience,Donor 3,E6,IL-34,False,Donor 3- age: 46,IL-34_Donor 3_E6,cytokine,1361,0,0,0,0,0,0,0,388,0,931,0,42,Donor11,Young,-19.52864868498974,-65.52864868498975
3491,_IL-34_Donor12_E6_CD4T,CD4T,CD4T,36,CD4T,parsebioscience,Donor 4,E6,IL-34,False,Donor 4- age: 36,IL-34_Donor 4_E6,cytokine,4546,0,0,0,0,0,0,0,1165,0,3264,0,117,Donor12,Young,-14.279885936444735,-50.279885936444735
3496,_IL-34_Donor1_E6_CD4T,CD4T,CD4T,75,CD4T,parsebioscience,Donor 1,E6,IL-34,False,Donor 1- age: 75,IL-34_Donor 1_E6,cytokine,8826,0,0,0,0,0,0,0,3408,0,5141,0,277,Donor1,Old,22.255584564027636,-52.744415435972364
3501,_IL-34_Donor2_E6_CD4T,CD4T,CD4T,34,CD4T,parsebioscience,Donor 5,E6,IL-34,False,Donor 5- age: 34,IL-34_Donor 5_E6,cytokine,4353,0,0,0,0,0,0,0,1198,0,3005,0,150,Donor2,Young,-16.153867519096885,-50.153867519096885
3506,_IL-34_Donor3_E6_CD4T,CD4T,CD4T,68,CD4T,parsebioscience,Donor 6,E6,IL-34,False,Donor 6- age: 68,IL-34_Donor 6_E6,cytokine,3229,0,0,0,0,0,0,0,1330,0,1783,0,116,Donor3,Old,8.512757675089425,-59.487242324910575
3511,_IL-34_Donor4_E6_CD4T,CD4T,CD4T,59,CD4T,parsebioscience,Donor 7,E6,IL-34,False,Donor 7- age: 59,IL-34_Donor 7_E6,cytokine,648,0,0,0,0,0,0,0,301,0,325,0,22,Donor4,Old,-10.382438201461731,-69.38243820146172
3516,_IL-34_Donor5_E6_CD4T,CD4T,CD4T,41,CD4T,parsebioscience,Donor 8,E6,IL-34,False,Donor 8- age: 41,IL-34_Donor 8_E6,cytokine,6326,0,0,0,0,0,0,0,2109,0,4086,0,131,Donor5,Young,-34.79082633854153,-75.79082633854154
3521,_IL-34_Donor6_E6_CD4T,CD4T,CD4T,38,CD4T,parsebioscience,Donor 9,E6,IL-34,False,Donor 9- age: 38,IL-34_Donor 9_E6,cytokine,6620,0,0,0,0,0,0,0,1684,0,4704,0,232,Donor6,Young,-7.558571110619717,-45.55857111061972
3526,_IL-34_Donor7_E6_CD4T,CD4T,CD4T,45,CD4T,parsebioscience,Donor 10,E6,IL-34,False,Donor 10- age: 45,IL-34_Donor 10_E6,cytokine,3812,0,0,0,0,0,0,0,1142,0,2474,0,196,Donor7,Young,-11.918527221943798,-56.9185272219438
3531,_IL-34_Donor8_E6_CD4T,CD4T,CD4T,52,CD4T,parsebioscience,Donor 11,E6,IL-34,False,Donor 11- age: 52,IL-34_Donor 11_E6,cytokine,5484,0,0,0,0,0,0,0,1301,0,3960,0,223,Donor8,Old,-4.808213996024556,-56.808213996024556
3536,_IL-34_Donor9_E6_CD4T,CD4T,CD4T,38,CD4T,parsebioscience,Donor 12,E6,IL-34,False,Donor 12- age: 38,IL-34_Donor 12_E6,cytokine,2779,0,0,0,0,0,0,0,721,0,1981,0,77,Donor9,Young,-17.04593110361001,-55.04593110361001
3541,_IL-35_Donor10_G3_CD4T,CD4T,CD4T,42,CD4T,parsebioscience,Donor 2,G3,IL-35,False,Donor 2- age: 42,IL-35_Donor 2_G3,cytokine,1259,0,0,0,0,0,0,0,564,0,638,0,57,Donor10,Young,-1.740865538719099,-43.7408655387191
3546,_IL-35_Donor11_G3_CD4T,CD4T,CD4T,46,CD4T,parsebioscience,Donor 3,G3,IL-35,False,Donor 3- age: 46,IL-35_Donor 3_G3,cytokine,2204,0,0,0,0,0,0,0,881,0,1224,0,99,Donor11,Young,-25.76738664714592,-71.76738664714591
3551,_IL-35_Donor12_G3_CD4T,CD4T,CD4T,36,CD4T,parsebioscience,Donor 4,G3,IL-35,False,Donor 4- age: 36,IL-35_Donor 4_G3,cytokine,3509,0,0,0,0,0,0,0,1427,0,1961,0,121,Donor12,Young,-17.612847237693096,-53.612847237693096
3556,_IL-35_Donor1_G3_CD4T,CD4T,CD4T,75,CD4T,parsebioscience,Donor 1,G3,IL-35,False,Donor 1- age: 75,IL-35_Donor 1_G3,cytokine,8997,0,0,0,0,0,0,0,3741,0,4948,0,308,Donor1,Old,14.972158132915958,-60.02784186708404
3561,_IL-35_Donor2_G3_CD4T,CD4T,CD4T,34,CD4T,parsebioscience,Donor 5,G3,IL-35,False,Donor 5- age: 34,IL-35_Donor 5_G3,cytokine,2842,0,0,0,0,0,0,0,961,0,1773,0,108,Donor2,Young,-17.611731597899002,-51.611731597899
3566,_IL-35_Donor3_G3_CD4T,CD4T,CD4T,68,CD4T,parsebioscience,Donor 6,G3,IL-35,False,Donor 6- age: 68,IL-35_Donor 6_G3,cytokine,2148,0,0,0,0,0,0,0,1140,0,918,0,90,Donor3,Old,3.9137685565307905,-64.08623144346922
3571,_IL-35_Donor4_G3_CD4T,CD4T,CD4T,59,CD4T,parsebioscience,Donor 7,G3,IL-35,False,Donor 7- age: 59,IL-35_Donor 7_G3,cytokine,688,0,0,0,0,0,0,0,318,0,328,0,42,Donor4,Old,-7.658006789823212,-66.65800678982322
3576,_IL-35_Donor5_G3_CD4T,CD4T,CD4T,41,CD4T,parsebioscience,Donor 8,G3,IL-35,False,Donor 8- age: 41,IL-35_Donor 8_G3,cytokine,8621,0,0,0,0,0,0,0,4251,0,4156,0,214,Donor5,Young,-33.803480958520744,-74.80348095852074
3581,_IL-35_Donor6_G3_CD4T,CD4T,CD4T,38,CD4T,parsebioscience,Donor 9,G3,IL-35,False,Donor 9- age: 38,IL-35_Donor 9_G3,cytokine,4544,0,0,0,0,0,0,0,1794,0,2533,0,217,Donor6,Young,-8.578186317570022,-46.57818631757002
3586,_IL-35_Donor7_G3_CD4T,CD4T,CD4T,45,CD4T,parsebioscience,Donor 10,G3,IL-35,False,Donor 10- age: 45,IL-35_Donor 10_G3,cytokine,3040,0,0,0,0,0,0,0,1156,0,1706,0,178,Donor7,Young,-14.61254824681388,-59.61254824681388
3591,_IL-35_Donor8_G3_CD4T,CD4T,CD4T,52,CD4T,parsebioscience,Donor 11,G3,IL-35,False,Donor 11- age: 52,IL-35_Donor 11_G3,cytokine,2726,0,0,0,0,0,0,0,807,0,1826,0,93,Donor8,Old,-5.8110361950021385,-57.81103619500214
3596,_IL-35_Donor9_G3_CD4T,CD4T,CD4T,38,CD4T,parsebioscience,Donor 12,G3,IL-35,False,Donor 12- age: 38,IL-35_Donor 12_G3,cytokine,2310,0,0,0,0,0,0,0,935,0,1297,0,78,Donor9,Young,-21.40342687340725,-59.40342687340725
3601,_IL-36-alpha_Donor10_A5_CD4T,CD4T,CD4T,42,CD4T,parsebioscience,Donor 2,A5,IL-36-alpha,False,Donor 2- age: 42,IL-36-alpha_Donor 2_A5,cytokine,2134,0,0,0,0,0,0,0,1108,0,943,0,83,Donor10,Young,-0.5138616185821903,-42.51386161858219
3606,_IL-36-alpha_Donor11_A5_CD4T,CD4T,CD4T,46,CD4T,parsebioscience,Donor 3,A5,IL-36-alpha,False,Donor 3- age: 46,IL-36-alpha_Donor 3_A5,cytokine,2122,0,0,0,0,0,0,0,847,0,1185,0,90,Donor11,Young,-26.40216566110778,-72.40216566110777
3611,_IL-36-alpha_Donor12_A5_CD4T,CD4T,CD4T,36,CD4T,parsebioscience,Donor 4,A5,IL-36-alpha,False,Donor 4- age: 36,IL-36-alpha_Donor 4_A5,cytokine,7920,0,0,0,0,0,0,0,3349,0,4292,0,279,Donor12,Young,-17.471246444622942,-53.47124644462294
3616,_IL-36-alpha_Donor1_A5_CD4T,CD4T,CD4T,75,CD4T,parsebioscience,Donor 1,A5,IL-36-alpha,False,Donor 1- age: 75,IL-36-alpha_Donor 1_A5,cytokine,7885,0,0,0,0,0,0,0,4102,0,3493,0,290,Donor1,Old,17.34565484057525,-57.65434515942475
3621,_IL-36-alpha_Donor2_A5_CD4T,CD4T,CD4T,34,CD4T,parsebioscience,Donor 5,A5,IL-36-alpha,False,Donor 5- age: 34,IL-36-alpha_Donor 5_A5,cytokine,5274,0,0,0,0,0,0,0,1975,0,3081,0,218,Donor2,Young,-21.991929770269657,-55.99192977026966
3626,_IL-36-alpha_Donor3_A5_CD4T,CD4T,CD4T,68,CD4T,parsebioscience,Donor 6,A5,IL-36-alpha,False,Donor 6- age: 68,IL-36-alpha_Donor 6_A5,cytokine,4795,0,0,0,0,0,0,0,1757,0,2880,0,158,Donor3,Old,8.688797347533757,-59.31120265246624
3631,_IL-36-alpha_Donor4_A5_CD4T,CD4T,CD4T,59,CD4T,parsebioscience,Donor 7,A5,IL-36-alpha,False,Donor 7- age: 59,IL-36-alpha_Donor 7_A5,cytokine,760,0,0,0,0,0,0,0,275,0,476,0,9,Donor4,Old,1.1249547265111914,-57.87504527348881
3636,_IL-36-alpha_Donor5_A5_CD4T,CD4T,CD4T,41,CD4T,parsebioscience,Donor 8,A5,IL-36-alpha,False,Donor 8- age: 41,IL-36-alpha_Donor 8_A5,cytokine,8419,0,0,0,0,0,0,0,4285,0,3897,0,237,Donor5,Young,-34.96919528277376,-75.96919528277377
3641,_IL-36-alpha_Donor6_A5_CD4T,CD4T,CD4T,38,CD4T,parsebioscience,Donor 9,A5,IL-36-alpha,False,Donor 9- age: 38,IL-36-alpha_Donor 9_A5,cytokine,9096,0,0,0,0,0,0,0,4054,0,4617,0,425,Donor6,Young,-9.254573779192818,-47.25457377919282
3646,_IL-36-alpha_Donor7_A5_CD4T,CD4T,CD4T,45,CD4T,parsebioscience,Donor 10,A5,IL-36-alpha,False,Donor 10- age: 45,IL-36-alpha_Donor 10_A5,cytokine,4397,0,0,0,0,0,0,0,2165,0,1940,0,292,Donor7,Young,-19.875837496398468,-64.87583749639847
3651,_IL-36-alpha_Donor8_A5_CD4T,CD4T,CD4T,52,CD4T,parsebioscience,Donor 11,A5,IL-36-alpha,False,Donor 11- age: 52,IL-36-alpha_Donor 11_A5,cytokine,3444,0,0,0,0,0,0,0,1054,0,2226,0,164,Donor8,Old,-5.351789389446388,-57.35178938944639
3656,_IL-36-alpha_Donor9_A5_CD4T,CD4T,CD4T,38,CD4T,parsebioscience,Donor 12,A5,IL-36-alpha,False,Donor 12- age: 38,IL-36-alpha_Donor 12_A5,cytokine,2808,0,0,0,0,0,0,0,1260,0,1435,0,113,Donor9,Young,-7.267872853096911,-45.26787285309691
3661,_IL-36Ra_Donor10_A6_CD4T,CD4T,CD4T,42,CD4T,parsebioscience,Donor 2,A6,IL-36Ra,False,Donor 2- age: 42,IL-36Ra_Donor 2_A6,cytokine,2358,0,0,0,0,0,0,0,1084,0,1152,0,122,Donor10,Young,5.297077297316662,-36.70292270268334
3666,_IL-36Ra_Donor11_A6_CD4T,CD4T,CD4T,46,CD4T,parsebioscience,Donor 3,A6,IL-36Ra,False,Donor 3- age: 46,IL-36Ra_Donor 3_A6,cytokine,1858,0,0,0,0,0,0,0,686,0,1113,0,59,Donor11,Young,-17.725535183515,-63.725535183515
3671,_IL-36Ra_Donor12_A6_CD4T,CD4T,CD4T,36,CD4T,parsebioscience,Donor 4,A6,IL-36Ra,False,Donor 4- age: 36,IL-36Ra_Donor 4_A6,cytokine,8161,0,0,0,0,0,0,0,3382,0,4497,0,282,Donor12,Young,-13.787821573444369,-49.78782157344437
3676,_IL-36Ra_Donor1_A6_CD4T,CD4T,CD4T,75,CD4T,parsebioscience,Donor 1,A6,IL-36Ra,False,Donor 1- age: 75,IL-36Ra_Donor 1_A6,cytokine,5858,0,0,0,0,0,0,0,2545,0,3083,0,230,Donor1,Old,22.61542325927571,-52.38457674072429
3681,_IL-36Ra_Donor2_A6_CD4T,CD4T,CD4T,34,CD4T,parsebioscience,Donor 5,A6,IL-36Ra,False,Donor 5- age: 34,IL-36Ra_Donor 5_A6,cytokine,4108,0,0,0,0,0,0,0,1519,0,2431,0,158,Donor2,Young,-13.239633828773258,-47.23963382877326
3686,_IL-36Ra_Donor3_A6_CD4T,CD4T,CD4T,68,CD4T,parsebioscience,Donor 6,A6,IL-36Ra,False,Donor 6- age: 68,IL-36Ra_Donor 6_A6,cytokine,3542,0,0,0,0,0,0,0,1072,0,2347,0,123,Donor3,Old,9.319488115053609,-58.68051188494639
3691,_IL-36Ra_Donor4_A6_CD4T,CD4T,CD4T,59,CD4T,parsebioscience,Donor 7,A6,IL-36Ra,False,Donor 7- age: 59,IL-36Ra_Donor 7_A6,cytokine,980,0,0,0,0,0,0,0,229,0,729,0,22,Donor4,Old,-4.826677556230258,-63.82667755623026
3696,_IL-36Ra_Donor5_A6_CD4T,CD4T,CD4T,41,CD4T,parsebioscience,Donor 8,A6,IL-36Ra,False,Donor 8- age: 41,IL-36Ra_Donor 8_A6,cytokine,8067,0,0,0,0,0,0,0,4651,0,3153,0,263,Donor5,Young,-25.230938292777047,-66.23093829277704
3701,_IL-36Ra_Donor6_A6_CD4T,CD4T,CD4T,38,CD4T,parsebioscience,Donor 9,A6,IL-36Ra,False,Donor 9- age: 38,IL-36Ra_Donor 9_A6,cytokine,7062,0,0,0,0,0,0,0,2989,0,3729,0,344,Donor6,Young,-5.863316248636984,-43.863316248636984
3706,_IL-36Ra_Donor7_A6_CD4T,CD4T,CD4T,45,CD4T,parsebioscience,Donor 10,A6,IL-36Ra,False,Donor 10- age: 45,IL-36Ra_Donor 10_A6,cytokine,4114,0,0,0,0,0,0,0,1955,0,1841,0,318,Donor7,Young,-12.692844017862178,-57.69284401786218
3711,_IL-36Ra_Donor8_A6_CD4T,CD4T,CD4T,52,CD4T,parsebioscience,Donor 11,A6,IL-36Ra,False,Donor 11- age: 52,IL-36Ra_Donor 11_A6,cytokine,3247,0,0,0,0,0,0,0,929,0,2183,0,135,Donor8,Old,0.00775864426582018,-51.99224135573418
3716,_IL-36Ra_Donor9_A6_CD4T,CD4T,CD4T,38,CD4T,parsebioscience,Donor 12,A6,IL-36Ra,False,Donor 12- age: 38,IL-36Ra_Donor 12_A6,cytokine,5139,0,0,0,0,0,0,0,1680,0,3298,0,161,Donor9,Young,-13.598147337915968,-51.59814733791597
3721,_IL-3_Donor10_A12_CD4T,CD4T,CD4T,42,CD4T,parsebioscience,Donor 2,A12,IL-3,False,Donor 2- age: 42,IL-3_Donor 2_A12,cytokine,1856,0,0,0,0,0,0,0,801,0,967,0,88,Donor10,Young,-3.5776234027250453,-45.577623402725045
3726,_IL-3_Donor11_A12_CD4T,CD4T,CD4T,46,CD4T,parsebioscience,Donor 3,A12,IL-3,False,Donor 3- age: 46,IL-3_Donor 3_A12,cytokine,1831,0,0,0,0,0,0,0,695,0,1077,0,59,Donor11,Young,-23.24898771388795,-69.24898771388794
3731,_IL-3_Donor12_A12_CD4T,CD4T,CD4T,36,CD4T,parsebioscience,Donor 4,A12,IL-3,False,Donor 4- age: 36,IL-3_Donor 4_A12,cytokine,5636,0,0,0,0,0,0,0,2510,0,2925,0,201,Donor12,Young,-14.44159648096106,-50.44159648096106
3736,_IL-3_Donor1_A12_CD4T,CD4T,CD4T,75,CD4T,parsebioscience,Donor 1,A12,IL-3,False,Donor 1- age: 75,IL-3_Donor 1_A12,cytokine,2953,0,0,0,0,0,0,0,1275,0,1562,0,116,Donor1,Old,21.1190617062395,-53.8809382937605
3741,_IL-3_Donor2_A12_CD4T,CD4T,CD4T,34,CD4T,parsebioscience,Donor 5,A12,IL-3,False,Donor 5- age: 34,IL-3_Donor 5_A12,cytokine,4460,0,0,0,0,0,0,0,1601,0,2680,0,179,Donor2,Young,-17.407780408072206,-51.407780408072206
3746,_IL-3_Donor3_A12_CD4T,CD4T,CD4T,68,CD4T,parsebioscience,Donor 6,A12,IL-3,False,Donor 6- age: 68,IL-3_Donor 6_A12,cytokine,2638,0,0,0,0,0,0,0,309,0,2266,0,63,Donor3,Old,9.928803572566125,-58.071196427433875
3751,_IL-3_Donor4_A12_CD4T,CD4T,CD4T,59,CD4T,parsebioscience,Donor 7,A12,IL-3,False,Donor 7- age: 59,IL-3_Donor 7_A12,cytokine,583,0,0,0,0,0,0,0,147,0,424,0,12,Donor4,Old,-11.450331081549784,-70.45033108154979
3756,_IL-3_Donor5_A12_CD4T,CD4T,CD4T,41,CD4T,parsebioscience,Donor 8,A12,IL-3,False,Donor 8- age: 41,IL-3_Donor 8_A12,cytokine,6534,0,0,0,0,0,0,0,3514,0,2798,0,222,Donor5,Young,-26.686679394226694,-67.6866793942267
3761,_IL-3_Donor6_A12_CD4T,CD4T,CD4T,38,CD4T,parsebioscience,Donor 9,A12,IL-3,False,Donor 9- age: 38,IL-3_Donor 9_A12,cytokine,4617,0,0,0,0,0,0,0,2018,0,2359,0,240,Donor6,Young,-12.03814515451392,-50.03814515451392
3766,_IL-3_Donor7_A12_CD4T,CD4T,CD4T,45,CD4T,parsebioscience,Donor 10,A12,IL-3,False,Donor 10- age: 45,IL-3_Donor 10_A12,cytokine,3002,0,0,0,0,0,0,0,1320,0,1481,0,201,Donor7,Young,-15.929965956722633,-60.92996595672263
3771,_IL-3_Donor8_A12_CD4T,CD4T,CD4T,52,CD4T,parsebioscience,Donor 11,A12,IL-3,False,Donor 11- age: 52,IL-3_Donor 11_A12,cytokine,3253,0,0,0,0,0,0,0,1164,0,1949,0,140,Donor8,Old,-5.230644633920427,-57.23064463392043
3776,_IL-3_Donor9_A12_CD4T,CD4T,CD4T,38,CD4T,parsebioscience,Donor 12,A12,IL-3,False,Donor 12- age: 38,IL-3_Donor 12_A12,cytokine,2286,0,0,0,0,0,0,0,1032,0,1168,0,86,Donor9,Young,-18.60677606749025,-56.60677606749025
3781,_IL-4_Donor10_G9_CD4T,CD4T,CD4T,42,CD4T,parsebioscience,Donor 2,G9,IL-4,False,Donor 2- age: 42,IL-4_Donor 2_G9,cytokine,1881,0,0,0,0,0,0,0,65,0,1766,0,50,Donor10,Young,-10.2820504043628,-52.2820504043628
3786,_IL-4_Donor11_G9_CD4T,CD4T,CD4T,46,CD4T,parsebioscience,Donor 3,G9,IL-4,False,Donor 3- age: 46,IL-4_Donor 3_G9,cytokine,2368,0,0,0,0,0,0,0,16,0,2276,0,76,Donor11,Young,-14.468805833534667,-60.46880583353467
3791,_IL-4_Donor12_G9_CD4T,CD4T,CD4T,36,CD4T,parsebioscience,Donor 4,G9,IL-4,False,Donor 4- age: 36,IL-4_Donor 4_G9,cytokine,7567,0,0,0,0,0,0,0,222,0,7122,0,223,Donor12,Young,-9.510867731796885,-45.510867731796885
3796,_IL-4_Donor1_G9_CD4T,CD4T,CD4T,75,CD4T,parsebioscience,Donor 1,G9,IL-4,False,Donor 1- age: 75,IL-4_Donor 1_G9,cytokine,9129,0,0,0,0,0,0,0,657,0,8137,0,335,Donor1,Old,24.13344385437955,-50.86655614562045
3801,_IL-4_Donor2_G9_CD4T,CD4T,CD4T,34,CD4T,parsebioscience,Donor 5,G9,IL-4,False,Donor 5- age: 34,IL-4_Donor 5_G9,cytokine,6006,0,0,0,0,0,0,0,118,0,5715,0,173,Donor2,Young,-12.511187375481931,-46.51118737548193
3806,_IL-4_Donor3_G9_CD4T,CD4T,CD4T,68,CD4T,parsebioscience,Donor 6,G9,IL-4,False,Donor 6- age: 68,IL-4_Donor 6_G9,cytokine,3322,0,0,0,0,0,0,0,155,0,3042,0,125,Donor3,Old,18.036517804018807,-49.96348219598119
3811,_IL-4_Donor4_G9_CD4T,CD4T,CD4T,59,CD4T,parsebioscience,Donor 7,G9,IL-4,False,Donor 7- age: 59,IL-4_Donor 7_G9,cytokine,1008,0,0,0,0,0,0,0,40,0,929,0,39,Donor4,Old,-8.85903534581633,-67.85903534581632
3816,_IL-4_Donor5_G9_CD4T,CD4T,CD4T,41,CD4T,parsebioscience,Donor 8,G9,IL-4,False,Donor 8- age: 41,IL-4_Donor 8_G9,cytokine,11062,0,0,0,0,0,0,0,240,0,10600,0,222,Donor5,Young,-21.385888315487286,-62.385888315487286
3821,_IL-4_Donor6_G9_CD4T,CD4T,CD4T,38,CD4T,parsebioscience,Donor 9,G9,IL-4,False,Donor 9- age: 38,IL-4_Donor 9_G9,cytokine,3305,0,0,0,0,0,0,0,69,0,3105,0,131,Donor6,Young,-5.002139441659004,-43.002139441659004
3826,_IL-4_Donor7_G9_CD4T,CD4T,CD4T,45,CD4T,parsebioscience,Donor 10,G9,IL-4,False,Donor 10- age: 45,IL-4_Donor 10_G9,cytokine,4059,0,0,0,0,0,0,0,31,0,3854,0,174,Donor7,Young,-8.934012051814427,-53.93401205181443
3831,_IL-4_Donor8_G9_CD4T,CD4T,CD4T,52,CD4T,parsebioscience,Donor 11,G9,IL-4,False,Donor 11- age: 52,IL-4_Donor 11_G9,cytokine,2534,0,0,0,0,0,0,0,43,0,2393,0,98,Donor8,Old,0.8013916112576496,-51.19860838874235
3836,_IL-4_Donor9_G9_CD4T,CD4T,CD4T,38,CD4T,parsebioscience,Donor 12,G9,IL-4,False,Donor 12- age: 38,IL-4_Donor 12_G9,cytokine,2698,0,0,0,0,0,0,0,19,0,2593,0,86,Donor9,Young,-1.3211606682510677,-39.32116066825107
3841,_IL-5_Donor10_G12_CD4T,CD4T,CD4T,42,CD4T,parsebioscience,Donor 2,G12,IL-5,False,Donor 2- age: 42,IL-5_Donor 2_G12,cytokine,1361,0,0,0,0,0,0,0,484,0,831,0,46,Donor10,Young,-7.3384183630854025,-49.3384183630854
3846,_IL-5_Donor11_G12_CD4T,CD4T,CD4T,46,CD4T,parsebioscience,Donor 3,G12,IL-5,False,Donor 3- age: 46,IL-5_Donor 3_G12,cytokine,1779,0,0,0,0,0,0,0,674,0,1035,0,70,Donor11,Young,-24.281073418060082,-70.28107341806009
3851,_IL-5_Donor12_G12_CD4T,CD4T,CD4T,36,CD4T,parsebioscience,Donor 4,G12,IL-5,False,Donor 4- age: 36,IL-5_Donor 4_G12,cytokine,3963,0,0,0,0,0,0,0,1539,0,2306,0,118,Donor12,Young,-20.43448848256744,-56.43448848256744
3856,_IL-5_Donor1_G12_CD4T,CD4T,CD4T,75,CD4T,parsebioscience,Donor 1,G12,IL-5,False,Donor 1- age: 75,IL-5_Donor 1_G12,cytokine,5002,0,0,0,0,0,0,0,2003,0,2818,0,181,Donor1,Old,17.65997751880102,-57.34002248119898
3861,_IL-5_Donor2_G12_CD4T,CD4T,CD4T,34,CD4T,parsebioscience,Donor 5,G12,IL-5,False,Donor 5- age: 34,IL-5_Donor 5_G12,cytokine,3014,0,0,0,0,0,0,0,912,0,1988,0,114,Donor2,Young,-18.200737377559015,-52.200737377559015
3866,_IL-5_Donor3_G12_CD4T,CD4T,CD4T,68,CD4T,parsebioscience,Donor 6,G12,IL-5,False,Donor 6- age: 68,IL-5_Donor 6_G12,cytokine,4435,0,0,0,0,0,0,0,1991,0,2272,0,172,Donor3,Old,4.613098189933623,-63.38690181006638
3871,_IL-5_Donor4_G12_CD4T,CD4T,CD4T,59,CD4T,parsebioscience,Donor 7,G12,IL-5,False,Donor 7- age: 59,IL-5_Donor 7_G12,cytokine,769,0,0,0,0,0,0,0,428,0,306,0,35,Donor4,Old,-20.506408632296107,-79.50640863229611
3876,_IL-5_Donor5_G12_CD4T,CD4T,CD4T,41,CD4T,parsebioscience,Donor 8,G12,IL-5,False,Donor 8- age: 41,IL-5_Donor 8_G12,cytokine,7185,0,0,0,0,0,0,0,3371,0,3632,0,182,Donor5,Young,-33.871006568577734,-74.87100656857774
3881,_IL-5_Donor6_G12_CD4T,CD4T,CD4T,38,CD4T,parsebioscience,Donor 9,G12,IL-5,False,Donor 9- age: 38,IL-5_Donor 9_G12,cytokine,4753,0,0,0,0,0,0,0,1643,0,2928,0,182,Donor6,Young,-9.472635252573347,-47.47263525257335
3886,_IL-5_Donor7_G12_CD4T,CD4T,CD4T,45,CD4T,parsebioscience,Donor 10,G12,IL-5,False,Donor 10- age: 45,IL-5_Donor 10_G12,cytokine,3642,0,0,0,0,0,0,0,1204,0,2267,0,171,Donor7,Young,-22.683257994820273,-67.68325799482028
3891,_IL-5_Donor8_G12_CD4T,CD4T,CD4T,52,CD4T,parsebioscience,Donor 11,G12,IL-5,False,Donor 11- age: 52,IL-5_Donor 11_G12,cytokine,2489,0,0,0,0,0,0,0,713,0,1692,0,84,Donor8,Old,-1.9043671902402295,-53.90436719024023
3896,_IL-5_Donor9_G12_CD4T,CD4T,CD4T,38,CD4T,parsebioscience,Donor 12,G12,IL-5,False,Donor 12- age: 38,IL-5_Donor 12_G12,cytokine,1832,0,0,0,0,0,0,0,655,0,1122,0,55,Donor9,Young,-16.65354438515805,-54.65354438515805
3901,_IL-6_Donor10_D4_CD4T,CD4T,CD4T,42,CD4T,parsebioscience,Donor 2,D4,IL-6,False,Donor 2- age: 42,IL-6_Donor 2_D4,cytokine,1573,0,0,0,0,0,0,0,640,0,883,0,50,Donor10,Young,-2.0963835932849904,-44.09638359328499
3906,_IL-6_Donor11_D4_CD4T,CD4T,CD4T,46,CD4T,parsebioscience,Donor 3,D4,IL-6,False,Donor 3- age: 46,IL-6_Donor 3_D4,cytokine,1696,0,0,0,0,0,0,0,710,0,924,0,62,Donor11,Young,-27.009362527041453,-73.00936252704145
3911,_IL-6_Donor12_D4_CD4T,CD4T,CD4T,36,CD4T,parsebioscience,Donor 4,D4,IL-6,False,Donor 4- age: 36,IL-6_Donor 4_D4,cytokine,4569,0,0,0,0,0,0,0,1387,0,2613,0,569,Donor12,Young,-20.937259125025342,-56.93725912502534
3916,_IL-6_Donor1_D4_CD4T,CD4T,CD4T,75,CD4T,parsebioscience,Donor 1,D4,IL-6,False,Donor 1- age: 75,IL-6_Donor 1_D4,cytokine,6460,0,0,0,0,0,0,0,2708,0,3543,0,209,Donor1,Old,11.390064894184086,-63.609935105815914
3921,_IL-6_Donor2_D4_CD4T,CD4T,CD4T,34,CD4T,parsebioscience,Donor 5,D4,IL-6,False,Donor 5- age: 34,IL-6_Donor 5_D4,cytokine,3876,0,0,0,0,0,0,0,1109,0,2626,0,141,Donor2,Young,-19.315214352803814,-53.315214352803814
3926,_IL-6_Donor3_D4_CD4T,CD4T,CD4T,68,CD4T,parsebioscience,Donor 6,D4,IL-6,False,Donor 6- age: 68,IL-6_Donor 6_D4,cytokine,3539,0,0,0,0,0,0,0,1584,0,1793,0,162,Donor3,Old,6.65997893892245,-61.34002106107755
3931,_IL-6_Donor4_D4_CD4T,CD4T,CD4T,59,CD4T,parsebioscience,Donor 7,D4,IL-6,False,Donor 7- age: 59,IL-6_Donor 7_D4,cytokine,630,0,0,0,0,0,0,0,283,0,322,0,25,Donor4,Old,-10.04455539675208,-69.04455539675209
3936,_IL-6_Donor5_D4_CD4T,CD4T,CD4T,41,CD4T,parsebioscience,Donor 8,D4,IL-6,False,Donor 8- age: 41,IL-6_Donor 8_D4,cytokine,5911,0,0,0,0,0,0,0,2850,0,2891,0,170,Donor5,Young,-37.89251214748918,-78.89251214748919
3941,_IL-6_Donor6_D4_CD4T,CD4T,CD4T,38,CD4T,parsebioscience,Donor 9,D4,IL-6,False,Donor 9- age: 38,IL-6_Donor 9_D4,cytokine,6254,0,0,0,0,0,0,0,2074,0,3923,0,257,Donor6,Young,-11.838732890666442,-49.83873289066644
3946,_IL-6_Donor7_D4_CD4T,CD4T,CD4T,45,CD4T,parsebioscience,Donor 10,D4,IL-6,False,Donor 10- age: 45,IL-6_Donor 10_D4,cytokine,4584,0,0,0,0,0,0,0,1597,0,2789,0,198,Donor7,Young,-18.90389751286296,-63.90389751286296
3951,_IL-6_Donor8_D4_CD4T,CD4T,CD4T,52,CD4T,parsebioscience,Donor 11,D4,IL-6,False,Donor 11- age: 52,IL-6_Donor 11_D4,cytokine,2828,0,0,0,0,0,0,0,666,0,2081,0,81,Donor8,Old,-4.671250026367879,-56.67125002636788
3956,_IL-6_Donor9_D4_CD4T,CD4T,CD4T,38,CD4T,parsebioscience,Donor 12,D4,IL-6,False,Donor 12- age: 38,IL-6_Donor 12_D4,cytokine,2248,0,0,0,0,0,0,0,714,0,1474,0,60,Donor9,Young,-15.517674458242915,-53.517674458242915
3961,_IL-7_Donor10_A8_CD4T,CD4T,CD4T,42,CD4T,parsebioscience,Donor 2,A8,IL-7,False,Donor 2- age: 42,IL-7_Donor 2_A8,cytokine,2313,0,0,0,0,0,0,0,1375,0,802,0,136,Donor10,Young,6.716223805362262,-35.28377619463774
3966,_IL-7_Donor11_A8_CD4T,CD4T,CD4T,46,CD4T,parsebioscience,Donor 3,A8,IL-7,False,Donor 3- age: 46,IL-7_Donor 3_A8,cytokine,1990,0,0,0,0,0,0,0,1015,0,865,0,110,Donor11,Young,-12.918442842762978,-58.91844284276298
3971,_IL-7_Donor12_A8_CD4T,CD4T,CD4T,36,CD4T,parsebioscience,Donor 4,A8,IL-7,False,Donor 4- age: 36,IL-7_Donor 4_A8,cytokine,7482,0,0,0,0,0,0,0,4135,0,2937,0,410,Donor12,Young,-3.7483232839932086,-39.74832328399321
3976,_IL-7_Donor1_A8_CD4T,CD4T,CD4T,75,CD4T,parsebioscience,Donor 1,A8,IL-7,False,Donor 1- age: 75,IL-7_Donor 1_A8,cytokine,9290,0,0,0,0,0,0,0,5597,0,3200,0,493,Donor1,Old,24.62466083062909,-50.37533916937091
3981,_IL-7_Donor2_A8_CD4T,CD4T,CD4T,34,CD4T,parsebioscience,Donor 5,A8,IL-7,False,Donor 5- age: 34,IL-7_Donor 5_A8,cytokine,3573,0,0,0,0,0,0,0,1606,0,1759,0,208,Donor2,Young,-7.447860234895465,-41.447860234895465
3986,_IL-7_Donor3_A8_CD4T,CD4T,CD4T,68,CD4T,parsebioscience,Donor 6,A8,IL-7,False,Donor 6- age: 68,IL-7_Donor 6_A8,cytokine,5659,0,0,0,0,0,0,0,2212,0,3161,0,286,Donor3,Old,7.468118481832221,-60.53188151816778
3991,_IL-7_Donor4_A8_CD4T,CD4T,CD4T,59,CD4T,parsebioscience,Donor 7,A8,IL-7,False,Donor 7- age: 59,IL-7_Donor 7_A8,cytokine,619,0,0,0,0,0,0,0,214,0,380,0,25,Donor4,Old,3.1110916133263373,-55.88890838667366
3996,_IL-7_Donor5_A8_CD4T,CD4T,CD4T,41,CD4T,parsebioscience,Donor 8,A8,IL-7,False,Donor 8- age: 41,IL-7_Donor 8_A8,cytokine,8443,0,0,0,0,0,0,0,5602,0,2446,0,395,Donor5,Young,-13.708794606698454,-54.708794606698454
4001,_IL-7_Donor6_A8_CD4T,CD4T,CD4T,38,CD4T,parsebioscience,Donor 9,A8,IL-7,False,Donor 9- age: 38,IL-7_Donor 9_A8,cytokine,9206,0,0,0,0,0,0,0,5659,0,2890,0,657,Donor6,Young,-2.232142854663415,-40.232142854663415
4006,_IL-7_Donor7_A8_CD4T,CD4T,CD4T,45,CD4T,parsebioscience,Donor 10,A8,IL-7,False,Donor 10- age: 45,IL-7_Donor 10_A8,cytokine,3825,0,0,0,0,0,0,0,2390,0,1129,0,306,Donor7,Young,-5.854990304004694,-50.854990304004694
4011,_IL-7_Donor8_A8_CD4T,CD4T,CD4T,52,CD4T,parsebioscience,Donor 11,A8,IL-7,False,Donor 11- age: 52,IL-7_Donor 11_A8,cytokine,3948,0,0,0,0,0,0,0,1882,0,1813,0,253,Donor8,Old,0.19235920533174777,-51.80764079466825
4016,_IL-7_Donor9_A8_CD4T,CD4T,CD4T,38,CD4T,parsebioscience,Donor 12,A8,IL-7,False,Donor 12- age: 38,IL-7_Donor 12_A8,cytokine,2991,0,0,0,0,0,0,0,1245,0,1550,0,196,Donor9,Young,-6.034381751070249,-44.03438175107025
4021,_IL-8_Donor10_F11_CD4T,CD4T,CD4T,42,CD4T,parsebioscience,Donor 2,F11,IL-8,False,Donor 2- age: 42,IL-8_Donor 2_F11,cytokine,1242,0,0,0,0,0,0,0,510,0,682,0,50,Donor10,Young,-1.2032255347404615,-43.20322553474046
4026,_IL-8_Donor11_F11_CD4T,CD4T,CD4T,46,CD4T,parsebioscience,Donor 3,F11,IL-8,False,Donor 3- age: 46,IL-8_Donor 3_F11,cytokine,1559,0,0,0,0,0,0,0,555,0,953,0,51,Donor11,Young,-30.13655244854153,-76.13655244854152
4031,_IL-8_Donor12_F11_CD4T,CD4T,CD4T,36,CD4T,parsebioscience,Donor 4,F11,IL-8,False,Donor 4- age: 36,IL-8_Donor 4_F11,cytokine,3601,0,0,0,0,0,0,0,1361,0,2152,0,88,Donor12,Young,-17.85598742115237,-53.85598742115237
4036,_IL-8_Donor1_F11_CD4T,CD4T,CD4T,75,CD4T,parsebioscience,Donor 1,F11,IL-8,False,Donor 1- age: 75,IL-8_Donor 1_F11,cytokine,4465,0,0,0,0,0,0,0,1741,0,2565,0,159,Donor1,Old,19.675599106824016,-55.324400893175984
4041,_IL-8_Donor2_F11_CD4T,CD4T,CD4T,34,CD4T,parsebioscience,Donor 5,F11,IL-8,False,Donor 5- age: 34,IL-8_Donor 5_F11,cytokine,4068,0,0,0,0,0,0,0,1378,0,2507,0,183,Donor2,Young,-18.653430687978492,-52.65343068797849
4046,_IL-8_Donor3_F11_CD4T,CD4T,CD4T,68,CD4T,parsebioscience,Donor 6,F11,IL-8,False,Donor 6- age: 68,IL-8_Donor 6_F11,cytokine,3194,0,0,0,0,0,0,0,1409,0,1653,0,132,Donor3,Old,11.210164489700865,-56.789835510299135
4051,_IL-8_Donor4_F11_CD4T,CD4T,CD4T,59,CD4T,parsebioscience,Donor 7,F11,IL-8,False,Donor 7- age: 59,IL-8_Donor 7_F11,cytokine,614,0,0,0,0,0,0,0,325,0,267,0,22,Donor4,Old,-1.4707923116297223,-60.47079231162972
4056,_IL-8_Donor5_F11_CD4T,CD4T,CD4T,41,CD4T,parsebioscience,Donor 8,F11,IL-8,False,Donor 8- age: 41,IL-8_Donor 8_F11,cytokine,7935,0,0,0,0,0,0,0,3571,0,4183,0,181,Donor5,Young,-33.600828117423795,-74.60082811742379
4061,_IL-8_Donor6_F11_CD4T,CD4T,CD4T,38,CD4T,parsebioscience,Donor 9,F11,IL-8,False,Donor 9- age: 38,IL-8_Donor 9_F11,cytokine,3992,0,0,0,0,0,0,0,1721,0,2068,0,203,Donor6,Young,-7.414464692549977,-45.41446469254998
4066,_IL-8_Donor7_F11_CD4T,CD4T,CD4T,45,CD4T,parsebioscience,Donor 10,F11,IL-8,False,Donor 10- age: 45,IL-8_Donor 10_F11,cytokine,3180,0,0,0,0,0,0,0,1372,0,1591,0,217,Donor7,Young,-21.00492104654635,-66.00492104654634
4071,_IL-8_Donor8_F11_CD4T,CD4T,CD4T,52,CD4T,parsebioscience,Donor 11,F11,IL-8,False,Donor 11- age: 52,IL-8_Donor 11_F11,cytokine,2966,0,0,0,0,0,0,0,955,0,1912,0,99,Donor8,Old,-2.2703253114750694,-54.27032531147507
4076,_IL-8_Donor9_F11_CD4T,CD4T,CD4T,38,CD4T,parsebioscience,Donor 12,F11,IL-8,False,Donor 12- age: 38,IL-8_Donor 12_F11,cytokine,2506,0,0,0,0,0,0,0,959,0,1471,0,76,Donor9,Young,-17.307535736270403,-55.3075357362704
4081,_IL-9_Donor10_A10_CD4T,CD4T,CD4T,42,CD4T,parsebioscience,Donor 2,A10,IL-9,False,Donor 2- age: 42,IL-9_Donor 2_A10,cytokine,2301,0,0,0,0,0,0,0,934,0,1280,0,87,Donor10,Young,-0.4182099960890895,-42.41820999608909
4086,_IL-9_Donor11_A10_CD4T,CD4T,CD4T,46,CD4T,parsebioscience,Donor 3,A10,IL-9,False,Donor 3- age: 46,IL-9_Donor 3_A10,cytokine,2078,0,0,0,0,0,0,0,619,0,1403,0,56,Donor11,Young,-26.091624544461858,-72.09162454446187
4091,_IL-9_Donor12_A10_CD4T,CD4T,CD4T,36,CD4T,parsebioscience,Donor 4,A10,IL-9,False,Donor 4- age: 36,IL-9_Donor 4_A10,cytokine,7163,0,0,0,0,0,0,0,2526,0,4412,0,225,Donor12,Young,-21.143021248350955,-57.143021248350955
4096,_IL-9_Donor1_A10_CD4T,CD4T,CD4T,75,CD4T,parsebioscience,Donor 1,A10,IL-9,False,Donor 1- age: 75,IL-9_Donor 1_A10,cytokine,4013,0,0,0,0,0,0,0,1548,0,2323,0,142,Donor1,Old,12.924864843305087,-62.07513515669491
4101,_IL-9_Donor2_A10_CD4T,CD4T,CD4T,34,CD4T,parsebioscience,Donor 5,A10,IL-9,False,Donor 5- age: 34,IL-9_Donor 5_A10,cytokine,5447,0,0,0,0,0,0,0,1784,0,3442,0,221,Donor2,Young,-19.114374798320647,-53.11437479832065
4106,_IL-9_Donor3_A10_CD4T,CD4T,CD4T,68,CD4T,parsebioscience,Donor 6,A10,IL-9,False,Donor 6- age: 68,IL-9_Donor 6_A10,cytokine,6298,0,0,0,0,0,0,0,1469,0,4655,0,174,Donor3,Old,8.838461025507122,-59.16153897449288
4111,_IL-9_Donor4_A10_CD4T,CD4T,CD4T,59,CD4T,parsebioscience,Donor 7,A10,IL-9,False,Donor 7- age: 59,IL-9_Donor 7_A10,cytokine,706,0,0,0,0,0,0,0,138,0,549,0,19,Donor4,Old,-9.82463745608154,-68.82463745608155
4116,_IL-9_Donor5_A10_CD4T,CD4T,CD4T,41,CD4T,parsebioscience,Donor 8,A10,IL-9,False,Donor 8- age: 41,IL-9_Donor 8_A10,cytokine,7029,0,0,0,0,0,0,0,3194,0,3637,0,198,Donor5,Young,-36.38803777303597,-77.38803777303596
4121,_IL-9_Donor6_A10_CD4T,CD4T,CD4T,38,CD4T,parsebioscience,Donor 9,A10,IL-9,False,Donor 9- age: 38,IL-9_Donor 9_A10,cytokine,11191,0,0,0,0,0,0,0,4368,0,6240,0,583,Donor6,Young,-12.096750051170893,-50.09675005117089
4126,_IL-9_Donor7_A10_CD4T,CD4T,CD4T,45,CD4T,parsebioscience,Donor 10,A10,IL-9,False,Donor 10- age: 45,IL-9_Donor 10_A10,cytokine,3216,0,0,0,0,0,0,0,1346,0,1656,0,214,Donor7,Young,-21.003633002674356,-66.00363300267435
4131,_IL-9_Donor8_A10_CD4T,CD4T,CD4T,52,CD4T,parsebioscience,Donor 11,A10,IL-9,False,Donor 11- age: 52,IL-9_Donor 11_A10,cytokine,4694,0,0,0,0,0,0,0,1300,0,3188,0,206,Donor8,Old,-7.683298901853071,-59.68329890185307
4136,_IL-9_Donor9_A10_CD4T,CD4T,CD4T,38,CD4T,parsebioscience,Donor 12,A10,IL-9,False,Donor 12- age: 38,IL-9_Donor 12_A10,cytokine,3183,0,0,0,0,0,0,0,1171,0,1933,0,79,Donor9,Young,-18.16650316919239,-56.16650316919239
4141,_LIF_Donor10_B5_CD4T,CD4T,CD4T,42,CD4T,parsebioscience,Donor 2,B5,LIF,False,Donor 2- age: 42,LIF_Donor 2_B5,cytokine,2013,0,0,0,0,0,0,0,897,0,1023,0,93,Donor10,Young,3.8760715111047617,-38.12392848889524
4146,_LIF_Donor11_B5_CD4T,CD4T,CD4T,46,CD4T,parsebioscience,Donor 3,B5,LIF,False,Donor 3- age: 46,LIF_Donor 3_B5,cytokine,1678,0,0,0,0,0,0,0,533,0,1102,0,43,Donor11,Young,-25.074228646279785,-71.07422864627978
4151,_LIF_Donor12_B5_CD4T,CD4T,CD4T,36,CD4T,parsebioscience,Donor 4,B5,LIF,False,Donor 4- age: 36,LIF_Donor 4_B5,cytokine,5347,0,0,0,0,0,0,0,2066,0,3042,0,239,Donor12,Young,-16.569421173707873,-52.56942117370787
4156,_LIF_Donor1_B5_CD4T,CD4T,CD4T,75,CD4T,parsebioscience,Donor 1,B5,LIF,False,Donor 1- age: 75,LIF_Donor 1_B5,cytokine,6830,0,0,0,0,0,0,0,3095,0,3460,0,275,Donor1,Old,10.71259807907154,-64.28740192092846
4161,_LIF_Donor2_B5_CD4T,CD4T,CD4T,34,CD4T,parsebioscience,Donor 5,B5,LIF,False,Donor 5- age: 34,LIF_Donor 5_B5,cytokine,3569,0,0,0,0,0,0,0,1263,0,2168,0,138,Donor2,Young,-19.18569801633719,-53.18569801633719
4166,_LIF_Donor3_B5_CD4T,CD4T,CD4T,68,CD4T,parsebioscience,Donor 6,B5,LIF,False,Donor 6- age: 68,LIF_Donor 6_B5,cytokine,4030,0,0,0,0,0,0,0,1801,0,2066,0,163,Donor3,Old,6.20233098374338,-61.79766901625662
4171,_LIF_Donor4_B5_CD4T,CD4T,CD4T,59,CD4T,parsebioscience,Donor 7,B5,LIF,False,Donor 7- age: 59,LIF_Donor 7_B5,cytokine,878,0,0,0,0,0,0,0,389,0,462,0,27,Donor4,Old,-2.165563732595963,-61.16556373259596
4176,_LIF_Donor5_B5_CD4T,CD4T,CD4T,41,CD4T,parsebioscience,Donor 8,B5,LIF,False,Donor 8- age: 41,LIF_Donor 8_B5,cytokine,4868,0,0,0,0,0,0,0,2230,0,2516,0,122,Donor5,Young,-38.264366628674004,-79.264366628674
4181,_LIF_Donor6_B5_CD4T,CD4T,CD4T,38,CD4T,parsebioscience,Donor 9,B5,LIF,False,Donor 9- age: 38,LIF_Donor 9_B5,cytokine,6105,0,0,0,0,0,0,0,2427,0,3408,0,270,Donor6,Young,-13.97291204654622,-51.97291204654622
4186,_LIF_Donor7_B5_CD4T,CD4T,CD4T,45,CD4T,parsebioscience,Donor 10,B5,LIF,False,Donor 10- age: 45,LIF_Donor 10_B5,cytokine,4510,0,0,0,0,0,0,0,1666,0,2563,0,281,Donor7,Young,-20.943046817124845,-65.94304681712484
4191,_LIF_Donor8_B5_CD4T,CD4T,CD4T,52,CD4T,parsebioscience,Donor 11,B5,LIF,False,Donor 11- age: 52,LIF_Donor 11_B5,cytokine,3822,0,0,0,0,0,0,0,989,0,2694,0,139,Donor8,Old,-6.62479413628558,-58.62479413628558
4196,_LIF_Donor9_B5_CD4T,CD4T,CD4T,38,CD4T,parsebioscience,Donor 12,B5,LIF,False,Donor 12- age: 38,LIF_Donor 12_B5,cytokine,2687,0,0,0,0,0,0,0,891,0,1703,0,93,Donor9,Young,-21.71917461379615,-59.71917461379615
4201,_LIGHT_Donor10_E7_CD4T,CD4T,CD4T,42,CD4T,parsebioscience,Donor 2,E7,LIGHT,False,Donor 2- age: 42,LIGHT_Donor 2_E7,cytokine,2048,0,0,0,0,0,0,0,1010,0,958,0,80,Donor10,Young,4.008571588049946,-37.991428411950054
4206,_LIGHT_Donor11_E7_CD4T,CD4T,CD4T,46,CD4T,parsebioscience,Donor 3,E7,LIGHT,False,Donor 3- age: 46,LIGHT_Donor 3_E7,cytokine,1600,0,0,0,0,0,0,0,561,0,985,0,54,Donor11,Young,-21.59596069937873,-67.59596069937874
4211,_LIGHT_Donor12_E7_CD4T,CD4T,CD4T,36,CD4T,parsebioscience,Donor 4,E7,LIGHT,False,Donor 4- age: 36,LIGHT_Donor 4_E7,cytokine,5335,0,0,0,0,0,0,0,2205,0,2947,0,183,Donor12,Young,-15.884864166231786,-51.884864166231786
4216,_LIGHT_Donor1_E7_CD4T,CD4T,CD4T,75,CD4T,parsebioscience,Donor 1,E7,LIGHT,False,Donor 1- age: 75,LIGHT_Donor 1_E7,cytokine,9138,0,0,0,0,0,0,0,4263,0,4547,0,328,Donor1,Old,12.420316916688378,-62.57968308331162
4221,_LIGHT_Donor2_E7_CD4T,CD4T,CD4T,34,CD4T,parsebioscience,Donor 5,E7,LIGHT,False,Donor 5- age: 34,LIGHT_Donor 5_E7,cytokine,4152,0,0,0,0,0,0,0,1511,0,2477,0,164,Donor2,Young,-16.86392085170953,-50.86392085170953
4226,_LIGHT_Donor3_E7_CD4T,CD4T,CD4T,68,CD4T,parsebioscience,Donor 6,E7,LIGHT,False,Donor 6- age: 68,LIGHT_Donor 6_E7,cytokine,5414,0,0,0,0,0,0,0,2812,0,2355,0,247,Donor3,Old,12.54033354532205,-55.45966645467795
4231,_LIGHT_Donor4_E7_CD4T,CD4T,CD4T,59,CD4T,parsebioscience,Donor 7,E7,LIGHT,False,Donor 7- age: 59,LIGHT_Donor 7_E7,cytokine,686,0,0,0,0,0,0,0,387,0,261,0,38,Donor4,Old,-5.520802316126101,-64.5208023161261
4236,_LIGHT_Donor5_E7_CD4T,CD4T,CD4T,41,CD4T,parsebioscience,Donor 8,E7,LIGHT,False,Donor 8- age: 41,LIGHT_Donor 8_E7,cytokine,5664,0,0,0,0,0,0,0,2976,0,2521,0,167,Donor5,Young,-31.16771904506114,-72.16771904506115
4241,_LIGHT_Donor6_E7_CD4T,CD4T,CD4T,38,CD4T,parsebioscience,Donor 9,E7,LIGHT,False,Donor 9- age: 38,LIGHT_Donor 9_E7,cytokine,4648,0,0,0,0,0,0,0,1944,0,2498,0,206,Donor6,Young,-9.985569703936143,-47.98556970393614
4246,_LIGHT_Donor7_E7_CD4T,CD4T,CD4T,45,CD4T,parsebioscience,Donor 10,E7,LIGHT,False,Donor 10- age: 45,LIGHT_Donor 10_E7,cytokine,3691,0,0,0,0,0,0,0,1627,0,1817,0,247,Donor7,Young,-16.72968802208677,-61.72968802208677
4251,_LIGHT_Donor8_E7_CD4T,CD4T,CD4T,52,CD4T,parsebioscience,Donor 11,E7,LIGHT,False,Donor 11- age: 52,LIGHT_Donor 11_E7,cytokine,5403,0,0,0,0,0,0,0,1690,0,3485,0,228,Donor8,Old,-2.711380071472007,-54.71138007147201
4256,_LIGHT_Donor9_E7_CD4T,CD4T,CD4T,38,CD4T,parsebioscience,Donor 12,E7,LIGHT,False,Donor 12- age: 38,LIGHT_Donor 12_E7,cytokine,2236,0,0,0,0,0,0,0,996,0,1153,0,87,Donor9,Young,-22.041107771317222,-60.04110777131722
4261,_LT-alpha1-beta2_Donor10_D12_CD4T,CD4T,CD4T,42,CD4T,parsebioscience,Donor 2,D12,LT-alpha1-beta2,False,Donor 2- age: 42,LT-alpha1-beta2_Donor 2_D12,cytokine,1538,0,0,0,0,0,0,0,489,0,994,0,55,Donor10,Young,-11.830995493584503,-53.8309954935845
4266,_LT-alpha1-beta2_Donor11_D12_CD4T,CD4T,CD4T,46,CD4T,parsebioscience,Donor 3,D12,LT-alpha1-beta2,False,Donor 3- age: 46,LT-alpha1-beta2_Donor 3_D12,cytokine,1597,0,0,0,0,0,0,0,531,0,1006,0,60,Donor11,Young,-22.00475701623622,-68.00475701623623
4271,_LT-alpha1-beta2_Donor12_D12_CD4T,CD4T,CD4T,36,CD4T,parsebioscience,Donor 4,D12,LT-alpha1-beta2,False,Donor 4- age: 36,LT-alpha1-beta2_Donor 4_D12,cytokine,3447,0,0,0,0,0,0,0,1268,0,2053,0,126,Donor12,Young,-23.3356028334886,-59.3356028334886
4276,_LT-alpha1-beta2_Donor1_D12_CD4T,CD4T,CD4T,75,CD4T,parsebioscience,Donor 1,D12,LT-alpha1-beta2,False,Donor 1- age: 75,LT-alpha1-beta2_Donor 1_D12,cytokine,3778,0,0,0,0,0,0,0,1409,0,2241,0,128,Donor1,Old,14.831492789242269,-60.16850721075773
4281,_LT-alpha1-beta2_Donor2_D12_CD4T,CD4T,CD4T,34,CD4T,parsebioscience,Donor 5,D12,LT-alpha1-beta2,False,Donor 5- age: 34,LT-alpha1-beta2_Donor 5_D12,cytokine,8719,0,0,0,0,0,0,0,2367,0,6072,0,280,Donor2,Young,-21.166564518804044,-55.166564518804044
4286,_LT-alpha1-beta2_Donor3_D12_CD4T,CD4T,CD4T,68,CD4T,parsebioscience,Donor 6,D12,LT-alpha1-beta2,False,Donor 6- age: 68,LT-alpha1-beta2_Donor 6_D12,cytokine,3408,0,0,0,0,0,0,0,1300,0,1997,0,111,Donor3,Old,5.514031627546004,-62.485968372453996
4291,_LT-alpha1-beta2_Donor4_D12_CD4T,CD4T,CD4T,59,CD4T,parsebioscience,Donor 7,D12,LT-alpha1-beta2,False,Donor 7- age: 59,LT-alpha1-beta2_Donor 7_D12,cytokine,624,0,0,0,0,0,0,0,273,0,336,0,15,Donor4,Old,-7.114948074219193,-66.1149480742192
4296,_LT-alpha1-beta2_Donor5_D12_CD4T,CD4T,CD4T,41,CD4T,parsebioscience,Donor 8,D12,LT-alpha1-beta2,False,Donor 8- age: 41,LT-alpha1-beta2_Donor 8_D12,cytokine,4120,0,0,0,0,0,0,0,1644,0,2393,0,83,Donor5,Young,-31.955879862768917,-72.95587986276891
4301,_LT-alpha1-beta2_Donor6_D12_CD4T,CD4T,CD4T,38,CD4T,parsebioscience,Donor 9,D12,LT-alpha1-beta2,False,Donor 9- age: 38,LT-alpha1-beta2_Donor 9_D12,cytokine,3524,0,0,0,0,0,0,0,1257,0,2143,0,124,Donor6,Young,-4.382501215037685,-42.382501215037685
4306,_LT-alpha1-beta2_Donor7_D12_CD4T,CD4T,CD4T,45,CD4T,parsebioscience,Donor 10,D12,LT-alpha1-beta2,False,Donor 10- age: 45,LT-alpha1-beta2_Donor 10_D12,cytokine,3762,0,0,0,0,0,0,0,1177,0,2403,0,182,Donor7,Young,-16.331647040638593,-61.33164704063859
4311,_LT-alpha1-beta2_Donor8_D12_CD4T,CD4T,CD4T,52,CD4T,parsebioscience,Donor 11,D12,LT-alpha1-beta2,False,Donor 11- age: 52,LT-alpha1-beta2_Donor 11_D12,cytokine,1744,0,0,0,0,0,0,0,443,0,1236,0,65,Donor8,Old,-6.357534364006703,-58.3575343640067
4316,_LT-alpha1-beta2_Donor9_D12_CD4T,CD4T,CD4T,38,CD4T,parsebioscience,Donor 12,D12,LT-alpha1-beta2,False,Donor 12- age: 38,LT-alpha1-beta2_Donor 12_D12,cytokine,1598,0,0,0,0,0,0,0,497,0,1050,0,51,Donor9,Young,-17.39541769111394,-55.39541769111394
4321,_LT-alpha2-beta1_Donor10_D2_CD4T,CD4T,CD4T,42,CD4T,parsebioscience,Donor 2,D2,LT-alpha2-beta1,False,Donor 2- age: 42,LT-alpha2-beta1_Donor 2_D2,cytokine,1462,0,0,0,0,0,0,0,565,0,831,0,66,Donor10,Young,-6.236539211586468,-48.23653921158647
4326,_LT-alpha2-beta1_Donor11_D2_CD4T,CD4T,CD4T,46,CD4T,parsebioscience,Donor 3,D2,LT-alpha2-beta1,False,Donor 3- age: 46,LT-alpha2-beta1_Donor 3_D2,cytokine,1433,0,0,0,0,0,0,0,557,0,815,0,61,Donor11,Young,-24.118719780847165,-70.11871978084716
4331,_LT-alpha2-beta1_Donor12_D2_CD4T,CD4T,CD4T,36,CD4T,parsebioscience,Donor 4,D2,LT-alpha2-beta1,False,Donor 4- age: 36,LT-alpha2-beta1_Donor 4_D2,cytokine,4016,0,0,0,0,0,0,0,1379,0,2541,0,96,Donor12,Young,-17.022332133562124,-53.022332133562124
4336,_LT-alpha2-beta1_Donor1_D2_CD4T,CD4T,CD4T,75,CD4T,parsebioscience,Donor 1,D2,LT-alpha2-beta1,False,Donor 1- age: 75,LT-alpha2-beta1_Donor 1_D2,cytokine,7823,0,0,0,0,0,0,0,3462,0,4053,0,308,Donor1,Old,15.668338513958183,-59.33166148604182
4341,_LT-alpha2-beta1_Donor2_D2_CD4T,CD4T,CD4T,34,CD4T,parsebioscience,Donor 5,D2,LT-alpha2-beta1,False,Donor 5- age: 34,LT-alpha2-beta1_Donor 5_D2,cytokine,2071,0,0,0,0,0,0,0,720,0,1289,0,62,Donor2,Young,-20.526120084924095,-54.526120084924095
4346,_LT-alpha2-beta1_Donor3_D2_CD4T,CD4T,CD4T,68,CD4T,parsebioscience,Donor 6,D2,LT-alpha2-beta1,False,Donor 6- age: 68,LT-alpha2-beta1_Donor 6_D2,cytokine,2038,0,0,0,0,0,0,0,974,0,987,0,77,Donor3,Old,4.753640840462751,-63.24635915953725
4351,_LT-alpha2-beta1_Donor4_D2_CD4T,CD4T,CD4T,59,CD4T,parsebioscience,Donor 7,D2,LT-alpha2-beta1,False,Donor 7- age: 59,LT-alpha2-beta1_Donor 7_D2,cytokine,550,0,0,0,0,0,0,0,275,0,246,0,29,Donor4,Old,-4.434112640082027,-63.43411264008203
4356,_LT-alpha2-beta1_Donor5_D2_CD4T,CD4T,CD4T,41,CD4T,parsebioscience,Donor 8,D2,LT-alpha2-beta1,False,Donor 8- age: 41,LT-alpha2-beta1_Donor 8_D2,cytokine,4173,0,0,0,0,0,0,0,2191,0,1862,0,120,Donor5,Young,-29.973003313069093,-70.97300331306909
4361,_LT-alpha2-beta1_Donor6_D2_CD4T,CD4T,CD4T,38,CD4T,parsebioscience,Donor 9,D2,LT-alpha2-beta1,False,Donor 9- age: 38,LT-alpha2-beta1_Donor 9_D2,cytokine,6209,0,0,0,0,0,0,0,2181,0,3758,0,270,Donor6,Young,-11.141831729035907,-49.14183172903591
4366,_LT-alpha2-beta1_Donor7_D2_CD4T,CD4T,CD4T,45,CD4T,parsebioscience,Donor 10,D2,LT-alpha2-beta1,False,Donor 10- age: 45,LT-alpha2-beta1_Donor 10_D2,cytokine,3812,0,0,0,0,0,0,0,1345,0,2263,0,204,Donor7,Young,-20.661637213945006,-65.661637213945
4371,_LT-alpha2-beta1_Donor8_D2_CD4T,CD4T,CD4T,52,CD4T,parsebioscience,Donor 11,D2,LT-alpha2-beta1,False,Donor 11- age: 52,LT-alpha2-beta1_Donor 11_D2,cytokine,2196,0,0,0,0,0,0,0,524,0,1579,0,93,Donor8,Old,-5.876168209501323,-57.87616820950132
4376,_LT-alpha2-beta1_Donor9_D2_CD4T,CD4T,CD4T,38,CD4T,parsebioscience,Donor 12,D2,LT-alpha2-beta1,False,Donor 12- age: 38,LT-alpha2-beta1_Donor 12_D2,cytokine,1701,0,0,0,0,0,0,0,621,0,1007,0,73,Donor9,Young,-16.685229212159165,-54.685229212159165
4381,_Leptin_Donor10_F5_CD4T,CD4T,CD4T,42,CD4T,parsebioscience,Donor 2,F5,Leptin,False,Donor 2- age: 42,Leptin_Donor 2_F5,cytokine,1230,0,0,0,0,0,0,0,476,0,709,0,45,Donor10,Young,-2.5531468567771824,-44.55314685677718
4386,_Leptin_Donor11_F5_CD4T,CD4T,CD4T,46,CD4T,parsebioscience,Donor 3,F5,Leptin,False,Donor 3- age: 46,Leptin_Donor 3_F5,cytokine,1789,0,0,0,0,0,0,0,626,0,1109,0,54,Donor11,Young,-23.60295908715326,-69.60295908715327
4391,_Leptin_Donor12_F5_CD4T,CD4T,CD4T,36,CD4T,parsebioscience,Donor 4,F5,Leptin,False,Donor 4- age: 36,Leptin_Donor 4_F5,cytokine,4790,0,0,0,0,0,0,0,1506,0,3171,0,113,Donor12,Young,-12.291748698420442,-48.29174869842044
4396,_Leptin_Donor1_F5_CD4T,CD4T,CD4T,75,CD4T,parsebioscience,Donor 1,F5,Leptin,False,Donor 1- age: 75,Leptin_Donor 1_F5,cytokine,4788,0,0,0,0,0,0,0,1622,0,3000,0,166,Donor1,Old,15.988738362054868,-59.01126163794513
4401,_Leptin_Donor2_F5_CD4T,CD4T,CD4T,34,CD4T,parsebioscience,Donor 5,F5,Leptin,False,Donor 5- age: 34,Leptin_Donor 5_F5,cytokine,6263,0,0,0,0,0,0,0,1874,0,4169,0,220,Donor2,Young,-17.301032734122238,-51.30103273412224
4406,_Leptin_Donor3_F5_CD4T,CD4T,CD4T,68,CD4T,parsebioscience,Donor 6,F5,Leptin,False,Donor 6- age: 68,Leptin_Donor 6_F5,cytokine,3078,0,0,0,0,0,0,0,1343,0,1613,0,122,Donor3,Old,9.514251559527324,-58.485748440472676
4411,_Leptin_Donor4_F5_CD4T,CD4T,CD4T,59,CD4T,parsebioscience,Donor 7,F5,Leptin,False,Donor 7- age: 59,Leptin_Donor 7_F5,cytokine,737,0,0,0,0,0,0,0,350,0,361,0,26,Donor4,Old,-3.8343177423955623,-62.83431774239556
4416,_Leptin_Donor5_F5_CD4T,CD4T,CD4T,41,CD4T,parsebioscience,Donor 8,F5,Leptin,False,Donor 8- age: 41,Leptin_Donor 8_F5,cytokine,7297,0,0,0,0,0,0,0,3028,0,4095,0,174,Donor5,Young,-29.551054830363263,-70.55105483036326
4421,_Leptin_Donor6_F5_CD4T,CD4T,CD4T,38,CD4T,parsebioscience,Donor 9,F5,Leptin,False,Donor 9- age: 38,Leptin_Donor 9_F5,cytokine,5096,0,0,0,0,0,0,0,1896,0,2985,0,215,Donor6,Young,-10.298939068661774,-48.298939068661774
4426,_Leptin_Donor7_F5_CD4T,CD4T,CD4T,45,CD4T,parsebioscience,Donor 10,F5,Leptin,False,Donor 10- age: 45,Leptin_Donor 10_F5,cytokine,4593,0,0,0,0,0,0,0,1679,0,2670,0,244,Donor7,Young,-17.446604786010944,-62.446604786010944
4431,_Leptin_Donor8_F5_CD4T,CD4T,CD4T,52,CD4T,parsebioscience,Donor 11,F5,Leptin,False,Donor 11- age: 52,Leptin_Donor 11_F5,cytokine,3901,0,0,0,0,0,0,0,990,0,2792,0,119,Donor8,Old,-4.653629833296499,-56.6536298332965
4436,_Leptin_Donor9_F5_CD4T,CD4T,CD4T,38,CD4T,parsebioscience,Donor 12,F5,Leptin,False,Donor 12- age: 38,Leptin_Donor 12_F5,cytokine,1663,0,0,0,0,0,0,0,542,0,1071,0,50,Donor9,Young,-13.625216096604355,-51.625216096604355
4441,_M-CSF_Donor10_E1_CD4T,CD4T,CD4T,42,CD4T,parsebioscience,Donor 2,E1,M-CSF,False,Donor 2- age: 42,M-CSF_Donor 2_E1,cytokine,1439,0,0,0,0,0,0,0,574,0,817,0,48,Donor10,Young,-3.38908064372481,-45.38908064372481
4446,_M-CSF_Donor11_E1_CD4T,CD4T,CD4T,46,CD4T,parsebioscience,Donor 3,E1,M-CSF,False,Donor 3- age: 46,M-CSF_Donor 3_E1,cytokine,1600,0,0,0,0,0,0,0,521,0,1027,0,52,Donor11,Young,-26.155171288220423,-72.15517128822043
4451,_M-CSF_Donor12_E1_CD4T,CD4T,CD4T,36,CD4T,parsebioscience,Donor 4,E1,M-CSF,False,Donor 4- age: 36,M-CSF_Donor 4_E1,cytokine,4181,0,0,0,0,0,0,0,1454,0,2601,0,126,Donor12,Young,-21.806695244664972,-57.80669524466497
4456,_M-CSF_Donor1_E1_CD4T,CD4T,CD4T,75,CD4T,parsebioscience,Donor 1,E1,M-CSF,False,Donor 1- age: 75,M-CSF_Donor 1_E1,cytokine,4412,0,0,0,0,0,0,0,2205,0,2035,0,172,Donor1,Old,17.844135631509815,-57.155864368490185
4461,_M-CSF_Donor2_E1_CD4T,CD4T,CD4T,34,CD4T,parsebioscience,Donor 5,E1,M-CSF,False,Donor 5- age: 34,M-CSF_Donor 5_E1,cytokine,3019,0,0,0,0,0,0,0,1009,0,1914,0,96,Donor2,Young,-15.638769743523916,-49.638769743523916
4466,_M-CSF_Donor3_E1_CD4T,CD4T,CD4T,68,CD4T,parsebioscience,Donor 6,E1,M-CSF,False,Donor 6- age: 68,M-CSF_Donor 6_E1,cytokine,2545,0,0,0,0,0,0,0,1175,0,1261,0,109,Donor3,Old,8.104090260441708,-59.89590973955829
4471,_M-CSF_Donor4_E1_CD4T,CD4T,CD4T,59,CD4T,parsebioscience,Donor 7,E1,M-CSF,False,Donor 7- age: 59,M-CSF_Donor 7_E1,cytokine,484,0,0,0,0,0,0,0,270,0,201,0,13,Donor4,Old,-19.94909548634667,-78.94909548634666
4476,_M-CSF_Donor5_E1_CD4T,CD4T,CD4T,41,CD4T,parsebioscience,Donor 8,E1,M-CSF,False,Donor 8- age: 41,M-CSF_Donor 8_E1,cytokine,3483,0,0,0,0,0,0,0,1631,0,1742,0,110,Donor5,Young,-32.838298161145836,-73.83829816114584
4481,_M-CSF_Donor6_E1_CD4T,CD4T,CD4T,38,CD4T,parsebioscience,Donor 9,E1,M-CSF,False,Donor 9- age: 38,M-CSF_Donor 9_E1,cytokine,5454,0,0,0,0,0,0,0,1769,0,3468,0,217,Donor6,Young,-4.501933071438238,-42.50193307143824
4486,_M-CSF_Donor7_E1_CD4T,CD4T,CD4T,45,CD4T,parsebioscience,Donor 10,E1,M-CSF,False,Donor 10- age: 45,M-CSF_Donor 10_E1,cytokine,3852,0,0,0,0,0,0,0,1309,0,2353,0,190,Donor7,Young,-20.15435632745909,-65.15435632745908
4491,_M-CSF_Donor8_E1_CD4T,CD4T,CD4T,52,CD4T,parsebioscience,Donor 11,E1,M-CSF,False,Donor 11- age: 52,M-CSF_Donor 11_E1,cytokine,2170,0,0,0,0,0,0,0,601,0,1496,0,73,Donor8,Old,-4.321407304198239,-56.32140730419824
4496,_M-CSF_Donor9_E1_CD4T,CD4T,CD4T,38,CD4T,parsebioscience,Donor 12,E1,M-CSF,False,Donor 12- age: 38,M-CSF_Donor 12_E1,cytokine,2007,0,0,0,0,0,0,0,752,0,1192,0,63,Donor9,Young,-22.51580054178664,-60.51580054178664
4501,_Noggin_Donor10_F7_CD4T,CD4T,CD4T,42,CD4T,parsebioscience,Donor 2,F7,Noggin,False,Donor 2- age: 42,Noggin_Donor 2_F7,cytokine,1982,0,0,0,0,0,0,0,889,0,989,0,104,Donor10,Young,3.06642062116984,-38.93357937883016
4506,_Noggin_Donor11_F7_CD4T,CD4T,CD4T,46,CD4T,parsebioscience,Donor 3,F7,Noggin,False,Donor 3- age: 46,Noggin_Donor 3_F7,cytokine,1893,0,0,0,0,0,0,0,801,0,1023,0,69,Donor11,Young,-24.744429898914653,-70.74442989891466
4511,_Noggin_Donor12_F7_CD4T,CD4T,CD4T,36,CD4T,parsebioscience,Donor 4,F7,Noggin,False,Donor 4- age: 36,Noggin_Donor 4_F7,cytokine,5346,0,0,0,0,0,0,0,2145,0,3046,0,155,Donor12,Young,-15.965000407507468,-51.96500040750747
4516,_Noggin_Donor1_F7_CD4T,CD4T,CD4T,75,CD4T,parsebioscience,Donor 1,F7,Noggin,False,Donor 1- age: 75,Noggin_Donor 1_F7,cytokine,7266,0,0,0,0,0,0,0,3228,0,3778,0,260,Donor1,Old,12.831119998426963,-62.16888000157304
4521,_Noggin_Donor2_F7_CD4T,CD4T,CD4T,34,CD4T,parsebioscience,Donor 5,F7,Noggin,False,Donor 5- age: 34,Noggin_Donor 5_F7,cytokine,3539,0,0,0,0,0,0,0,1249,0,2161,0,129,Donor2,Young,-15.967253885369196,-49.967253885369196
4526,_Noggin_Donor3_F7_CD4T,CD4T,CD4T,68,CD4T,parsebioscience,Donor 6,F7,Noggin,False,Donor 6- age: 68,Noggin_Donor 6_F7,cytokine,3917,0,0,0,0,0,0,0,2024,0,1730,0,163,Donor3,Old,9.453466156147563,-58.54653384385244
4531,_Noggin_Donor4_F7_CD4T,CD4T,CD4T,59,CD4T,parsebioscience,Donor 7,F7,Noggin,False,Donor 7- age: 59,Noggin_Donor 7_F7,cytokine,931,0,0,0,0,0,0,0,529,0,366,0,36,Donor4,Old,-11.824811813805844,-70.82481181380584
4536,_Noggin_Donor5_F7_CD4T,CD4T,CD4T,41,CD4T,parsebioscience,Donor 8,F7,Noggin,False,Donor 8- age: 41,Noggin_Donor 8_F7,cytokine,7845,0,0,0,0,0,0,0,4066,0,3573,0,206,Donor5,Young,-30.540298149149187,-71.54029814914918
4541,_Noggin_Donor6_F7_CD4T,CD4T,CD4T,38,CD4T,parsebioscience,Donor 9,F7,Noggin,False,Donor 9- age: 38,Noggin_Donor 9_F7,cytokine,4122,0,0,0,0,0,0,0,1779,0,2128,0,215,Donor6,Young,-8.47340403012226,-46.47340403012226
4546,_Noggin_Donor7_F7_CD4T,CD4T,CD4T,45,CD4T,parsebioscience,Donor 10,F7,Noggin,False,Donor 10- age: 45,Noggin_Donor 10_F7,cytokine,2783,0,0,0,0,0,0,0,1262,0,1323,0,198,Donor7,Young,-17.863181240265142,-62.86318124026514
4551,_Noggin_Donor8_F7_CD4T,CD4T,CD4T,52,CD4T,parsebioscience,Donor 11,F7,Noggin,False,Donor 11- age: 52,Noggin_Donor 11_F7,cytokine,4869,0,0,0,0,0,0,0,1362,0,3273,0,234,Donor8,Old,-4.830843285686562,-56.83084328568656
4556,_Noggin_Donor9_F7_CD4T,CD4T,CD4T,38,CD4T,parsebioscience,Donor 12,F7,Noggin,False,Donor 12- age: 38,Noggin_Donor 12_F7,cytokine,2093,0,0,0,0,0,0,0,893,0,1135,0,65,Donor9,Young,-16.193241287636162,-54.19324128763616
4561,_OSM_Donor10_B6_CD4T,CD4T,CD4T,42,CD4T,parsebioscience,Donor 2,B6,OSM,False,Donor 2- age: 42,OSM_Donor 2_B6,cytokine,2452,0,0,0,0,0,0,0,1101,0,1240,0,111,Donor10,Young,-10.5523110315632,-52.5523110315632
4566,_OSM_Donor11_B6_CD4T,CD4T,CD4T,46,CD4T,parsebioscience,Donor 3,B6,OSM,False,Donor 3- age: 46,OSM_Donor 3_B6,cytokine,1620,0,0,0,0,0,0,0,541,0,1032,0,47,Donor11,Young,-26.161273899768496,-72.1612738997685
4571,_OSM_Donor12_B6_CD4T,CD4T,CD4T,36,CD4T,parsebioscience,Donor 4,B6,OSM,False,Donor 4- age: 36,OSM_Donor 4_B6,cytokine,7707,0,0,0,0,0,0,0,2881,0,4464,0,362,Donor12,Young,-21.921158564945607,-57.92115856494561
4576,_OSM_Donor1_B6_CD4T,CD4T,CD4T,75,CD4T,parsebioscience,Donor 1,B6,OSM,False,Donor 1- age: 75,OSM_Donor 1_B6,cytokine,8334,0,0,0,0,0,0,0,3703,0,4315,0,316,Donor1,Old,14.599755209799788,-60.40024479020021
4581,_OSM_Donor2_B6_CD4T,CD4T,CD4T,34,CD4T,parsebioscience,Donor 5,B6,OSM,False,Donor 5- age: 34,OSM_Donor 5_B6,cytokine,2821,0,0,0,0,0,0,0,1003,0,1723,0,95,Donor2,Young,-19.790664517499927,-53.79066451749993
4586,_OSM_Donor3_B6_CD4T,CD4T,CD4T,68,CD4T,parsebioscience,Donor 6,B6,OSM,False,Donor 6- age: 68,OSM_Donor 6_B6,cytokine,4218,0,0,0,0,0,0,0,1824,0,2241,0,153,Donor3,Old,2.420305069921646,-65.57969493007835
4591,_OSM_Donor4_B6_CD4T,CD4T,CD4T,59,CD4T,parsebioscience,Donor 7,B6,OSM,False,Donor 7- age: 59,OSM_Donor 7_B6,cytokine,1014,0,0,0,0,0,0,0,441,0,538,0,35,Donor4,Old,-8.820239995387489,-67.82023999538748
4596,_OSM_Donor5_B6_CD4T,CD4T,CD4T,41,CD4T,parsebioscience,Donor 8,B6,OSM,False,Donor 8- age: 41,OSM_Donor 8_B6,cytokine,5878,0,0,0,0,0,0,0,2861,0,2875,0,142,Donor5,Young,-38.674325401684676,-79.67432540168468
4601,_OSM_Donor6_B6_CD4T,CD4T,CD4T,38,CD4T,parsebioscience,Donor 9,B6,OSM,False,Donor 9- age: 38,OSM_Donor 9_B6,cytokine,4072,0,0,0,0,0,0,0,1703,0,2161,0,208,Donor6,Young,-15.834986216670949,-53.83498621667095
4606,_OSM_Donor7_B6_CD4T,CD4T,CD4T,45,CD4T,parsebioscience,Donor 10,B6,OSM,False,Donor 10- age: 45,OSM_Donor 10_B6,cytokine,4423,0,0,0,0,0,0,0,1548,0,2676,0,199,Donor7,Young,-21.226004749199767,-66.22600474919977
4611,_OSM_Donor8_B6_CD4T,CD4T,CD4T,52,CD4T,parsebioscience,Donor 11,B6,OSM,False,Donor 11- age: 52,OSM_Donor 11_B6,cytokine,3175,0,0,0,0,0,0,0,927,0,2119,0,129,Donor8,Old,-10.467711241192568,-62.46771124119257
4616,_OSM_Donor9_B6_CD4T,CD4T,CD4T,38,CD4T,parsebioscience,Donor 12,B6,OSM,False,Donor 12- age: 38,OSM_Donor 12_B6,cytokine,3801,0,0,0,0,0,0,0,1120,0,2591,0,90,Donor9,Young,-20.641666419905015,-58.641666419905015
4621,_OX40L_Donor10_D3_CD4T,CD4T,CD4T,42,CD4T,parsebioscience,Donor 2,D3,OX40L,False,Donor 2- age: 42,OX40L_Donor 2_D3,cytokine,1705,0,0,0,0,0,0,0,832,0,801,0,72,Donor10,Young,7.94395758385479,-34.05604241614521
4626,_OX40L_Donor11_D3_CD4T,CD4T,CD4T,46,CD4T,parsebioscience,Donor 3,D3,OX40L,False,Donor 3- age: 46,OX40L_Donor 3_D3,cytokine,1425,0,0,0,0,0,0,0,692,0,686,0,47,Donor11,Young,-19.98985689394774,-65.98985689394775
4631,_OX40L_Donor12_D3_CD4T,CD4T,CD4T,36,CD4T,parsebioscience,Donor 4,D3,OX40L,False,Donor 4- age: 36,OX40L_Donor 4_D3,cytokine,4385,0,0,0,0,0,0,0,1806,0,2451,0,128,Donor12,Young,-15.867034379999119,-51.86703437999912
4636,_OX40L_Donor1_D3_CD4T,CD4T,CD4T,75,CD4T,parsebioscience,Donor 1,D3,OX40L,False,Donor 1- age: 75,OX40L_Donor 1_D3,cytokine,8253,0,0,0,0,0,0,0,3944,0,3945,0,364,Donor1,Old,21.099209499338045,-53.900790500661955
4641,_OX40L_Donor2_D3_CD4T,CD4T,CD4T,34,CD4T,parsebioscience,Donor 5,D3,OX40L,False,Donor 5- age: 34,OX40L_Donor 5_D3,cytokine,3311,0,0,0,0,0,0,0,1261,0,1920,0,130,Donor2,Young,-15.341479385190844,-49.341479385190844
4646,_OX40L_Donor3_D3_CD4T,CD4T,CD4T,68,CD4T,parsebioscience,Donor 6,D3,OX40L,False,Donor 6- age: 68,OX40L_Donor 6_D3,cytokine,3014,0,0,0,0,0,0,0,1661,0,1222,0,131,Donor3,Old,8.286124371795438,-59.71387562820456
4651,_OX40L_Donor4_D3_CD4T,CD4T,CD4T,59,CD4T,parsebioscience,Donor 7,D3,OX40L,False,Donor 7- age: 59,OX40L_Donor 7_D3,cytokine,606,0,0,0,0,0,0,0,339,0,237,0,30,Donor4,Old,-10.259951627753871,-69.25995162775388
4656,_OX40L_Donor5_D3_CD4T,CD4T,CD4T,41,CD4T,parsebioscience,Donor 8,D3,OX40L,False,Donor 8- age: 41,OX40L_Donor 8_D3,cytokine,4086,0,0,0,0,0,0,0,2325,0,1634,0,127,Donor5,Young,-31.976015882489,-72.97601588248901
4661,_OX40L_Donor6_D3_CD4T,CD4T,CD4T,38,CD4T,parsebioscience,Donor 9,D3,OX40L,False,Donor 9- age: 38,OX40L_Donor 9_D3,cytokine,6119,0,0,0,0,0,0,0,2312,0,3535,0,272,Donor6,Young,-8.770592194768703,-46.7705921947687
4666,_OX40L_Donor7_D3_CD4T,CD4T,CD4T,45,CD4T,parsebioscience,Donor 10,D3,OX40L,False,Donor 10- age: 45,OX40L_Donor 10_D3,cytokine,3218,0,0,0,0,0,0,0,1457,0,1593,0,168,Donor7,Young,-15.27871704529057,-60.27871704529057
4671,_OX40L_Donor8_D3_CD4T,CD4T,CD4T,52,CD4T,parsebioscience,Donor 11,D3,OX40L,False,Donor 11- age: 52,OX40L_Donor 11_D3,cytokine,2512,0,0,0,0,0,0,0,1020,0,1385,0,107,Donor8,Old,2.3372141594622775,-49.66278584053772
4676,_OX40L_Donor9_D3_CD4T,CD4T,CD4T,38,CD4T,parsebioscience,Donor 12,D3,OX40L,False,Donor 12- age: 38,OX40L_Donor 12_D3,cytokine,1778,0,0,0,0,0,0,0,803,0,919,0,56,Donor9,Young,-16.572202887777088,-54.57220288777709
4681,_PBS_Donor10_H10_CD4T,CD4T,CD4T,42,CD4T,parsebioscience,Donor 2,H10,PBS,True,Donor 2- age: 42,PBS_Donor 2_H10,cytokine,1700,0,0,0,0,0,0,0,552,0,1088,0,60,Donor10,Young,0.738712505869664,-41.261287494130336
4686,_PBS_Donor10_H11_CD4T,CD4T,CD4T,42,CD4T,parsebioscience,Donor 2,H11,PBS,True,Donor 2- age: 42,PBS_Donor 2_H11,cytokine,1812,0,0,0,0,0,0,0,639,0,1107,0,66,Donor10,Young,-2.8065457712915816,-44.80654577129158
4691,_PBS_Donor10_H12_CD4T,CD4T,CD4T,42,CD4T,parsebioscience,Donor 2,H12,PBS,True,Donor 2- age: 42,PBS_Donor 2_H12,cytokine,1409,0,0,0,0,0,0,0,519,0,840,0,50,Donor10,Young,-3.9532149542305106,-45.95321495423051
4696,_PBS_Donor10_H7_CD4T,CD4T,CD4T,42,CD4T,parsebioscience,Donor 2,H7,PBS,True,Donor 2- age: 42,PBS_Donor 2_H7,cytokine,1790,0,0,0,0,0,0,0,793,0,927,0,70,Donor10,Young,2.7011031608633047,-39.298896839136695
4701,_PBS_Donor10_H8_CD4T,CD4T,CD4T,42,CD4T,parsebioscience,Donor 2,H8,PBS,True,Donor 2- age: 42,PBS_Donor 2_H8,cytokine,1887,0,0,0,0,0,0,0,788,0,1030,0,69,Donor10,Young,-4.910562633535044,-46.910562633535044
4706,_PBS_Donor10_H9_CD4T,CD4T,CD4T,42,CD4T,parsebioscience,Donor 2,H9,PBS,True,Donor 2- age: 42,PBS_Donor 2_H9,cytokine,1741,0,0,0,0,0,0,0,764,0,903,0,74,Donor10,Young,8.121878155565987,-33.87812184443401
4711,_PBS_Donor11_H10_CD4T,CD4T,CD4T,46,CD4T,parsebioscience,Donor 3,H10,PBS,True,Donor 3- age: 46,PBS_Donor 3_H10,cytokine,1957,0,0,0,0,0,0,0,662,0,1232,0,63,Donor11,Young,-24.1469088403286,-70.14690884032859
4716,_PBS_Donor11_H11_CD4T,CD4T,CD4T,46,CD4T,parsebioscience,Donor 3,H11,PBS,True,Donor 3- age: 46,PBS_Donor 3_H11,cytokine,2224,0,0,0,0,0,0,0,832,0,1304,0,88,Donor11,Young,-21.481030890185032,-67.48103089018502
4721,_PBS_Donor11_H12_CD4T,CD4T,CD4T,46,CD4T,parsebioscience,Donor 3,H12,PBS,True,Donor 3- age: 46,PBS_Donor 3_H12,cytokine,1713,0,0,0,0,0,0,0,594,0,1064,0,55,Donor11,Young,-26.706569865156546,-72.70656986515655
4726,_PBS_Donor11_H7_CD4T,CD4T,CD4T,46,CD4T,parsebioscience,Donor 3,H7,PBS,True,Donor 3- age: 46,PBS_Donor 3_H7,cytokine,1657,0,0,0,0,0,0,0,746,0,852,0,59,Donor11,Young,-23.751162610483497,-69.7511626104835
4731,_PBS_Donor11_H8_CD4T,CD4T,CD4T,46,CD4T,parsebioscience,Donor 3,H8,PBS,True,Donor 3- age: 46,PBS_Donor 3_H8,cytokine,1680,0,0,0,0,0,0,0,729,0,885,0,66,Donor11,Young,-23.393404333397037,-69.39340433339703
4736,_PBS_Donor11_H9_CD4T,CD4T,CD4T,46,CD4T,parsebioscience,Donor 3,H9,PBS,True,Donor 3- age: 46,PBS_Donor 3_H9,cytokine,1876,0,0,0,0,0,0,0,758,0,1039,0,79,Donor11,Young,-21.075212712184033,-67.07521271218403
4741,_PBS_Donor12_H10_CD4T,CD4T,CD4T,36,CD4T,parsebioscience,Donor 4,H10,PBS,True,Donor 4- age: 36,PBS_Donor 4_H10,cytokine,5700,0,0,0,0,0,0,0,2047,0,3506,0,147,Donor12,Young,-15.22502814968471,-51.22502814968471
4746,_PBS_Donor12_H11_CD4T,CD4T,CD4T,36,CD4T,parsebioscience,Donor 4,H11,PBS,True,Donor 4- age: 36,PBS_Donor 4_H11,cytokine,4705,0,0,0,0,0,0,0,1515,0,2765,0,425,Donor12,Young,-16.82273563045313,-52.82273563045313
4751,_PBS_Donor12_H12_CD4T,CD4T,CD4T,36,CD4T,parsebioscience,Donor 4,H12,PBS,True,Donor 4- age: 36,PBS_Donor 4_H12,cytokine,2991,0,0,0,0,0,0,0,1193,0,1709,0,89,Donor12,Young,-18.340759713841926,-54.340759713841926
4756,_PBS_Donor12_H7_CD4T,CD4T,CD4T,36,CD4T,parsebioscience,Donor 4,H7,PBS,True,Donor 4- age: 36,PBS_Donor 4_H7,cytokine,6313,0,0,0,0,0,0,0,2557,0,3540,0,216,Donor12,Young,-14.473378717515565,-50.473378717515565
4761,_PBS_Donor12_H8_CD4T,CD4T,CD4T,36,CD4T,parsebioscience,Donor 4,H8,PBS,True,Donor 4- age: 36,PBS_Donor 4_H8,cytokine,6699,0,0,0,0,0,0,0,2564,0,3969,0,166,Donor12,Young,-16.82246351072964,-52.82246351072964
4766,_PBS_Donor12_H9_CD4T,CD4T,CD4T,36,CD4T,parsebioscience,Donor 4,H9,PBS,True,Donor 4- age: 36,PBS_Donor 4_H9,cytokine,6109,0,0,0,0,0,0,0,2580,0,3330,0,199,Donor12,Young,-18.484964895018713,-54.48496489501871
4771,_PBS_Donor1_H10_CD4T,CD4T,CD4T,75,CD4T,parsebioscience,Donor 1,H10,PBS,True,Donor 1- age: 75,PBS_Donor 1_H10,cytokine,6335,0,0,0,0,0,0,0,2104,0,4045,0,186,Donor1,Old,20.16107076681795,-54.83892923318205
4776,_PBS_Donor1_H11_CD4T,CD4T,CD4T,75,CD4T,parsebioscience,Donor 1,H11,PBS,True,Donor 1- age: 75,PBS_Donor 1_H11,cytokine,7271,0,0,0,0,0,0,0,2542,0,4445,0,284,Donor1,Old,21.10352759709758,-53.89647240290242
4781,_PBS_Donor1_H12_CD4T,CD4T,CD4T,75,CD4T,parsebioscience,Donor 1,H12,PBS,True,Donor 1- age: 75,PBS_Donor 1_H12,cytokine,3849,0,0,0,0,0,0,0,1761,0,1969,0,119,Donor1,Old,17.156466907940406,-57.843533092059594
4786,_PBS_Donor1_H7_CD4T,CD4T,CD4T,75,CD4T,parsebioscience,Donor 1,H7,PBS,True,Donor 1- age: 75,PBS_Donor 1_H7,cytokine,12719,0,0,0,0,0,0,0,6160,0,6129,0,430,Donor1,Old,25.619953862266243,-49.38004613773376
4791,_PBS_Donor1_H8_CD4T,CD4T,CD4T,75,CD4T,parsebioscience,Donor 1,H8,PBS,True,Donor 1- age: 75,PBS_Donor 1_H8,cytokine,10327,0,0,0,0,0,0,0,4394,0,5541,0,392,Donor1,Old,16.91948320722689,-58.08051679277311
4796,_PBS_Donor1_H9_CD4T,CD4T,CD4T,75,CD4T,parsebioscience,Donor 1,H9,PBS,True,Donor 1- age: 75,PBS_Donor 1_H9,cytokine,8110,0,0,0,0,0,0,0,3423,0,4414,0,273,Donor1,Old,20.930617143466968,-54.06938285653303
4801,_PBS_Donor2_H10_CD4T,CD4T,CD4T,34,CD4T,parsebioscience,Donor 5,H10,PBS,True,Donor 5- age: 34,PBS_Donor 5_H10,cytokine,4864,0,0,0,0,0,0,0,1403,0,3326,0,135,Donor2,Young,-18.80752307166471,-52.80752307166471
4806,_PBS_Donor2_H11_CD4T,CD4T,CD4T,34,CD4T,parsebioscience,Donor 5,H11,PBS,True,Donor 5- age: 34,PBS_Donor 5_H11,cytokine,3805,0,0,0,0,0,0,0,1148,0,2520,0,137,Donor2,Young,-18.451899168943946,-52.451899168943946
4811,_PBS_Donor2_H12_CD4T,CD4T,CD4T,34,CD4T,parsebioscience,Donor 5,H12,PBS,True,Donor 5- age: 34,PBS_Donor 5_H12,cytokine,3878,0,0,0,0,0,0,0,1125,0,2632,0,121,Donor2,Young,-21.43738751498774,-55.43738751498774
4816,_PBS_Donor2_H7_CD4T,CD4T,CD4T,34,CD4T,parsebioscience,Donor 5,H7,PBS,True,Donor 5- age: 34,PBS_Donor 5_H7,cytokine,4666,0,0,0,0,0,0,0,1606,0,2893,0,167,Donor2,Young,-15.501492021979566,-49.501492021979566
4821,_PBS_Donor2_H8_CD4T,CD4T,CD4T,34,CD4T,parsebioscience,Donor 5,H8,PBS,True,Donor 5- age: 34,PBS_Donor 5_H8,cytokine,4377,0,0,0,0,0,0,0,1418,0,2795,0,164,Donor2,Young,-17.580539543995833,-51.58053954399583
4826,_PBS_Donor2_H9_CD4T,CD4T,CD4T,34,CD4T,parsebioscience,Donor 5,H9,PBS,True,Donor 5- age: 34,PBS_Donor 5_H9,cytokine,6212,0,0,0,0,0,0,0,2019,0,3995,0,198,Donor2,Young,-13.088457324301068,-47.08845732430107
4831,_PBS_Donor3_H10_CD4T,CD4T,CD4T,68,CD4T,parsebioscience,Donor 6,H10,PBS,True,Donor 6- age: 68,PBS_Donor 6_H10,cytokine,3801,0,0,0,0,0,0,0,1629,0,2066,0,106,Donor3,Old,5.484077760989834,-62.515922239010166
4836,_PBS_Donor3_H11_CD4T,CD4T,CD4T,68,CD4T,parsebioscience,Donor 6,H11,PBS,True,Donor 6- age: 68,PBS_Donor 6_H11,cytokine,3688,0,0,0,0,0,0,0,1602,0,1940,0,146,Donor3,Old,9.547758846133547,-58.45224115386645
4841,_PBS_Donor3_H12_CD4T,CD4T,CD4T,68,CD4T,parsebioscience,Donor 6,H12,PBS,True,Donor 6- age: 68,PBS_Donor 6_H12,cytokine,4394,0,0,0,0,0,0,0,1920,0,2284,0,190,Donor3,Old,5.029176487893849,-62.97082351210615
4846,_PBS_Donor3_H7_CD4T,CD4T,CD4T,68,CD4T,parsebioscience,Donor 6,H7,PBS,True,Donor 6- age: 68,PBS_Donor 6_H7,cytokine,4384,0,0,0,0,0,0,0,2270,0,1942,0,172,Donor3,Old,6.814069775051209,-61.18593022494879
4851,_PBS_Donor3_H8_CD4T,CD4T,CD4T,68,CD4T,parsebioscience,Donor 6,H8,PBS,True,Donor 6- age: 68,PBS_Donor 6_H8,cytokine,3227,0,0,0,0,0,0,0,1510,0,1597,0,120,Donor3,Old,7.385240549786076,-60.614759450213924
4856,_PBS_Donor3_H9_CD4T,CD4T,CD4T,68,CD4T,parsebioscience,Donor 6,H9,PBS,True,Donor 6- age: 68,PBS_Donor 6_H9,cytokine,3326,0,0,0,0,0,0,0,1711,0,1477,0,138,Donor3,Old,9.949284424964596,-58.050715575035404
4861,_PBS_Donor4_H10_CD4T,CD4T,CD4T,59,CD4T,parsebioscience,Donor 7,H10,PBS,True,Donor 7- age: 59,PBS_Donor 7_H10,cytokine,758,0,0,0,0,0,0,0,351,0,377,0,30,Donor4,Old,-12.766077953254857,-71.76607795325486
4866,_PBS_Donor4_H11_CD4T,CD4T,CD4T,59,CD4T,parsebioscience,Donor 7,H11,PBS,True,Donor 7- age: 59,PBS_Donor 7_H11,cytokine,1286,0,0,0,0,0,0,0,650,0,579,0,57,Donor4,Old,-9.294482047300683,-68.29448204730068
4871,_PBS_Donor4_H12_CD4T,CD4T,CD4T,59,CD4T,parsebioscience,Donor 7,H12,PBS,True,Donor 7- age: 59,PBS_Donor 7_H12,cytokine,697,0,0,0,0,0,0,0,342,0,324,0,31,Donor4,Old,-10.705777172160218,-69.70577717216023
4876,_PBS_Donor4_H7_CD4T,CD4T,CD4T,59,CD4T,parsebioscience,Donor 7,H7,PBS,True,Donor 7- age: 59,PBS_Donor 7_H7,cytokine,907,0,0,0,0,0,0,0,515,0,358,0,34,Donor4,Old,-8.247766727090884,-67.24776672709089
4881,_PBS_Donor4_H8_CD4T,CD4T,CD4T,59,CD4T,parsebioscience,Donor 7,H8,PBS,True,Donor 7- age: 59,PBS_Donor 7_H8,cytokine,833,0,0,0,0,0,0,0,461,0,337,0,35,Donor4,Old,-13.64975254943382,-72.64975254943383
4886,_PBS_Donor4_H9_CD4T,CD4T,CD4T,59,CD4T,parsebioscience,Donor 7,H9,PBS,True,Donor 7- age: 59,PBS_Donor 7_H9,cytokine,799,0,0,0,0,0,0,0,447,0,313,0,39,Donor4,Old,-0.14375967010316515,-59.143759670103165
4891,_PBS_Donor5_H10_CD4T,CD4T,CD4T,41,CD4T,parsebioscience,Donor 8,H10,PBS,True,Donor 8- age: 41,PBS_Donor 8_H10,cytokine,4737,0,0,0,0,0,0,0,1794,0,2872,0,71,Donor5,Young,-33.077940690779165,-74.07794069077917
4896,_PBS_Donor5_H11_CD4T,CD4T,CD4T,41,CD4T,parsebioscience,Donor 8,H11,PBS,True,Donor 8- age: 41,PBS_Donor 8_H11,cytokine,4528,0,0,0,0,0,0,0,2045,0,2394,0,89,Donor5,Young,-32.60445559513847,-73.60445559513846
4901,_PBS_Donor5_H12_CD4T,CD4T,CD4T,41,CD4T,parsebioscience,Donor 8,H12,PBS,True,Donor 8- age: 41,PBS_Donor 8_H12,cytokine,3029,0,0,0,0,0,0,0,1436,0,1536,0,57,Donor5,Young,-33.25617534724817,-74.25617534724816
4906,_PBS_Donor5_H7_CD4T,CD4T,CD4T,41,CD4T,parsebioscience,Donor 8,H7,PBS,True,Donor 8- age: 41,PBS_Donor 8_H7,cytokine,7983,0,0,0,0,0,0,0,4296,0,3496,0,191,Donor5,Young,-30.600310955381282,-71.60031095538127
4911,_PBS_Donor5_H8_CD4T,CD4T,CD4T,41,CD4T,parsebioscience,Donor 8,H8,PBS,True,Donor 8- age: 41,PBS_Donor 8_H8,cytokine,6739,0,0,0,0,0,0,0,3332,0,3265,0,142,Donor5,Young,-33.61572153429564,-74.61572153429563
4916,_PBS_Donor5_H9_CD4T,CD4T,CD4T,41,CD4T,parsebioscience,Donor 8,H9,PBS,True,Donor 8- age: 41,PBS_Donor 8_H9,cytokine,5548,0,0,0,0,0,0,0,2829,0,2602,0,117,Donor5,Young,-31.142389222566727,-72.14238922256672
4921,_PBS_Donor6_H10_CD4T,CD4T,CD4T,38,CD4T,parsebioscience,Donor 9,H10,PBS,True,Donor 9- age: 38,PBS_Donor 9_H10,cytokine,7183,0,0,0,0,0,0,0,2390,0,4506,0,287,Donor6,Young,-12.036960130568026,-50.036960130568026
4926,_PBS_Donor6_H11_CD4T,CD4T,CD4T,38,CD4T,parsebioscience,Donor 9,H11,PBS,True,Donor 9- age: 38,PBS_Donor 9_H11,cytokine,3326,0,0,0,0,0,0,0,1377,0,1810,0,139,Donor6,Young,-4.872601554311252,-42.87260155431125
4931,_PBS_Donor6_H12_CD4T,CD4T,CD4T,38,CD4T,parsebioscience,Donor 9,H12,PBS,True,Donor 9- age: 38,PBS_Donor 9_H12,cytokine,4878,0,0,0,0,0,0,0,1702,0,2980,0,196,Donor6,Young,-9.274405427268896,-47.274405427268896
4936,_PBS_Donor6_H7_CD4T,CD4T,CD4T,38,CD4T,parsebioscience,Donor 9,H7,PBS,True,Donor 9- age: 38,PBS_Donor 9_H7,cytokine,5897,0,0,0,0,0,0,0,2406,0,3225,0,266,Donor6,Young,-3.6463273386888417,-41.64632733868884
4941,_PBS_Donor6_H8_CD4T,CD4T,CD4T,38,CD4T,parsebioscience,Donor 9,H8,PBS,True,Donor 9- age: 38,PBS_Donor 9_H8,cytokine,4157,0,0,0,0,0,0,0,1763,0,2201,0,193,Donor6,Young,-11.493393839294193,-49.49339383929419
4946,_PBS_Donor6_H9_CD4T,CD4T,CD4T,38,CD4T,parsebioscience,Donor 9,H9,PBS,True,Donor 9- age: 38,PBS_Donor 9_H9,cytokine,5097,0,0,0,0,0,0,0,1924,0,2955,0,218,Donor6,Young,-10.326689277682199,-48.3266892776822
4951,_PBS_Donor7_H10_CD4T,CD4T,CD4T,45,CD4T,parsebioscience,Donor 10,H10,PBS,True,Donor 10- age: 45,PBS_Donor 10_H10,cytokine,3436,0,0,0,0,0,0,0,1125,0,2119,0,192,Donor7,Young,-20.054082805627736,-65.05408280562773
4956,_PBS_Donor7_H11_CD4T,CD4T,CD4T,45,CD4T,parsebioscience,Donor 10,H11,PBS,True,Donor 10- age: 45,PBS_Donor 10_H11,cytokine,2723,0,0,0,0,0,0,0,1104,0,1478,0,141,Donor7,Young,-19.325795251546843,-64.32579525154685
4961,_PBS_Donor7_H12_CD4T,CD4T,CD4T,45,CD4T,parsebioscience,Donor 10,H12,PBS,True,Donor 10- age: 45,PBS_Donor 10_H12,cytokine,3420,0,0,0,0,0,0,0,1140,0,2103,0,177,Donor7,Young,-19.72058034422539,-64.7205803442254
4966,_PBS_Donor7_H7_CD4T,CD4T,CD4T,45,CD4T,parsebioscience,Donor 10,H7,PBS,True,Donor 10- age: 45,PBS_Donor 10_H7,cytokine,3303,0,0,0,0,0,0,0,1546,0,1589,0,168,Donor7,Young,-19.305247030872373,-64.30524703087238
4971,_PBS_Donor7_H8_CD4T,CD4T,CD4T,45,CD4T,parsebioscience,Donor 10,H8,PBS,True,Donor 10- age: 45,PBS_Donor 10_H8,cytokine,3786,0,0,0,0,0,0,0,1712,0,1847,0,227,Donor7,Young,-16.704896325818332,-61.70489632581833
4976,_PBS_Donor7_H9_CD4T,CD4T,CD4T,45,CD4T,parsebioscience,Donor 10,H9,PBS,True,Donor 10- age: 45,PBS_Donor 10_H9,cytokine,3682,0,0,0,0,0,0,0,1492,0,1982,0,208,Donor7,Young,-17.73928153688562,-62.73928153688562
4981,_PBS_Donor8_H10_CD4T,CD4T,CD4T,52,CD4T,parsebioscience,Donor 11,H10,PBS,True,Donor 11- age: 52,PBS_Donor 11_H10,cytokine,2315,0,0,0,0,0,0,0,574,0,1669,0,72,Donor8,Old,-0.9468210035868978,-52.9468210035869
4986,_PBS_Donor8_H11_CD4T,CD4T,CD4T,52,CD4T,parsebioscience,Donor 11,H11,PBS,True,Donor 11- age: 52,PBS_Donor 11_H11,cytokine,2841,0,0,0,0,0,0,0,782,0,1950,0,109,Donor8,Old,-1.0638509456187606,-53.06385094561876
4991,_PBS_Donor8_H12_CD4T,CD4T,CD4T,52,CD4T,parsebioscience,Donor 11,H12,PBS,True,Donor 11- age: 52,PBS_Donor 11_H12,cytokine,2164,0,0,0,0,0,0,0,582,0,1503,0,79,Donor8,Old,-5.177587720358822,-57.17758772035882
4996,_PBS_Donor8_H7_CD4T,CD4T,CD4T,52,CD4T,parsebioscience,Donor 11,H7,PBS,True,Donor 11- age: 52,PBS_Donor 11_H7,cytokine,3539,0,0,0,0,0,0,0,1043,0,2333,0,163,Donor8,Old,-2.9553595110955158,-54.955359511095516
5001,_PBS_Donor8_H8_CD4T,CD4T,CD4T,52,CD4T,parsebioscience,Donor 11,H8,PBS,True,Donor 11- age: 52,PBS_Donor 11_H8,cytokine,3990,0,0,0,0,0,0,0,1357,0,2505,0,128,Donor8,Old,-0.7920690280093723,-52.79206902800937
5006,_PBS_Donor8_H9_CD4T,CD4T,CD4T,52,CD4T,parsebioscience,Donor 11,H9,PBS,True,Donor 11- age: 52,PBS_Donor 11_H9,cytokine,3439,0,0,0,0,0,0,0,953,0,2345,0,141,Donor8,Old,0.32703604567294065,-51.67296395432706
5011,_PBS_Donor9_H10_CD4T,CD4T,CD4T,38,CD4T,parsebioscience,Donor 12,H10,PBS,True,Donor 12- age: 38,PBS_Donor 12_H10,cytokine,1887,0,0,0,0,0,0,0,554,0,1286,0,47,Donor9,Young,-19.073956163782988,-57.07395616378299
5016,_PBS_Donor9_H11_CD4T,CD4T,CD4T,38,CD4T,parsebioscience,Donor 12,H11,PBS,True,Donor 12- age: 38,PBS_Donor 12_H11,cytokine,1738,0,0,0,0,0,0,0,594,0,1100,0,44,Donor9,Young,-13.893585468370723,-51.89358546837072
5021,_PBS_Donor9_H12_CD4T,CD4T,CD4T,38,CD4T,parsebioscience,Donor 12,H12,PBS,True,Donor 12- age: 38,PBS_Donor 12_H12,cytokine,1302,0,0,0,0,0,0,0,404,0,868,0,30,Donor9,Young,-17.328115282709923,-55.32811528270992
5026,_PBS_Donor9_H7_CD4T,CD4T,CD4T,38,CD4T,parsebioscience,Donor 12,H7,PBS,True,Donor 12- age: 38,PBS_Donor 12_H7,cytokine,1736,0,0,0,0,0,0,0,718,0,954,0,64,Donor9,Young,-15.701210294636304,-53.701210294636304
5031,_PBS_Donor9_H8_CD4T,CD4T,CD4T,38,CD4T,parsebioscience,Donor 12,H8,PBS,True,Donor 12- age: 38,PBS_Donor 12_H8,cytokine,2179,0,0,0,0,0,0,0,998,0,1108,0,73,Donor9,Young,-13.644320114625579,-51.64432011462558
5036,_PBS_Donor9_H9_CD4T,CD4T,CD4T,38,CD4T,parsebioscience,Donor 12,H9,PBS,True,Donor 12- age: 38,PBS_Donor 12_H9,cytokine,1762,0,0,0,0,0,0,0,783,0,913,0,66,Donor9,Young,-15.23198793057238,-53.23198793057238
5041,_PRL_Donor10_F4_CD4T,CD4T,CD4T,42,CD4T,parsebioscience,Donor 2,F4,PRL,False,Donor 2- age: 42,PRL_Donor 2_F4,cytokine,1257,0,0,0,0,0,0,0,504,0,708,0,45,Donor10,Young,3.43076890867691,-38.56923109132309
5046,_PRL_Donor11_F4_CD4T,CD4T,CD4T,46,CD4T,parsebioscience,Donor 3,F4,PRL,False,Donor 3- age: 46,PRL_Donor 3_F4,cytokine,1542,0,0,0,0,0,0,0,542,0,949,0,51,Donor11,Young,-22.954910321286413,-68.9549103212864
5051,_PRL_Donor12_F4_CD4T,CD4T,CD4T,36,CD4T,parsebioscience,Donor 4,F4,PRL,False,Donor 4- age: 36,PRL_Donor 4_F4,cytokine,4501,0,0,0,0,0,0,0,1521,0,2865,0,115,Donor12,Young,-21.13622234236494,-57.13622234236494
5056,_PRL_Donor1_F4_CD4T,CD4T,CD4T,75,CD4T,parsebioscience,Donor 1,F4,PRL,False,Donor 1- age: 75,PRL_Donor 1_F4,cytokine,4279,0,0,0,0,0,0,0,1600,0,2523,0,156,Donor1,Old,15.719784713334889,-59.28021528666511
5061,_PRL_Donor2_F4_CD4T,CD4T,CD4T,34,CD4T,parsebioscience,Donor 5,F4,PRL,False,Donor 5- age: 34,PRL_Donor 5_F4,cytokine,3450,0,0,0,0,0,0,0,1117,0,2218,0,115,Donor2,Young,-20.260476523999706,-54.260476523999706
5066,_PRL_Donor3_F4_CD4T,CD4T,CD4T,68,CD4T,parsebioscience,Donor 6,F4,PRL,False,Donor 6- age: 68,PRL_Donor 6_F4,cytokine,2250,0,0,0,0,0,0,0,1064,0,1112,0,74,Donor3,Old,0.9781220205273584,-67.02187797947263
5071,_PRL_Donor4_F4_CD4T,CD4T,CD4T,59,CD4T,parsebioscience,Donor 7,F4,PRL,False,Donor 7- age: 59,PRL_Donor 7_F4,cytokine,814,0,0,0,0,0,0,0,383,0,392,0,39,Donor4,Old,-16.719069959006966,-75.71906995900696
5076,_PRL_Donor5_F4_CD4T,CD4T,CD4T,41,CD4T,parsebioscience,Donor 8,F4,PRL,False,Donor 8- age: 41,PRL_Donor 8_F4,cytokine,6287,0,0,0,0,0,0,0,2525,0,3611,0,151,Donor5,Young,-33.0976771622226,-74.0976771622226
5081,_PRL_Donor6_F4_CD4T,CD4T,CD4T,38,CD4T,parsebioscience,Donor 9,F4,PRL,False,Donor 9- age: 38,PRL_Donor 9_F4,cytokine,5001,0,0,0,0,0,0,0,1819,0,2985,0,197,Donor6,Young,-7.8239480671745625,-45.82394806717456
5086,_PRL_Donor7_F4_CD4T,CD4T,CD4T,45,CD4T,parsebioscience,Donor 10,F4,PRL,False,Donor 10- age: 45,PRL_Donor 10_F4,cytokine,3401,0,0,0,0,0,0,0,1270,0,1958,0,173,Donor7,Young,-20.819542328020724,-65.81954232802073
5091,_PRL_Donor8_F4_CD4T,CD4T,CD4T,52,CD4T,parsebioscience,Donor 11,F4,PRL,False,Donor 11- age: 52,PRL_Donor 11_F4,cytokine,3533,0,0,0,0,0,0,0,1122,0,2283,0,128,Donor8,Old,-8.83597458734139,-60.83597458734139
5096,_PRL_Donor9_F4_CD4T,CD4T,CD4T,38,CD4T,parsebioscience,Donor 12,F4,PRL,False,Donor 12- age: 38,PRL_Donor 12_F4,cytokine,2752,0,0,0,0,0,0,0,932,0,1746,0,74,Donor9,Young,-16.622124310358664,-54.622124310358664
5101,_PSPN_Donor10_F3_CD4T,CD4T,CD4T,42,CD4T,parsebioscience,Donor 2,F3,PSPN,False,Donor 2- age: 42,PSPN_Donor 2_F3,cytokine,1366,0,0,0,0,0,0,0,558,0,749,0,59,Donor10,Young,-3.4565428167899555,-45.456542816789955
5106,_PSPN_Donor11_F3_CD4T,CD4T,CD4T,46,CD4T,parsebioscience,Donor 3,F3,PSPN,False,Donor 3- age: 46,PSPN_Donor 3_F3,cytokine,1693,0,0,0,0,0,0,0,676,0,952,0,65,Donor11,Young,-31.033743674940844,-77.03374367494084
5111,_PSPN_Donor12_F3_CD4T,CD4T,CD4T,36,CD4T,parsebioscience,Donor 4,F3,PSPN,False,Donor 4- age: 36,PSPN_Donor 4_F3,cytokine,3564,0,0,0,0,0,0,0,1343,0,2103,0,118,Donor12,Young,-21.809811749331395,-57.809811749331395
5116,_PSPN_Donor1_F3_CD4T,CD4T,CD4T,75,CD4T,parsebioscience,Donor 1,F3,PSPN,False,Donor 1- age: 75,PSPN_Donor 1_F3,cytokine,3709,0,0,0,0,0,0,0,1489,0,2115,0,105,Donor1,Old,13.600864183326664,-61.399135816673336
5121,_PSPN_Donor2_F3_CD4T,CD4T,CD4T,34,CD4T,parsebioscience,Donor 5,F3,PSPN,False,Donor 5- age: 34,PSPN_Donor 5_F3,cytokine,4878,0,0,0,0,0,0,0,1642,0,3040,0,196,Donor2,Young,-19.4081074851698,-53.4081074851698
5126,_PSPN_Donor3_F3_CD4T,CD4T,CD4T,68,CD4T,parsebioscience,Donor 6,F3,PSPN,False,Donor 6- age: 68,PSPN_Donor 6_F3,cytokine,2755,0,0,0,0,0,0,0,1336,0,1286,0,133,Donor3,Old,6.587035514740762,-61.41296448525924
5131,_PSPN_Donor4_F3_CD4T,CD4T,CD4T,59,CD4T,parsebioscience,Donor 7,F3,PSPN,False,Donor 7- age: 59,PSPN_Donor 7_F3,cytokine,626,0,0,0,0,0,0,0,317,0,280,0,29,Donor4,Old,-7.662237963135745,-66.66223796313574
5136,_PSPN_Donor5_F3_CD4T,CD4T,CD4T,41,CD4T,parsebioscience,Donor 8,F3,PSPN,False,Donor 8- age: 41,PSPN_Donor 8_F3,cytokine,5537,0,0,0,0,0,0,0,2697,0,2727,0,113,Donor5,Young,-37.774948937710256,-78.77494893771026
5141,_PSPN_Donor6_F3_CD4T,CD4T,CD4T,38,CD4T,parsebioscience,Donor 9,F3,PSPN,False,Donor 9- age: 38,PSPN_Donor 9_F3,cytokine,6311,0,0,0,0,0,0,0,2418,0,3641,0,252,Donor6,Young,-10.17796427427681,-48.17796427427681
5146,_PSPN_Donor7_F3_CD4T,CD4T,CD4T,45,CD4T,parsebioscience,Donor 10,F3,PSPN,False,Donor 10- age: 45,PSPN_Donor 10_F3,cytokine,3526,0,0,0,0,0,0,0,1375,0,1925,0,226,Donor7,Young,-20.599238453378256,-65.59923845337826
5151,_PSPN_Donor8_F3_CD4T,CD4T,CD4T,52,CD4T,parsebioscience,Donor 11,F3,PSPN,False,Donor 11- age: 52,PSPN_Donor 11_F3,cytokine,3910,0,0,0,0,0,0,0,1136,0,2634,0,140,Donor8,Old,-5.1985836405178745,-57.198583640517874
5156,_PSPN_Donor9_F3_CD4T,CD4T,CD4T,38,CD4T,parsebioscience,Donor 12,F3,PSPN,False,Donor 12- age: 38,PSPN_Donor 12_F3,cytokine,2143,0,0,0,0,0,0,0,882,0,1208,0,53,Donor9,Young,-15.294536818813079,-53.29453681881308
5161,_RANKL_Donor10_D9_CD4T,CD4T,CD4T,42,CD4T,parsebioscience,Donor 2,D9,RANKL,False,Donor 2- age: 42,RANKL_Donor 2_D9,cytokine,1565,0,0,0,0,0,0,0,606,0,906,0,53,Donor10,Young,-1.7040118275609828,-43.70401182756098
5166,_RANKL_Donor11_D9_CD4T,CD4T,CD4T,46,CD4T,parsebioscience,Donor 3,D9,RANKL,False,Donor 3- age: 46,RANKL_Donor 3_D9,cytokine,1479,0,0,0,0,0,0,0,700,0,737,0,42,Donor11,Young,-14.396920031916899,-60.3969200319169
5171,_RANKL_Donor12_D9_CD4T,CD4T,CD4T,36,CD4T,parsebioscience,Donor 4,D9,RANKL,False,Donor 4- age: 36,RANKL_Donor 4_D9,cytokine,5446,0,0,0,0,0,0,0,2119,0,2984,0,343,Donor12,Young,-17.59801489850431,-53.59801489850431
5176,_RANKL_Donor1_D9_CD4T,CD4T,CD4T,75,CD4T,parsebioscience,Donor 1,D9,RANKL,False,Donor 1- age: 75,RANKL_Donor 1_D9,cytokine,7840,0,0,0,0,0,0,0,3532,0,4049,0,259,Donor1,Old,15.82061584630722,-59.17938415369278
5181,_RANKL_Donor2_D9_CD4T,CD4T,CD4T,34,CD4T,parsebioscience,Donor 5,D9,RANKL,False,Donor 5- age: 34,RANKL_Donor 5_D9,cytokine,3859,0,0,0,0,0,0,0,1244,0,2493,0,122,Donor2,Young,-19.418561961505013,-53.41856196150501
5186,_RANKL_Donor3_D9_CD4T,CD4T,CD4T,68,CD4T,parsebioscience,Donor 6,D9,RANKL,False,Donor 6- age: 68,RANKL_Donor 6_D9,cytokine,3101,0,0,0,0,0,0,0,1386,0,1578,0,137,Donor3,Old,12.505268248176847,-55.49473175182315
5191,_RANKL_Donor4_D9_CD4T,CD4T,CD4T,59,CD4T,parsebioscience,Donor 7,D9,RANKL,False,Donor 7- age: 59,RANKL_Donor 7_D9,cytokine,857,0,0,0,0,0,0,0,433,0,397,0,27,Donor4,Old,-10.526587171118017,-69.52658717111802
5196,_RANKL_Donor5_D9_CD4T,CD4T,CD4T,41,CD4T,parsebioscience,Donor 8,D9,RANKL,False,Donor 8- age: 41,RANKL_Donor 8_D9,cytokine,6587,0,0,0,0,0,0,0,3146,0,3219,0,222,Donor5,Young,-32.55917121009848,-73.55917121009847
5201,_RANKL_Donor6_D9_CD4T,CD4T,CD4T,38,CD4T,parsebioscience,Donor 9,D9,RANKL,False,Donor 9- age: 38,RANKL_Donor 9_D9,cytokine,5566,0,0,0,0,0,0,0,2210,0,3117,0,239,Donor6,Young,-9.878264925166356,-47.878264925166356
5206,_RANKL_Donor7_D9_CD4T,CD4T,CD4T,45,CD4T,parsebioscience,Donor 10,D9,RANKL,False,Donor 10- age: 45,RANKL_Donor 10_D9,cytokine,3586,0,0,0,0,0,0,0,1272,0,2125,0,189,Donor7,Young,-17.539147101544266,-62.539147101544266
5211,_RANKL_Donor8_D9_CD4T,CD4T,CD4T,52,CD4T,parsebioscience,Donor 11,D9,RANKL,False,Donor 11- age: 52,RANKL_Donor 11_D9,cytokine,2954,0,0,0,0,0,0,0,833,0,2009,0,112,Donor8,Old,-7.750783710239411,-59.75078371023941
5216,_RANKL_Donor9_D9_CD4T,CD4T,CD4T,38,CD4T,parsebioscience,Donor 12,D9,RANKL,False,Donor 12- age: 38,RANKL_Donor 12_D9,cytokine,2527,0,0,0,0,0,0,0,933,0,1496,0,98,Donor9,Young,-16.454547759056233,-54.45454775905623
5221,_SCF_Donor10_H6_CD4T,CD4T,CD4T,42,CD4T,parsebioscience,Donor 2,H6,SCF,False,Donor 2- age: 42,SCF_Donor 2_H6,cytokine,2227,0,0,0,0,0,0,0,1002,0,1123,0,102,Donor10,Young,0.3970931477080768,-41.60290685229192
5226,_SCF_Donor11_H6_CD4T,CD4T,CD4T,46,CD4T,parsebioscience,Donor 3,H6,SCF,False,Donor 3- age: 46,SCF_Donor 3_H6,cytokine,1660,0,0,0,0,0,0,0,726,0,859,0,75,Donor11,Young,-24.357023342880645,-70.35702334288064
5231,_SCF_Donor12_H6_CD4T,CD4T,CD4T,36,CD4T,parsebioscience,Donor 4,H6,SCF,False,Donor 4- age: 36,SCF_Donor 4_H6,cytokine,6214,0,0,0,0,0,0,0,2392,0,3656,0,166,Donor12,Young,-20.355632632773045,-56.355632632773045
5236,_SCF_Donor1_H6_CD4T,CD4T,CD4T,75,CD4T,parsebioscience,Donor 1,H6,SCF,False,Donor 1- age: 75,SCF_Donor 1_H6,cytokine,8635,0,0,0,0,0,0,0,3842,0,4472,0,321,Donor1,Old,14.048078099103805,-60.951921900896195
5241,_SCF_Donor2_H6_CD4T,CD4T,CD4T,34,CD4T,parsebioscience,Donor 5,H6,SCF,False,Donor 5- age: 34,SCF_Donor 5_H6,cytokine,5556,0,0,0,0,0,0,0,2014,0,3353,0,189,Donor2,Young,-20.67917512703854,-54.67917512703854
5246,_SCF_Donor3_H6_CD4T,CD4T,CD4T,68,CD4T,parsebioscience,Donor 6,H6,SCF,False,Donor 6- age: 68,SCF_Donor 6_H6,cytokine,3753,0,0,0,0,0,0,0,1904,0,1701,0,148,Donor3,Old,4.818920941739577,-63.18107905826042
5251,_SCF_Donor4_H6_CD4T,CD4T,CD4T,59,CD4T,parsebioscience,Donor 7,H6,SCF,False,Donor 7- age: 59,SCF_Donor 7_H6,cytokine,860,0,0,0,0,0,0,0,176,0,671,0,13,Donor4,Old,-9.046986985626411,-68.0469869856264
5256,_SCF_Donor5_H6_CD4T,CD4T,CD4T,41,CD4T,parsebioscience,Donor 8,H6,SCF,False,Donor 8- age: 41,SCF_Donor 8_H6,cytokine,7685,0,0,0,0,0,0,0,4041,0,3451,0,193,Donor5,Young,-36.231343093443776,-77.23134309344377
5261,_SCF_Donor6_H6_CD4T,CD4T,CD4T,38,CD4T,parsebioscience,Donor 9,H6,SCF,False,Donor 9- age: 38,SCF_Donor 9_H6,cytokine,5329,0,0,0,0,0,0,0,2351,0,2725,0,253,Donor6,Young,-11.365386657561196,-49.365386657561196
5266,_SCF_Donor7_H6_CD4T,CD4T,CD4T,45,CD4T,parsebioscience,Donor 10,H6,SCF,False,Donor 10- age: 45,SCF_Donor 10_H6,cytokine,3767,0,0,0,0,0,0,0,1577,0,2009,0,181,Donor7,Young,-20.3532290354077,-65.35322903540771
5271,_SCF_Donor8_H6_CD4T,CD4T,CD4T,52,CD4T,parsebioscience,Donor 11,H6,SCF,False,Donor 11- age: 52,SCF_Donor 11_H6,cytokine,3991,0,0,0,0,0,0,0,1162,0,2675,0,154,Donor8,Old,-9.227421427599602,-61.2274214275996
5276,_SCF_Donor9_H6_CD4T,CD4T,CD4T,38,CD4T,parsebioscience,Donor 12,H6,SCF,False,Donor 12- age: 38,SCF_Donor 12_H6,cytokine,1579,0,0,0,0,0,0,0,655,0,890,0,34,Donor9,Young,-19.202105889257773,-57.20210588925777
5281,_TGF-beta1_Donor10_H2_CD4T,CD4T,CD4T,42,CD4T,parsebioscience,Donor 2,H2,TGF-beta1,False,Donor 2- age: 42,TGF-beta1_Donor 2_H2,cytokine,1482,0,0,0,0,0,0,0,647,0,778,0,57,Donor10,Young,-4.591242288901746,-46.591242288901746
5286,_TGF-beta1_Donor11_H2_CD4T,CD4T,CD4T,46,CD4T,parsebioscience,Donor 3,H2,TGF-beta1,False,Donor 3- age: 46,TGF-beta1_Donor 3_H2,cytokine,1181,0,0,0,0,0,0,0,479,0,652,0,50,Donor11,Young,-30.229770154918874,-76.22977015491887
5291,_TGF-beta1_Donor12_H2_CD4T,CD4T,CD4T,36,CD4T,parsebioscience,Donor 4,H2,TGF-beta1,False,Donor 4- age: 36,TGF-beta1_Donor 4_H2,cytokine,3599,0,0,0,0,0,0,0,1362,0,2134,0,103,Donor12,Young,-19.92667989008691,-55.92667989008691
5296,_TGF-beta1_Donor1_H2_CD4T,CD4T,CD4T,75,CD4T,parsebioscience,Donor 1,H2,TGF-beta1,False,Donor 1- age: 75,TGF-beta1_Donor 1_H2,cytokine,6400,0,0,0,0,0,0,0,2845,0,3342,0,213,Donor1,Old,18.70409585422823,-56.29590414577177
5301,_TGF-beta1_Donor2_H2_CD4T,CD4T,CD4T,34,CD4T,parsebioscience,Donor 5,H2,TGF-beta1,False,Donor 5- age: 34,TGF-beta1_Donor 5_H2,cytokine,2812,0,0,0,0,0,0,0,978,0,1736,0,98,Donor2,Young,-17.28186814481868,-51.28186814481868
5306,_TGF-beta1_Donor3_H2_CD4T,CD4T,CD4T,68,CD4T,parsebioscience,Donor 6,H2,TGF-beta1,False,Donor 6- age: 68,TGF-beta1_Donor 6_H2,cytokine,2527,0,0,0,0,0,0,0,1256,0,1162,0,109,Donor3,Old,6.293126525472395,-61.706873474527605
5311,_TGF-beta1_Donor4_H2_CD4T,CD4T,CD4T,59,CD4T,parsebioscience,Donor 7,H2,TGF-beta1,False,Donor 7- age: 59,TGF-beta1_Donor 7_H2,cytokine,638,0,0,0,0,0,0,0,336,0,272,0,30,Donor4,Old,-9.377706548320468,-68.37770654832048
5316,_TGF-beta1_Donor5_H2_CD4T,CD4T,CD4T,41,CD4T,parsebioscience,Donor 8,H2,TGF-beta1,False,Donor 8- age: 41,TGF-beta1_Donor 8_H2,cytokine,6989,0,0,0,0,0,0,0,3939,0,2868,0,182,Donor5,Young,-35.77540000581212,-76.77540000581212
5321,_TGF-beta1_Donor6_H2_CD4T,CD4T,CD4T,38,CD4T,parsebioscience,Donor 9,H2,TGF-beta1,False,Donor 9- age: 38,TGF-beta1_Donor 9_H2,cytokine,5768,0,0,0,0,0,0,0,2256,0,3243,0,269,Donor6,Young,-10.081338180216513,-48.08133818021651
5326,_TGF-beta1_Donor7_H2_CD4T,CD4T,CD4T,45,CD4T,parsebioscience,Donor 10,H2,TGF-beta1,False,Donor 10- age: 45,TGF-beta1_Donor 10_H2,cytokine,2946,0,0,0,0,0,0,0,1071,0,1742,0,133,Donor7,Young,-19.621459641588295,-64.6214596415883
5331,_TGF-beta1_Donor8_H2_CD4T,CD4T,CD4T,52,CD4T,parsebioscience,Donor 11,H2,TGF-beta1,False,Donor 11- age: 52,TGF-beta1_Donor 11_H2,cytokine,2908,0,0,0,0,0,0,0,835,0,1946,0,127,Donor8,Old,-10.117168852632112,-62.11716885263211
5336,_TGF-beta1_Donor9_H2_CD4T,CD4T,CD4T,38,CD4T,parsebioscience,Donor 12,H2,TGF-beta1,False,Donor 12- age: 38,TGF-beta1_Donor 12_H2,cytokine,2663,0,0,0,0,0,0,0,1012,0,1575,0,76,Donor9,Young,-18.076776646413684,-56.076776646413684
5341,_TL1A_Donor10_E2_CD4T,CD4T,CD4T,42,CD4T,parsebioscience,Donor 2,E2,TL1A,False,Donor 2- age: 42,TL1A_Donor 2_E2,cytokine,1877,0,0,0,0,0,0,0,792,0,1009,0,76,Donor10,Young,7.921886110891101,-34.0781138891089
5346,_TL1A_Donor11_E2_CD4T,CD4T,CD4T,46,CD4T,parsebioscience,Donor 3,E2,TL1A,False,Donor 3- age: 46,TL1A_Donor 3_E2,cytokine,1376,0,0,0,0,0,0,0,495,0,825,0,56,Donor11,Young,-19.734702555343766,-65.73470255534377
5351,_TL1A_Donor12_E2_CD4T,CD4T,CD4T,36,CD4T,parsebioscience,Donor 4,E2,TL1A,False,Donor 4- age: 36,TL1A_Donor 4_E2,cytokine,3732,0,0,0,0,0,0,0,1420,0,2208,0,104,Donor12,Young,-13.31364489852323,-49.31364489852323
5356,_TL1A_Donor1_E2_CD4T,CD4T,CD4T,75,CD4T,parsebioscience,Donor 1,E2,TL1A,False,Donor 1- age: 75,TL1A_Donor 1_E2,cytokine,4600,0,0,0,0,0,0,0,2060,0,2372,0,168,Donor1,Old,29.990256397167972,-45.00974360283203
5361,_TL1A_Donor2_E2_CD4T,CD4T,CD4T,34,CD4T,parsebioscience,Donor 5,E2,TL1A,False,Donor 5- age: 34,TL1A_Donor 5_E2,cytokine,4514,0,0,0,0,0,0,0,1622,0,2721,0,171,Donor2,Young,-12.927702838979847,-46.92770283897985
5366,_TL1A_Donor3_E2_CD4T,CD4T,CD4T,68,CD4T,parsebioscience,Donor 6,E2,TL1A,False,Donor 6- age: 68,TL1A_Donor 6_E2,cytokine,2745,0,0,0,0,0,0,0,1378,0,1231,0,136,Donor3,Old,14.536274191964353,-53.46372580803565
5371,_TL1A_Donor4_E2_CD4T,CD4T,CD4T,59,CD4T,parsebioscience,Donor 7,E2,TL1A,False,Donor 7- age: 59,TL1A_Donor 7_E2,cytokine,688,0,0,0,0,0,0,0,396,0,261,0,31,Donor4,Old,-2.6709989872068363,-61.670998987206836
5376,_TL1A_Donor5_E2_CD4T,CD4T,CD4T,41,CD4T,parsebioscience,Donor 8,E2,TL1A,False,Donor 8- age: 41,TL1A_Donor 8_E2,cytokine,3935,0,0,0,0,0,0,0,1869,0,1935,0,131,Donor5,Young,-31.94060322905849,-72.9406032290585
5381,_TL1A_Donor6_E2_CD4T,CD4T,CD4T,38,CD4T,parsebioscience,Donor 9,E2,TL1A,False,Donor 9- age: 38,TL1A_Donor 9_E2,cytokine,3971,0,0,0,0,0,0,0,1537,0,2250,0,184,Donor6,Young,-1.2200052080609822,-39.22000520806098
5386,_TL1A_Donor7_E2_CD4T,CD4T,CD4T,45,CD4T,parsebioscience,Donor 10,E2,TL1A,False,Donor 10- age: 45,TL1A_Donor 10_E2,cytokine,3604,0,0,0,0,0,0,0,1678,0,1688,0,238,Donor7,Young,-5.762566350307175,-50.762566350307175
5391,_TL1A_Donor8_E2_CD4T,CD4T,CD4T,52,CD4T,parsebioscience,Donor 11,E2,TL1A,False,Donor 11- age: 52,TL1A_Donor 11_E2,cytokine,2512,0,0,0,0,0,0,0,648,0,1744,0,120,Donor8,Old,0.8295202606769791,-51.17047973932302
5396,_TL1A_Donor9_E2_CD4T,CD4T,CD4T,38,CD4T,parsebioscience,Donor 12,E2,TL1A,False,Donor 12- age: 38,TL1A_Donor 12_E2,cytokine,1683,0,0,0,0,0,0,0,734,0,889,0,60,Donor9,Young,-11.011816990115769,-49.01181699011577
5401,_TNF-alpha_Donor10_G4_CD4T,CD4T,CD4T,42,CD4T,parsebioscience,Donor 2,G4,TNF-alpha,False,Donor 2- age: 42,TNF-alpha_Donor 2_G4,cytokine,1610,0,0,0,0,0,0,0,671,0,880,0,59,Donor10,Young,-5.369815066715397,-47.3698150667154
5406,_TNF-alpha_Donor11_G4_CD4T,CD4T,CD4T,46,CD4T,parsebioscience,Donor 3,G4,TNF-alpha,False,Donor 3- age: 46,TNF-alpha_Donor 3_G4,cytokine,1605,0,0,0,0,0,0,0,648,0,914,0,43,Donor11,Young,-26.744083893540555,-72.74408389354056
5411,_TNF-alpha_Donor12_G4_CD4T,CD4T,CD4T,36,CD4T,parsebioscience,Donor 4,G4,TNF-alpha,False,Donor 4- age: 36,TNF-alpha_Donor 4_G4,cytokine,4592,0,0,0,0,0,0,0,1702,0,2648,0,242,Donor12,Young,-20.75649206545541,-56.75649206545541
5416,_TNF-alpha_Donor1_G4_CD4T,CD4T,CD4T,75,CD4T,parsebioscience,Donor 1,G4,TNF-alpha,False,Donor 1- age: 75,TNF-alpha_Donor 1_G4,cytokine,14033,0,0,0,0,0,0,0,6020,0,7536,0,477,Donor1,Old,7.34724879316942,-67.65275120683057
5421,_TNF-alpha_Donor2_G4_CD4T,CD4T,CD4T,34,CD4T,parsebioscience,Donor 5,G4,TNF-alpha,False,Donor 5- age: 34,TNF-alpha_Donor 5_G4,cytokine,4019,0,0,0,0,0,0,0,1313,0,2590,0,116,Donor2,Young,-17.542263961521606,-51.542263961521606
5426,_TNF-alpha_Donor3_G4_CD4T,CD4T,CD4T,68,CD4T,parsebioscience,Donor 6,G4,TNF-alpha,False,Donor 6- age: 68,TNF-alpha_Donor 6_G4,cytokine,2033,0,0,0,0,0,0,0,991,0,979,0,63,Donor3,Old,1.3822552545051536,-66.61774474549485
5431,_TNF-alpha_Donor4_G4_CD4T,CD4T,CD4T,59,CD4T,parsebioscience,Donor 7,G4,TNF-alpha,False,Donor 7- age: 59,TNF-alpha_Donor 7_G4,cytokine,445,0,0,0,0,0,0,0,219,0,201,0,25,Donor4,Old,-2.2966345461090967,-61.2966345461091
5436,_TNF-alpha_Donor5_G4_CD4T,CD4T,CD4T,41,CD4T,parsebioscience,Donor 8,G4,TNF-alpha,False,Donor 8- age: 41,TNF-alpha_Donor 8_G4,cytokine,6169,0,0,0,0,0,0,0,2826,0,3198,0,145,Donor5,Young,-32.241910854866994,-73.241910854867
5441,_TNF-alpha_Donor6_G4_CD4T,CD4T,CD4T,38,CD4T,parsebioscience,Donor 9,G4,TNF-alpha,False,Donor 9- age: 38,TNF-alpha_Donor 9_G4,cytokine,5076,0,0,0,0,0,0,0,1829,0,3059,0,188,Donor6,Young,-10.769086650037899,-48.7690866500379
5446,_TNF-alpha_Donor7_G4_CD4T,CD4T,CD4T,45,CD4T,parsebioscience,Donor 10,G4,TNF-alpha,False,Donor 10- age: 45,TNF-alpha_Donor 10_G4,cytokine,3919,0,0,0,0,0,0,0,1562,0,2141,0,216,Donor7,Young,-15.462194519791005,-60.462194519791005
5451,_TNF-alpha_Donor8_G4_CD4T,CD4T,CD4T,52,CD4T,parsebioscience,Donor 11,G4,TNF-alpha,False,Donor 11- age: 52,TNF-alpha_Donor 11_G4,cytokine,2983,0,0,0,0,0,0,0,883,0,1988,0,112,Donor8,Old,-2.0443806787808825,-54.04438067878088
5456,_TNF-alpha_Donor9_G4_CD4T,CD4T,CD4T,38,CD4T,parsebioscience,Donor 12,G4,TNF-alpha,False,Donor 12- age: 38,TNF-alpha_Donor 12_G4,cytokine,2485,0,0,0,0,0,0,0,896,0,1521,0,68,Donor9,Young,-21.03554252454054,-59.03554252454054
5461,_TPO_Donor10_G1_CD4T,CD4T,CD4T,42,CD4T,parsebioscience,Donor 2,G1,TPO,False,Donor 2- age: 42,TPO_Donor 2_G1,cytokine,1823,0,0,0,0,0,0,0,703,0,1052,0,68,Donor10,Young,-1.5026384229245267,-43.50263842292453
5466,_TPO_Donor11_G1_CD4T,CD4T,CD4T,46,CD4T,parsebioscience,Donor 3,G1,TPO,False,Donor 3- age: 46,TPO_Donor 3_G1,cytokine,2280,0,0,0,0,0,0,0,737,0,1470,0,73,Donor11,Young,-22.939098460511097,-68.9390984605111
5471,_TPO_Donor12_G1_CD4T,CD4T,CD4T,36,CD4T,parsebioscience,Donor 4,G1,TPO,False,Donor 4- age: 36,TPO_Donor 4_G1,cytokine,4291,0,0,0,0,0,0,0,1743,0,2433,0,115,Donor12,Young,-18.725960150839477,-54.72596015083948
5476,_TPO_Donor1_G1_CD4T,CD4T,CD4T,75,CD4T,parsebioscience,Donor 1,G1,TPO,False,Donor 1- age: 75,TPO_Donor 1_G1,cytokine,7952,0,0,0,0,0,0,0,3667,0,4014,0,271,Donor1,Old,18.495465572088712,-56.50453442791129
5481,_TPO_Donor2_G1_CD4T,CD4T,CD4T,34,CD4T,parsebioscience,Donor 5,G1,TPO,False,Donor 5- age: 34,TPO_Donor 5_G1,cytokine,2136,0,0,0,0,0,0,0,670,0,1414,0,52,Donor2,Young,-19.964439386811257,-53.96443938681126
5486,_TPO_Donor3_G1_CD4T,CD4T,CD4T,68,CD4T,parsebioscience,Donor 6,G1,TPO,False,Donor 6- age: 68,TPO_Donor 6_G1,cytokine,3096,0,0,0,0,0,0,0,1324,0,1636,0,136,Donor3,Old,8.610753422256224,-59.389246577743776
5491,_TPO_Donor4_G1_CD4T,CD4T,CD4T,59,CD4T,parsebioscience,Donor 7,G1,TPO,False,Donor 7- age: 59,TPO_Donor 7_G1,cytokine,431,0,0,0,0,0,0,0,227,0,181,0,23,Donor4,Old,-1.9019552882598418,-60.90195528825984
5496,_TPO_Donor5_G1_CD4T,CD4T,CD4T,41,CD4T,parsebioscience,Donor 8,G1,TPO,False,Donor 8- age: 41,TPO_Donor 8_G1,cytokine,7323,0,0,0,0,0,0,0,3699,0,3462,0,162,Donor5,Young,-36.12581495822965,-77.12581495822965
5501,_TPO_Donor6_G1_CD4T,CD4T,CD4T,38,CD4T,parsebioscience,Donor 9,G1,TPO,False,Donor 9- age: 38,TPO_Donor 9_G1,cytokine,3955,0,0,0,0,0,0,0,1413,0,2374,0,168,Donor6,Young,-9.48766330226578,-47.48766330226578
5506,_TPO_Donor7_G1_CD4T,CD4T,CD4T,45,CD4T,parsebioscience,Donor 10,G1,TPO,False,Donor 10- age: 45,TPO_Donor 10_G1,cytokine,3863,0,0,0,0,0,0,0,1454,0,2184,0,225,Donor7,Young,-20.19223111476007,-65.19223111476006
5511,_TPO_Donor8_G1_CD4T,CD4T,CD4T,52,CD4T,parsebioscience,Donor 11,G1,TPO,False,Donor 11- age: 52,TPO_Donor 11_G1,cytokine,1873,0,0,0,0,0,0,0,507,0,1298,0,68,Donor8,Old,-6.237521447882962,-58.23752144788296
5516,_TPO_Donor9_G1_CD4T,CD4T,CD4T,38,CD4T,parsebioscience,Donor 12,G1,TPO,False,Donor 12- age: 38,TPO_Donor 12_G1,cytokine,2672,0,0,0,0,0,0,0,879,0,1718,0,75,Donor9,Young,-13.170855898045367,-51.17085589804537
5521,_TRAIL_Donor10_D8_CD4T,CD4T,CD4T,42,CD4T,parsebioscience,Donor 2,D8,TRAIL,False,Donor 2- age: 42,TRAIL_Donor 2_D8,cytokine,1656,0,0,0,0,0,0,0,634,0,965,0,57,Donor10,Young,7.092416330650671,-34.90758366934933
5526,_TRAIL_Donor11_D8_CD4T,CD4T,CD4T,46,CD4T,parsebioscience,Donor 3,D8,TRAIL,False,Donor 3- age: 46,TRAIL_Donor 3_D8,cytokine,1715,0,0,0,0,0,0,0,686,0,955,0,74,Donor11,Young,-21.250350156646867,-67.25035015664687
5531,_TRAIL_Donor12_D8_CD4T,CD4T,CD4T,36,CD4T,parsebioscience,Donor 4,D8,TRAIL,False,Donor 4- age: 36,TRAIL_Donor 4_D8,cytokine,5262,0,0,0,0,0,0,0,1975,0,3139,0,148,Donor12,Young,-17.039302507679245,-53.039302507679245
5536,_TRAIL_Donor1_D8_CD4T,CD4T,CD4T,75,CD4T,parsebioscience,Donor 1,D8,TRAIL,False,Donor 1- age: 75,TRAIL_Donor 1_D8,cytokine,12717,0,0,0,0,0,0,0,5848,0,6380,0,489,Donor1,Old,18.532887775332853,-56.46711222466715
5541,_TRAIL_Donor2_D8_CD4T,CD4T,CD4T,34,CD4T,parsebioscience,Donor 5,D8,TRAIL,False,Donor 5- age: 34,TRAIL_Donor 5_D8,cytokine,3354,0,0,0,0,0,0,0,1198,0,2016,0,140,Donor2,Young,-17.428823818142668,-51.42882381814267
5546,_TRAIL_Donor3_D8_CD4T,CD4T,CD4T,68,CD4T,parsebioscience,Donor 6,D8,TRAIL,False,Donor 6- age: 68,TRAIL_Donor 6_D8,cytokine,3384,0,0,0,0,0,0,0,1551,0,1692,0,141,Donor3,Old,10.394801083504255,-57.605198916495745
5551,_TRAIL_Donor4_D8_CD4T,CD4T,CD4T,59,CD4T,parsebioscience,Donor 7,D8,TRAIL,False,Donor 7- age: 59,TRAIL_Donor 7_D8,cytokine,652,0,0,0,0,0,0,0,313,0,322,0,17,Donor4,Old,-8.752905907543102,-67.7529059075431
5556,_TRAIL_Donor5_D8_CD4T,CD4T,CD4T,41,CD4T,parsebioscience,Donor 8,D8,TRAIL,False,Donor 8- age: 41,TRAIL_Donor 8_D8,cytokine,7166,0,0,0,0,0,0,0,3802,0,3160,0,204,Donor5,Young,-33.79542381099797,-74.79542381099796
5561,_TRAIL_Donor6_D8_CD4T,CD4T,CD4T,38,CD4T,parsebioscience,Donor 9,D8,TRAIL,False,Donor 9- age: 38,TRAIL_Donor 9_D8,cytokine,5014,0,0,0,0,0,0,0,2107,0,2670,0,237,Donor6,Young,-9.015297120038575,-47.015297120038575
5566,_TRAIL_Donor7_D8_CD4T,CD4T,CD4T,45,CD4T,parsebioscience,Donor 10,D8,TRAIL,False,Donor 10- age: 45,TRAIL_Donor 10_D8,cytokine,3833,0,0,0,0,0,0,0,1553,0,2046,0,234,Donor7,Young,-16.713876518830425,-61.713876518830425
5571,_TRAIL_Donor8_D8_CD4T,CD4T,CD4T,52,CD4T,parsebioscience,Donor 11,D8,TRAIL,False,Donor 11- age: 52,TRAIL_Donor 11_D8,cytokine,2441,0,0,0,0,0,0,0,689,0,1649,0,103,Donor8,Old,0.5204397517541892,-51.47956024824581
5576,_TRAIL_Donor9_D8_CD4T,CD4T,CD4T,38,CD4T,parsebioscience,Donor 12,D8,TRAIL,False,Donor 12- age: 38,TRAIL_Donor 12_D8,cytokine,1971,0,0,0,0,0,0,0,784,0,1127,0,60,Donor9,Young,-12.591783561993473,-50.59178356199347
5581,_TSLP_Donor10_A9_CD4T,CD4T,CD4T,42,CD4T,parsebioscience,Donor 2,A9,TSLP,False,Donor 2- age: 42,TSLP_Donor 2_A9,cytokine,1898,0,0,0,0,0,0,0,851,0,956,0,91,Donor10,Young,5.981287802860642,-36.01871219713936
5586,_TSLP_Donor11_A9_CD4T,CD4T,CD4T,46,CD4T,parsebioscience,Donor 3,A9,TSLP,False,Donor 3- age: 46,TSLP_Donor 3_A9,cytokine,1787,0,0,0,0,0,0,0,574,0,1144,0,69,Donor11,Young,-18.630852938594195,-64.63085293859419
5591,_TSLP_Donor12_A9_CD4T,CD4T,CD4T,36,CD4T,parsebioscience,Donor 4,A9,TSLP,False,Donor 4- age: 36,TSLP_Donor 4_A9,cytokine,7353,0,0,0,0,0,0,0,2814,0,4316,0,223,Donor12,Young,-13.067373328707284,-49.06737332870728
5596,_TSLP_Donor1_A9_CD4T,CD4T,CD4T,75,CD4T,parsebioscience,Donor 1,A9,TSLP,False,Donor 1- age: 75,TSLP_Donor 1_A9,cytokine,4299,0,0,0,0,0,0,0,2251,0,1903,0,145,Donor1,Old,24.822427651646414,-50.177572348353586
5601,_TSLP_Donor2_A9_CD4T,CD4T,CD4T,34,CD4T,parsebioscience,Donor 5,A9,TSLP,False,Donor 5- age: 34,TSLP_Donor 5_A9,cytokine,4550,0,0,0,0,0,0,0,1471,0,2882,0,197,Donor2,Young,-16.933469828528224,-50.933469828528224
5606,_TSLP_Donor3_A9_CD4T,CD4T,CD4T,68,CD4T,parsebioscience,Donor 6,A9,TSLP,False,Donor 6- age: 68,TSLP_Donor 6_A9,cytokine,4349,0,0,0,0,0,0,0,1074,0,3143,0,132,Donor3,Old,14.209166852369918,-53.79083314763008
5611,_TSLP_Donor4_A9_CD4T,CD4T,CD4T,59,CD4T,parsebioscience,Donor 7,A9,TSLP,False,Donor 7- age: 59,TSLP_Donor 7_A9,cytokine,812,0,0,0,0,0,0,0,189,0,604,0,19,Donor4,Old,-1.8570156313176582,-60.85701563131766
5616,_TSLP_Donor5_A9_CD4T,CD4T,CD4T,41,CD4T,parsebioscience,Donor 8,A9,TSLP,False,Donor 8- age: 41,TSLP_Donor 8_A9,cytokine,9352,0,0,0,0,0,0,0,4722,0,4306,0,324,Donor5,Young,-27.0133574542432,-68.01335745424319
5621,_TSLP_Donor6_A9_CD4T,CD4T,CD4T,38,CD4T,parsebioscience,Donor 9,A9,TSLP,False,Donor 9- age: 38,TSLP_Donor 9_A9,cytokine,7684,0,0,0,0,0,0,0,3256,0,4052,0,376,Donor6,Young,-8.910899818811352,-46.91089981881135
5626,_TSLP_Donor7_A9_CD4T,CD4T,CD4T,45,CD4T,parsebioscience,Donor 10,A9,TSLP,False,Donor 10- age: 45,TSLP_Donor 10_A9,cytokine,3366,0,0,0,0,0,0,0,1461,0,1716,0,189,Donor7,Young,-13.059352850568906,-58.05935285056891
5631,_TSLP_Donor8_A9_CD4T,CD4T,CD4T,52,CD4T,parsebioscience,Donor 11,A9,TSLP,False,Donor 11- age: 52,TSLP_Donor 11_A9,cytokine,3591,0,0,0,0,0,0,0,944,0,2519,0,128,Donor8,Old,0.4087545807563302,-51.59124541924367
5636,_TSLP_Donor9_A9_CD4T,CD4T,CD4T,38,CD4T,parsebioscience,Donor 12,A9,TSLP,False,Donor 12- age: 38,TSLP_Donor 12_A9,cytokine,5975,0,0,0,0,0,0,0,2309,0,3451,0,215,Donor9,Young,-12.10733237414832,-50.10733237414832
5641,_TWEAK_Donor10_D10_CD4T,CD4T,CD4T,42,CD4T,parsebioscience,Donor 2,D10,TWEAK,False,Donor 2- age: 42,TWEAK_Donor 2_D10,cytokine,1703,0,0,0,0,0,0,0,501,0,1150,0,52,Donor10,Young,-1.4143719480168997,-43.4143719480169
5646,_TWEAK_Donor11_D10_CD4T,CD4T,CD4T,46,CD4T,parsebioscience,Donor 3,D10,TWEAK,False,Donor 3- age: 46,TWEAK_Donor 3_D10,cytokine,1475,0,0,0,0,0,0,0,550,0,863,0,62,Donor11,Young,-26.584012762963418,-72.58401276296343
5651,_TWEAK_Donor12_D10_CD4T,CD4T,CD4T,36,CD4T,parsebioscience,Donor 4,D10,TWEAK,False,Donor 4- age: 36,TWEAK_Donor 4_D10,cytokine,4836,0,0,0,0,0,0,0,1751,0,2948,0,137,Donor12,Young,-17.451041720401285,-53.451041720401285
5656,_TWEAK_Donor1_D10_CD4T,CD4T,CD4T,75,CD4T,parsebioscience,Donor 1,D10,TWEAK,False,Donor 1- age: 75,TWEAK_Donor 1_D10,cytokine,7203,0,0,0,0,0,0,0,2806,0,4149,0,248,Donor1,Old,16.759613125502533,-58.24038687449747
5661,_TWEAK_Donor2_D10_CD4T,CD4T,CD4T,34,CD4T,parsebioscience,Donor 5,D10,TWEAK,False,Donor 5- age: 34,TWEAK_Donor 5_D10,cytokine,4821,0,0,0,0,0,0,0,1388,0,3264,0,169,Donor2,Young,-14.199565241117675,-48.199565241117675
5666,_TWEAK_Donor3_D10_CD4T,CD4T,CD4T,68,CD4T,parsebioscience,Donor 6,D10,TWEAK,False,Donor 6- age: 68,TWEAK_Donor 6_D10,cytokine,4590,0,0,0,0,0,0,0,2107,0,2299,0,184,Donor3,Old,10.055558267818697,-57.9444417321813
5671,_TWEAK_Donor4_D10_CD4T,CD4T,CD4T,59,CD4T,parsebioscience,Donor 7,D10,TWEAK,False,Donor 7- age: 59,TWEAK_Donor 7_D10,cytokine,530,0,0,0,0,0,0,0,241,0,268,0,21,Donor4,Old,-16.09135159379195,-75.09135159379196
5676,_TWEAK_Donor5_D10_CD4T,CD4T,CD4T,41,CD4T,parsebioscience,Donor 8,D10,TWEAK,False,Donor 8- age: 41,TWEAK_Donor 8_D10,cytokine,3926,0,0,0,0,0,0,0,1755,0,2058,0,113,Donor5,Young,-32.726457334594265,-73.72645733459427
5681,_TWEAK_Donor6_D10_CD4T,CD4T,CD4T,38,CD4T,parsebioscience,Donor 9,D10,TWEAK,False,Donor 9- age: 38,TWEAK_Donor 9_D10,cytokine,4159,0,0,0,0,0,0,0,1650,0,2301,0,208,Donor6,Young,-10.689968093812332,-48.68996809381233
5686,_TWEAK_Donor7_D10_CD4T,CD4T,CD4T,45,CD4T,parsebioscience,Donor 10,D10,TWEAK,False,Donor 10- age: 45,TWEAK_Donor 10_D10,cytokine,3880,0,0,0,0,0,0,0,1334,0,2332,0,214,Donor7,Young,-20.2876807601015,-65.2876807601015
5691,_TWEAK_Donor8_D10_CD4T,CD4T,CD4T,52,CD4T,parsebioscience,Donor 11,D10,TWEAK,False,Donor 11- age: 52,TWEAK_Donor 11_D10,cytokine,3174,0,0,0,0,0,0,0,902,0,2150,0,122,Donor8,Old,-3.7372361276792887,-55.73723612767929
5696,_TWEAK_Donor9_D10_CD4T,CD4T,CD4T,38,CD4T,parsebioscience,Donor 12,D10,TWEAK,False,Donor 12- age: 38,TWEAK_Donor 12_D10,cytokine,1719,0,0,0,0,0,0,0,585,0,1070,0,64,Donor9,Young,-13.126562303221526,-51.126562303221526
5701,_VEGF_Donor10_F1_CD4T,CD4T,CD4T,42,CD4T,parsebioscience,Donor 2,F1,VEGF,False,Donor 2- age: 42,VEGF_Donor 2_F1,cytokine,1461,0,0,0,0,0,0,0,596,0,804,0,61,Donor10,Young,0.5650492159416274,-41.43495078405837
5706,_VEGF_Donor11_F1_CD4T,CD4T,CD4T,46,CD4T,parsebioscience,Donor 3,F1,VEGF,False,Donor 3- age: 46,VEGF_Donor 3_F1,cytokine,1793,0,0,0,0,0,0,0,753,0,968,0,72,Donor11,Young,-20.643338348939018,-66.64333834893901
5711,_VEGF_Donor12_F1_CD4T,CD4T,CD4T,36,CD4T,parsebioscience,Donor 4,F1,VEGF,False,Donor 4- age: 36,VEGF_Donor 4_F1,cytokine,4466,0,0,0,0,0,0,0,1742,0,2580,0,144,Donor12,Young,-20.420813847029528,-56.42081384702953
5716,_VEGF_Donor1_F1_CD4T,CD4T,CD4T,75,CD4T,parsebioscience,Donor 1,F1,VEGF,False,Donor 1- age: 75,VEGF_Donor 1_F1,cytokine,2325,0,0,0,0,0,0,0,1084,0,1162,0,79,Donor1,Old,19.994169254745643,-55.00583074525436
5721,_VEGF_Donor2_F1_CD4T,CD4T,CD4T,34,CD4T,parsebioscience,Donor 5,F1,VEGF,False,Donor 5- age: 34,VEGF_Donor 5_F1,cytokine,2413,0,0,0,0,0,0,0,802,0,1525,0,86,Donor2,Young,-21.988614197966434,-55.988614197966434
5726,_VEGF_Donor3_F1_CD4T,CD4T,CD4T,68,CD4T,parsebioscience,Donor 6,F1,VEGF,False,Donor 6- age: 68,VEGF_Donor 6_F1,cytokine,2845,0,0,0,0,0,0,0,1420,0,1301,0,124,Donor3,Old,7.36928602149802,-60.63071397850198
5731,_VEGF_Donor4_F1_CD4T,CD4T,CD4T,59,CD4T,parsebioscience,Donor 7,F1,VEGF,False,Donor 7- age: 59,VEGF_Donor 7_F1,cytokine,450,0,0,0,0,0,0,0,236,0,197,0,17,Donor4,Old,-9.487868744616883,-68.48786874461689
5736,_VEGF_Donor5_F1_CD4T,CD4T,CD4T,41,CD4T,parsebioscience,Donor 8,F1,VEGF,False,Donor 8- age: 41,VEGF_Donor 8_F1,cytokine,4991,0,0,0,0,0,0,0,2706,0,2160,0,125,Donor5,Young,-35.95544695511665,-76.95544695511666
5741,_VEGF_Donor6_F1_CD4T,CD4T,CD4T,38,CD4T,parsebioscience,Donor 9,F1,VEGF,False,Donor 9- age: 38,VEGF_Donor 9_F1,cytokine,6642,0,0,0,0,0,0,0,2560,0,3800,0,282,Donor6,Young,-10.66043942788317,-48.66043942788317
5746,_VEGF_Donor7_F1_CD4T,CD4T,CD4T,45,CD4T,parsebioscience,Donor 10,F1,VEGF,False,Donor 10- age: 45,VEGF_Donor 10_F1,cytokine,4574,0,0,0,0,0,0,0,1907,0,2399,0,268,Donor7,Young,-18.29419885449341,-63.29419885449341
5751,_VEGF_Donor8_F1_CD4T,CD4T,CD4T,52,CD4T,parsebioscience,Donor 11,F1,VEGF,False,Donor 11- age: 52,VEGF_Donor 11_F1,cytokine,2150,0,0,0,0,0,0,0,565,0,1498,0,87,Donor8,Old,-6.937480360168401,-58.9374803601684
5756,_VEGF_Donor9_F1_CD4T,CD4T,CD4T,38,CD4T,parsebioscience,Donor 12,F1,VEGF,False,Donor 12- age: 38,VEGF_Donor 12_F1,cytokine,2147,0,0,0,0,0,0,0,830,0,1238,0,79,Donor9,Young,-19.310480940553823,-57.31048094055382
2,_4-1BBL_Donor10_H5_CD8T,CD8T,CD8T,42,CD8T,parsebioscience,Donor 2,H5,4-1BBL,False,Donor 2- age: 42,4-1BBL_Donor 2_H5,cytokine,948,0,0,144,0,0,0,0,0,521,0,283,0,Donor10,Young,36.882984952926996,-5.117015047073004
7,_4-1BBL_Donor11_H5_CD8T,CD8T,CD8T,46,CD8T,parsebioscience,Donor 3,H5,4-1BBL,False,Donor 3- age: 46,4-1BBL_Donor 3_H5,cytokine,1243,0,0,102,0,0,0,0,0,472,0,669,0,Donor11,Young,39.98956799746245,-6.010432002537549
12,_4-1BBL_Donor12_H5_CD8T,CD8T,CD8T,36,CD8T,parsebioscience,Donor 4,H5,4-1BBL,False,Donor 4- age: 36,4-1BBL_Donor 4_H5,cytokine,1948,0,0,409,0,0,0,0,0,436,0,1103,0,Donor12,Young,32.96382865958454,-3.036171340415457
17,_4-1BBL_Donor1_H5_CD8T,CD8T,CD8T,75,CD8T,parsebioscience,Donor 1,H5,4-1BBL,False,Donor 1- age: 75,4-1BBL_Donor 1_H5,cytokine,1792,0,0,566,0,0,0,0,0,385,0,841,0,Donor1,Old,56.93531294284885,-18.064687057151147
22,_4-1BBL_Donor2_H5_CD8T,CD8T,CD8T,34,CD8T,parsebioscience,Donor 5,H5,4-1BBL,False,Donor 5- age: 34,4-1BBL_Donor 5_H5,cytokine,1838,0,0,326,0,0,0,0,0,861,0,651,0,Donor2,Young,28.790099575728256,-5.209900424271744
27,_4-1BBL_Donor3_H5_CD8T,CD8T,CD8T,68,CD8T,parsebioscience,Donor 6,H5,4-1BBL,False,Donor 6- age: 68,4-1BBL_Donor 6_H5,cytokine,739,0,0,132,0,0,0,0,0,304,0,303,0,Donor3,Old,42.50524079083472,-25.49475920916528
32,_4-1BBL_Donor4_H5_CD8T,CD8T,CD8T,59,CD8T,parsebioscience,Donor 7,H5,4-1BBL,False,Donor 7- age: 59,4-1BBL_Donor 7_H5,cytokine,691,0,0,80,0,0,0,0,0,186,0,425,0,Donor4,Old,45.4630340632648,-13.5369659367352
37,_4-1BBL_Donor5_H5_CD8T,CD8T,CD8T,41,CD8T,parsebioscience,Donor 8,H5,4-1BBL,False,Donor 8- age: 41,4-1BBL_Donor 8_H5,cytokine,2972,0,0,508,0,0,0,0,0,1844,0,620,0,Donor5,Young,22.219409155160108,-18.780590844839892
42,_4-1BBL_Donor6_H5_CD8T,CD8T,CD8T,38,CD8T,parsebioscience,Donor 9,H5,4-1BBL,False,Donor 9- age: 38,4-1BBL_Donor 9_H5,cytokine,1791,0,0,514,0,0,0,0,0,401,0,876,0,Donor6,Young,41.22955829788224,3.2295582978822424
47,_4-1BBL_Donor7_H5_CD8T,CD8T,CD8T,45,CD8T,parsebioscience,Donor 10,H5,4-1BBL,False,Donor 10- age: 45,4-1BBL_Donor 10_H5,cytokine,1807,0,0,379,0,0,0,0,0,858,0,570,0,Donor7,Young,31.122137472427113,-13.877862527572887
52,_4-1BBL_Donor8_H5_CD8T,CD8T,CD8T,52,CD8T,parsebioscience,Donor 11,H5,4-1BBL,False,Donor 11- age: 52,4-1BBL_Donor 11_H5,cytokine,1468,0,0,298,0,0,0,0,0,218,0,952,0,Donor8,Old,44.778900422779614,-7.221099577220386
57,_4-1BBL_Donor9_H5_CD8T,CD8T,CD8T,38,CD8T,parsebioscience,Donor 12,H5,4-1BBL,False,Donor 12- age: 38,4-1BBL_Donor 12_H5,cytokine,1229,0,0,124,0,0,0,0,0,250,0,855,0,Donor9,Young,40.28392478848065,2.283924788480647
62,_ADSF_Donor10_F6_CD8T,CD8T,CD8T,42,CD8T,parsebioscience,Donor 2,F6,ADSF,False,Donor 2- age: 42,ADSF_Donor 2_F6,cytokine,955,0,0,151,0,0,0,0,0,560,0,244,0,Donor10,Young,36.996786989925226,-5.003213010074774
67,_ADSF_Donor11_F6_CD8T,CD8T,CD8T,46,CD8T,parsebioscience,Donor 3,F6,ADSF,False,Donor 3- age: 46,ADSF_Donor 3_F6,cytokine,1230,0,0,118,0,0,0,0,0,522,0,590,0,Donor11,Young,32.80197609268984,-13.198023907310159
72,_ADSF_Donor12_F6_CD8T,CD8T,CD8T,36,CD8T,parsebioscience,Donor 4,F6,ADSF,False,Donor 4- age: 36,ADSF_Donor 4_F6,cytokine,2005,0,0,444,0,0,0,0,0,477,0,1084,0,Donor12,Young,37.093265168808045,1.0932651688080455
77,_ADSF_Donor1_F6_CD8T,CD8T,CD8T,75,CD8T,parsebioscience,Donor 1,F6,ADSF,False,Donor 1- age: 75,ADSF_Donor 1_F6,cytokine,1556,0,0,535,0,0,0,0,0,365,0,656,0,Donor1,Old,53.694910318484155,-21.305089681515845
82,_ADSF_Donor2_F6_CD8T,CD8T,CD8T,34,CD8T,parsebioscience,Donor 5,F6,ADSF,False,Donor 5- age: 34,ADSF_Donor 5_F6,cytokine,2471,0,0,419,0,0,0,0,0,1296,0,756,0,Donor2,Young,26.332338601463633,-7.667661398536367
87,_ADSF_Donor3_F6_CD8T,CD8T,CD8T,68,CD8T,parsebioscience,Donor 6,F6,ADSF,False,Donor 6- age: 68,ADSF_Donor 6_F6,cytokine,842,0,0,213,0,0,0,0,0,357,0,272,0,Donor3,Old,48.25737439678287,-19.742625603217128
92,_ADSF_Donor4_F6_CD8T,CD8T,CD8T,59,CD8T,parsebioscience,Donor 7,F6,ADSF,False,Donor 7- age: 59,ADSF_Donor 7_F6,cytokine,302,0,0,28,0,0,0,0,0,91,0,183,0,Donor4,Old,39.641126730620414,-19.358873269379586
97,_ADSF_Donor5_F6_CD8T,CD8T,CD8T,41,CD8T,parsebioscience,Donor 8,F6,ADSF,False,Donor 8- age: 41,ADSF_Donor 8_F6,cytokine,2824,0,0,490,0,0,0,0,0,1790,0,544,0,Donor5,Young,23.886714909215378,-17.113285090784622
102,_ADSF_Donor6_F6_CD8T,CD8T,CD8T,38,CD8T,parsebioscience,Donor 9,F6,ADSF,False,Donor 9- age: 38,ADSF_Donor 9_F6,cytokine,1823,0,0,504,0,0,0,0,0,362,0,957,0,Donor6,Young,40.59208679613006,2.5920867961300615
107,_ADSF_Donor7_F6_CD8T,CD8T,CD8T,45,CD8T,parsebioscience,Donor 10,F6,ADSF,False,Donor 10- age: 45,ADSF_Donor 10_F6,cytokine,2062,0,0,387,0,0,0,0,0,1030,0,645,0,Donor7,Young,31.40890474878101,-13.591095251218992
112,_ADSF_Donor8_F6_CD8T,CD8T,CD8T,52,CD8T,parsebioscience,Donor 11,F6,ADSF,False,Donor 11- age: 52,ADSF_Donor 11_F6,cytokine,1773,0,0,360,0,0,0,0,0,330,0,1083,0,Donor8,Old,41.43089534245442,-10.56910465754558
117,_ADSF_Donor9_F6_CD8T,CD8T,CD8T,38,CD8T,parsebioscience,Donor 12,F6,ADSF,False,Donor 12- age: 38,ADSF_Donor 12_F6,cytokine,1306,0,0,136,0,0,0,0,0,335,0,835,0,Donor9,Young,40.85137149058312,2.8513714905831193
122,_APRIL_Donor10_C1_CD8T,CD8T,CD8T,42,CD8T,parsebioscience,Donor 2,C1,APRIL,False,Donor 2- age: 42,APRIL_Donor 2_C1,cytokine,612,0,0,123,0,0,0,0,0,306,0,183,0,Donor10,Young,32.33100391147478,-9.668996088525219
127,_APRIL_Donor11_C1_CD8T,CD8T,CD8T,46,CD8T,parsebioscience,Donor 3,C1,APRIL,False,Donor 3- age: 46,APRIL_Donor 3_C1,cytokine,1082,0,0,104,0,0,0,0,0,475,0,503,0,Donor11,Young,33.41380531970088,-12.586194680299123
132,_APRIL_Donor12_C1_CD8T,CD8T,CD8T,36,CD8T,parsebioscience,Donor 4,C1,APRIL,False,Donor 4- age: 36,APRIL_Donor 4_C1,cytokine,1315,0,0,313,0,0,0,0,0,385,0,617,0,Donor12,Young,29.04902438651925,-6.95097561348075
137,_APRIL_Donor1_C1_CD8T,CD8T,CD8T,75,CD8T,parsebioscience,Donor 1,C1,APRIL,False,Donor 1- age: 75,APRIL_Donor 1_C1,cytokine,619,0,0,182,0,0,0,0,0,142,0,295,0,Donor1,Old,53.87264095683335,-21.12735904316665
142,_APRIL_Donor2_C1_CD8T,CD8T,CD8T,34,CD8T,parsebioscience,Donor 5,C1,APRIL,False,Donor 5- age: 34,APRIL_Donor 5_C1,cytokine,703,0,0,107,0,0,0,0,0,366,0,230,0,Donor2,Young,28.33051991883211,-5.66948008116789
147,_APRIL_Donor3_C1_CD8T,CD8T,CD8T,68,CD8T,parsebioscience,Donor 6,C1,APRIL,False,Donor 6- age: 68,APRIL_Donor 6_C1,cytokine,583,0,0,137,0,0,0,0,0,244,0,202,0,Donor3,Old,42.647719766778536,-25.352280233221464
152,_APRIL_Donor4_C1_CD8T,CD8T,CD8T,59,CD8T,parsebioscience,Donor 7,C1,APRIL,False,Donor 7- age: 59,APRIL_Donor 7_C1,cytokine,226,0,0,20,0,0,0,0,0,66,0,140,0,Donor4,Old,50.49688431894127,-8.50311568105873
157,_APRIL_Donor5_C1_CD8T,CD8T,CD8T,41,CD8T,parsebioscience,Donor 8,C1,APRIL,False,Donor 8- age: 41,APRIL_Donor 8_C1,cytokine,1870,0,0,318,0,0,0,0,0,1167,0,385,0,Donor5,Young,18.73650035410777,-22.26349964589223
162,_APRIL_Donor6_C1_CD8T,CD8T,CD8T,38,CD8T,parsebioscience,Donor 9,C1,APRIL,False,Donor 9- age: 38,APRIL_Donor 9_C1,cytokine,2326,0,0,607,0,0,0,0,0,436,0,1283,0,Donor6,Young,42.96023540378144,4.960235403781439
167,_APRIL_Donor7_C1_CD8T,CD8T,CD8T,45,CD8T,parsebioscience,Donor 10,C1,APRIL,False,Donor 10- age: 45,APRIL_Donor 10_C1,cytokine,1700,0,0,353,0,0,0,0,0,790,0,557,0,Donor7,Young,26.956600747530338,-18.043399252469662
172,_APRIL_Donor8_C1_CD8T,CD8T,CD8T,52,CD8T,parsebioscience,Donor 11,C1,APRIL,False,Donor 11- age: 52,APRIL_Donor 11_C1,cytokine,786,0,0,162,0,0,0,0,0,146,0,478,0,Donor8,Old,38.40059278844123,-13.59940721155877
177,_APRIL_Donor9_C1_CD8T,CD8T,CD8T,38,CD8T,parsebioscience,Donor 12,C1,APRIL,False,Donor 12- age: 38,APRIL_Donor 12_C1,cytokine,1433,0,0,168,0,0,0,0,0,315,0,950,0,Donor9,Young,36.219400911112466,-1.7805990888875343
182,_BAFF_Donor10_D1_CD8T,CD8T,CD8T,42,CD8T,parsebioscience,Donor 2,D1,BAFF,False,Donor 2- age: 42,BAFF_Donor 2_D1,cytokine,582,0,0,98,0,0,0,0,0,329,0,155,0,Donor10,Young,31.810523814682714,-10.189476185317286
187,_BAFF_Donor11_D1_CD8T,CD8T,CD8T,46,CD8T,parsebioscience,Donor 3,D1,BAFF,False,Donor 3- age: 46,BAFF_Donor 3_D1,cytokine,1333,0,0,95,0,0,0,0,0,540,0,698,0,Donor11,Young,37.53878719493819,-8.461212805061813
192,_BAFF_Donor12_D1_CD8T,CD8T,CD8T,36,CD8T,parsebioscience,Donor 4,D1,BAFF,False,Donor 4- age: 36,BAFF_Donor 4_D1,cytokine,1523,0,0,309,0,0,0,0,0,375,0,839,0,Donor12,Young,40.24416981758745,4.244169817587448
197,_BAFF_Donor1_D1_CD8T,CD8T,CD8T,75,CD8T,parsebioscience,Donor 1,D1,BAFF,False,Donor 1- age: 75,BAFF_Donor 1_D1,cytokine,901,0,0,278,0,0,0,0,0,181,0,442,0,Donor1,Old,58.843298288947985,-16.156701711052015
202,_BAFF_Donor2_D1_CD8T,CD8T,CD8T,34,CD8T,parsebioscience,Donor 5,D1,BAFF,False,Donor 5- age: 34,BAFF_Donor 5_D1,cytokine,782,0,0,135,0,0,0,0,0,375,0,272,0,Donor2,Young,29.979549408730623,-4.020450591269377
207,_BAFF_Donor3_D1_CD8T,CD8T,CD8T,68,CD8T,parsebioscience,Donor 6,D1,BAFF,False,Donor 6- age: 68,BAFF_Donor 6_D1,cytokine,543,0,0,107,0,0,0,0,0,233,0,203,0,Donor3,Old,46.46875948456188,-21.53124051543812
212,_BAFF_Donor4_D1_CD8T,CD8T,CD8T,59,CD8T,parsebioscience,Donor 7,D1,BAFF,False,Donor 7- age: 59,BAFF_Donor 7_D1,cytokine,222,0,0,21,0,0,0,0,0,59,0,142,0,Donor4,Old,53.70297869656959,-5.297021303430412
217,_BAFF_Donor5_D1_CD8T,CD8T,CD8T,41,CD8T,parsebioscience,Donor 8,D1,BAFF,False,Donor 8- age: 41,BAFF_Donor 8_D1,cytokine,1675,0,0,331,0,0,0,0,0,1023,0,321,0,Donor5,Young,22.95904366668072,-18.04095633331928
222,_BAFF_Donor6_D1_CD8T,CD8T,CD8T,38,CD8T,parsebioscience,Donor 9,D1,BAFF,False,Donor 9- age: 38,BAFF_Donor 9_D1,cytokine,1875,0,0,452,0,0,0,0,0,364,0,1059,0,Donor6,Young,46.548560867019944,8.548560867019944
227,_BAFF_Donor7_D1_CD8T,CD8T,CD8T,45,CD8T,parsebioscience,Donor 10,D1,BAFF,False,Donor 10- age: 45,BAFF_Donor 10_D1,cytokine,2289,0,0,489,0,0,0,0,0,1091,0,709,0,Donor7,Young,27.689739703682747,-17.310260296317253
232,_BAFF_Donor8_D1_CD8T,CD8T,CD8T,52,CD8T,parsebioscience,Donor 11,D1,BAFF,False,Donor 11- age: 52,BAFF_Donor 11_D1,cytokine,985,0,0,199,0,0,0,0,0,156,0,630,0,Donor8,Old,45.35087491061934,-6.649125089380661
237,_BAFF_Donor9_D1_CD8T,CD8T,CD8T,38,CD8T,parsebioscience,Donor 12,D1,BAFF,False,Donor 12- age: 38,BAFF_Donor 12_D1,cytokine,1646,0,0,199,0,0,0,0,0,350,0,1097,0,Donor9,Young,38.28653467999244,0.2865346799924424
242,_C3a_Donor10_E4_CD8T,CD8T,CD8T,42,CD8T,parsebioscience,Donor 2,E4,C3a,False,Donor 2- age: 42,C3a_Donor 2_E4,cytokine,770,0,0,128,0,0,0,0,0,407,0,235,0,Donor10,Young,32.232834033006974,-9.767165966993026
247,_C3a_Donor11_E4_CD8T,CD8T,CD8T,46,CD8T,parsebioscience,Donor 3,E4,C3a,False,Donor 3- age: 46,C3a_Donor 3_E4,cytokine,1052,0,0,111,0,0,0,0,0,355,0,586,0,Donor11,Young,29.99014979483446,-16.00985020516554
252,_C3a_Donor12_E4_CD8T,CD8T,CD8T,36,CD8T,parsebioscience,Donor 4,E4,C3a,False,Donor 4- age: 36,C3a_Donor 4_E4,cytokine,1581,0,0,333,0,0,0,0,0,375,0,873,0,Donor12,Young,34.76615010575031,-1.233849894249687
257,_C3a_Donor1_E4_CD8T,CD8T,CD8T,75,CD8T,parsebioscience,Donor 1,E4,C3a,False,Donor 1- age: 75,C3a_Donor 1_E4,cytokine,999,0,0,340,0,0,0,0,0,222,0,437,0,Donor1,Old,55.31611653014936,-19.68388346985064
262,_C3a_Donor2_E4_CD8T,CD8T,CD8T,34,CD8T,parsebioscience,Donor 5,E4,C3a,False,Donor 5- age: 34,C3a_Donor 5_E4,cytokine,1598,0,0,296,0,0,0,0,0,764,0,538,0,Donor2,Young,25.232986305033208,-8.767013694966792
267,_C3a_Donor3_E4_CD8T,CD8T,CD8T,68,CD8T,parsebioscience,Donor 6,E4,C3a,False,Donor 6- age: 68,C3a_Donor 6_E4,cytokine,622,0,0,107,0,0,0,0,0,249,0,266,0,Donor3,Old,48.960772448069434,-19.039227551930566
272,_C3a_Donor4_E4_CD8T,CD8T,CD8T,59,CD8T,parsebioscience,Donor 7,E4,C3a,False,Donor 7- age: 59,C3a_Donor 7_E4,cytokine,245,0,0,19,0,0,0,0,0,94,0,132,0,Donor4,Old,45.764521163427155,-13.235478836572845
277,_C3a_Donor5_E4_CD8T,CD8T,CD8T,41,CD8T,parsebioscience,Donor 8,E4,C3a,False,Donor 8- age: 41,C3a_Donor 8_E4,cytokine,1626,0,0,329,0,0,0,0,0,929,0,368,0,Donor5,Young,21.678204760051024,-19.321795239948976
282,_C3a_Donor6_E4_CD8T,CD8T,CD8T,38,CD8T,parsebioscience,Donor 9,E4,C3a,False,Donor 9- age: 38,C3a_Donor 9_E4,cytokine,1636,0,0,409,0,0,0,0,0,290,0,937,0,Donor6,Young,40.72060643722943,2.720606437229428
287,_C3a_Donor7_E4_CD8T,CD8T,CD8T,45,CD8T,parsebioscience,Donor 10,E4,C3a,False,Donor 10- age: 45,C3a_Donor 10_E4,cytokine,1579,0,0,299,0,0,0,0,0,779,0,501,0,Donor7,Young,29.294194025540286,-15.705805974459714
292,_C3a_Donor8_E4_CD8T,CD8T,CD8T,52,CD8T,parsebioscience,Donor 11,E4,C3a,False,Donor 11- age: 52,C3a_Donor 11_E4,cytokine,1663,0,0,370,0,0,0,0,0,254,0,1039,0,Donor8,Old,43.131789951700505,-8.868210048299495
297,_C3a_Donor9_E4_CD8T,CD8T,CD8T,38,CD8T,parsebioscience,Donor 12,E4,C3a,False,Donor 12- age: 38,C3a_Donor 12_E4,cytokine,1779,0,0,191,0,0,0,0,0,364,0,1224,0,Donor9,Young,35.76799071014029,-2.232009289859711
302,_C5a_Donor10_H1_CD8T,CD8T,CD8T,42,CD8T,parsebioscience,Donor 2,H1,C5a,False,Donor 2- age: 42,C5a_Donor 2_H1,cytokine,1090,0,0,206,0,0,0,0,0,562,0,322,0,Donor10,Young,31.263416440657345,-10.736583559342655
307,_C5a_Donor11_H1_CD8T,CD8T,CD8T,46,CD8T,parsebioscience,Donor 3,H1,C5a,False,Donor 3- age: 46,C5a_Donor 3_H1,cytokine,1273,0,0,97,0,0,0,0,0,443,0,733,0,Donor11,Young,37.66072374268512,-8.339276257314879
312,_C5a_Donor12_H1_CD8T,CD8T,CD8T,36,CD8T,parsebioscience,Donor 4,H1,C5a,False,Donor 4- age: 36,C5a_Donor 4_H1,cytokine,1305,0,0,306,0,0,0,0,0,302,0,697,0,Donor12,Young,32.63277910716191,-3.367220892838091
317,_C5a_Donor1_H1_CD8T,CD8T,CD8T,75,CD8T,parsebioscience,Donor 1,H1,C5a,False,Donor 1- age: 75,C5a_Donor 1_H1,cytokine,884,0,0,249,0,0,0,0,0,228,0,407,0,Donor1,Old,54.58185614472977,-20.41814385527023
322,_C5a_Donor2_H1_CD8T,CD8T,CD8T,34,CD8T,parsebioscience,Donor 5,H1,C5a,False,Donor 5- age: 34,C5a_Donor 5_H1,cytokine,1615,0,0,285,0,0,0,0,0,797,0,533,0,Donor2,Young,30.783220097467115,-3.2167799025328847
327,_C5a_Donor3_H1_CD8T,CD8T,CD8T,68,CD8T,parsebioscience,Donor 6,H1,C5a,False,Donor 6- age: 68,C5a_Donor 6_H1,cytokine,549,0,0,114,0,0,0,0,0,226,0,209,0,Donor3,Old,39.79278788182657,-28.20721211817343
332,_C5a_Donor4_H1_CD8T,CD8T,CD8T,59,CD8T,parsebioscience,Donor 7,H1,C5a,False,Donor 7- age: 59,C5a_Donor 7_H1,cytokine,248,0,0,28,0,0,0,0,0,79,0,141,0,Donor4,Old,50.72608607059376,-8.273913929406241
337,_C5a_Donor5_H1_CD8T,CD8T,CD8T,41,CD8T,parsebioscience,Donor 8,H1,C5a,False,Donor 8- age: 41,C5a_Donor 8_H1,cytokine,2437,0,0,387,0,0,0,0,0,1534,0,516,0,Donor5,Young,20.10380527701175,-20.89619472298825
342,_C5a_Donor6_H1_CD8T,CD8T,CD8T,38,CD8T,parsebioscience,Donor 9,H1,C5a,False,Donor 9- age: 38,C5a_Donor 9_H1,cytokine,1097,0,0,286,0,0,0,0,0,176,0,635,0,Donor6,Young,46.690515960703024,8.690515960703024
347,_C5a_Donor7_H1_CD8T,CD8T,CD8T,45,CD8T,parsebioscience,Donor 10,H1,C5a,False,Donor 10- age: 45,C5a_Donor 10_H1,cytokine,1651,0,0,253,0,0,0,0,0,800,0,598,0,Donor7,Young,33.813396583560404,-11.186603416439596
352,_C5a_Donor8_H1_CD8T,CD8T,CD8T,52,CD8T,parsebioscience,Donor 11,H1,C5a,False,Donor 11- age: 52,C5a_Donor 11_H1,cytokine,1276,0,0,230,0,0,0,0,0,202,0,844,0,Donor8,Old,51.936151516608774,-0.06384848339122584
357,_C5a_Donor9_H1_CD8T,CD8T,CD8T,38,CD8T,parsebioscience,Donor 12,H1,C5a,False,Donor 12- age: 38,C5a_Donor 12_H1,cytokine,1255,0,0,137,0,0,0,0,0,268,0,850,0,Donor9,Young,38.30737704608226,0.3073770460822587
362,_CD27L_Donor10_D6_CD8T,CD8T,CD8T,42,CD8T,parsebioscience,Donor 2,D6,CD27L,False,Donor 2- age: 42,CD27L_Donor 2_D6,cytokine,907,0,0,134,0,0,0,0,0,501,0,272,0,Donor10,Young,36.31726423350857,-5.682735766491433
367,_CD27L_Donor11_D6_CD8T,CD8T,CD8T,46,CD8T,parsebioscience,Donor 3,D6,CD27L,False,Donor 3- age: 46,CD27L_Donor 3_D6,cytokine,1066,0,0,84,0,0,0,0,0,421,0,561,0,Donor11,Young,36.047048822063545,-9.952951177936455
372,_CD27L_Donor12_D6_CD8T,CD8T,CD8T,36,CD8T,parsebioscience,Donor 4,D6,CD27L,False,Donor 4- age: 36,CD27L_Donor 4_D6,cytokine,2146,0,0,477,0,0,0,0,0,529,0,1140,0,Donor12,Young,39.34332594832331,3.3433259483233115
377,_CD27L_Donor1_D6_CD8T,CD8T,CD8T,75,CD8T,parsebioscience,Donor 1,D6,CD27L,False,Donor 1- age: 75,CD27L_Donor 1_D6,cytokine,1581,0,0,473,0,0,0,0,0,391,0,717,0,Donor1,Old,59.44226887095411,-15.55773112904589
382,_CD27L_Donor2_D6_CD8T,CD8T,CD8T,34,CD8T,parsebioscience,Donor 5,D6,CD27L,False,Donor 5- age: 34,CD27L_Donor 5_D6,cytokine,2124,0,0,364,0,0,0,0,0,987,0,773,0,Donor2,Young,33.16832380408317,-0.8316761959168275
387,_CD27L_Donor3_D6_CD8T,CD8T,CD8T,68,CD8T,parsebioscience,Donor 6,D6,CD27L,False,Donor 6- age: 68,CD27L_Donor 6_D6,cytokine,1253,0,0,291,0,0,0,0,0,479,0,483,0,Donor3,Old,47.83932313611352,-20.16067686388648
392,_CD27L_Donor4_D6_CD8T,CD8T,CD8T,59,CD8T,parsebioscience,Donor 7,D6,CD27L,False,Donor 7- age: 59,CD27L_Donor 7_D6,cytokine,480,0,0,49,0,0,0,0,0,157,0,274,0,Donor4,Old,48.31004996994022,-10.689950030059777
397,_CD27L_Donor5_D6_CD8T,CD8T,CD8T,41,CD8T,parsebioscience,Donor 8,D6,CD27L,False,Donor 8- age: 41,CD27L_Donor 8_D6,cytokine,2623,0,0,418,0,0,0,0,0,1675,0,530,0,Donor5,Young,21.207025987721615,-19.792974012278385
402,_CD27L_Donor6_D6_CD8T,CD8T,CD8T,38,CD8T,parsebioscience,Donor 9,D6,CD27L,False,Donor 9- age: 38,CD27L_Donor 9_D6,cytokine,1660,0,0,409,0,0,0,0,0,319,0,932,0,Donor6,Young,45.38169306826413,7.381693068264127
407,_CD27L_Donor7_D6_CD8T,CD8T,CD8T,45,CD8T,parsebioscience,Donor 10,D6,CD27L,False,Donor 10- age: 45,CD27L_Donor 10_D6,cytokine,1985,0,0,381,0,0,0,0,0,909,0,695,0,Donor7,Young,32.31953982221158,-12.680460177788419
412,_CD27L_Donor8_D6_CD8T,CD8T,CD8T,52,CD8T,parsebioscience,Donor 11,D6,CD27L,False,Donor 11- age: 52,CD27L_Donor 11_D6,cytokine,1614,0,0,327,0,0,0,0,0,244,0,1043,0,Donor8,Old,46.56523961940731,-5.434760380592692
417,_CD27L_Donor9_D6_CD8T,CD8T,CD8T,38,CD8T,parsebioscience,Donor 12,D6,CD27L,False,Donor 12- age: 38,CD27L_Donor 12_D6,cytokine,1857,0,0,207,0,0,0,0,0,393,0,1257,0,Donor9,Young,39.71981067803546,1.7198106780354578
422,_CD30L_Donor10_D7_CD8T,CD8T,CD8T,42,CD8T,parsebioscience,Donor 2,D7,CD30L,False,Donor 2- age: 42,CD30L_Donor 2_D7,cytokine,990,0,0,148,0,0,0,0,0,586,0,256,0,Donor10,Young,36.41545111061232,-5.584548889387683
427,_CD30L_Donor11_D7_CD8T,CD8T,CD8T,46,CD8T,parsebioscience,Donor 3,D7,CD30L,False,Donor 3- age: 46,CD30L_Donor 3_D7,cytokine,1090,0,0,81,0,0,0,0,0,464,0,545,0,Donor11,Young,34.27665488513212,-11.723345114867882
432,_CD30L_Donor12_D7_CD8T,CD8T,CD8T,36,CD8T,parsebioscience,Donor 4,D7,CD30L,False,Donor 4- age: 36,CD30L_Donor 4_D7,cytokine,2004,0,0,434,0,0,0,0,0,556,0,1014,0,Donor12,Young,34.277962770801324,-1.7220372291986763
437,_CD30L_Donor1_D7_CD8T,CD8T,CD8T,75,CD8T,parsebioscience,Donor 1,D7,CD30L,False,Donor 1- age: 75,CD30L_Donor 1_D7,cytokine,1232,0,0,458,0,0,0,0,0,284,0,490,0,Donor1,Old,56.63179864518247,-18.36820135481753
442,_CD30L_Donor2_D7_CD8T,CD8T,CD8T,34,CD8T,parsebioscience,Donor 5,D7,CD30L,False,Donor 5- age: 34,CD30L_Donor 5_D7,cytokine,1994,0,0,343,0,0,0,0,0,1035,0,616,0,Donor2,Young,30.558188921090547,-3.4418110789094527
447,_CD30L_Donor3_D7_CD8T,CD8T,CD8T,68,CD8T,parsebioscience,Donor 6,D7,CD30L,False,Donor 6- age: 68,CD30L_Donor 6_D7,cytokine,974,0,0,213,0,0,0,0,0,401,0,360,0,Donor3,Old,46.34023002480001,-21.659769975199993
452,_CD30L_Donor4_D7_CD8T,CD8T,CD8T,59,CD8T,parsebioscience,Donor 7,D7,CD30L,False,Donor 7- age: 59,CD30L_Donor 7_D7,cytokine,382,0,0,36,0,0,0,0,0,119,0,227,0,Donor4,Old,41.309297808255586,-17.690702191744414
457,_CD30L_Donor5_D7_CD8T,CD8T,CD8T,41,CD8T,parsebioscience,Donor 8,D7,CD30L,False,Donor 8- age: 41,CD30L_Donor 8_D7,cytokine,3201,0,0,548,0,0,0,0,0,2030,0,623,0,Donor5,Young,21.33964014822218,-19.66035985177782
462,_CD30L_Donor6_D7_CD8T,CD8T,CD8T,38,CD8T,parsebioscience,Donor 9,D7,CD30L,False,Donor 9- age: 38,CD30L_Donor 9_D7,cytokine,2178,0,0,551,0,0,0,0,0,464,0,1163,0,Donor6,Young,43.485698451215754,5.485698451215754
467,_CD30L_Donor7_D7_CD8T,CD8T,CD8T,45,CD8T,parsebioscience,Donor 10,D7,CD30L,False,Donor 10- age: 45,CD30L_Donor 10_D7,cytokine,1498,0,0,299,0,0,0,0,0,758,0,441,0,Donor7,Young,27.42434817983493,-17.57565182016507
472,_CD30L_Donor8_D7_CD8T,CD8T,CD8T,52,CD8T,parsebioscience,Donor 11,D7,CD30L,False,Donor 11- age: 52,CD30L_Donor 11_D7,cytokine,1345,0,0,265,0,0,0,0,0,250,0,830,0,Donor8,Old,44.384635312122235,-7.615364687877765
477,_CD30L_Donor9_D7_CD8T,CD8T,CD8T,38,CD8T,parsebioscience,Donor 12,D7,CD30L,False,Donor 12- age: 38,CD30L_Donor 12_D7,cytokine,2042,0,0,236,0,0,0,0,0,433,0,1373,0,Donor9,Young,38.84298602909587,0.8429860290958686
482,_CD40L_Donor10_B1_CD8T,CD8T,CD8T,42,CD8T,parsebioscience,Donor 2,B1,CD40L,False,Donor 2- age: 42,CD40L_Donor 2_B1,cytokine,1174,0,0,244,0,0,0,0,0,584,0,346,0,Donor10,Young,40.64255673612091,-1.357443263879091
487,_CD40L_Donor11_B1_CD8T,CD8T,CD8T,46,CD8T,parsebioscience,Donor 3,B1,CD40L,False,Donor 3- age: 46,CD40L_Donor 3_B1,cytokine,1310,0,0,139,0,0,0,0,0,489,0,682,0,Donor11,Young,33.74967596827695,-12.250324031723054
492,_CD40L_Donor12_B1_CD8T,CD8T,CD8T,36,CD8T,parsebioscience,Donor 4,B1,CD40L,False,Donor 4- age: 36,CD40L_Donor 4_B1,cytokine,1980,0,0,449,0,0,0,0,0,531,0,1000,0,Donor12,Young,36.60760073456224,0.6076007345622401
497,_CD40L_Donor1_B1_CD8T,CD8T,CD8T,75,CD8T,parsebioscience,Donor 1,B1,CD40L,False,Donor 1- age: 75,CD40L_Donor 1_B1,cytokine,826,0,0,254,0,0,0,0,0,213,0,359,0,Donor1,Old,59.01276908324439,-15.987230916755607
502,_CD40L_Donor2_B1_CD8T,CD8T,CD8T,34,CD8T,parsebioscience,Donor 5,B1,CD40L,False,Donor 5- age: 34,CD40L_Donor 5_B1,cytokine,1378,0,0,227,0,0,0,0,0,757,0,394,0,Donor2,Young,26.144865495019893,-7.855134504980107
507,_CD40L_Donor3_B1_CD8T,CD8T,CD8T,68,CD8T,parsebioscience,Donor 6,B1,CD40L,False,Donor 6- age: 68,CD40L_Donor 6_B1,cytokine,663,0,0,147,0,0,0,0,0,273,0,243,0,Donor3,Old,52.250196158875035,-15.749803841124965
512,_CD40L_Donor4_B1_CD8T,CD8T,CD8T,59,CD8T,parsebioscience,Donor 7,B1,CD40L,False,Donor 7- age: 59,CD40L_Donor 7_B1,cytokine,225,0,0,21,0,0,0,0,0,69,0,135,0,Donor4,Old,56.06579993216886,-2.934200067831142
517,_CD40L_Donor5_B1_CD8T,CD8T,CD8T,41,CD8T,parsebioscience,Donor 8,B1,CD40L,False,Donor 8- age: 41,CD40L_Donor 8_B1,cytokine,2343,0,0,417,0,0,0,0,0,1429,0,497,0,Donor5,Young,20.867717806837028,-20.132282193162972
522,_CD40L_Donor6_B1_CD8T,CD8T,CD8T,38,CD8T,parsebioscience,Donor 9,B1,CD40L,False,Donor 9- age: 38,CD40L_Donor 9_B1,cytokine,1715,0,0,453,0,0,0,0,0,347,0,915,0,Donor6,Young,44.3244951978612,6.3244951978611965
527,_CD40L_Donor7_B1_CD8T,CD8T,CD8T,45,CD8T,parsebioscience,Donor 10,B1,CD40L,False,Donor 10- age: 45,CD40L_Donor 10_B1,cytokine,1496,0,0,319,0,0,0,0,0,699,0,478,0,Donor7,Young,31.085064860210895,-13.914935139789105
532,_CD40L_Donor8_B1_CD8T,CD8T,CD8T,52,CD8T,parsebioscience,Donor 11,B1,CD40L,False,Donor 11- age: 52,CD40L_Donor 11_B1,cytokine,890,0,0,192,0,0,0,0,0,156,0,542,0,Donor8,Old,43.595240557766154,-8.404759442233846
537,_CD40L_Donor9_B1_CD8T,CD8T,CD8T,38,CD8T,parsebioscience,Donor 12,B1,CD40L,False,Donor 12- age: 38,CD40L_Donor 12_B1,cytokine,1253,0,0,129,0,0,0,0,0,297,0,827,0,Donor9,Young,36.64677495989225,-1.353225040107752
542,_CT-1_Donor10_B7_CD8T,CD8T,CD8T,42,CD8T,parsebioscience,Donor 2,B7,CT-1,False,Donor 2- age: 42,CT-1_Donor 2_B7,cytokine,1340,0,0,203,0,0,0,0,0,808,0,329,0,Donor10,Young,36.198357710321304,-5.801642289678696
547,_CT-1_Donor11_B7_CD8T,CD8T,CD8T,46,CD8T,parsebioscience,Donor 3,B7,CT-1,False,Donor 3- age: 46,CT-1_Donor 3_B7,cytokine,1244,0,0,112,0,0,0,0,0,496,0,636,0,Donor11,Young,35.03148437181977,-10.968515628180228
552,_CT-1_Donor12_B7_CD8T,CD8T,CD8T,36,CD8T,parsebioscience,Donor 4,B7,CT-1,False,Donor 4- age: 36,CT-1_Donor 4_B7,cytokine,2591,0,0,610,0,0,0,0,0,778,0,1203,0,Donor12,Young,32.71905342295457,-3.2809465770454267
557,_CT-1_Donor1_B7_CD8T,CD8T,CD8T,75,CD8T,parsebioscience,Donor 1,B7,CT-1,False,Donor 1- age: 75,CT-1_Donor 1_B7,cytokine,2664,0,0,728,0,0,0,0,0,669,0,1267,0,Donor1,Old,53.09397974909531,-21.90602025090469
562,_CT-1_Donor2_B7_CD8T,CD8T,CD8T,34,CD8T,parsebioscience,Donor 5,B7,CT-1,False,Donor 5- age: 34,CT-1_Donor 5_B7,cytokine,1008,0,0,147,0,0,0,0,0,536,0,325,0,Donor2,Young,26.78293851358186,-7.217061486418139
567,_CT-1_Donor3_B7_CD8T,CD8T,CD8T,68,CD8T,parsebioscience,Donor 6,B7,CT-1,False,Donor 6- age: 68,CT-1_Donor 6_B7,cytokine,1098,0,0,218,0,0,0,0,0,483,0,397,0,Donor3,Old,42.76605779646315,-25.23394220353685
572,_CT-1_Donor4_B7_CD8T,CD8T,CD8T,59,CD8T,parsebioscience,Donor 7,B7,CT-1,False,Donor 7- age: 59,CT-1_Donor 7_B7,cytokine,364,0,0,38,0,0,0,0,0,130,0,196,0,Donor4,Old,41.53308865079438,-17.466911349205617
577,_CT-1_Donor5_B7_CD8T,CD8T,CD8T,41,CD8T,parsebioscience,Donor 8,B7,CT-1,False,Donor 8- age: 41,CT-1_Donor 8_B7,cytokine,2813,0,0,488,0,0,0,0,0,1764,0,561,0,Donor5,Young,23.703074101619528,-17.296925898380472
582,_CT-1_Donor6_B7_CD8T,CD8T,CD8T,38,CD8T,parsebioscience,Donor 9,B7,CT-1,False,Donor 9- age: 38,CT-1_Donor 9_B7,cytokine,2870,0,0,759,0,0,0,0,0,636,0,1475,0,Donor6,Young,43.13184445664203,5.131844456642028
587,_CT-1_Donor7_B7_CD8T,CD8T,CD8T,45,CD8T,parsebioscience,Donor 10,B7,CT-1,False,Donor 10- age: 45,CT-1_Donor 10_B7,cytokine,2455,0,0,501,0,0,0,0,0,1158,0,796,0,Donor7,Young,32.17436351363426,-12.825636486365738
592,_CT-1_Donor8_B7_CD8T,CD8T,CD8T,52,CD8T,parsebioscience,Donor 11,B7,CT-1,False,Donor 11- age: 52,CT-1_Donor 11_B7,cytokine,2296,0,0,515,0,0,0,0,0,377,0,1404,0,Donor8,Old,46.522122504625415,-5.477877495374585
597,_CT-1_Donor9_B7_CD8T,CD8T,CD8T,38,CD8T,parsebioscience,Donor 12,B7,CT-1,False,Donor 12- age: 38,CT-1_Donor 12_B7,cytokine,2808,0,0,308,0,0,0,0,0,626,0,1874,0,Donor9,Young,37.95429549707785,-0.045704502922149004
602,_Decorin_Donor10_F8_CD8T,CD8T,CD8T,42,CD8T,parsebioscience,Donor 2,F8,Decorin,False,Donor 2- age: 42,Decorin_Donor 2_F8,cytokine,893,0,0,134,0,0,0,0,0,497,0,262,0,Donor10,Young,35.817551469428466,-6.182448530571534
607,_Decorin_Donor11_F8_CD8T,CD8T,CD8T,46,CD8T,parsebioscience,Donor 3,F8,Decorin,False,Donor 3- age: 46,Decorin_Donor 3_F8,cytokine,1283,0,0,105,0,0,0,0,0,481,0,697,0,Donor11,Young,31.93926176341614,-14.060738236583859
612,_Decorin_Donor12_F8_CD8T,CD8T,CD8T,36,CD8T,parsebioscience,Donor 4,F8,Decorin,False,Donor 4- age: 36,Decorin_Donor 4_F8,cytokine,2128,0,0,488,0,0,0,0,0,552,0,1088,0,Donor12,Young,33.592711536118124,-2.4072884638818763
617,_Decorin_Donor1_F8_CD8T,CD8T,CD8T,75,CD8T,parsebioscience,Donor 1,F8,Decorin,False,Donor 1- age: 75,Decorin_Donor 1_F8,cytokine,1112,0,0,409,0,0,0,0,0,251,0,452,0,Donor1,Old,51.24993451116854,-23.75006548883146
622,_Decorin_Donor2_F8_CD8T,CD8T,CD8T,34,CD8T,parsebioscience,Donor 5,F8,Decorin,False,Donor 5- age: 34,Decorin_Donor 5_F8,cytokine,1761,0,0,304,0,0,0,0,0,839,0,618,0,Donor2,Young,26.301126966173925,-7.698873033826075
627,_Decorin_Donor3_F8_CD8T,CD8T,CD8T,68,CD8T,parsebioscience,Donor 6,F8,Decorin,False,Donor 6- age: 68,Decorin_Donor 6_F8,cytokine,887,0,0,187,0,0,0,0,0,377,0,323,0,Donor3,Old,40.23169993295517,-27.768300067044827
632,_Decorin_Donor4_F8_CD8T,CD8T,CD8T,59,CD8T,parsebioscience,Donor 7,F8,Decorin,False,Donor 7- age: 59,Decorin_Donor 7_F8,cytokine,329,0,0,36,0,0,0,0,0,93,0,200,0,Donor4,Old,43.48584825061058,-15.51415174938942
637,_Decorin_Donor5_F8_CD8T,CD8T,CD8T,41,CD8T,parsebioscience,Donor 8,F8,Decorin,False,Donor 8- age: 41,Decorin_Donor 8_F8,cytokine,3427,0,0,516,0,0,0,0,0,2194,0,717,0,Donor5,Young,18.982064154922263,-22.017935845077737
642,_Decorin_Donor6_F8_CD8T,CD8T,CD8T,38,CD8T,parsebioscience,Donor 9,F8,Decorin,False,Donor 9- age: 38,Decorin_Donor 9_F8,cytokine,1690,0,0,433,0,0,0,0,0,358,0,899,0,Donor6,Young,40.84811621142526,2.848116211425257
647,_Decorin_Donor7_F8_CD8T,CD8T,CD8T,45,CD8T,parsebioscience,Donor 10,F8,Decorin,False,Donor 10- age: 45,Decorin_Donor 10_F8,cytokine,1620,0,0,326,0,0,0,0,0,770,0,524,0,Donor7,Young,27.07389083399879,-17.92610916600121
652,_Decorin_Donor8_F8_CD8T,CD8T,CD8T,52,CD8T,parsebioscience,Donor 11,F8,Decorin,False,Donor 11- age: 52,Decorin_Donor 11_F8,cytokine,1438,0,0,316,0,0,0,0,0,244,0,878,0,Donor8,Old,40.965064365337284,-11.034935634662716
657,_Decorin_Donor9_F8_CD8T,CD8T,CD8T,38,CD8T,parsebioscience,Donor 12,F8,Decorin,False,Donor 12- age: 38,Decorin_Donor 12_F8,cytokine,1397,0,0,123,0,0,0,0,0,324,0,950,0,Donor9,Young,37.50291649150211,-0.4970835084978873
662,_EGF_Donor10_E9_CD8T,CD8T,CD8T,42,CD8T,parsebioscience,Donor 2,E9,EGF,False,Donor 2- age: 42,EGF_Donor 2_E9,cytokine,988,0,0,147,0,0,0,0,0,581,0,260,0,Donor10,Young,36.65507191503184,-5.34492808496816
667,_EGF_Donor11_E9_CD8T,CD8T,CD8T,46,CD8T,parsebioscience,Donor 3,E9,EGF,False,Donor 3- age: 46,EGF_Donor 3_E9,cytokine,1289,0,0,139,0,0,0,0,0,484,0,666,0,Donor11,Young,36.42251886070949,-9.577481139290512
672,_EGF_Donor12_E9_CD8T,CD8T,CD8T,36,CD8T,parsebioscience,Donor 4,E9,EGF,False,Donor 4- age: 36,EGF_Donor 4_E9,cytokine,2486,0,0,557,0,0,0,0,0,646,0,1283,0,Donor12,Young,35.707154610181405,-0.292845389818595
677,_EGF_Donor1_E9_CD8T,CD8T,CD8T,75,CD8T,parsebioscience,Donor 1,E9,EGF,False,Donor 1- age: 75,EGF_Donor 1_E9,cytokine,1625,0,0,572,0,0,0,0,0,381,0,672,0,Donor1,Old,54.30440435243425,-20.695595647565753
682,_EGF_Donor2_E9_CD8T,CD8T,CD8T,34,CD8T,parsebioscience,Donor 5,E9,EGF,False,Donor 5- age: 34,EGF_Donor 5_E9,cytokine,2049,0,0,382,0,0,0,0,0,1047,0,620,0,Donor2,Young,28.57314520852701,-5.426854791472991
687,_EGF_Donor3_E9_CD8T,CD8T,CD8T,68,CD8T,parsebioscience,Donor 6,E9,EGF,False,Donor 6- age: 68,EGF_Donor 6_E9,cytokine,1299,0,0,281,0,0,0,0,0,544,0,474,0,Donor3,Old,46.53012883210879,-21.469871167891213
692,_EGF_Donor4_E9_CD8T,CD8T,CD8T,59,CD8T,parsebioscience,Donor 7,E9,EGF,False,Donor 7- age: 59,EGF_Donor 7_E9,cytokine,294,0,0,22,0,0,0,0,0,101,0,171,0,Donor4,Old,55.47952751953807,-3.520472480461933
697,_EGF_Donor5_E9_CD8T,CD8T,CD8T,41,CD8T,parsebioscience,Donor 8,E9,EGF,False,Donor 8- age: 41,EGF_Donor 8_E9,cytokine,2282,0,0,380,0,0,0,0,0,1442,0,460,0,Donor5,Young,21.51355112843158,-19.48644887156842
702,_EGF_Donor6_E9_CD8T,CD8T,CD8T,38,CD8T,parsebioscience,Donor 9,E9,EGF,False,Donor 9- age: 38,EGF_Donor 9_E9,cytokine,1848,0,0,492,0,0,0,0,0,353,0,1003,0,Donor6,Young,44.57350295733438,6.573502957334377
707,_EGF_Donor7_E9_CD8T,CD8T,CD8T,45,CD8T,parsebioscience,Donor 10,E9,EGF,False,Donor 10- age: 45,EGF_Donor 10_E9,cytokine,2092,0,0,401,0,0,0,0,0,1073,0,618,0,Donor7,Young,31.601256919883067,-13.398743080116933
712,_EGF_Donor8_E9_CD8T,CD8T,CD8T,52,CD8T,parsebioscience,Donor 11,E9,EGF,False,Donor 11- age: 52,EGF_Donor 11_E9,cytokine,957,0,0,204,0,0,0,0,0,147,0,606,0,Donor8,Old,42.57587114849089,-9.42412885150911
717,_EGF_Donor9_E9_CD8T,CD8T,CD8T,38,CD8T,parsebioscience,Donor 12,E9,EGF,False,Donor 12- age: 38,EGF_Donor 12_E9,cytokine,1591,0,0,168,0,0,0,0,0,336,0,1087,0,Donor9,Young,43.247055400374464,5.247055400374464
722,_EPO_Donor10_F10_CD8T,CD8T,CD8T,42,CD8T,parsebioscience,Donor 2,F10,EPO,False,Donor 2- age: 42,EPO_Donor 2_F10,cytokine,818,0,0,163,0,0,0,0,0,441,0,214,0,Donor10,Young,32.091418486615616,-9.908581513384384
727,_EPO_Donor11_F10_CD8T,CD8T,CD8T,46,CD8T,parsebioscience,Donor 3,F10,EPO,False,Donor 3- age: 46,EPO_Donor 3_F10,cytokine,1146,0,0,109,0,0,0,0,0,497,0,540,0,Donor11,Young,33.937638570279475,-12.062361429720525
732,_EPO_Donor12_F10_CD8T,CD8T,CD8T,36,CD8T,parsebioscience,Donor 4,F10,EPO,False,Donor 4- age: 36,EPO_Donor 4_F10,cytokine,2063,0,0,479,0,0,0,0,0,542,0,1042,0,Donor12,Young,34.20992866196934,-1.790071338030657
737,_EPO_Donor1_F10_CD8T,CD8T,CD8T,75,CD8T,parsebioscience,Donor 1,F10,EPO,False,Donor 1- age: 75,EPO_Donor 1_F10,cytokine,1008,0,0,380,0,0,0,0,0,215,0,413,0,Donor1,Old,55.22678341829646,-19.773216581703537
742,_EPO_Donor2_F10_CD8T,CD8T,CD8T,34,CD8T,parsebioscience,Donor 5,F10,EPO,False,Donor 5- age: 34,EPO_Donor 5_F10,cytokine,1678,0,0,340,0,0,0,0,0,836,0,502,0,Donor2,Young,27.130407327601873,-6.869592672398127
747,_EPO_Donor3_F10_CD8T,CD8T,CD8T,68,CD8T,parsebioscience,Donor 6,F10,EPO,False,Donor 6- age: 68,EPO_Donor 6_F10,cytokine,1245,0,0,275,0,0,0,0,0,514,0,456,0,Donor3,Old,48.00099695602976,-19.99900304397024
752,_EPO_Donor4_F10_CD8T,CD8T,CD8T,59,CD8T,parsebioscience,Donor 7,F10,EPO,False,Donor 7- age: 59,EPO_Donor 7_F10,cytokine,402,0,0,29,0,0,0,0,0,127,0,246,0,Donor4,Old,38.07782862003536,-20.922171379964638
757,_EPO_Donor5_F10_CD8T,CD8T,CD8T,41,CD8T,parsebioscience,Donor 8,F10,EPO,False,Donor 8- age: 41,EPO_Donor 8_F10,cytokine,2152,0,0,406,0,0,0,0,0,1348,0,398,0,Donor5,Young,21.002331300518456,-19.997668699481544
762,_EPO_Donor6_F10_CD8T,CD8T,CD8T,38,CD8T,parsebioscience,Donor 9,F10,EPO,False,Donor 9- age: 38,EPO_Donor 9_F10,cytokine,1513,0,0,379,0,0,0,0,0,272,0,862,0,Donor6,Young,43.95812062828463,5.958120628284632
767,_EPO_Donor7_F10_CD8T,CD8T,CD8T,45,CD8T,parsebioscience,Donor 10,F10,EPO,False,Donor 10- age: 45,EPO_Donor 10_F10,cytokine,1567,0,0,278,0,0,0,0,0,828,0,461,0,Donor7,Young,29.431225745389344,-15.568774254610656
772,_EPO_Donor8_F10_CD8T,CD8T,CD8T,52,CD8T,parsebioscience,Donor 11,F10,EPO,False,Donor 11- age: 52,EPO_Donor 11_F10,cytokine,1540,0,0,372,0,0,0,0,0,256,0,912,0,Donor8,Old,44.52560264429286,-7.47439735570714
777,_EPO_Donor9_F10_CD8T,CD8T,CD8T,38,CD8T,parsebioscience,Donor 12,F10,EPO,False,Donor 12- age: 38,EPO_Donor 12_F10,cytokine,1568,0,0,181,0,0,0,0,0,346,0,1041,0,Donor9,Young,39.67406524252441,1.6740652425244065
782,_FGF-beta_Donor10_E11_CD8T,CD8T,CD8T,42,CD8T,parsebioscience,Donor 2,E11,FGF-beta,False,Donor 2- age: 42,FGF-beta_Donor 2_E11,cytokine,878,0,0,148,0,0,0,0,0,468,0,262,0,Donor10,Young,34.73199560824901,-7.268004391750992
787,_FGF-beta_Donor11_E11_CD8T,CD8T,CD8T,46,CD8T,parsebioscience,Donor 3,E11,FGF-beta,False,Donor 3- age: 46,FGF-beta_Donor 3_E11,cytokine,1196,0,0,105,0,0,0,0,0,449,0,642,0,Donor11,Young,33.54570323665992,-12.454296763340082
792,_FGF-beta_Donor12_E11_CD8T,CD8T,CD8T,36,CD8T,parsebioscience,Donor 4,E11,FGF-beta,False,Donor 4- age: 36,FGF-beta_Donor 4_E11,cytokine,1452,0,0,311,0,0,0,0,0,362,0,779,0,Donor12,Young,32.85077480009597,-3.1492251999040306
797,_FGF-beta_Donor1_E11_CD8T,CD8T,CD8T,75,CD8T,parsebioscience,Donor 1,E11,FGF-beta,False,Donor 1- age: 75,FGF-beta_Donor 1_E11,cytokine,1298,0,0,388,0,0,0,0,0,310,0,600,0,Donor1,Old,51.542193773717806,-23.457806226282194
802,_FGF-beta_Donor2_E11_CD8T,CD8T,CD8T,34,CD8T,parsebioscience,Donor 5,E11,FGF-beta,False,Donor 5- age: 34,FGF-beta_Donor 5_E11,cytokine,2243,0,0,361,0,0,0,0,0,1130,0,752,0,Donor2,Young,24.164545381763475,-9.835454618236525
807,_FGF-beta_Donor3_E11_CD8T,CD8T,CD8T,68,CD8T,parsebioscience,Donor 6,E11,FGF-beta,False,Donor 6- age: 68,FGF-beta_Donor 6_E11,cytokine,746,0,0,161,0,0,0,0,0,280,0,305,0,Donor3,Old,43.724218305244676,-24.275781694755324
812,_FGF-beta_Donor4_E11_CD8T,CD8T,CD8T,59,CD8T,parsebioscience,Donor 7,E11,FGF-beta,False,Donor 7- age: 59,FGF-beta_Donor 7_E11,cytokine,278,0,0,24,0,0,0,0,0,90,0,164,0,Donor4,Old,46.933151650917914,-12.066848349082086
817,_FGF-beta_Donor5_E11_CD8T,CD8T,CD8T,41,CD8T,parsebioscience,Donor 8,E11,FGF-beta,False,Donor 8- age: 41,FGF-beta_Donor 8_E11,cytokine,1935,0,0,354,0,0,0,0,0,1204,0,377,0,Donor5,Young,18.714645054709372,-22.285354945290628
822,_FGF-beta_Donor6_E11_CD8T,CD8T,CD8T,38,CD8T,parsebioscience,Donor 9,E11,FGF-beta,False,Donor 9- age: 38,FGF-beta_Donor 9_E11,cytokine,1526,0,0,388,0,0,0,0,0,288,0,850,0,Donor6,Young,43.920018995646764,5.920018995646764
827,_FGF-beta_Donor7_E11_CD8T,CD8T,CD8T,45,CD8T,parsebioscience,Donor 10,E11,FGF-beta,False,Donor 10- age: 45,FGF-beta_Donor 10_E11,cytokine,1875,0,0,406,0,0,0,0,0,943,0,526,0,Donor7,Young,25.993179790101742,-19.006820209898258
832,_FGF-beta_Donor8_E11_CD8T,CD8T,CD8T,52,CD8T,parsebioscience,Donor 11,E11,FGF-beta,False,Donor 11- age: 52,FGF-beta_Donor 11_E11,cytokine,869,0,0,172,0,0,0,0,0,158,0,539,0,Donor8,Old,39.00023636185782,-12.999763638142177
837,_FGF-beta_Donor9_E11_CD8T,CD8T,CD8T,38,CD8T,parsebioscience,Donor 12,E11,FGF-beta,False,Donor 12- age: 38,FGF-beta_Donor 12_E11,cytokine,1649,0,0,167,0,0,0,0,0,363,0,1119,0,Donor9,Young,39.175957625346726,1.1759576253467259
842,_FLT3L_Donor10_E5_CD8T,CD8T,CD8T,42,CD8T,parsebioscience,Donor 2,E5,FLT3L,False,Donor 2- age: 42,FLT3L_Donor 2_E5,cytokine,847,0,0,139,0,0,0,0,0,464,0,244,0,Donor10,Young,35.6258814175359,-6.374118582464099
847,_FLT3L_Donor11_E5_CD8T,CD8T,CD8T,46,CD8T,parsebioscience,Donor 3,E5,FLT3L,False,Donor 3- age: 46,FLT3L_Donor 3_E5,cytokine,928,0,0,83,0,0,0,0,0,334,0,511,0,Donor11,Young,31.86578557743126,-14.13421442256874
852,_FLT3L_Donor12_E5_CD8T,CD8T,CD8T,36,CD8T,parsebioscience,Donor 4,E5,FLT3L,False,Donor 4- age: 36,FLT3L_Donor 4_E5,cytokine,1881,0,0,425,0,0,0,0,0,414,0,1042,0,Donor12,Young,37.00114867292304,1.001148672923037
857,_FLT3L_Donor1_E5_CD8T,CD8T,CD8T,75,CD8T,parsebioscience,Donor 1,E5,FLT3L,False,Donor 1- age: 75,FLT3L_Donor 1_E5,cytokine,1032,0,0,333,0,0,0,0,0,225,0,474,0,Donor1,Old,54.82639491292338,-20.173605087076623
862,_FLT3L_Donor2_E5_CD8T,CD8T,CD8T,34,CD8T,parsebioscience,Donor 5,E5,FLT3L,False,Donor 5- age: 34,FLT3L_Donor 5_E5,cytokine,2070,0,0,355,0,0,0,0,0,1041,0,674,0,Donor2,Young,27.954225291113097,-6.045774708886903
867,_FLT3L_Donor3_E5_CD8T,CD8T,CD8T,68,CD8T,parsebioscience,Donor 6,E5,FLT3L,False,Donor 6- age: 68,FLT3L_Donor 6_E5,cytokine,775,0,0,170,0,0,0,0,0,297,0,308,0,Donor3,Old,47.08059859148369,-20.919401408516308
872,_FLT3L_Donor4_E5_CD8T,CD8T,CD8T,59,CD8T,parsebioscience,Donor 7,E5,FLT3L,False,Donor 7- age: 59,FLT3L_Donor 7_E5,cytokine,366,0,0,31,0,0,0,0,0,117,0,218,0,Donor4,Old,44.11082933692641,-14.889170663073592
877,_FLT3L_Donor5_E5_CD8T,CD8T,CD8T,41,CD8T,parsebioscience,Donor 8,E5,FLT3L,False,Donor 8- age: 41,FLT3L_Donor 8_E5,cytokine,2355,0,0,424,0,0,0,0,0,1397,0,534,0,Donor5,Young,22.8114575705551,-18.1885424294449
882,_FLT3L_Donor6_E5_CD8T,CD8T,CD8T,38,CD8T,parsebioscience,Donor 9,E5,FLT3L,False,Donor 9- age: 38,FLT3L_Donor 9_E5,cytokine,2215,0,0,574,0,0,0,0,0,378,0,1263,0,Donor6,Young,45.330567226128906,7.330567226128906
887,_FLT3L_Donor7_E5_CD8T,CD8T,CD8T,45,CD8T,parsebioscience,Donor 10,E5,FLT3L,False,Donor 10- age: 45,FLT3L_Donor 10_E5,cytokine,1285,0,0,266,0,0,0,0,0,604,0,415,0,Donor7,Young,32.076803529668936,-12.923196470331064
892,_FLT3L_Donor8_E5_CD8T,CD8T,CD8T,52,CD8T,parsebioscience,Donor 11,E5,FLT3L,False,Donor 11- age: 52,FLT3L_Donor 11_E5,cytokine,1642,0,0,339,0,0,0,0,0,249,0,1054,0,Donor8,Old,45.35798633008747,-6.642013669912529
897,_FLT3L_Donor9_E5_CD8T,CD8T,CD8T,38,CD8T,parsebioscience,Donor 12,E5,FLT3L,False,Donor 12- age: 38,FLT3L_Donor 12_E5,cytokine,1356,0,0,138,0,0,0,0,0,270,0,948,0,Donor9,Young,39.96168868287292,1.9616886828729179
902,_FasL_Donor10_D5_CD8T,CD8T,CD8T,42,CD8T,parsebioscience,Donor 2,D5,FasL,False,Donor 2- age: 42,FasL_Donor 2_D5,cytokine,909,0,0,134,0,0,0,0,0,526,0,249,0,Donor10,Young,34.445070358831906,-7.554929641168094
907,_FasL_Donor11_D5_CD8T,CD8T,CD8T,46,CD8T,parsebioscience,Donor 3,D5,FasL,False,Donor 3- age: 46,FasL_Donor 3_D5,cytokine,1293,0,0,103,0,0,0,0,0,539,0,651,0,Donor11,Young,34.25007356125954,-11.74992643874046
912,_FasL_Donor12_D5_CD8T,CD8T,CD8T,36,CD8T,parsebioscience,Donor 4,D5,FasL,False,Donor 4- age: 36,FasL_Donor 4_D5,cytokine,2370,0,0,491,0,0,0,0,0,639,0,1240,0,Donor12,Young,34.16091727530711,-1.8390827246928865
917,_FasL_Donor1_D5_CD8T,CD8T,CD8T,75,CD8T,parsebioscience,Donor 1,D5,FasL,False,Donor 1- age: 75,FasL_Donor 1_D5,cytokine,1212,0,0,413,0,0,0,0,0,275,0,524,0,Donor1,Old,54.140931299118606,-20.859068700881394
922,_FasL_Donor2_D5_CD8T,CD8T,CD8T,34,CD8T,parsebioscience,Donor 5,D5,FasL,False,Donor 5- age: 34,FasL_Donor 5_D5,cytokine,1901,0,0,324,0,0,0,0,0,1002,0,575,0,Donor2,Young,26.85288491847009,-7.147115081529911
927,_FasL_Donor3_D5_CD8T,CD8T,CD8T,68,CD8T,parsebioscience,Donor 6,D5,FasL,False,Donor 6- age: 68,FasL_Donor 6_D5,cytokine,1004,0,0,226,0,0,0,0,0,418,0,360,0,Donor3,Old,45.79889417246038,-22.20110582753962
932,_FasL_Donor4_D5_CD8T,CD8T,CD8T,59,CD8T,parsebioscience,Donor 7,D5,FasL,False,Donor 7- age: 59,FasL_Donor 7_D5,cytokine,435,0,0,47,0,0,0,0,0,134,0,254,0,Donor4,Old,40.776037776205754,-18.223962223794246
937,_FasL_Donor5_D5_CD8T,CD8T,CD8T,41,CD8T,parsebioscience,Donor 8,D5,FasL,False,Donor 8- age: 41,FasL_Donor 8_D5,cytokine,2873,0,0,493,0,0,0,0,0,1813,0,567,0,Donor5,Young,19.718031373605434,-21.281968626394566
942,_FasL_Donor6_D5_CD8T,CD8T,CD8T,38,CD8T,parsebioscience,Donor 9,D5,FasL,False,Donor 9- age: 38,FasL_Donor 9_D5,cytokine,1845,0,0,490,0,0,0,0,0,368,0,987,0,Donor6,Young,42.01193715948808,4.0119371594880775
947,_FasL_Donor7_D5_CD8T,CD8T,CD8T,45,CD8T,parsebioscience,Donor 10,D5,FasL,False,Donor 10- age: 45,FasL_Donor 10_D5,cytokine,2230,0,0,433,0,0,0,0,0,1116,0,681,0,Donor7,Young,27.57926716357636,-17.42073283642364
952,_FasL_Donor8_D5_CD8T,CD8T,CD8T,52,CD8T,parsebioscience,Donor 11,D5,FasL,False,Donor 11- age: 52,FasL_Donor 11_D5,cytokine,1181,0,0,261,0,0,0,0,0,180,0,740,0,Donor8,Old,42.99352906025513,-9.006470939744872
957,_FasL_Donor9_D5_CD8T,CD8T,CD8T,38,CD8T,parsebioscience,Donor 12,D5,FasL,False,Donor 12- age: 38,FasL_Donor 12_D5,cytokine,1433,0,0,163,0,0,0,0,0,304,0,966,0,Donor9,Young,39.71859800529208,1.7185980052920797
962,_G-CSF_Donor10_E8_CD8T,CD8T,CD8T,42,CD8T,parsebioscience,Donor 2,E8,G-CSF,False,Donor 2- age: 42,G-CSF_Donor 2_E8,cytokine,1028,0,0,182,0,0,0,0,0,577,0,269,0,Donor10,Young,34.886535447259305,-7.113464552740695
967,_G-CSF_Donor11_E8_CD8T,CD8T,CD8T,46,CD8T,parsebioscience,Donor 3,E8,G-CSF,False,Donor 3- age: 46,G-CSF_Donor 3_E8,cytokine,1207,0,0,111,0,0,0,0,0,457,0,639,0,Donor11,Young,32.402900469782345,-13.597099530217655
972,_G-CSF_Donor12_E8_CD8T,CD8T,CD8T,36,CD8T,parsebioscience,Donor 4,E8,G-CSF,False,Donor 4- age: 36,G-CSF_Donor 4_E8,cytokine,2015,0,0,431,0,0,0,0,0,529,0,1055,0,Donor12,Young,36.43986397684065,0.43986397684064826
977,_G-CSF_Donor1_E8_CD8T,CD8T,CD8T,75,CD8T,parsebioscience,Donor 1,E8,G-CSF,False,Donor 1- age: 75,G-CSF_Donor 1_E8,cytokine,2516,0,0,734,0,0,0,0,0,627,0,1155,0,Donor1,Old,53.51445430857607,-21.48554569142393
982,_G-CSF_Donor2_E8_CD8T,CD8T,CD8T,34,CD8T,parsebioscience,Donor 5,E8,G-CSF,False,Donor 5- age: 34,G-CSF_Donor 5_E8,cytokine,1832,0,0,319,0,0,0,0,0,933,0,580,0,Donor2,Young,26.66648612161024,-7.333513878389759
987,_G-CSF_Donor3_E8_CD8T,CD8T,CD8T,68,CD8T,parsebioscience,Donor 6,E8,G-CSF,False,Donor 6- age: 68,G-CSF_Donor 6_E8,cytokine,938,0,0,193,0,0,0,0,0,388,0,357,0,Donor3,Old,45.14752637740126,-22.852473622598737
992,_G-CSF_Donor4_E8_CD8T,CD8T,CD8T,59,CD8T,parsebioscience,Donor 7,E8,G-CSF,False,Donor 7- age: 59,G-CSF_Donor 7_E8,cytokine,508,0,0,52,0,0,0,0,0,170,0,286,0,Donor4,Old,47.910834267799444,-11.089165732200556
997,_G-CSF_Donor5_E8_CD8T,CD8T,CD8T,41,CD8T,parsebioscience,Donor 8,E8,G-CSF,False,Donor 8- age: 41,G-CSF_Donor 8_E8,cytokine,2291,0,0,353,0,0,0,0,0,1451,0,487,0,Donor5,Young,20.474513447613653,-20.525486552386347
1002,_G-CSF_Donor6_E8_CD8T,CD8T,CD8T,38,CD8T,parsebioscience,Donor 9,E8,G-CSF,False,Donor 9- age: 38,G-CSF_Donor 9_E8,cytokine,2389,0,0,649,0,0,0,0,0,445,0,1295,0,Donor6,Young,42.47751555508407,4.477515555084068
1007,_G-CSF_Donor7_E8_CD8T,CD8T,CD8T,45,CD8T,parsebioscience,Donor 10,E8,G-CSF,False,Donor 10- age: 45,G-CSF_Donor 10_E8,cytokine,1983,0,0,382,0,0,0,0,0,998,0,603,0,Donor7,Young,27.048152709409813,-17.951847290590187
1012,_G-CSF_Donor8_E8_CD8T,CD8T,CD8T,52,CD8T,parsebioscience,Donor 11,E8,G-CSF,False,Donor 11- age: 52,G-CSF_Donor 11_E8,cytokine,1273,0,0,290,0,0,0,0,0,206,0,777,0,Donor8,Old,46.010583659881526,-5.989416340118474
1017,_G-CSF_Donor9_E8_CD8T,CD8T,CD8T,38,CD8T,parsebioscience,Donor 12,E8,G-CSF,False,Donor 12- age: 38,G-CSF_Donor 12_E8,cytokine,1828,0,0,219,0,0,0,0,0,406,0,1203,0,Donor9,Young,37.510035082428566,-0.48996491757143446
1022,_GDNF_Donor10_F2_CD8T,CD8T,CD8T,42,CD8T,parsebioscience,Donor 2,F2,GDNF,False,Donor 2- age: 42,GDNF_Donor 2_F2,cytokine,888,0,0,146,0,0,0,0,0,456,0,286,0,Donor10,Young,31.69706720933396,-10.302932790666041
1027,_GDNF_Donor11_F2_CD8T,CD8T,CD8T,46,CD8T,parsebioscience,Donor 3,F2,GDNF,False,Donor 3- age: 46,GDNF_Donor 3_F2,cytokine,759,0,0,57,0,0,0,0,0,280,0,422,0,Donor11,Young,39.71051521016778,-6.289484789832223
1032,_GDNF_Donor12_F2_CD8T,CD8T,CD8T,36,CD8T,parsebioscience,Donor 4,F2,GDNF,False,Donor 4- age: 36,GDNF_Donor 4_F2,cytokine,1651,0,0,368,0,0,0,0,0,398,0,885,0,Donor12,Young,32.75738836112564,-3.242611638874358
1037,_GDNF_Donor1_F2_CD8T,CD8T,CD8T,75,CD8T,parsebioscience,Donor 1,F2,GDNF,False,Donor 1- age: 75,GDNF_Donor 1_F2,cytokine,810,0,0,305,0,0,0,0,0,187,0,318,0,Donor1,Old,53.051588473154325,-21.948411526845675
1042,_GDNF_Donor2_F2_CD8T,CD8T,CD8T,34,CD8T,parsebioscience,Donor 5,F2,GDNF,False,Donor 5- age: 34,GDNF_Donor 5_F2,cytokine,1640,0,0,295,0,0,0,0,0,781,0,564,0,Donor2,Young,24.596772638000246,-9.403227361999754
1047,_GDNF_Donor3_F2_CD8T,CD8T,CD8T,68,CD8T,parsebioscience,Donor 6,F2,GDNF,False,Donor 6- age: 68,GDNF_Donor 6_F2,cytokine,565,0,0,123,0,0,0,0,0,233,0,209,0,Donor3,Old,48.425931673386025,-19.574068326613975
1052,_GDNF_Donor4_F2_CD8T,CD8T,CD8T,59,CD8T,parsebioscience,Donor 7,F2,GDNF,False,Donor 7- age: 59,GDNF_Donor 7_F2,cytokine,362,0,0,31,0,0,0,0,0,118,0,213,0,Donor4,Old,43.6916252168146,-15.3083747831854
1057,_GDNF_Donor5_F2_CD8T,CD8T,CD8T,41,CD8T,parsebioscience,Donor 8,F2,GDNF,False,Donor 8- age: 41,GDNF_Donor 8_F2,cytokine,2558,0,0,423,0,0,0,0,0,1620,0,515,0,Donor5,Young,19.404385851147232,-21.595614148852768
1062,_GDNF_Donor6_F2_CD8T,CD8T,CD8T,38,CD8T,parsebioscience,Donor 9,F2,GDNF,False,Donor 9- age: 38,GDNF_Donor 9_F2,cytokine,1634,0,0,465,0,0,0,0,0,291,0,878,0,Donor6,Young,43.19802109386404,5.1980210938640425
1067,_GDNF_Donor7_F2_CD8T,CD8T,CD8T,45,CD8T,parsebioscience,Donor 10,F2,GDNF,False,Donor 10- age: 45,GDNF_Donor 10_F2,cytokine,1646,0,0,324,0,0,0,0,0,810,0,512,0,Donor7,Young,28.05529797476936,-16.94470202523064
1072,_GDNF_Donor8_F2_CD8T,CD8T,CD8T,52,CD8T,parsebioscience,Donor 11,F2,GDNF,False,Donor 11- age: 52,GDNF_Donor 11_F2,cytokine,2063,0,0,450,0,0,0,0,0,316,0,1297,0,Donor8,Old,44.05419000204257,-7.945809997957433
1077,_GDNF_Donor9_F2_CD8T,CD8T,CD8T,38,CD8T,parsebioscience,Donor 12,F2,GDNF,False,Donor 12- age: 38,GDNF_Donor 12_F2,cytokine,1845,0,0,216,0,0,0,0,0,386,0,1243,0,Donor9,Young,38.71015881878405,0.710158818784052
1082,_GITRL_Donor10_E3_CD8T,CD8T,CD8T,42,CD8T,parsebioscience,Donor 2,E3,GITRL,False,Donor 2- age: 42,GITRL_Donor 2_E3,cytokine,843,0,0,139,0,0,0,0,0,456,0,248,0,Donor10,Young,33.91062918767689,-8.08937081232311
1087,_GITRL_Donor11_E3_CD8T,CD8T,CD8T,46,CD8T,parsebioscience,Donor 3,E3,GITRL,False,Donor 3- age: 46,GITRL_Donor 3_E3,cytokine,1231,0,0,97,0,0,0,0,0,467,0,667,0,Donor11,Young,36.13450926854244,-9.865490731457562
1092,_GITRL_Donor12_E3_CD8T,CD8T,CD8T,36,CD8T,parsebioscience,Donor 4,E3,GITRL,False,Donor 4- age: 36,GITRL_Donor 4_E3,cytokine,1299,0,0,311,0,0,0,0,0,326,0,662,0,Donor12,Young,37.80367099110299,1.8036709911029902
1097,_GITRL_Donor1_E3_CD8T,CD8T,CD8T,75,CD8T,parsebioscience,Donor 1,E3,GITRL,False,Donor 1- age: 75,GITRL_Donor 1_E3,cytokine,1087,0,0,360,0,0,0,0,0,268,0,459,0,Donor1,Old,56.82290488370917,-18.17709511629083
1102,_GITRL_Donor2_E3_CD8T,CD8T,CD8T,34,CD8T,parsebioscience,Donor 5,E3,GITRL,False,Donor 5- age: 34,GITRL_Donor 5_E3,cytokine,2347,0,0,420,0,0,0,0,0,1184,0,743,0,Donor2,Young,29.594615660791668,-4.405384339208332
1107,_GITRL_Donor3_E3_CD8T,CD8T,CD8T,68,CD8T,parsebioscience,Donor 6,E3,GITRL,False,Donor 6- age: 68,GITRL_Donor 6_E3,cytokine,802,0,0,182,0,0,0,0,0,344,0,276,0,Donor3,Old,48.33511952669243,-19.66488047330757
1112,_GITRL_Donor4_E3_CD8T,CD8T,CD8T,59,CD8T,parsebioscience,Donor 7,E3,GITRL,False,Donor 7- age: 59,GITRL_Donor 7_E3,cytokine,236,0,0,18,0,0,0,0,0,64,0,154,0,Donor4,Old,40.852176273686105,-18.147823726313895
1117,_GITRL_Donor5_E3_CD8T,CD8T,CD8T,41,CD8T,parsebioscience,Donor 8,E3,GITRL,False,Donor 8- age: 41,GITRL_Donor 8_E3,cytokine,1534,0,0,269,0,0,0,0,0,940,0,325,0,Donor5,Young,18.8423239658052,-22.1576760341948
1122,_GITRL_Donor6_E3_CD8T,CD8T,CD8T,38,CD8T,parsebioscience,Donor 9,E3,GITRL,False,Donor 9- age: 38,GITRL_Donor 9_E3,cytokine,1939,0,0,428,0,0,0,0,0,411,0,1100,0,Donor6,Young,50.75588780635127,12.755887806351268
1127,_GITRL_Donor7_E3_CD8T,CD8T,CD8T,45,CD8T,parsebioscience,Donor 10,E3,GITRL,False,Donor 10- age: 45,GITRL_Donor 10_E3,cytokine,1771,0,0,372,0,0,0,0,0,886,0,513,0,Donor7,Young,30.04186476221389,-14.95813523778611
1132,_GITRL_Donor8_E3_CD8T,CD8T,CD8T,52,CD8T,parsebioscience,Donor 11,E3,GITRL,False,Donor 11- age: 52,GITRL_Donor 11_E3,cytokine,1364,0,0,295,0,0,0,0,0,216,0,853,0,Donor8,Old,48.180895766512734,-3.8191042334872662
1137,_GITRL_Donor9_E3_CD8T,CD8T,CD8T,38,CD8T,parsebioscience,Donor 12,E3,GITRL,False,Donor 12- age: 38,GITRL_Donor 12_E3,cytokine,1543,0,0,173,0,0,0,0,0,349,0,1021,0,Donor9,Young,38.76877635595295,0.7687763559529515
1142,_GM-CSF_Donor10_G11_CD8T,CD8T,CD8T,42,CD8T,parsebioscience,Donor 2,G11,GM-CSF,False,Donor 2- age: 42,GM-CSF_Donor 2_G11,cytokine,713,0,0,84,0,0,0,0,0,437,0,192,0,Donor10,Young,34.44270229252167,-7.557297707478327
1147,_GM-CSF_Donor11_G11_CD8T,CD8T,CD8T,46,CD8T,parsebioscience,Donor 3,G11,GM-CSF,False,Donor 3- age: 46,GM-CSF_Donor 3_G11,cytokine,1349,0,0,112,0,0,0,0,0,623,0,614,0,Donor11,Young,35.471465298331765,-10.528534701668235
1152,_GM-CSF_Donor12_G11_CD8T,CD8T,CD8T,36,CD8T,parsebioscience,Donor 4,G11,GM-CSF,False,Donor 4- age: 36,GM-CSF_Donor 4_G11,cytokine,1978,0,0,336,0,0,0,0,0,565,0,1077,0,Donor12,Young,33.519781651951284,-2.480218348048716
1157,_GM-CSF_Donor1_G11_CD8T,CD8T,CD8T,75,CD8T,parsebioscience,Donor 1,G11,GM-CSF,False,Donor 1- age: 75,GM-CSF_Donor 1_G11,cytokine,1484,0,0,250,0,0,0,0,0,417,0,817,0,Donor1,Old,59.79370681375195,-15.206293186248047
1162,_GM-CSF_Donor2_G11_CD8T,CD8T,CD8T,34,CD8T,parsebioscience,Donor 5,G11,GM-CSF,False,Donor 5- age: 34,GM-CSF_Donor 5_G11,cytokine,1979,0,0,353,0,0,0,0,0,965,0,661,0,Donor2,Young,27.729872049226095,-6.2701279507739045
1167,_GM-CSF_Donor3_G11_CD8T,CD8T,CD8T,68,CD8T,parsebioscience,Donor 6,G11,GM-CSF,False,Donor 6- age: 68,GM-CSF_Donor 6_G11,cytokine,965,0,0,189,0,0,0,0,0,414,0,362,0,Donor3,Old,43.14171873654635,-24.858281263453648
1172,_GM-CSF_Donor4_G11_CD8T,CD8T,CD8T,59,CD8T,parsebioscience,Donor 7,G11,GM-CSF,False,Donor 7- age: 59,GM-CSF_Donor 7_G11,cytokine,319,0,0,27,0,0,0,0,0,107,0,185,0,Donor4,Old,47.314177437816014,-11.685822562183986
1177,_GM-CSF_Donor5_G11_CD8T,CD8T,CD8T,41,CD8T,parsebioscience,Donor 8,G11,GM-CSF,False,Donor 8- age: 41,GM-CSF_Donor 8_G11,cytokine,3202,0,0,385,0,0,0,0,0,2110,0,707,0,Donor5,Young,21.629127183510924,-19.370872816489076
1182,_GM-CSF_Donor6_G11_CD8T,CD8T,CD8T,38,CD8T,parsebioscience,Donor 9,G11,GM-CSF,False,Donor 9- age: 38,GM-CSF_Donor 9_G11,cytokine,1022,0,0,243,0,0,0,0,0,213,0,566,0,Donor6,Young,44.73053499549669,6.73053499549669
1187,_GM-CSF_Donor7_G11_CD8T,CD8T,CD8T,45,CD8T,parsebioscience,Donor 10,G11,GM-CSF,False,Donor 10- age: 45,GM-CSF_Donor 10_G11,cytokine,1226,0,0,226,0,0,0,0,0,610,0,390,0,Donor7,Young,29.311466278752686,-15.688533721247314
1192,_GM-CSF_Donor8_G11_CD8T,CD8T,CD8T,52,CD8T,parsebioscience,Donor 11,G11,GM-CSF,False,Donor 11- age: 52,GM-CSF_Donor 11_G11,cytokine,996,0,0,166,0,0,0,0,0,187,0,643,0,Donor8,Old,45.99344632416315,-6.006553675836848
1197,_GM-CSF_Donor9_G11_CD8T,CD8T,CD8T,38,CD8T,parsebioscience,Donor 12,G11,GM-CSF,False,Donor 12- age: 38,GM-CSF_Donor 12_G11,cytokine,1311,0,0,133,0,0,0,0,0,317,0,861,0,Donor9,Young,37.658118902499055,-0.341881097500945
1202,_HGF_Donor10_E12_CD8T,CD8T,CD8T,42,CD8T,parsebioscience,Donor 2,E12,HGF,False,Donor 2- age: 42,HGF_Donor 2_E12,cytokine,762,0,0,148,0,0,0,0,0,416,0,198,0,Donor10,Young,35.74368610263812,-6.256313897361878
1207,_HGF_Donor11_E12_CD8T,CD8T,CD8T,46,CD8T,parsebioscience,Donor 3,E12,HGF,False,Donor 3- age: 46,HGF_Donor 3_E12,cytokine,1105,0,0,117,0,0,0,0,0,415,0,573,0,Donor11,Young,30.73509727096556,-15.26490272903444
1212,_HGF_Donor12_E12_CD8T,CD8T,CD8T,36,CD8T,parsebioscience,Donor 4,E12,HGF,False,Donor 4- age: 36,HGF_Donor 4_E12,cytokine,1668,0,0,373,0,0,0,0,0,383,0,912,0,Donor12,Young,35.82178471644524,-0.17821528355476346
1217,_HGF_Donor1_E12_CD8T,CD8T,CD8T,75,CD8T,parsebioscience,Donor 1,E12,HGF,False,Donor 1- age: 75,HGF_Donor 1_E12,cytokine,1590,0,0,528,0,0,0,0,0,369,0,693,0,Donor1,Old,55.714136539455616,-19.285863460544384
1222,_HGF_Donor2_E12_CD8T,CD8T,CD8T,34,CD8T,parsebioscience,Donor 5,E12,HGF,False,Donor 5- age: 34,HGF_Donor 5_E12,cytokine,2095,0,0,367,0,0,0,0,0,1045,0,683,0,Donor2,Young,27.81404085091593,-6.18595914908407
1227,_HGF_Donor3_E12_CD8T,CD8T,CD8T,68,CD8T,parsebioscience,Donor 6,E12,HGF,False,Donor 6- age: 68,HGF_Donor 6_E12,cytokine,1111,0,0,243,0,0,0,0,0,436,0,432,0,Donor3,Old,48.59778114594341,-19.402218854056592
1232,_HGF_Donor4_E12_CD8T,CD8T,CD8T,59,CD8T,parsebioscience,Donor 7,E12,HGF,False,Donor 7- age: 59,HGF_Donor 7_E12,cytokine,261,0,0,16,0,0,0,0,0,84,0,161,0,Donor4,Old,48.930141695454594,-10.069858304545406
1237,_HGF_Donor5_E12_CD8T,CD8T,CD8T,41,CD8T,parsebioscience,Donor 8,E12,HGF,False,Donor 8- age: 41,HGF_Donor 8_E12,cytokine,1549,0,0,300,0,0,0,0,0,943,0,306,0,Donor5,Young,23.38929119415134,-17.61070880584866
1242,_HGF_Donor6_E12_CD8T,CD8T,CD8T,38,CD8T,parsebioscience,Donor 9,E12,HGF,False,Donor 9- age: 38,HGF_Donor 9_E12,cytokine,1731,0,0,461,0,0,0,0,0,312,0,958,0,Donor6,Young,43.73839585838084,5.738395858380841
1247,_HGF_Donor7_E12_CD8T,CD8T,CD8T,45,CD8T,parsebioscience,Donor 10,E12,HGF,False,Donor 10- age: 45,HGF_Donor 10_E12,cytokine,2000,0,0,430,0,0,0,0,0,953,0,617,0,Donor7,Young,28.90998154975682,-16.09001845024318
1252,_HGF_Donor8_E12_CD8T,CD8T,CD8T,52,CD8T,parsebioscience,Donor 11,E12,HGF,False,Donor 11- age: 52,HGF_Donor 11_E12,cytokine,442,0,0,87,0,0,0,0,0,87,0,268,0,Donor8,Old,34.77677698216702,-17.22322301783298
1257,_HGF_Donor9_E12_CD8T,CD8T,CD8T,38,CD8T,parsebioscience,Donor 12,E12,HGF,False,Donor 12- age: 38,HGF_Donor 12_E12,cytokine,1413,0,0,156,0,0,0,0,0,278,0,979,0,Donor9,Young,41.131611980380285,3.131611980380285
1262,_IFN-alpha1_Donor10_C7_CD8T,CD8T,CD8T,42,CD8T,parsebioscience,Donor 2,C7,IFN-alpha1,False,Donor 2- age: 42,IFN-alpha1_Donor 2_C7,cytokine,869,0,0,136,0,0,0,0,0,452,0,281,0,Donor10,Young,33.72853669894239,-8.271463301057608
1267,_IFN-alpha1_Donor11_C7_CD8T,CD8T,CD8T,46,CD8T,parsebioscience,Donor 3,C7,IFN-alpha1,False,Donor 3- age: 46,IFN-alpha1_Donor 3_C7,cytokine,1146,0,0,98,0,0,0,0,0,429,0,619,0,Donor11,Young,35.374393834886966,-10.625606165113034
1272,_IFN-alpha1_Donor12_C7_CD8T,CD8T,CD8T,36,CD8T,parsebioscience,Donor 4,C7,IFN-alpha1,False,Donor 4- age: 36,IFN-alpha1_Donor 4_C7,cytokine,2369,0,0,368,0,0,0,0,0,709,0,1292,0,Donor12,Young,34.47203299690974,-1.5279670030902608
1277,_IFN-alpha1_Donor1_C7_CD8T,CD8T,CD8T,75,CD8T,parsebioscience,Donor 1,C7,IFN-alpha1,False,Donor 1- age: 75,IFN-alpha1_Donor 1_C7,cytokine,1912,0,0,587,0,0,0,0,0,469,0,856,0,Donor1,Old,54.87125209460795,-20.128747905392053
1282,_IFN-alpha1_Donor2_C7_CD8T,CD8T,CD8T,34,CD8T,parsebioscience,Donor 5,C7,IFN-alpha1,False,Donor 5- age: 34,IFN-alpha1_Donor 5_C7,cytokine,1763,0,0,271,0,0,0,0,0,888,0,604,0,Donor2,Young,26.475993328451295,-7.524006671548705
1287,_IFN-alpha1_Donor3_C7_CD8T,CD8T,CD8T,68,CD8T,parsebioscience,Donor 6,C7,IFN-alpha1,False,Donor 6- age: 68,IFN-alpha1_Donor 6_C7,cytokine,1388,0,0,299,0,0,0,0,0,558,0,531,0,Donor3,Old,45.26214526694191,-22.737854733058093
1292,_IFN-alpha1_Donor4_C7_CD8T,CD8T,CD8T,59,CD8T,parsebioscience,Donor 7,C7,IFN-alpha1,False,Donor 7- age: 59,IFN-alpha1_Donor 7_C7,cytokine,311,0,0,29,0,0,0,0,0,101,0,181,0,Donor4,Old,46.072468396207505,-12.927531603792495
1297,_IFN-alpha1_Donor5_C7_CD8T,CD8T,CD8T,41,CD8T,parsebioscience,Donor 8,C7,IFN-alpha1,False,Donor 8- age: 41,IFN-alpha1_Donor 8_C7,cytokine,2948,0,0,395,0,0,0,0,0,1873,0,680,0,Donor5,Young,19.597271267177845,-21.402728732822155
1302,_IFN-alpha1_Donor6_C7_CD8T,CD8T,CD8T,38,CD8T,parsebioscience,Donor 9,C7,IFN-alpha1,False,Donor 9- age: 38,IFN-alpha1_Donor 9_C7,cytokine,1719,0,0,392,0,0,0,0,0,378,0,949,0,Donor6,Young,43.90292574502679,5.902925745026792
1307,_IFN-alpha1_Donor7_C7_CD8T,CD8T,CD8T,45,CD8T,parsebioscience,Donor 10,C7,IFN-alpha1,False,Donor 10- age: 45,IFN-alpha1_Donor 10_C7,cytokine,1716,0,0,284,0,0,0,0,0,842,0,590,0,Donor7,Young,26.319794154579135,-18.680205845420865
1312,_IFN-alpha1_Donor8_C7_CD8T,CD8T,CD8T,52,CD8T,parsebioscience,Donor 11,C7,IFN-alpha1,False,Donor 11- age: 52,IFN-alpha1_Donor 11_C7,cytokine,1340,0,0,193,0,0,0,0,0,209,0,938,0,Donor8,Old,41.785818659464205,-10.214181340535795
1317,_IFN-alpha1_Donor9_C7_CD8T,CD8T,CD8T,38,CD8T,parsebioscience,Donor 12,C7,IFN-alpha1,False,Donor 12- age: 38,IFN-alpha1_Donor 12_C7,cytokine,2168,0,0,215,0,0,0,0,0,431,0,1522,0,Donor9,Young,35.09190726796418,-2.9080927320358185
1322,_IFN-beta_Donor10_H3_CD8T,CD8T,CD8T,42,CD8T,parsebioscience,Donor 2,H3,IFN-beta,False,Donor 2- age: 42,IFN-beta_Donor 2_H3,cytokine,823,0,0,150,0,0,0,0,0,404,0,269,0,Donor10,Young,41.57783319489806,-0.4221668051019378
1327,_IFN-beta_Donor11_H3_CD8T,CD8T,CD8T,46,CD8T,parsebioscience,Donor 3,H3,IFN-beta,False,Donor 3- age: 46,IFN-beta_Donor 3_H3,cytokine,1387,0,0,53,0,0,0,0,0,497,0,837,0,Donor11,Young,40.16156458322223,-5.83843541677777
1332,_IFN-beta_Donor12_H3_CD8T,CD8T,CD8T,36,CD8T,parsebioscience,Donor 4,H3,IFN-beta,False,Donor 4- age: 36,IFN-beta_Donor 4_H3,cytokine,1213,0,0,86,0,0,0,0,0,334,0,793,0,Donor12,Young,39.71825045207592,3.718250452075921
1337,_IFN-beta_Donor1_H3_CD8T,CD8T,CD8T,75,CD8T,parsebioscience,Donor 1,H3,IFN-beta,False,Donor 1- age: 75,IFN-beta_Donor 1_H3,cytokine,1900,0,0,446,0,0,0,0,0,465,0,989,0,Donor1,Old,57.80183654619165,-17.19816345380835
1342,_IFN-beta_Donor2_H3_CD8T,CD8T,CD8T,34,CD8T,parsebioscience,Donor 5,H3,IFN-beta,False,Donor 5- age: 34,IFN-beta_Donor 5_H3,cytokine,1419,0,0,119,0,0,0,0,0,763,0,537,0,Donor2,Young,37.26011714258732,3.260117142587319
1347,_IFN-beta_Donor3_H3_CD8T,CD8T,CD8T,68,CD8T,parsebioscience,Donor 6,H3,IFN-beta,False,Donor 6- age: 68,IFN-beta_Donor 6_H3,cytokine,552,0,0,124,0,0,0,0,0,222,0,206,0,Donor3,Old,49.922464539577206,-18.077535460422794
1352,_IFN-beta_Donor4_H3_CD8T,CD8T,CD8T,59,CD8T,parsebioscience,Donor 7,H3,IFN-beta,False,Donor 7- age: 59,IFN-beta_Donor 7_H3,cytokine,193,0,0,14,0,0,0,0,0,71,0,108,0,Donor4,Old,42.18405227439817,-16.81594772560183
1357,_IFN-beta_Donor5_H3_CD8T,CD8T,CD8T,41,CD8T,parsebioscience,Donor 8,H3,IFN-beta,False,Donor 8- age: 41,IFN-beta_Donor 8_H3,cytokine,2617,0,0,235,0,0,0,0,0,1601,0,781,0,Donor5,Young,23.345290411142507,-17.654709588857493
1362,_IFN-beta_Donor6_H3_CD8T,CD8T,CD8T,38,CD8T,parsebioscience,Donor 9,H3,IFN-beta,False,Donor 9- age: 38,IFN-beta_Donor 9_H3,cytokine,2253,0,0,270,0,0,0,0,0,466,0,1517,0,Donor6,Young,44.46957704624599,6.469577046245988
1367,_IFN-beta_Donor7_H3_CD8T,CD8T,CD8T,45,CD8T,parsebioscience,Donor 10,H3,IFN-beta,False,Donor 10- age: 45,IFN-beta_Donor 10_H3,cytokine,1186,0,0,105,0,0,0,0,0,621,0,460,0,Donor7,Young,31.046711692515704,-13.953288307484296
1372,_IFN-beta_Donor8_H3_CD8T,CD8T,CD8T,52,CD8T,parsebioscience,Donor 11,H3,IFN-beta,False,Donor 11- age: 52,IFN-beta_Donor 11_H3,cytokine,1456,0,0,105,0,0,0,0,0,265,0,1086,0,Donor8,Old,44.97153494227119,-7.028465057728809
1377,_IFN-beta_Donor9_H3_CD8T,CD8T,CD8T,38,CD8T,parsebioscience,Donor 12,H3,IFN-beta,False,Donor 12- age: 38,IFN-beta_Donor 12_H3,cytokine,1352,0,0,46,0,0,0,0,0,260,0,1046,0,Donor9,Young,40.29522028354575,2.2952202835457527
1382,_IFN-epsilon_Donor10_C8_CD8T,CD8T,CD8T,42,CD8T,parsebioscience,Donor 2,C8,IFN-epsilon,False,Donor 2- age: 42,IFN-epsilon_Donor 2_C8,cytokine,1064,0,0,182,0,0,0,0,0,585,0,297,0,Donor10,Young,34.47749849102155,-7.522501508978451
1387,_IFN-epsilon_Donor11_C8_CD8T,CD8T,CD8T,46,CD8T,parsebioscience,Donor 3,C8,IFN-epsilon,False,Donor 3- age: 46,IFN-epsilon_Donor 3_C8,cytokine,1404,0,0,103,0,0,0,0,0,569,0,732,0,Donor11,Young,35.069564380571244,-10.930435619428756
1392,_IFN-epsilon_Donor12_C8_CD8T,CD8T,CD8T,36,CD8T,parsebioscience,Donor 4,C8,IFN-epsilon,False,Donor 4- age: 36,IFN-epsilon_Donor 4_C8,cytokine,2279,0,0,468,0,0,0,0,0,604,0,1207,0,Donor12,Young,37.33069824503019,1.3306982450301916
1397,_IFN-epsilon_Donor1_C8_CD8T,CD8T,CD8T,75,CD8T,parsebioscience,Donor 1,C8,IFN-epsilon,False,Donor 1- age: 75,IFN-epsilon_Donor 1_C8,cytokine,1742,0,0,560,0,0,0,0,0,431,0,751,0,Donor1,Old,58.07749694310389,-16.92250305689611
1402,_IFN-epsilon_Donor2_C8_CD8T,CD8T,CD8T,34,CD8T,parsebioscience,Donor 5,C8,IFN-epsilon,False,Donor 5- age: 34,IFN-epsilon_Donor 5_C8,cytokine,1454,0,0,255,0,0,0,0,0,744,0,455,0,Donor2,Young,27.58136622874597,-6.418633771254029
1407,_IFN-epsilon_Donor3_C8_CD8T,CD8T,CD8T,68,CD8T,parsebioscience,Donor 6,C8,IFN-epsilon,False,Donor 6- age: 68,IFN-epsilon_Donor 6_C8,cytokine,1074,0,0,225,0,0,0,0,0,422,0,427,0,Donor3,Old,43.470548786749845,-24.529451213250155
1412,_IFN-epsilon_Donor4_C8_CD8T,CD8T,CD8T,59,CD8T,parsebioscience,Donor 7,C8,IFN-epsilon,False,Donor 7- age: 59,IFN-epsilon_Donor 7_C8,cytokine,333,0,0,34,0,0,0,0,0,91,0,208,0,Donor4,Old,51.52265587073656,-7.477344129263443
1417,_IFN-epsilon_Donor5_C8_CD8T,CD8T,CD8T,41,CD8T,parsebioscience,Donor 8,C8,IFN-epsilon,False,Donor 8- age: 41,IFN-epsilon_Donor 8_C8,cytokine,2691,0,0,436,0,0,0,0,0,1672,0,583,0,Donor5,Young,23.518877762797366,-17.481122237202634
1422,_IFN-epsilon_Donor6_C8_CD8T,CD8T,CD8T,38,CD8T,parsebioscience,Donor 9,C8,IFN-epsilon,False,Donor 9- age: 38,IFN-epsilon_Donor 9_C8,cytokine,1663,0,0,360,0,0,0,0,0,344,0,959,0,Donor6,Young,43.15005397179469,5.150053971794691
1427,_IFN-epsilon_Donor7_C8_CD8T,CD8T,CD8T,45,CD8T,parsebioscience,Donor 10,C8,IFN-epsilon,False,Donor 10- age: 45,IFN-epsilon_Donor 10_C8,cytokine,1911,0,0,375,0,0,0,0,0,946,0,590,0,Donor7,Young,27.578503716236263,-17.421496283763737
1432,_IFN-epsilon_Donor8_C8_CD8T,CD8T,CD8T,52,CD8T,parsebioscience,Donor 11,C8,IFN-epsilon,False,Donor 11- age: 52,IFN-epsilon_Donor 11_C8,cytokine,1443,0,0,291,0,0,0,0,0,224,0,928,0,Donor8,Old,44.846029164540965,-7.153970835459035
1437,_IFN-epsilon_Donor9_C8_CD8T,CD8T,CD8T,38,CD8T,parsebioscience,Donor 12,C8,IFN-epsilon,False,Donor 12- age: 38,IFN-epsilon_Donor 12_C8,cytokine,2077,0,0,233,0,0,0,0,0,454,0,1390,0,Donor9,Young,38.92526321958508,0.9252632195850765
1442,_IFN-gamma_Donor10_G6_CD8T,CD8T,CD8T,42,CD8T,parsebioscience,Donor 2,G6,IFN-gamma,False,Donor 2- age: 42,IFN-gamma_Donor 2_G6,cytokine,711,0,0,124,0,0,0,0,0,385,0,202,0,Donor10,Young,37.18395701843946,-4.816042981560543
1447,_IFN-gamma_Donor11_G6_CD8T,CD8T,CD8T,46,CD8T,parsebioscience,Donor 3,G6,IFN-gamma,False,Donor 3- age: 46,IFN-gamma_Donor 3_G6,cytokine,1143,0,0,81,0,0,0,0,0,446,0,616,0,Donor11,Young,37.738301709625226,-8.261698290374774
1452,_IFN-gamma_Donor12_G6_CD8T,CD8T,CD8T,36,CD8T,parsebioscience,Donor 4,G6,IFN-gamma,False,Donor 4- age: 36,IFN-gamma_Donor 4_G6,cytokine,2129,0,0,350,0,0,0,0,0,581,0,1198,0,Donor12,Young,37.200310924003325,1.2003109240033254
1457,_IFN-gamma_Donor1_G6_CD8T,CD8T,CD8T,75,CD8T,parsebioscience,Donor 1,G6,IFN-gamma,False,Donor 1- age: 75,IFN-gamma_Donor 1_G6,cytokine,1438,0,0,328,0,0,0,0,0,304,0,806,0,Donor1,Old,62.137157649972124,-12.862842350027876
1462,_IFN-gamma_Donor2_G6_CD8T,CD8T,CD8T,34,CD8T,parsebioscience,Donor 5,G6,IFN-gamma,False,Donor 5- age: 34,IFN-gamma_Donor 5_G6,cytokine,2380,0,0,404,0,0,0,0,0,1137,0,839,0,Donor2,Young,29.662281501992226,-4.337718498007774
1467,_IFN-gamma_Donor3_G6_CD8T,CD8T,CD8T,68,CD8T,parsebioscience,Donor 6,G6,IFN-gamma,False,Donor 6- age: 68,IFN-gamma_Donor 6_G6,cytokine,786,0,0,173,0,0,0,0,0,336,0,277,0,Donor3,Old,49.58509007529445,-18.414909924705547
1472,_IFN-gamma_Donor4_G6_CD8T,CD8T,CD8T,59,CD8T,parsebioscience,Donor 7,G6,IFN-gamma,False,Donor 7- age: 59,IFN-gamma_Donor 7_G6,cytokine,355,0,0,36,0,0,0,0,0,101,0,218,0,Donor4,Old,53.7953087710338,-5.2046912289661975
1477,_IFN-gamma_Donor5_G6_CD8T,CD8T,CD8T,41,CD8T,parsebioscience,Donor 8,G6,IFN-gamma,False,Donor 8- age: 41,IFN-gamma_Donor 8_G6,cytokine,1939,0,0,188,0,0,0,0,0,1194,0,557,0,Donor5,Young,27.672850961594868,-13.327149038405132
1482,_IFN-gamma_Donor6_G6_CD8T,CD8T,CD8T,38,CD8T,parsebioscience,Donor 9,G6,IFN-gamma,False,Donor 9- age: 38,IFN-gamma_Donor 9_G6,cytokine,1272,0,0,273,0,0,0,0,0,267,0,732,0,Donor6,Young,47.62756681806947,9.627566818069468
1487,_IFN-gamma_Donor7_G6_CD8T,CD8T,CD8T,45,CD8T,parsebioscience,Donor 10,G6,IFN-gamma,False,Donor 10- age: 45,IFN-gamma_Donor 10_G6,cytokine,2052,0,0,333,0,0,0,0,0,1009,0,710,0,Donor7,Young,34.26650765207461,-10.733492347925392
1492,_IFN-gamma_Donor8_G6_CD8T,CD8T,CD8T,52,CD8T,parsebioscience,Donor 11,G6,IFN-gamma,False,Donor 11- age: 52,IFN-gamma_Donor 11_G6,cytokine,1446,0,0,185,0,0,0,0,0,242,0,1019,0,Donor8,Old,47.258190873646,-4.741809126353999
1497,_IFN-gamma_Donor9_G6_CD8T,CD8T,CD8T,38,CD8T,parsebioscience,Donor 12,G6,IFN-gamma,False,Donor 12- age: 38,IFN-gamma_Donor 12_G6,cytokine,1461,0,0,141,0,0,0,0,0,347,0,973,0,Donor9,Young,39.63905372447998,1.6390537244799788
1502,_IFN-lambda1_Donor10_C9_CD8T,CD8T,CD8T,42,CD8T,parsebioscience,Donor 2,C9,IFN-lambda1,False,Donor 2- age: 42,IFN-lambda1_Donor 2_C9,cytokine,954,0,0,180,0,0,0,0,0,549,0,225,0,Donor10,Young,38.24524246922127,-3.7547575307787326
1507,_IFN-lambda1_Donor11_C9_CD8T,CD8T,CD8T,46,CD8T,parsebioscience,Donor 3,C9,IFN-lambda1,False,Donor 3- age: 46,IFN-lambda1_Donor 3_C9,cytokine,1078,0,0,101,0,0,0,0,0,457,0,520,0,Donor11,Young,30.211522122013264,-15.788477877986736
1512,_IFN-lambda1_Donor12_C9_CD8T,CD8T,CD8T,36,CD8T,parsebioscience,Donor 4,C9,IFN-lambda1,False,Donor 4- age: 36,IFN-lambda1_Donor 4_C9,cytokine,2186,0,0,460,0,0,0,0,0,613,0,1113,0,Donor12,Young,34.15302243045752,-1.8469775695424815
1517,_IFN-lambda1_Donor1_C9_CD8T,CD8T,CD8T,75,CD8T,parsebioscience,Donor 1,C9,IFN-lambda1,False,Donor 1- age: 75,IFN-lambda1_Donor 1_C9,cytokine,1645,0,0,463,0,0,0,0,0,452,0,730,0,Donor1,Old,55.5305467368704,-19.4694532631296
1522,_IFN-lambda1_Donor2_C9_CD8T,CD8T,CD8T,34,CD8T,parsebioscience,Donor 5,C9,IFN-lambda1,False,Donor 5- age: 34,IFN-lambda1_Donor 5_C9,cytokine,2145,0,0,346,0,0,0,0,0,1117,0,682,0,Donor2,Young,30.343284228821616,-3.6567157711783835
1527,_IFN-lambda1_Donor3_C9_CD8T,CD8T,CD8T,68,CD8T,parsebioscience,Donor 6,C9,IFN-lambda1,False,Donor 6- age: 68,IFN-lambda1_Donor 6_C9,cytokine,719,0,0,156,0,0,0,0,0,300,0,263,0,Donor3,Old,47.03536473117641,-20.964635268823592
1532,_IFN-lambda1_Donor4_C9_CD8T,CD8T,CD8T,59,CD8T,parsebioscience,Donor 7,C9,IFN-lambda1,False,Donor 7- age: 59,IFN-lambda1_Donor 7_C9,cytokine,352,0,0,32,0,0,0,0,0,119,0,201,0,Donor4,Old,43.30449792306011,-15.695502076939889
1537,_IFN-lambda1_Donor5_C9_CD8T,CD8T,CD8T,41,CD8T,parsebioscience,Donor 8,C9,IFN-lambda1,False,Donor 8- age: 41,IFN-lambda1_Donor 8_C9,cytokine,2637,0,0,374,0,0,0,0,0,1686,0,577,0,Donor5,Young,21.615172923740687,-19.384827076259313
1542,_IFN-lambda1_Donor6_C9_CD8T,CD8T,CD8T,38,CD8T,parsebioscience,Donor 9,C9,IFN-lambda1,False,Donor 9- age: 38,IFN-lambda1_Donor 9_C9,cytokine,2013,0,0,513,0,0,0,0,0,431,0,1069,0,Donor6,Young,40.03551469255456,2.035514692554557
1547,_IFN-lambda1_Donor7_C9_CD8T,CD8T,CD8T,45,CD8T,parsebioscience,Donor 10,C9,IFN-lambda1,False,Donor 10- age: 45,IFN-lambda1_Donor 10_C9,cytokine,1887,0,0,391,0,0,0,0,0,904,0,592,0,Donor7,Young,25.644722127706608,-19.355277872293392
1552,_IFN-lambda1_Donor8_C9_CD8T,CD8T,CD8T,52,CD8T,parsebioscience,Donor 11,C9,IFN-lambda1,False,Donor 11- age: 52,IFN-lambda1_Donor 11_C9,cytokine,1195,0,0,233,0,0,0,0,0,200,0,762,0,Donor8,Old,42.69304156873084,-9.306958431269159
1557,_IFN-lambda1_Donor9_C9_CD8T,CD8T,CD8T,38,CD8T,parsebioscience,Donor 12,C9,IFN-lambda1,False,Donor 12- age: 38,IFN-lambda1_Donor 12_C9,cytokine,1348,0,0,139,0,0,0,0,0,307,0,902,0,Donor9,Young,38.164663951806126,0.16466395180612636
1562,_IFN-lambda2_Donor10_C10_CD8T,CD8T,CD8T,42,CD8T,parsebioscience,Donor 2,C10,IFN-lambda2,False,Donor 2- age: 42,IFN-lambda2_Donor 2_C10,cytokine,957,0,0,154,0,0,0,0,0,502,0,301,0,Donor10,Young,37.5743170421138,-4.4256829578862025
1567,_IFN-lambda2_Donor11_C10_CD8T,CD8T,CD8T,46,CD8T,parsebioscience,Donor 3,C10,IFN-lambda2,False,Donor 3- age: 46,IFN-lambda2_Donor 3_C10,cytokine,1342,0,0,123,0,0,0,0,0,526,0,693,0,Donor11,Young,36.323190565399855,-9.676809434600145
1572,_IFN-lambda2_Donor12_C10_CD8T,CD8T,CD8T,36,CD8T,parsebioscience,Donor 4,C10,IFN-lambda2,False,Donor 4- age: 36,IFN-lambda2_Donor 4_C10,cytokine,1905,0,0,413,0,0,0,0,0,520,0,972,0,Donor12,Young,31.947284840065596,-4.0527151599344045
1577,_IFN-lambda2_Donor1_C10_CD8T,CD8T,CD8T,75,CD8T,parsebioscience,Donor 1,C10,IFN-lambda2,False,Donor 1- age: 75,IFN-lambda2_Donor 1_C10,cytokine,1109,0,0,343,0,0,0,0,0,298,0,468,0,Donor1,Old,54.559529544539934,-20.440470455460066
1582,_IFN-lambda2_Donor2_C10_CD8T,CD8T,CD8T,34,CD8T,parsebioscience,Donor 5,C10,IFN-lambda2,False,Donor 5- age: 34,IFN-lambda2_Donor 5_C10,cytokine,2449,0,0,436,0,0,0,0,0,1212,0,801,0,Donor2,Young,27.430349328139265,-6.569650671860735
1587,_IFN-lambda2_Donor3_C10_CD8T,CD8T,CD8T,68,CD8T,parsebioscience,Donor 6,C10,IFN-lambda2,False,Donor 6- age: 68,IFN-lambda2_Donor 6_C10,cytokine,1331,0,0,290,0,0,0,0,0,519,0,522,0,Donor3,Old,45.26821733714989,-22.731782662850108
1592,_IFN-lambda2_Donor4_C10_CD8T,CD8T,CD8T,59,CD8T,parsebioscience,Donor 7,C10,IFN-lambda2,False,Donor 7- age: 59,IFN-lambda2_Donor 7_C10,cytokine,401,0,0,38,0,0,0,0,0,138,0,225,0,Donor4,Old,38.42805530598259,-20.57194469401741
1597,_IFN-lambda2_Donor5_C10_CD8T,CD8T,CD8T,41,CD8T,parsebioscience,Donor 8,C10,IFN-lambda2,False,Donor 8- age: 41,IFN-lambda2_Donor 8_C10,cytokine,1525,0,0,240,0,0,0,0,0,995,0,290,0,Donor5,Young,19.829146914391316,-21.170853085608684
1602,_IFN-lambda2_Donor6_C10_CD8T,CD8T,CD8T,38,CD8T,parsebioscience,Donor 9,C10,IFN-lambda2,False,Donor 9- age: 38,IFN-lambda2_Donor 9_C10,cytokine,1486,0,0,434,0,0,0,0,0,302,0,750,0,Donor6,Young,37.608932414198286,-0.3910675858017143
1607,_IFN-lambda2_Donor7_C10_CD8T,CD8T,CD8T,45,CD8T,parsebioscience,Donor 10,C10,IFN-lambda2,False,Donor 10- age: 45,IFN-lambda2_Donor 10_C10,cytokine,1787,0,0,350,0,0,0,0,0,830,0,607,0,Donor7,Young,30.546256223545406,-14.453743776454594
1612,_IFN-lambda2_Donor8_C10_CD8T,CD8T,CD8T,52,CD8T,parsebioscience,Donor 11,C10,IFN-lambda2,False,Donor 11- age: 52,IFN-lambda2_Donor 11_C10,cytokine,1025,0,0,196,0,0,0,0,0,211,0,618,0,Donor8,Old,40.492470408379866,-11.507529591620134
1617,_IFN-lambda2_Donor9_C10_CD8T,CD8T,CD8T,38,CD8T,parsebioscience,Donor 12,C10,IFN-lambda2,False,Donor 12- age: 38,IFN-lambda2_Donor 12_C10,cytokine,1634,0,0,189,0,0,0,0,0,363,0,1082,0,Donor9,Young,37.716493010043685,-0.2835069899563152
1622,_IFN-lambda3_Donor10_C11_CD8T,CD8T,CD8T,42,CD8T,parsebioscience,Donor 2,C11,IFN-lambda3,False,Donor 2- age: 42,IFN-lambda3_Donor 2_C11,cytokine,686,0,0,120,0,0,0,0,0,331,0,235,0,Donor10,Young,36.67462036817971,-5.32537963182029
1627,_IFN-lambda3_Donor11_C11_CD8T,CD8T,CD8T,46,CD8T,parsebioscience,Donor 3,C11,IFN-lambda3,False,Donor 3- age: 46,IFN-lambda3_Donor 3_C11,cytokine,970,0,0,85,0,0,0,0,0,371,0,514,0,Donor11,Young,27.562044159160322,-18.437955840839678
1632,_IFN-lambda3_Donor12_C11_CD8T,CD8T,CD8T,36,CD8T,parsebioscience,Donor 4,C11,IFN-lambda3,False,Donor 4- age: 36,IFN-lambda3_Donor 4_C11,cytokine,1614,0,0,336,0,0,0,0,0,354,0,924,0,Donor12,Young,33.1895854134153,-2.810414586584699
1637,_IFN-lambda3_Donor1_C11_CD8T,CD8T,CD8T,75,CD8T,parsebioscience,Donor 1,C11,IFN-lambda3,False,Donor 1- age: 75,IFN-lambda3_Donor 1_C11,cytokine,1088,0,0,352,0,0,0,0,0,221,0,515,0,Donor1,Old,56.208133285059425,-18.791866714940575
1642,_IFN-lambda3_Donor2_C11_CD8T,CD8T,CD8T,34,CD8T,parsebioscience,Donor 5,C11,IFN-lambda3,False,Donor 5- age: 34,IFN-lambda3_Donor 5_C11,cytokine,1954,0,0,341,0,0,0,0,0,827,0,786,0,Donor2,Young,26.951070687400247,-7.048929312599753
1647,_IFN-lambda3_Donor3_C11_CD8T,CD8T,CD8T,68,CD8T,parsebioscience,Donor 6,C11,IFN-lambda3,False,Donor 6- age: 68,IFN-lambda3_Donor 6_C11,cytokine,1029,0,0,235,0,0,0,0,0,400,0,394,0,Donor3,Old,44.726893210914724,-23.273106789085276
1652,_IFN-lambda3_Donor4_C11_CD8T,CD8T,CD8T,59,CD8T,parsebioscience,Donor 7,C11,IFN-lambda3,False,Donor 7- age: 59,IFN-lambda3_Donor 7_C11,cytokine,262,0,0,22,0,0,0,0,0,72,0,168,0,Donor4,Old,46.32958212217707,-12.670417877822928
1657,_IFN-lambda3_Donor5_C11_CD8T,CD8T,CD8T,41,CD8T,parsebioscience,Donor 8,C11,IFN-lambda3,False,Donor 8- age: 41,IFN-lambda3_Donor 8_C11,cytokine,2036,0,0,329,0,0,0,0,0,1258,0,449,0,Donor5,Young,20.43296521291871,-20.56703478708129
1662,_IFN-lambda3_Donor6_C11_CD8T,CD8T,CD8T,38,CD8T,parsebioscience,Donor 9,C11,IFN-lambda3,False,Donor 9- age: 38,IFN-lambda3_Donor 9_C11,cytokine,1274,0,0,314,0,0,0,0,0,255,0,705,0,Donor6,Young,40.517142250804625,2.517142250804625
1667,_IFN-lambda3_Donor7_C11_CD8T,CD8T,CD8T,45,CD8T,parsebioscience,Donor 10,C11,IFN-lambda3,False,Donor 10- age: 45,IFN-lambda3_Donor 10_C11,cytokine,1251,0,0,292,0,0,0,0,0,494,0,465,0,Donor7,Young,30.168368024248068,-14.831631975751932
1672,_IFN-lambda3_Donor8_C11_CD8T,CD8T,CD8T,52,CD8T,parsebioscience,Donor 11,C11,IFN-lambda3,False,Donor 11- age: 52,IFN-lambda3_Donor 11_C11,cytokine,695,0,0,125,0,0,0,0,0,108,0,462,0,Donor8,Old,38.23215914154086,-13.767840858459138
1677,_IFN-lambda3_Donor9_C11_CD8T,CD8T,CD8T,38,CD8T,parsebioscience,Donor 12,C11,IFN-lambda3,False,Donor 12- age: 38,IFN-lambda3_Donor 12_C11,cytokine,1540,0,0,154,0,0,0,0,0,305,0,1081,0,Donor9,Young,38.38407081716728,0.3840708171672773
1682,_IFN-omega_Donor10_C12_CD8T,CD8T,CD8T,42,CD8T,parsebioscience,Donor 2,C12,IFN-omega,False,Donor 2- age: 42,IFN-omega_Donor 2_C12,cytokine,734,0,0,132,0,0,0,0,0,402,0,200,0,Donor10,Young,39.60684748404303,-2.39315251595697
1687,_IFN-omega_Donor11_C12_CD8T,CD8T,CD8T,46,CD8T,parsebioscience,Donor 3,C12,IFN-omega,False,Donor 3- age: 46,IFN-omega_Donor 3_C12,cytokine,1008,0,0,53,0,0,0,0,0,383,0,572,0,Donor11,Young,40.76585157610979,-5.234148423890211
1692,_IFN-omega_Donor12_C12_CD8T,CD8T,CD8T,36,CD8T,parsebioscience,Donor 4,C12,IFN-omega,False,Donor 4- age: 36,IFN-omega_Donor 4_C12,cytokine,1151,0,0,100,0,0,0,0,0,375,0,676,0,Donor12,Young,39.40408596411749,3.404085964117492
1697,_IFN-omega_Donor1_C12_CD8T,CD8T,CD8T,75,CD8T,parsebioscience,Donor 1,C12,IFN-omega,False,Donor 1- age: 75,IFN-omega_Donor 1_C12,cytokine,479,0,0,130,0,0,0,0,0,116,0,233,0,Donor1,Old,57.87431583555057,-17.12568416444943
1702,_IFN-omega_Donor2_C12_CD8T,CD8T,CD8T,34,CD8T,parsebioscience,Donor 5,C12,IFN-omega,False,Donor 5- age: 34,IFN-omega_Donor 5_C12,cytokine,2648,0,0,256,0,0,0,0,0,1462,0,930,0,Donor2,Young,33.50420615427103,-0.49579384572896856
1707,_IFN-omega_Donor3_C12_CD8T,CD8T,CD8T,68,CD8T,parsebioscience,Donor 6,C12,IFN-omega,False,Donor 6- age: 68,IFN-omega_Donor 6_C12,cytokine,946,0,0,221,0,0,0,0,0,381,0,344,0,Donor3,Old,48.019850066002334,-19.980149933997666
1712,_IFN-omega_Donor4_C12_CD8T,CD8T,CD8T,59,CD8T,parsebioscience,Donor 7,C12,IFN-omega,False,Donor 7- age: 59,IFN-omega_Donor 7_C12,cytokine,252,0,0,32,0,0,0,0,0,70,0,150,0,Donor4,Old,58.23230132109856,-0.7676986789014393
1717,_IFN-omega_Donor5_C12_CD8T,CD8T,CD8T,41,CD8T,parsebioscience,Donor 8,C12,IFN-omega,False,Donor 8- age: 41,IFN-omega_Donor 8_C12,cytokine,1749,0,0,171,0,0,0,0,0,1105,0,473,0,Donor5,Young,29.394292157752503,-11.605707842247497
1722,_IFN-omega_Donor6_C12_CD8T,CD8T,CD8T,38,CD8T,parsebioscience,Donor 9,C12,IFN-omega,False,Donor 9- age: 38,IFN-omega_Donor 9_C12,cytokine,1220,0,0,190,0,0,0,0,0,258,0,772,0,Donor6,Young,51.39083054219189,13.390830542191893
1727,_IFN-omega_Donor7_C12_CD8T,CD8T,CD8T,45,CD8T,parsebioscience,Donor 10,C12,IFN-omega,False,Donor 10- age: 45,IFN-omega_Donor 10_C12,cytokine,1062,0,0,107,0,0,0,0,0,578,0,377,0,Donor7,Young,31.71482717735595,-13.28517282264405
1732,_IFN-omega_Donor8_C12_CD8T,CD8T,CD8T,52,CD8T,parsebioscience,Donor 11,C12,IFN-omega,False,Donor 11- age: 52,IFN-omega_Donor 11_C12,cytokine,1015,0,0,96,0,0,0,0,0,193,0,726,0,Donor8,Old,49.387285174193444,-2.612714825806556
1737,_IFN-omega_Donor9_C12_CD8T,CD8T,CD8T,38,CD8T,parsebioscience,Donor 12,C12,IFN-omega,False,Donor 12- age: 38,IFN-omega_Donor 12_C12,cytokine,1572,0,0,58,0,0,0,0,0,302,0,1212,0,Donor9,Young,44.5624711522316,6.562471152231602
1742,_IGF-1_Donor10_E10_CD8T,CD8T,CD8T,42,CD8T,parsebioscience,Donor 2,E10,IGF-1,False,Donor 2- age: 42,IGF-1_Donor 2_E10,cytokine,855,0,0,169,0,0,0,0,0,435,0,251,0,Donor10,Young,38.203748022163246,-3.7962519778367536
1747,_IGF-1_Donor11_E10_CD8T,CD8T,CD8T,46,CD8T,parsebioscience,Donor 3,E10,IGF-1,False,Donor 3- age: 46,IGF-1_Donor 3_E10,cytokine,1153,0,0,105,0,0,0,0,0,377,0,671,0,Donor11,Young,38.467791762846744,-7.532208237153256
1752,_IGF-1_Donor12_E10_CD8T,CD8T,CD8T,36,CD8T,parsebioscience,Donor 4,E10,IGF-1,False,Donor 4- age: 36,IGF-1_Donor 4_E10,cytokine,1937,0,0,395,0,0,0,0,0,495,0,1047,0,Donor12,Young,34.02327715808178,-1.9767228419182175
1757,_IGF-1_Donor1_E10_CD8T,CD8T,CD8T,75,CD8T,parsebioscience,Donor 1,E10,IGF-1,False,Donor 1- age: 75,IGF-1_Donor 1_E10,cytokine,1399,0,0,545,0,0,0,0,0,310,0,544,0,Donor1,Old,54.80697863754813,-20.193021362451873
1762,_IGF-1_Donor2_E10_CD8T,CD8T,CD8T,34,CD8T,parsebioscience,Donor 5,E10,IGF-1,False,Donor 5- age: 34,IGF-1_Donor 5_E10,cytokine,1980,0,0,360,0,0,0,0,0,994,0,626,0,Donor2,Young,27.05613592726757,-6.943864072732431
1767,_IGF-1_Donor3_E10_CD8T,CD8T,CD8T,68,CD8T,parsebioscience,Donor 6,E10,IGF-1,False,Donor 6- age: 68,IGF-1_Donor 6_E10,cytokine,1189,0,0,235,0,0,0,0,0,520,0,434,0,Donor3,Old,44.73753092841021,-23.26246907158979
1772,_IGF-1_Donor4_E10_CD8T,CD8T,CD8T,59,CD8T,parsebioscience,Donor 7,E10,IGF-1,False,Donor 7- age: 59,IGF-1_Donor 7_E10,cytokine,227,0,0,17,0,0,0,0,0,81,0,129,0,Donor4,Old,45.95904815760326,-13.040951842396737
1777,_IGF-1_Donor5_E10_CD8T,CD8T,CD8T,41,CD8T,parsebioscience,Donor 8,E10,IGF-1,False,Donor 8- age: 41,IGF-1_Donor 8_E10,cytokine,1989,0,0,338,0,0,0,0,0,1223,0,428,0,Donor5,Young,24.364223451474317,-16.635776548525683
1782,_IGF-1_Donor6_E10_CD8T,CD8T,CD8T,38,CD8T,parsebioscience,Donor 9,E10,IGF-1,False,Donor 9- age: 38,IGF-1_Donor 9_E10,cytokine,1993,0,0,481,0,0,0,0,0,398,0,1114,0,Donor6,Young,43.66301684248129,5.663016842481291
1787,_IGF-1_Donor7_E10_CD8T,CD8T,CD8T,45,CD8T,parsebioscience,Donor 10,E10,IGF-1,False,Donor 10- age: 45,IGF-1_Donor 10_E10,cytokine,1656,0,0,342,0,0,0,0,0,820,0,494,0,Donor7,Young,28.89785484778901,-16.10214515221099
1792,_IGF-1_Donor8_E10_CD8T,CD8T,CD8T,52,CD8T,parsebioscience,Donor 11,E10,IGF-1,False,Donor 11- age: 52,IGF-1_Donor 11_E10,cytokine,1063,0,0,248,0,0,0,0,0,189,0,626,0,Donor8,Old,42.81802212524032,-9.181977874759681
1797,_IGF-1_Donor9_E10_CD8T,CD8T,CD8T,38,CD8T,parsebioscience,Donor 12,E10,IGF-1,False,Donor 12- age: 38,IGF-1_Donor 12_E10,cytokine,1525,0,0,199,0,0,0,0,0,282,0,1044,0,Donor9,Young,37.83226214547632,-0.16773785452367918
1802,_IL-1-alpha_Donor10_A2_CD8T,CD8T,CD8T,42,CD8T,parsebioscience,Donor 2,A2,IL-1-alpha,False,Donor 2- age: 42,IL-1-alpha_Donor 2_A2,cytokine,967,0,0,155,0,0,0,0,0,521,0,291,0,Donor10,Young,38.77265997463336,-3.2273400253666367
1807,_IL-1-alpha_Donor11_A2_CD8T,CD8T,CD8T,46,CD8T,parsebioscience,Donor 3,A2,IL-1-alpha,False,Donor 3- age: 46,IL-1-alpha_Donor 3_A2,cytokine,864,0,0,42,0,0,0,0,0,333,0,489,0,Donor11,Young,40.685527386254776,-5.314472613745224
1812,_IL-1-alpha_Donor12_A2_CD8T,CD8T,CD8T,36,CD8T,parsebioscience,Donor 4,A2,IL-1-alpha,False,Donor 4- age: 36,IL-1-alpha_Donor 4_A2,cytokine,2204,0,0,444,0,0,0,0,0,583,0,1177,0,Donor12,Young,37.70938678357393,1.7093867835739331
1817,_IL-1-alpha_Donor1_A2_CD8T,CD8T,CD8T,75,CD8T,parsebioscience,Donor 1,A2,IL-1-alpha,False,Donor 1- age: 75,IL-1-alpha_Donor 1_A2,cytokine,667,0,0,149,0,0,0,0,0,162,0,356,0,Donor1,Old,58.37740752032947,-16.62259247967053
1822,_IL-1-alpha_Donor2_A2_CD8T,CD8T,CD8T,34,CD8T,parsebioscience,Donor 5,A2,IL-1-alpha,False,Donor 5- age: 34,IL-1-alpha_Donor 5_A2,cytokine,1626,0,0,255,0,0,0,0,0,888,0,483,0,Donor2,Young,27.30122041000874,-6.698779589991261
1827,_IL-1-alpha_Donor3_A2_CD8T,CD8T,CD8T,68,CD8T,parsebioscience,Donor 6,A2,IL-1-alpha,False,Donor 6- age: 68,IL-1-alpha_Donor 6_A2,cytokine,769,0,0,144,0,0,0,0,0,230,0,395,0,Donor3,Old,50.339498182898026,-17.660501817101974
1832,_IL-1-alpha_Donor4_A2_CD8T,CD8T,CD8T,59,CD8T,parsebioscience,Donor 7,A2,IL-1-alpha,False,Donor 7- age: 59,IL-1-alpha_Donor 7_A2,cytokine,223,0,0,14,0,0,0,0,0,14,0,195,0,Donor4,Old,46.74538323385431,-12.254616766145688
1837,_IL-1-alpha_Donor5_A2_CD8T,CD8T,CD8T,41,CD8T,parsebioscience,Donor 8,A2,IL-1-alpha,False,Donor 8- age: 41,IL-1-alpha_Donor 8_A2,cytokine,2369,0,0,341,0,0,0,0,0,1523,0,505,0,Donor5,Young,25.141143002850924,-15.858856997149076
1842,_IL-1-alpha_Donor6_A2_CD8T,CD8T,CD8T,38,CD8T,parsebioscience,Donor 9,A2,IL-1-alpha,False,Donor 9- age: 38,IL-1-alpha_Donor 9_A2,cytokine,2055,0,0,486,0,0,0,0,0,379,0,1190,0,Donor6,Young,44.67505951861649,6.675059518616493
1847,_IL-1-alpha_Donor7_A2_CD8T,CD8T,CD8T,45,CD8T,parsebioscience,Donor 10,A2,IL-1-alpha,False,Donor 10- age: 45,IL-1-alpha_Donor 10_A2,cytokine,2646,0,0,453,0,0,0,0,0,1371,0,822,0,Donor7,Young,33.35383329000766,-11.646166709992343
1852,_IL-1-alpha_Donor8_A2_CD8T,CD8T,CD8T,52,CD8T,parsebioscience,Donor 11,A2,IL-1-alpha,False,Donor 11- age: 52,IL-1-alpha_Donor 11_A2,cytokine,1296,0,0,205,0,0,0,0,0,241,0,850,0,Donor8,Old,43.34686299988055,-8.65313700011945
1857,_IL-1-alpha_Donor9_A2_CD8T,CD8T,CD8T,38,CD8T,parsebioscience,Donor 12,A2,IL-1-alpha,False,Donor 12- age: 38,IL-1-alpha_Donor 12_A2,cytokine,2142,0,0,223,0,0,0,0,0,443,0,1476,0,Donor9,Young,41.859401693932796,3.8594016939327958
1862,_IL-1-beta_Donor10_G5_CD8T,CD8T,CD8T,42,CD8T,parsebioscience,Donor 2,G5,IL-1-beta,False,Donor 2- age: 42,IL-1-beta_Donor 2_G5,cytokine,682,0,0,79,0,0,0,0,0,347,0,256,0,Donor10,Young,40.52450876134134,-1.4754912386586625
1867,_IL-1-beta_Donor11_G5_CD8T,CD8T,CD8T,46,CD8T,parsebioscience,Donor 3,G5,IL-1-beta,False,Donor 3- age: 46,IL-1-beta_Donor 3_G5,cytokine,1046,0,0,54,0,0,0,0,0,370,0,622,0,Donor11,Young,44.63886164169858,-1.3611383583014174
1872,_IL-1-beta_Donor12_G5_CD8T,CD8T,CD8T,36,CD8T,parsebioscience,Donor 4,G5,IL-1-beta,False,Donor 4- age: 36,IL-1-beta_Donor 4_G5,cytokine,2060,0,0,342,0,0,0,0,0,427,0,1291,0,Donor12,Young,42.369144960562664,6.369144960562664
1877,_IL-1-beta_Donor1_G5_CD8T,CD8T,CD8T,75,CD8T,parsebioscience,Donor 1,G5,IL-1-beta,False,Donor 1- age: 75,IL-1-beta_Donor 1_G5,cytokine,1602,0,0,279,0,0,0,0,0,346,0,977,0,Donor1,Old,58.81704905204549,-16.18295094795451
1882,_IL-1-beta_Donor2_G5_CD8T,CD8T,CD8T,34,CD8T,parsebioscience,Donor 5,G5,IL-1-beta,False,Donor 5- age: 34,IL-1-beta_Donor 5_G5,cytokine,2171,0,0,416,0,0,0,0,0,950,0,805,0,Donor2,Young,30.74042100883646,-3.25957899116354
1887,_IL-1-beta_Donor3_G5_CD8T,CD8T,CD8T,68,CD8T,parsebioscience,Donor 6,G5,IL-1-beta,False,Donor 6- age: 68,IL-1-beta_Donor 6_G5,cytokine,611,0,0,116,0,0,0,0,0,252,0,243,0,Donor3,Old,46.360544264476026,-21.639455735523974
1892,_IL-1-beta_Donor4_G5_CD8T,CD8T,CD8T,59,CD8T,parsebioscience,Donor 7,G5,IL-1-beta,False,Donor 7- age: 59,IL-1-beta_Donor 7_G5,cytokine,401,0,0,29,0,0,0,0,0,125,0,247,0,Donor4,Old,49.94124058974052,-9.058759410259484
1897,_IL-1-beta_Donor5_G5_CD8T,CD8T,CD8T,41,CD8T,parsebioscience,Donor 8,G5,IL-1-beta,False,Donor 8- age: 41,IL-1-beta_Donor 8_G5,cytokine,1729,0,0,119,0,0,0,0,0,1048,0,562,0,Donor5,Young,33.20355549233638,-7.796444507663622
1902,_IL-1-beta_Donor6_G5_CD8T,CD8T,CD8T,38,CD8T,parsebioscience,Donor 9,G5,IL-1-beta,False,Donor 9- age: 38,IL-1-beta_Donor 9_G5,cytokine,1484,0,0,255,0,0,0,0,0,287,0,942,0,Donor6,Young,52.67325841596853,14.673258415968533
1907,_IL-1-beta_Donor7_G5_CD8T,CD8T,CD8T,45,CD8T,parsebioscience,Donor 10,G5,IL-1-beta,False,Donor 10- age: 45,IL-1-beta_Donor 10_G5,cytokine,1909,0,0,326,0,0,0,0,0,830,0,753,0,Donor7,Young,38.34128378133044,-6.658716218669561
1912,_IL-1-beta_Donor8_G5_CD8T,CD8T,CD8T,52,CD8T,parsebioscience,Donor 11,G5,IL-1-beta,False,Donor 11- age: 52,IL-1-beta_Donor 11_G5,cytokine,1247,0,0,184,0,0,0,0,0,196,0,867,0,Donor8,Old,51.69991238942864,-0.30008761057136013
1917,_IL-1-beta_Donor9_G5_CD8T,CD8T,CD8T,38,CD8T,parsebioscience,Donor 12,G5,IL-1-beta,False,Donor 12- age: 38,IL-1-beta_Donor 12_G5,cytokine,1928,0,0,131,0,0,0,0,0,326,0,1471,0,Donor9,Young,51.140731560675945,13.140731560675945
1922,_IL-10_Donor10_G8_CD8T,CD8T,CD8T,42,CD8T,parsebioscience,Donor 2,G8,IL-10,False,Donor 2- age: 42,IL-10_Donor 2_G8,cytokine,974,0,0,235,0,0,0,0,0,510,0,229,0,Donor10,Young,33.73387033638588,-8.266129663614123
1927,_IL-10_Donor11_G8_CD8T,CD8T,CD8T,46,CD8T,parsebioscience,Donor 3,G8,IL-10,False,Donor 3- age: 46,IL-10_Donor 3_G8,cytokine,1305,0,0,115,0,0,0,0,0,523,0,667,0,Donor11,Young,32.75280139880047,-13.247198601199528
1932,_IL-10_Donor12_G8_CD8T,CD8T,CD8T,36,CD8T,parsebioscience,Donor 4,G8,IL-10,False,Donor 4- age: 36,IL-10_Donor 4_G8,cytokine,2995,0,0,730,0,0,0,0,0,812,0,1453,0,Donor12,Young,34.187330595633355,-1.8126694043666447
1937,_IL-10_Donor1_G8_CD8T,CD8T,CD8T,75,CD8T,parsebioscience,Donor 1,G8,IL-10,False,Donor 1- age: 75,IL-10_Donor 1_G8,cytokine,1448,0,0,565,0,0,0,0,0,292,0,591,0,Donor1,Old,52.32881635882418,-22.671183641175823
1942,_IL-10_Donor2_G8_CD8T,CD8T,CD8T,34,CD8T,parsebioscience,Donor 5,G8,IL-10,False,Donor 5- age: 34,IL-10_Donor 5_G8,cytokine,2430,0,0,502,0,0,0,0,0,1224,0,704,0,Donor2,Young,20.09154868119237,-13.908451318807629
1947,_IL-10_Donor3_G8_CD8T,CD8T,CD8T,68,CD8T,parsebioscience,Donor 6,G8,IL-10,False,Donor 6- age: 68,IL-10_Donor 6_G8,cytokine,613,0,0,177,0,0,0,0,0,262,0,174,0,Donor3,Old,36.75059276342105,-31.249407236578953
1952,_IL-10_Donor4_G8_CD8T,CD8T,CD8T,59,CD8T,parsebioscience,Donor 7,G8,IL-10,False,Donor 7- age: 59,IL-10_Donor 7_G8,cytokine,345,0,0,38,0,0,0,0,0,115,0,192,0,Donor4,Old,38.78229644332764,-20.21770355667236
1957,_IL-10_Donor5_G8_CD8T,CD8T,CD8T,41,CD8T,parsebioscience,Donor 8,G8,IL-10,False,Donor 8- age: 41,IL-10_Donor 8_G8,cytokine,3350,0,0,641,0,0,0,0,0,2153,0,556,0,Donor5,Young,18.75776368095606,-22.24223631904394
1962,_IL-10_Donor6_G8_CD8T,CD8T,CD8T,38,CD8T,parsebioscience,Donor 9,G8,IL-10,False,Donor 9- age: 38,IL-10_Donor 9_G8,cytokine,1201,0,0,359,0,0,0,0,0,261,0,581,0,Donor6,Young,33.37003946136747,-4.629960538632531
1967,_IL-10_Donor7_G8_CD8T,CD8T,CD8T,45,CD8T,parsebioscience,Donor 10,G8,IL-10,False,Donor 10- age: 45,IL-10_Donor 10_G8,cytokine,1862,0,0,421,0,0,0,0,0,898,0,543,0,Donor7,Young,24.59129770296471,-20.40870229703529
1972,_IL-10_Donor8_G8_CD8T,CD8T,CD8T,52,CD8T,parsebioscience,Donor 11,G8,IL-10,False,Donor 11- age: 52,IL-10_Donor 11_G8,cytokine,1352,0,0,347,0,0,0,0,0,238,0,767,0,Donor8,Old,41.88215430215493,-10.11784569784507
1977,_IL-10_Donor9_G8_CD8T,CD8T,CD8T,38,CD8T,parsebioscience,Donor 12,G8,IL-10,False,Donor 12- age: 38,IL-10_Donor 12_G8,cytokine,1509,0,0,192,0,0,0,0,0,364,0,953,0,Donor9,Young,35.714650823526085,-2.2853491764739147
1982,_IL-11_Donor10_B2_CD8T,CD8T,CD8T,42,CD8T,parsebioscience,Donor 2,B2,IL-11,False,Donor 2- age: 42,IL-11_Donor 2_B2,cytokine,956,0,0,166,0,0,0,0,0,528,0,262,0,Donor10,Young,39.13390376174705,-2.8660962382529505
1987,_IL-11_Donor11_B2_CD8T,CD8T,CD8T,46,CD8T,parsebioscience,Donor 3,B2,IL-11,False,Donor 3- age: 46,IL-11_Donor 3_B2,cytokine,848,0,0,55,0,0,0,0,0,338,0,455,0,Donor11,Young,39.60614395695508,-6.39385604304492
1992,_IL-11_Donor12_B2_CD8T,CD8T,CD8T,36,CD8T,parsebioscience,Donor 4,B2,IL-11,False,Donor 4- age: 36,IL-11_Donor 4_B2,cytokine,1712,0,0,416,0,0,0,0,0,499,0,797,0,Donor12,Young,33.194820101551514,-2.805179898448486
1997,_IL-11_Donor1_B2_CD8T,CD8T,CD8T,75,CD8T,parsebioscience,Donor 1,B2,IL-11,False,Donor 1- age: 75,IL-11_Donor 1_B2,cytokine,740,0,0,253,0,0,0,0,0,177,0,310,0,Donor1,Old,54.10212260855905,-20.89787739144095
2002,_IL-11_Donor2_B2_CD8T,CD8T,CD8T,34,CD8T,parsebioscience,Donor 5,B2,IL-11,False,Donor 5- age: 34,IL-11_Donor 5_B2,cytokine,1387,0,0,251,0,0,0,0,0,744,0,392,0,Donor2,Young,29.868814630626492,-4.131185369373508
2007,_IL-11_Donor3_B2_CD8T,CD8T,CD8T,68,CD8T,parsebioscience,Donor 6,B2,IL-11,False,Donor 6- age: 68,IL-11_Donor 6_B2,cytokine,955,0,0,193,0,0,0,0,0,429,0,333,0,Donor3,Old,41.45877541161662,-26.54122458838338
2012,_IL-11_Donor4_B2_CD8T,CD8T,CD8T,59,CD8T,parsebioscience,Donor 7,B2,IL-11,False,Donor 7- age: 59,IL-11_Donor 7_B2,cytokine,344,0,0,32,0,0,0,0,0,98,0,214,0,Donor4,Old,47.82220301760196,-11.177796982398043
2017,_IL-11_Donor5_B2_CD8T,CD8T,CD8T,41,CD8T,parsebioscience,Donor 8,B2,IL-11,False,Donor 8- age: 41,IL-11_Donor 8_B2,cytokine,2089,0,0,380,0,0,0,0,0,1279,0,430,0,Donor5,Young,21.264459013379486,-19.735540986620514
2022,_IL-11_Donor6_B2_CD8T,CD8T,CD8T,38,CD8T,parsebioscience,Donor 9,B2,IL-11,False,Donor 9- age: 38,IL-11_Donor 9_B2,cytokine,1528,0,0,383,0,0,0,0,0,354,0,791,0,Donor6,Young,45.59523382171446,7.595233821714459
2027,_IL-11_Donor7_B2_CD8T,CD8T,CD8T,45,CD8T,parsebioscience,Donor 10,B2,IL-11,False,Donor 10- age: 45,IL-11_Donor 10_B2,cytokine,1774,0,0,312,0,0,0,0,0,928,0,534,0,Donor7,Young,31.53033526067873,-13.46966473932127
2032,_IL-11_Donor8_B2_CD8T,CD8T,CD8T,52,CD8T,parsebioscience,Donor 11,B2,IL-11,False,Donor 11- age: 52,IL-11_Donor 11_B2,cytokine,970,0,0,212,0,0,0,0,0,155,0,603,0,Donor8,Old,44.421882615008215,-7.578117384991785
2037,_IL-11_Donor9_B2_CD8T,CD8T,CD8T,38,CD8T,parsebioscience,Donor 12,B2,IL-11,False,Donor 12- age: 38,IL-11_Donor 12_B2,cytokine,1216,0,0,133,0,0,0,0,0,275,0,808,0,Donor9,Young,37.79605223015405,-0.20394776984595353
2042,_IL-12_Donor10_G10_CD8T,CD8T,CD8T,42,CD8T,parsebioscience,Donor 2,G10,IL-12,False,Donor 2- age: 42,IL-12_Donor 2_G10,cytokine,751,0,0,144,0,0,0,0,0,405,0,202,0,Donor10,Young,38.79142890172572,-3.208571098274277
2047,_IL-12_Donor11_G10_CD8T,CD8T,CD8T,46,CD8T,parsebioscience,Donor 3,G10,IL-12,False,Donor 3- age: 46,IL-12_Donor 3_G10,cytokine,1450,0,0,119,0,0,0,0,0,577,0,754,0,Donor11,Young,36.36280478047148,-9.637195219528522
2052,_IL-12_Donor12_G10_CD8T,CD8T,CD8T,36,CD8T,parsebioscience,Donor 4,G10,IL-12,False,Donor 4- age: 36,IL-12_Donor 4_G10,cytokine,1957,0,0,443,0,0,0,0,0,566,0,948,0,Donor12,Young,34.658021043661336,-1.3419789563386644
2057,_IL-12_Donor1_G10_CD8T,CD8T,CD8T,75,CD8T,parsebioscience,Donor 1,G10,IL-12,False,Donor 1- age: 75,IL-12_Donor 1_G10,cytokine,1151,0,0,321,0,0,0,0,0,277,0,553,0,Donor1,Old,55.46758820514824,-19.53241179485176
2062,_IL-12_Donor2_G10_CD8T,CD8T,CD8T,34,CD8T,parsebioscience,Donor 5,G10,IL-12,False,Donor 5- age: 34,IL-12_Donor 5_G10,cytokine,2911,0,0,474,0,0,0,0,0,1541,0,896,0,Donor2,Young,29.069097601514834,-4.930902398485166
2067,_IL-12_Donor3_G10_CD8T,CD8T,CD8T,68,CD8T,parsebioscience,Donor 6,G10,IL-12,False,Donor 6- age: 68,IL-12_Donor 6_G10,cytokine,1375,0,0,361,0,0,0,0,0,522,0,492,0,Donor3,Old,43.43146287961888,-24.568537120381123
2072,_IL-12_Donor4_G10_CD8T,CD8T,CD8T,59,CD8T,parsebioscience,Donor 7,G10,IL-12,False,Donor 7- age: 59,IL-12_Donor 7_G10,cytokine,319,0,0,30,0,0,0,0,0,96,0,193,0,Donor4,Old,45.489798980042025,-13.510201019957975
2077,_IL-12_Donor5_G10_CD8T,CD8T,CD8T,41,CD8T,parsebioscience,Donor 8,G10,IL-12,False,Donor 8- age: 41,IL-12_Donor 8_G10,cytokine,3494,0,0,616,0,0,0,0,0,2258,0,620,0,Donor5,Young,22.970290248484602,-18.029709751515398
2082,_IL-12_Donor6_G10_CD8T,CD8T,CD8T,38,CD8T,parsebioscience,Donor 9,G10,IL-12,False,Donor 9- age: 38,IL-12_Donor 9_G10,cytokine,1675,0,0,404,0,0,0,0,0,326,0,945,0,Donor6,Young,42.34564588563854,4.34564588563854
2087,_IL-12_Donor7_G10_CD8T,CD8T,CD8T,45,CD8T,parsebioscience,Donor 10,G10,IL-12,False,Donor 10- age: 45,IL-12_Donor 10_G10,cytokine,1319,0,0,316,0,0,0,0,0,619,0,384,0,Donor7,Young,25.910137049230492,-19.089862950769508
2092,_IL-12_Donor8_G10_CD8T,CD8T,CD8T,52,CD8T,parsebioscience,Donor 11,G10,IL-12,False,Donor 11- age: 52,IL-12_Donor 11_G10,cytokine,1135,0,0,263,0,0,0,0,0,201,0,671,0,Donor8,Old,40.72245781593377,-11.277542184066228
2097,_IL-12_Donor9_G10_CD8T,CD8T,CD8T,38,CD8T,parsebioscience,Donor 12,G10,IL-12,False,Donor 12- age: 38,IL-12_Donor 12_G10,cytokine,1533,0,0,173,0,0,0,0,0,348,0,1012,0,Donor9,Young,39.10558746300307,1.1055874630030686
2102,_IL-13_Donor10_A7_CD8T,CD8T,CD8T,42,CD8T,parsebioscience,Donor 2,A7,IL-13,False,Donor 2- age: 42,IL-13_Donor 2_A7,cytokine,1151,0,0,224,0,0,0,0,0,649,0,278,0,Donor10,Young,29.394000096551466,-12.605999903448534
2107,_IL-13_Donor11_A7_CD8T,CD8T,CD8T,46,CD8T,parsebioscience,Donor 3,A7,IL-13,False,Donor 3- age: 46,IL-13_Donor 3_A7,cytokine,1093,0,0,114,0,0,0,0,0,416,0,563,0,Donor11,Young,34.722126167285126,-11.277873832714874
2112,_IL-13_Donor12_A7_CD8T,CD8T,CD8T,36,CD8T,parsebioscience,Donor 4,A7,IL-13,False,Donor 4- age: 36,IL-13_Donor 4_A7,cytokine,2943,0,0,730,0,0,0,0,0,742,0,1471,0,Donor12,Young,36.410670212681694,0.4106702126816941
2117,_IL-13_Donor1_A7_CD8T,CD8T,CD8T,75,CD8T,parsebioscience,Donor 1,A7,IL-13,False,Donor 1- age: 75,IL-13_Donor 1_A7,cytokine,1133,0,0,375,0,0,0,0,0,273,0,485,0,Donor1,Old,51.311039266725764,-23.688960733274236
2122,_IL-13_Donor2_A7_CD8T,CD8T,CD8T,34,CD8T,parsebioscience,Donor 5,A7,IL-13,False,Donor 5- age: 34,IL-13_Donor 5_A7,cytokine,1987,0,0,286,0,0,0,0,0,1071,0,630,0,Donor2,Young,23.289782219562603,-10.710217780437397
2127,_IL-13_Donor3_A7_CD8T,CD8T,CD8T,68,CD8T,parsebioscience,Donor 6,A7,IL-13,False,Donor 6- age: 68,IL-13_Donor 6_A7,cytokine,748,0,0,175,0,0,0,0,0,287,0,286,0,Donor3,Old,40.300890140071694,-27.699109859928306
2132,_IL-13_Donor4_A7_CD8T,CD8T,CD8T,59,CD8T,parsebioscience,Donor 7,A7,IL-13,False,Donor 7- age: 59,IL-13_Donor 7_A7,cytokine,313,0,0,30,0,0,0,0,0,54,0,229,0,Donor4,Old,58.75536194406541,-0.24463805593458687
2137,_IL-13_Donor5_A7_CD8T,CD8T,CD8T,41,CD8T,parsebioscience,Donor 8,A7,IL-13,False,Donor 8- age: 41,IL-13_Donor 8_A7,cytokine,3026,0,0,479,0,0,0,0,0,1918,0,629,0,Donor5,Young,20.430909228900873,-20.569090771099127
2142,_IL-13_Donor6_A7_CD8T,CD8T,CD8T,38,CD8T,parsebioscience,Donor 9,A7,IL-13,False,Donor 9- age: 38,IL-13_Donor 9_A7,cytokine,2767,0,0,768,0,0,0,0,0,592,0,1407,0,Donor6,Young,43.01102200935122,5.0110220093512226
2147,_IL-13_Donor7_A7_CD8T,CD8T,CD8T,45,CD8T,parsebioscience,Donor 10,A7,IL-13,False,Donor 10- age: 45,IL-13_Donor 10_A7,cytokine,1954,0,0,392,0,0,0,0,0,1018,0,544,0,Donor7,Young,28.488685621627106,-16.511314378372894
2152,_IL-13_Donor8_A7_CD8T,CD8T,CD8T,52,CD8T,parsebioscience,Donor 11,A7,IL-13,False,Donor 11- age: 52,IL-13_Donor 11_A7,cytokine,2577,0,0,617,0,0,0,0,0,391,0,1569,0,Donor8,Old,43.865112795425254,-8.134887204574746
2157,_IL-13_Donor9_A7_CD8T,CD8T,CD8T,38,CD8T,parsebioscience,Donor 12,A7,IL-13,False,Donor 12- age: 38,IL-13_Donor 12_A7,cytokine,2816,0,0,318,0,0,0,0,0,569,0,1929,0,Donor9,Young,38.649077527981945,0.6490775279819445
2162,_IL-15_Donor10_A11_CD8T,CD8T,CD8T,42,CD8T,parsebioscience,Donor 2,A11,IL-15,False,Donor 2- age: 42,IL-15_Donor 2_A11,cytokine,1396,0,0,176,0,0,0,0,0,875,0,345,0,Donor10,Young,50.10410328615434,8.104103286154341
2167,_IL-15_Donor11_A11_CD8T,CD8T,CD8T,46,CD8T,parsebioscience,Donor 3,A11,IL-15,False,Donor 3- age: 46,IL-15_Donor 3_A11,cytokine,1196,0,0,26,0,0,0,0,0,607,0,563,0,Donor11,Young,54.905794346791474,8.905794346791474
2172,_IL-15_Donor12_A11_CD8T,CD8T,CD8T,36,CD8T,parsebioscience,Donor 4,A11,IL-15,False,Donor 4- age: 36,IL-15_Donor 4_A11,cytokine,2053,0,0,315,0,0,0,0,0,662,0,1076,0,Donor12,Young,44.354967789090665,8.354967789090665
2177,_IL-15_Donor1_A11_CD8T,CD8T,CD8T,75,CD8T,parsebioscience,Donor 1,A11,IL-15,False,Donor 1- age: 75,IL-15_Donor 1_A11,cytokine,838,0,0,204,0,0,0,0,0,220,0,414,0,Donor1,Old,66.0827600898599,-8.917239910140097
2182,_IL-15_Donor2_A11_CD8T,CD8T,CD8T,34,CD8T,parsebioscience,Donor 5,A11,IL-15,False,Donor 5- age: 34,IL-15_Donor 5_A11,cytokine,1813,0,0,108,0,0,0,0,0,1214,0,491,0,Donor2,Young,41.695501250027945,7.695501250027945
2187,_IL-15_Donor3_A11_CD8T,CD8T,CD8T,68,CD8T,parsebioscience,Donor 6,A11,IL-15,False,Donor 6- age: 68,IL-15_Donor 6_A11,cytokine,1393,0,0,332,0,0,0,0,0,488,0,573,0,Donor3,Old,58.588432000810585,-9.411567999189415
2192,_IL-15_Donor4_A11_CD8T,CD8T,CD8T,59,CD8T,parsebioscience,Donor 7,A11,IL-15,False,Donor 7- age: 59,IL-15_Donor 7_A11,cytokine,175,0,0,18,0,0,0,0,0,47,0,110,0,Donor4,Old,69.49563549899773,10.495635498997729
2197,_IL-15_Donor5_A11_CD8T,CD8T,CD8T,41,CD8T,parsebioscience,Donor 8,A11,IL-15,False,Donor 8- age: 41,IL-15_Donor 8_A11,cytokine,2387,0,0,164,0,0,0,0,0,1646,0,577,0,Donor5,Young,40.56303479564566,-0.43696520435433683
2202,_IL-15_Donor6_A11_CD8T,CD8T,CD8T,38,CD8T,parsebioscience,Donor 9,A11,IL-15,False,Donor 9- age: 38,IL-15_Donor 9_A11,cytokine,2466,0,0,458,0,0,0,0,0,572,0,1436,0,Donor6,Young,52.50317275956182,14.50317275956182
2207,_IL-15_Donor7_A11_CD8T,CD8T,CD8T,45,CD8T,parsebioscience,Donor 10,A11,IL-15,False,Donor 10- age: 45,IL-15_Donor 10_A11,cytokine,1486,0,0,157,0,0,0,0,0,914,0,415,0,Donor7,Young,40.54467469533102,-4.455325304668982
2212,_IL-15_Donor8_A11_CD8T,CD8T,CD8T,52,CD8T,parsebioscience,Donor 11,A11,IL-15,False,Donor 11- age: 52,IL-15_Donor 11_A11,cytokine,1678,0,0,257,0,0,0,0,0,360,0,1061,0,Donor8,Old,48.59486779922804,-3.405132200771959
2217,_IL-15_Donor9_A11_CD8T,CD8T,CD8T,38,CD8T,parsebioscience,Donor 12,A11,IL-15,False,Donor 12- age: 38,IL-15_Donor 12_A11,cytokine,1912,0,0,104,0,0,0,0,0,455,0,1353,0,Donor9,Young,47.87962007664481,9.879620076644812
2222,_IL-16_Donor10_G2_CD8T,CD8T,CD8T,42,CD8T,parsebioscience,Donor 2,G2,IL-16,False,Donor 2- age: 42,IL-16_Donor 2_G2,cytokine,988,0,0,167,0,0,0,0,0,526,0,295,0,Donor10,Young,33.84521595694477,-8.15478404305523
2227,_IL-16_Donor11_G2_CD8T,CD8T,CD8T,46,CD8T,parsebioscience,Donor 3,G2,IL-16,False,Donor 3- age: 46,IL-16_Donor 3_G2,cytokine,813,0,0,70,0,0,0,0,0,340,0,403,0,Donor11,Young,31.97328709554142,-14.02671290445858
2232,_IL-16_Donor12_G2_CD8T,CD8T,CD8T,36,CD8T,parsebioscience,Donor 4,G2,IL-16,False,Donor 4- age: 36,IL-16_Donor 4_G2,cytokine,1165,0,0,268,0,0,0,0,0,254,0,643,0,Donor12,Young,34.49322735041037,-1.506772649589628
2237,_IL-16_Donor1_G2_CD8T,CD8T,CD8T,75,CD8T,parsebioscience,Donor 1,G2,IL-16,False,Donor 1- age: 75,IL-16_Donor 1_G2,cytokine,1937,0,0,715,0,0,0,0,0,435,0,787,0,Donor1,Old,54.5969680278145,-20.403031972185502
2242,_IL-16_Donor2_G2_CD8T,CD8T,CD8T,34,CD8T,parsebioscience,Donor 5,G2,IL-16,False,Donor 5- age: 34,IL-16_Donor 5_G2,cytokine,1263,0,0,229,0,0,0,0,0,600,0,434,0,Donor2,Young,27.772939493782687,-6.227060506217313
2247,_IL-16_Donor3_G2_CD8T,CD8T,CD8T,68,CD8T,parsebioscience,Donor 6,G2,IL-16,False,Donor 6- age: 68,IL-16_Donor 6_G2,cytokine,591,0,0,112,0,0,0,0,0,235,0,244,0,Donor3,Old,45.93433459525962,-22.06566540474038
2252,_IL-16_Donor4_G2_CD8T,CD8T,CD8T,59,CD8T,parsebioscience,Donor 7,G2,IL-16,False,Donor 7- age: 59,IL-16_Donor 7_G2,cytokine,232,0,0,32,0,0,0,0,0,60,0,140,0,Donor4,Old,45.49648344208224,-13.503516557917763
2257,_IL-16_Donor5_G2_CD8T,CD8T,CD8T,41,CD8T,parsebioscience,Donor 8,G2,IL-16,False,Donor 8- age: 41,IL-16_Donor 8_G2,cytokine,3295,0,0,639,0,0,0,0,0,1988,0,668,0,Donor5,Young,21.772050118618793,-19.227949881381207
2262,_IL-16_Donor6_G2_CD8T,CD8T,CD8T,38,CD8T,parsebioscience,Donor 9,G2,IL-16,False,Donor 9- age: 38,IL-16_Donor 9_G2,cytokine,1279,0,0,330,0,0,0,0,0,217,0,732,0,Donor6,Young,44.05192953214232,6.051929532142317
2267,_IL-16_Donor7_G2_CD8T,CD8T,CD8T,45,CD8T,parsebioscience,Donor 10,G2,IL-16,False,Donor 10- age: 45,IL-16_Donor 10_G2,cytokine,1342,0,0,296,0,0,0,0,0,595,0,451,0,Donor7,Young,29.645472722791375,-15.354527277208625
2272,_IL-16_Donor8_G2_CD8T,CD8T,CD8T,52,CD8T,parsebioscience,Donor 11,G2,IL-16,False,Donor 11- age: 52,IL-16_Donor 11_G2,cytokine,1316,0,0,269,0,0,0,0,0,233,0,814,0,Donor8,Old,43.327530711149464,-8.672469288850536
2277,_IL-16_Donor9_G2_CD8T,CD8T,CD8T,38,CD8T,parsebioscience,Donor 12,G2,IL-16,False,Donor 12- age: 38,IL-16_Donor 12_G2,cytokine,1498,0,0,197,0,0,0,0,0,329,0,972,0,Donor9,Young,38.08399960805007,0.08399960805007112
2282,_IL-17A_Donor10_D11_CD8T,CD8T,CD8T,42,CD8T,parsebioscience,Donor 2,D11,IL-17A,False,Donor 2- age: 42,IL-17A_Donor 2_D11,cytokine,597,0,0,106,0,0,0,0,0,309,0,182,0,Donor10,Young,39.65024428871051,-2.3497557112894896
2287,_IL-17A_Donor11_D11_CD8T,CD8T,CD8T,46,CD8T,parsebioscience,Donor 3,D11,IL-17A,False,Donor 3- age: 46,IL-17A_Donor 3_D11,cytokine,1277,0,0,124,0,0,0,0,0,515,0,638,0,Donor11,Young,38.759958271005786,-7.240041728994214
2292,_IL-17A_Donor12_D11_CD8T,CD8T,CD8T,36,CD8T,parsebioscience,Donor 4,D11,IL-17A,False,Donor 4- age: 36,IL-17A_Donor 4_D11,cytokine,1621,0,0,351,0,0,0,0,0,417,0,853,0,Donor12,Young,38.42805162402193,2.4280516240219328
2297,_IL-17A_Donor1_D11_CD8T,CD8T,CD8T,75,CD8T,parsebioscience,Donor 1,D11,IL-17A,False,Donor 1- age: 75,IL-17A_Donor 1_D11,cytokine,1131,0,0,346,0,0,0,0,0,295,0,490,0,Donor1,Old,56.28218331237338,-18.717816687626623
2302,_IL-17A_Donor2_D11_CD8T,CD8T,CD8T,34,CD8T,parsebioscience,Donor 5,D11,IL-17A,False,Donor 5- age: 34,IL-17A_Donor 5_D11,cytokine,2594,0,0,486,0,0,0,0,0,1293,0,815,0,Donor2,Young,28.300778409155285,-5.699221590844715
2307,_IL-17A_Donor3_D11_CD8T,CD8T,CD8T,68,CD8T,parsebioscience,Donor 6,D11,IL-17A,False,Donor 6- age: 68,IL-17A_Donor 6_D11,cytokine,946,0,0,215,0,0,0,0,0,396,0,335,0,Donor3,Old,51.733594451272715,-16.266405548727285
2312,_IL-17A_Donor4_D11_CD8T,CD8T,CD8T,59,CD8T,parsebioscience,Donor 7,D11,IL-17A,False,Donor 7- age: 59,IL-17A_Donor 7_D11,cytokine,314,0,0,17,0,0,0,0,0,107,0,190,0,Donor4,Old,52.761472969334775,-6.2385270306652245
2317,_IL-17A_Donor5_D11_CD8T,CD8T,CD8T,41,CD8T,parsebioscience,Donor 8,D11,IL-17A,False,Donor 8- age: 41,IL-17A_Donor 8_D11,cytokine,1672,0,0,324,0,0,0,0,0,1044,0,304,0,Donor5,Young,24.068210455174928,-16.931789544825072
2322,_IL-17A_Donor6_D11_CD8T,CD8T,CD8T,38,CD8T,parsebioscience,Donor 9,D11,IL-17A,False,Donor 9- age: 38,IL-17A_Donor 9_D11,cytokine,1901,0,0,520,0,0,0,0,0,397,0,984,0,Donor6,Young,45.78415895679592,7.78415895679592
2327,_IL-17A_Donor7_D11_CD8T,CD8T,CD8T,45,CD8T,parsebioscience,Donor 10,D11,IL-17A,False,Donor 10- age: 45,IL-17A_Donor 10_D11,cytokine,1837,0,0,414,0,0,0,0,0,870,0,553,0,Donor7,Young,31.396367725036782,-13.603632274963218
2332,_IL-17A_Donor8_D11_CD8T,CD8T,CD8T,52,CD8T,parsebioscience,Donor 11,D11,IL-17A,False,Donor 11- age: 52,IL-17A_Donor 11_D11,cytokine,1030,0,0,173,0,0,0,0,0,180,0,677,0,Donor8,Old,45.27430087797211,-6.7256991220278906
2337,_IL-17A_Donor9_D11_CD8T,CD8T,CD8T,38,CD8T,parsebioscience,Donor 12,D11,IL-17A,False,Donor 12- age: 38,IL-17A_Donor 12_D11,cytokine,1233,0,0,143,0,0,0,0,0,264,0,826,0,Donor9,Young,41.74428272198158,3.744282721981577
2342,_IL-17B_Donor10_C2_CD8T,CD8T,CD8T,42,CD8T,parsebioscience,Donor 2,C2,IL-17B,False,Donor 2- age: 42,IL-17B_Donor 2_C2,cytokine,914,0,0,148,0,0,0,0,0,515,0,251,0,Donor10,Young,33.03685552234582,-8.963144477654183
2347,_IL-17B_Donor11_C2_CD8T,CD8T,CD8T,46,CD8T,parsebioscience,Donor 3,C2,IL-17B,False,Donor 3- age: 46,IL-17B_Donor 3_C2,cytokine,778,0,0,73,0,0,0,0,0,285,0,420,0,Donor11,Young,34.26256955198469,-11.73743044801531
2352,_IL-17B_Donor12_C2_CD8T,CD8T,CD8T,36,CD8T,parsebioscience,Donor 4,C2,IL-17B,False,Donor 4- age: 36,IL-17B_Donor 4_C2,cytokine,1687,0,0,369,0,0,0,0,0,434,0,884,0,Donor12,Young,35.05021874001717,-0.9497812599828279
2357,_IL-17B_Donor1_C2_CD8T,CD8T,CD8T,75,CD8T,parsebioscience,Donor 1,C2,IL-17B,False,Donor 1- age: 75,IL-17B_Donor 1_C2,cytokine,1475,0,0,543,0,0,0,0,0,333,0,599,0,Donor1,Old,57.154568869706836,-17.845431130293164
2362,_IL-17B_Donor2_C2_CD8T,CD8T,CD8T,34,CD8T,parsebioscience,Donor 5,C2,IL-17B,False,Donor 5- age: 34,IL-17B_Donor 5_C2,cytokine,1042,0,0,175,0,0,0,0,0,544,0,323,0,Donor2,Young,26.683890993954606,-7.316109006045394
2367,_IL-17B_Donor3_C2_CD8T,CD8T,CD8T,68,CD8T,parsebioscience,Donor 6,C2,IL-17B,False,Donor 6- age: 68,IL-17B_Donor 6_C2,cytokine,561,0,0,134,0,0,0,0,0,226,0,201,0,Donor3,Old,45.53715198517283,-22.462848014827173
2372,_IL-17B_Donor4_C2_CD8T,CD8T,CD8T,59,CD8T,parsebioscience,Donor 7,C2,IL-17B,False,Donor 7- age: 59,IL-17B_Donor 7_C2,cytokine,256,0,0,18,0,0,0,0,0,81,0,157,0,Donor4,Old,49.482873599390295,-9.517126400609705
2377,_IL-17B_Donor5_C2_CD8T,CD8T,CD8T,41,CD8T,parsebioscience,Donor 8,C2,IL-17B,False,Donor 8- age: 41,IL-17B_Donor 8_C2,cytokine,1792,0,0,328,0,0,0,0,0,1080,0,384,0,Donor5,Young,23.979644643857377,-17.020355356142623
2382,_IL-17B_Donor6_C2_CD8T,CD8T,CD8T,38,CD8T,parsebioscience,Donor 9,C2,IL-17B,False,Donor 9- age: 38,IL-17B_Donor 9_C2,cytokine,1412,0,0,382,0,0,0,0,0,298,0,732,0,Donor6,Young,44.38656706704203,6.38656706704203
2387,_IL-17B_Donor7_C2_CD8T,CD8T,CD8T,45,CD8T,parsebioscience,Donor 10,C2,IL-17B,False,Donor 10- age: 45,IL-17B_Donor 10_C2,cytokine,2106,0,0,432,0,0,0,0,0,1004,0,670,0,Donor7,Young,31.45046459194237,-13.54953540805763
2392,_IL-17B_Donor8_C2_CD8T,CD8T,CD8T,52,CD8T,parsebioscience,Donor 11,C2,IL-17B,False,Donor 11- age: 52,IL-17B_Donor 11_C2,cytokine,1044,0,0,232,0,0,0,0,0,169,0,643,0,Donor8,Old,48.18979130796052,-3.810208692039481
2397,_IL-17B_Donor9_C2_CD8T,CD8T,CD8T,38,CD8T,parsebioscience,Donor 12,C2,IL-17B,False,Donor 12- age: 38,IL-17B_Donor 12_C2,cytokine,1223,0,0,108,0,0,0,0,0,270,0,845,0,Donor9,Young,42.20863521018772,4.2086352101877225
2402,_IL-17C_Donor10_C3_CD8T,CD8T,CD8T,42,CD8T,parsebioscience,Donor 2,C3,IL-17C,False,Donor 2- age: 42,IL-17C_Donor 2_C3,cytokine,938,0,0,172,0,0,0,0,0,521,0,245,0,Donor10,Young,37.272280600293584,-4.727719399706416
2407,_IL-17C_Donor11_C3_CD8T,CD8T,CD8T,46,CD8T,parsebioscience,Donor 3,C3,IL-17C,False,Donor 3- age: 46,IL-17C_Donor 3_C3,cytokine,1101,0,0,136,0,0,0,0,0,417,0,548,0,Donor11,Young,37.46395884574244,-8.53604115425756
2412,_IL-17C_Donor12_C3_CD8T,CD8T,CD8T,36,CD8T,parsebioscience,Donor 4,C3,IL-17C,False,Donor 4- age: 36,IL-17C_Donor 4_C3,cytokine,1494,0,0,295,0,0,0,0,0,359,0,840,0,Donor12,Young,39.492660861150156,3.4926608611501564
2417,_IL-17C_Donor1_C3_CD8T,CD8T,CD8T,75,CD8T,parsebioscience,Donor 1,C3,IL-17C,False,Donor 1- age: 75,IL-17C_Donor 1_C3,cytokine,1205,0,0,398,0,0,0,0,0,271,0,536,0,Donor1,Old,51.85334583542462,-23.14665416457538
2422,_IL-17C_Donor2_C3_CD8T,CD8T,CD8T,34,CD8T,parsebioscience,Donor 5,C3,IL-17C,False,Donor 5- age: 34,IL-17C_Donor 5_C3,cytokine,1560,0,0,262,0,0,0,0,0,764,0,534,0,Donor2,Young,30.17099387609234,-3.8290061239076607
2427,_IL-17C_Donor3_C3_CD8T,CD8T,CD8T,68,CD8T,parsebioscience,Donor 6,C3,IL-17C,False,Donor 6- age: 68,IL-17C_Donor 6_C3,cytokine,722,0,0,165,0,0,0,0,0,304,0,253,0,Donor3,Old,48.14261246166626,-19.85738753833374
2432,_IL-17C_Donor4_C3_CD8T,CD8T,CD8T,59,CD8T,parsebioscience,Donor 7,C3,IL-17C,False,Donor 7- age: 59,IL-17C_Donor 7_C3,cytokine,279,0,0,28,0,0,0,0,0,91,0,160,0,Donor4,Old,46.97307617955862,-12.026923820441382
2437,_IL-17C_Donor5_C3_CD8T,CD8T,CD8T,41,CD8T,parsebioscience,Donor 8,C3,IL-17C,False,Donor 8- age: 41,IL-17C_Donor 8_C3,cytokine,1853,0,0,303,0,0,0,0,0,1136,0,414,0,Donor5,Young,22.60729231046539,-18.39270768953461
2442,_IL-17C_Donor6_C3_CD8T,CD8T,CD8T,38,CD8T,parsebioscience,Donor 9,C3,IL-17C,False,Donor 9- age: 38,IL-17C_Donor 9_C3,cytokine,1316,0,0,367,0,0,0,0,0,262,0,687,0,Donor6,Young,42.692287629656114,4.692287629656114
2447,_IL-17C_Donor7_C3_CD8T,CD8T,CD8T,45,CD8T,parsebioscience,Donor 10,C3,IL-17C,False,Donor 10- age: 45,IL-17C_Donor 10_C3,cytokine,1718,0,0,344,0,0,0,0,0,753,0,621,0,Donor7,Young,26.986672555746843,-18.013327444253157
2452,_IL-17C_Donor8_C3_CD8T,CD8T,CD8T,52,CD8T,parsebioscience,Donor 11,C3,IL-17C,False,Donor 11- age: 52,IL-17C_Donor 11_C3,cytokine,1748,0,0,386,0,0,0,0,0,268,0,1094,0,Donor8,Old,44.26951570405171,-7.730484295948287
2457,_IL-17C_Donor9_C3_CD8T,CD8T,CD8T,38,CD8T,parsebioscience,Donor 12,C3,IL-17C,False,Donor 12- age: 38,IL-17C_Donor 12_C3,cytokine,1602,0,0,189,0,0,0,0,0,315,0,1098,0,Donor9,Young,39.8358518854097,1.8358518854097028
2462,_IL-17D_Donor10_C4_CD8T,CD8T,CD8T,42,CD8T,parsebioscience,Donor 2,C4,IL-17D,False,Donor 2- age: 42,IL-17D_Donor 2_C4,cytokine,989,0,0,159,0,0,0,0,0,557,0,273,0,Donor10,Young,36.28807482954478,-5.711925170455217
2467,_IL-17D_Donor11_C4_CD8T,CD8T,CD8T,46,CD8T,parsebioscience,Donor 3,C4,IL-17D,False,Donor 3- age: 46,IL-17D_Donor 3_C4,cytokine,950,0,0,81,0,0,0,0,0,390,0,479,0,Donor11,Young,36.7008272738314,-9.2991727261686
2472,_IL-17D_Donor12_C4_CD8T,CD8T,CD8T,36,CD8T,parsebioscience,Donor 4,C4,IL-17D,False,Donor 4- age: 36,IL-17D_Donor 4_C4,cytokine,1487,0,0,326,0,0,0,0,0,340,0,821,0,Donor12,Young,36.25192934001804,0.25192934001803735
2477,_IL-17D_Donor1_C4_CD8T,CD8T,CD8T,75,CD8T,parsebioscience,Donor 1,C4,IL-17D,False,Donor 1- age: 75,IL-17D_Donor 1_C4,cytokine,1475,0,0,475,0,0,0,0,0,343,0,657,0,Donor1,Old,52.61862173143675,-22.381378268563253
2482,_IL-17D_Donor2_C4_CD8T,CD8T,CD8T,34,CD8T,parsebioscience,Donor 5,C4,IL-17D,False,Donor 5- age: 34,IL-17D_Donor 5_C4,cytokine,2547,0,0,468,0,0,0,0,0,1199,0,880,0,Donor2,Young,31.58601228016486,-2.4139877198351414
2487,_IL-17D_Donor3_C4_CD8T,CD8T,CD8T,68,CD8T,parsebioscience,Donor 6,C4,IL-17D,False,Donor 6- age: 68,IL-17D_Donor 6_C4,cytokine,830,0,0,160,0,0,0,0,0,334,0,336,0,Donor3,Old,44.88312189978406,-23.116878100215942
2492,_IL-17D_Donor4_C4_CD8T,CD8T,CD8T,59,CD8T,parsebioscience,Donor 7,C4,IL-17D,False,Donor 7- age: 59,IL-17D_Donor 7_C4,cytokine,323,0,0,20,0,0,0,0,0,99,0,204,0,Donor4,Old,48.00830911029694,-10.991690889703058
2497,_IL-17D_Donor5_C4_CD8T,CD8T,CD8T,41,CD8T,parsebioscience,Donor 8,C4,IL-17D,False,Donor 8- age: 41,IL-17D_Donor 8_C4,cytokine,2614,0,0,467,0,0,0,0,0,1587,0,560,0,Donor5,Young,21.704540863194538,-19.295459136805462
2502,_IL-17D_Donor6_C4_CD8T,CD8T,CD8T,38,CD8T,parsebioscience,Donor 9,C4,IL-17D,False,Donor 9- age: 38,IL-17D_Donor 9_C4,cytokine,1182,0,0,277,0,0,0,0,0,228,0,677,0,Donor6,Young,41.107906577534486,3.107906577534486
2507,_IL-17D_Donor7_C4_CD8T,CD8T,CD8T,45,CD8T,parsebioscience,Donor 10,C4,IL-17D,False,Donor 10- age: 45,IL-17D_Donor 10_C4,cytokine,2033,0,0,419,0,0,0,0,0,880,0,734,0,Donor7,Young,29.968245757694636,-15.031754242305364
2512,_IL-17D_Donor8_C4_CD8T,CD8T,CD8T,52,CD8T,parsebioscience,Donor 11,C4,IL-17D,False,Donor 11- age: 52,IL-17D_Donor 11_C4,cytokine,1503,0,0,304,0,0,0,0,0,193,0,1006,0,Donor8,Old,42.126949366836755,-9.873050633163245
2517,_IL-17D_Donor9_C4_CD8T,CD8T,CD8T,38,CD8T,parsebioscience,Donor 12,C4,IL-17D,False,Donor 12- age: 38,IL-17D_Donor 12_C4,cytokine,1691,0,0,178,0,0,0,0,0,291,0,1222,0,Donor9,Young,37.0709097177581,-0.9290902822419014
2522,_IL-17E_Donor10_C5_CD8T,CD8T,CD8T,42,CD8T,parsebioscience,Donor 2,C5,IL-17E,False,Donor 2- age: 42,IL-17E_Donor 2_C5,cytokine,990,0,0,140,0,0,0,0,0,542,0,308,0,Donor10,Young,32.22147454695832,-9.77852545304168
2527,_IL-17E_Donor11_C5_CD8T,CD8T,CD8T,46,CD8T,parsebioscience,Donor 3,C5,IL-17E,False,Donor 3- age: 46,IL-17E_Donor 3_C5,cytokine,1230,0,0,96,0,0,0,0,0,477,0,657,0,Donor11,Young,28.229384841943165,-17.770615158056835
2532,_IL-17E_Donor12_C5_CD8T,CD8T,CD8T,36,CD8T,parsebioscience,Donor 4,C5,IL-17E,False,Donor 4- age: 36,IL-17E_Donor 4_C5,cytokine,2255,0,0,459,0,0,0,0,0,522,0,1274,0,Donor12,Young,30.032671146440173,-5.9673288535598275
2537,_IL-17E_Donor1_C5_CD8T,CD8T,CD8T,75,CD8T,parsebioscience,Donor 1,C5,IL-17E,False,Donor 1- age: 75,IL-17E_Donor 1_C5,cytokine,1526,0,0,590,0,0,0,0,0,278,0,658,0,Donor1,Old,49.40232482995263,-25.597675170047367
2542,_IL-17E_Donor2_C5_CD8T,CD8T,CD8T,34,CD8T,parsebioscience,Donor 5,C5,IL-17E,False,Donor 5- age: 34,IL-17E_Donor 5_C5,cytokine,2879,0,0,539,0,0,0,0,0,1336,0,1004,0,Donor2,Young,22.44586287464523,-11.55413712535477
2547,_IL-17E_Donor3_C5_CD8T,CD8T,CD8T,68,CD8T,parsebioscience,Donor 6,C5,IL-17E,False,Donor 6- age: 68,IL-17E_Donor 6_C5,cytokine,1047,0,0,236,0,0,0,0,0,422,0,389,0,Donor3,Old,37.0702356586055,-30.929764341394502
2552,_IL-17E_Donor4_C5_CD8T,CD8T,CD8T,59,CD8T,parsebioscience,Donor 7,C5,IL-17E,False,Donor 7- age: 59,IL-17E_Donor 7_C5,cytokine,375,0,0,26,0,0,0,0,0,113,0,236,0,Donor4,Old,38.42074807738666,-20.579251922613338
2557,_IL-17E_Donor5_C5_CD8T,CD8T,CD8T,41,CD8T,parsebioscience,Donor 8,C5,IL-17E,False,Donor 8- age: 41,IL-17E_Donor 8_C5,cytokine,491,0,0,91,0,0,0,0,0,308,0,92,0,Donor5,Young,16.634532884937478,-24.365467115062522
2562,_IL-17E_Donor6_C5_CD8T,CD8T,CD8T,38,CD8T,parsebioscience,Donor 9,C5,IL-17E,False,Donor 9- age: 38,IL-17E_Donor 9_C5,cytokine,1499,0,0,398,0,0,0,0,0,300,0,801,0,Donor6,Young,36.58842862437957,-1.4115713756204329
2567,_IL-17E_Donor7_C5_CD8T,CD8T,CD8T,45,CD8T,parsebioscience,Donor 10,C5,IL-17E,False,Donor 10- age: 45,IL-17E_Donor 10_C5,cytokine,1794,0,0,391,0,0,0,0,0,681,0,722,0,Donor7,Young,26.212513192794027,-18.787486807205973
2572,_IL-17E_Donor8_C5_CD8T,CD8T,CD8T,52,CD8T,parsebioscience,Donor 11,C5,IL-17E,False,Donor 11- age: 52,IL-17E_Donor 11_C5,cytokine,1005,0,0,183,0,0,0,0,0,162,0,660,0,Donor8,Old,40.1311384700967,-11.868861529903299
2577,_IL-17E_Donor9_C5_CD8T,CD8T,CD8T,38,CD8T,parsebioscience,Donor 12,C5,IL-17E,False,Donor 12- age: 38,IL-17E_Donor 12_C5,cytokine,1390,0,0,146,0,0,0,0,0,271,0,973,0,Donor9,Young,38.0949605630212,0.09496056302120337
2582,_IL-17F_Donor10_C6_CD8T,CD8T,CD8T,42,CD8T,parsebioscience,Donor 2,C6,IL-17F,False,Donor 2- age: 42,IL-17F_Donor 2_C6,cytokine,897,0,0,143,0,0,0,0,0,497,0,257,0,Donor10,Young,33.03334164328698,-8.966658356713019
2587,_IL-17F_Donor11_C6_CD8T,CD8T,CD8T,46,CD8T,parsebioscience,Donor 3,C6,IL-17F,False,Donor 3- age: 46,IL-17F_Donor 3_C6,cytokine,1227,0,0,101,0,0,0,0,0,565,0,561,0,Donor11,Young,31.419679512437,-14.580320487563
2592,_IL-17F_Donor12_C6_CD8T,CD8T,CD8T,36,CD8T,parsebioscience,Donor 4,C6,IL-17F,False,Donor 4- age: 36,IL-17F_Donor 4_C6,cytokine,1771,0,0,374,0,0,0,0,0,395,0,1002,0,Donor12,Young,35.05818221849486,-0.9418177815051365
2597,_IL-17F_Donor1_C6_CD8T,CD8T,CD8T,75,CD8T,parsebioscience,Donor 1,C6,IL-17F,False,Donor 1- age: 75,IL-17F_Donor 1_C6,cytokine,1380,0,0,438,0,0,0,0,0,308,0,634,0,Donor1,Old,51.80565729595962,-23.19434270404038
2602,_IL-17F_Donor2_C6_CD8T,CD8T,CD8T,34,CD8T,parsebioscience,Donor 5,C6,IL-17F,False,Donor 5- age: 34,IL-17F_Donor 5_C6,cytokine,2699,0,0,463,0,0,0,0,0,1338,0,898,0,Donor2,Young,26.869871045594998,-7.130128954405002
2607,_IL-17F_Donor3_C6_CD8T,CD8T,CD8T,68,CD8T,parsebioscience,Donor 6,C6,IL-17F,False,Donor 6- age: 68,IL-17F_Donor 6_C6,cytokine,1086,0,0,246,0,0,0,0,0,427,0,413,0,Donor3,Old,41.05304419280763,-26.946955807192367
2612,_IL-17F_Donor4_C6_CD8T,CD8T,CD8T,59,CD8T,parsebioscience,Donor 7,C6,IL-17F,False,Donor 7- age: 59,IL-17F_Donor 7_C6,cytokine,435,0,0,34,0,0,0,0,0,144,0,257,0,Donor4,Old,44.5653321310403,-14.4346678689597
2617,_IL-17F_Donor5_C6_CD8T,CD8T,CD8T,41,CD8T,parsebioscience,Donor 8,C6,IL-17F,False,Donor 8- age: 41,IL-17F_Donor 8_C6,cytokine,2924,0,0,480,0,0,0,0,0,1806,0,638,0,Donor5,Young,19.407323888076682,-21.592676111923318
2622,_IL-17F_Donor6_C6_CD8T,CD8T,CD8T,38,CD8T,parsebioscience,Donor 9,C6,IL-17F,False,Donor 9- age: 38,IL-17F_Donor 9_C6,cytokine,1320,0,0,335,0,0,0,0,0,274,0,711,0,Donor6,Young,45.76488126997822,7.764881269978218
2627,_IL-17F_Donor7_C6_CD8T,CD8T,CD8T,45,CD8T,parsebioscience,Donor 10,C6,IL-17F,False,Donor 10- age: 45,IL-17F_Donor 10_C6,cytokine,2705,0,0,575,0,0,0,0,0,1330,0,800,0,Donor7,Young,31.185508173542623,-13.814491826457377
2632,_IL-17F_Donor8_C6_CD8T,CD8T,CD8T,52,CD8T,parsebioscience,Donor 11,C6,IL-17F,False,Donor 11- age: 52,IL-17F_Donor 11_C6,cytokine,1110,0,0,222,0,0,0,0,0,208,0,680,0,Donor8,Old,41.63453436652277,-10.365465633477228
2637,_IL-17F_Donor9_C6_CD8T,CD8T,CD8T,38,CD8T,parsebioscience,Donor 12,C6,IL-17F,False,Donor 12- age: 38,IL-17F_Donor 12_C6,cytokine,1602,0,0,164,0,0,0,0,0,350,0,1088,0,Donor9,Young,40.51254721254158,2.512547212541577
2642,_IL-18_Donor10_A3_CD8T,CD8T,CD8T,42,CD8T,parsebioscience,Donor 2,A3,IL-18,False,Donor 2- age: 42,IL-18_Donor 2_A3,cytokine,1235,0,0,214,0,0,0,0,0,660,0,361,0,Donor10,Young,36.5820284448945,-5.4179715551055025
2647,_IL-18_Donor11_A3_CD8T,CD8T,CD8T,46,CD8T,parsebioscience,Donor 3,A3,IL-18,False,Donor 3- age: 46,IL-18_Donor 3_A3,cytokine,781,0,0,63,0,0,0,0,0,275,0,443,0,Donor11,Young,36.69895406055933,-9.30104593944067
2652,_IL-18_Donor12_A3_CD8T,CD8T,CD8T,36,CD8T,parsebioscience,Donor 4,A3,IL-18,False,Donor 4- age: 36,IL-18_Donor 4_A3,cytokine,2713,0,0,637,0,0,0,0,0,635,0,1441,0,Donor12,Young,40.68152885245399,4.681528852453987
2657,_IL-18_Donor1_A3_CD8T,CD8T,CD8T,75,CD8T,parsebioscience,Donor 1,A3,IL-18,False,Donor 1- age: 75,IL-18_Donor 1_A3,cytokine,986,0,0,306,0,0,0,0,0,238,0,442,0,Donor1,Old,58.227289139124025,-16.772710860875975
2662,_IL-18_Donor2_A3_CD8T,CD8T,CD8T,34,CD8T,parsebioscience,Donor 5,A3,IL-18,False,Donor 5- age: 34,IL-18_Donor 5_A3,cytokine,1493,0,0,223,0,0,0,0,0,721,0,549,0,Donor2,Young,29.473476389606155,-4.526523610393845
2667,_IL-18_Donor3_A3_CD8T,CD8T,CD8T,68,CD8T,parsebioscience,Donor 6,A3,IL-18,False,Donor 6- age: 68,IL-18_Donor 6_A3,cytokine,620,0,0,105,0,0,0,0,0,121,0,394,0,Donor3,Old,48.43886171887942,-19.561138281120577
2672,_IL-18_Donor4_A3_CD8T,CD8T,CD8T,59,CD8T,parsebioscience,Donor 7,A3,IL-18,False,Donor 7- age: 59,IL-18_Donor 7_A3,cytokine,251,0,0,30,0,0,0,0,0,43,0,178,0,Donor4,Old,54.79033823415591,-4.209661765844089
2677,_IL-18_Donor5_A3_CD8T,CD8T,CD8T,41,CD8T,parsebioscience,Donor 8,A3,IL-18,False,Donor 8- age: 41,IL-18_Donor 8_A3,cytokine,3230,0,0,656,0,0,0,0,0,1917,0,657,0,Donor5,Young,23.23435199429681,-17.76564800570319
2682,_IL-18_Donor6_A3_CD8T,CD8T,CD8T,38,CD8T,parsebioscience,Donor 9,A3,IL-18,False,Donor 9- age: 38,IL-18_Donor 9_A3,cytokine,2090,0,0,558,0,0,0,0,0,425,0,1107,0,Donor6,Young,45.7204992341517,7.720499234151703
2687,_IL-18_Donor7_A3_CD8T,CD8T,CD8T,45,CD8T,parsebioscience,Donor 10,A3,IL-18,False,Donor 10- age: 45,IL-18_Donor 10_A3,cytokine,2508,0,0,497,0,0,0,0,0,1251,0,760,0,Donor7,Young,28.808409133991802,-16.191590866008198
2692,_IL-18_Donor8_A3_CD8T,CD8T,CD8T,52,CD8T,parsebioscience,Donor 11,A3,IL-18,False,Donor 11- age: 52,IL-18_Donor 11_A3,cytokine,1383,0,0,277,0,0,0,0,0,212,0,894,0,Donor8,Old,44.34275098441141,-7.65724901558859
2697,_IL-18_Donor9_A3_CD8T,CD8T,CD8T,38,CD8T,parsebioscience,Donor 12,A3,IL-18,False,Donor 12- age: 38,IL-18_Donor 12_A3,cytokine,1980,0,0,207,0,0,0,0,0,364,0,1409,0,Donor9,Young,40.46624790160508,2.4662479016050796
2702,_IL-19_Donor10_B9_CD8T,CD8T,CD8T,42,CD8T,parsebioscience,Donor 2,B9,IL-19,False,Donor 2- age: 42,IL-19_Donor 2_B9,cytokine,1080,0,0,161,0,0,0,0,0,655,0,264,0,Donor10,Young,36.41628618712763,-5.583713812872368
2707,_IL-19_Donor11_B9_CD8T,CD8T,CD8T,46,CD8T,parsebioscience,Donor 3,B9,IL-19,False,Donor 3- age: 46,IL-19_Donor 3_B9,cytokine,1290,0,0,110,0,0,0,0,0,554,0,626,0,Donor11,Young,36.233014674020936,-9.766985325979064
2712,_IL-19_Donor12_B9_CD8T,CD8T,CD8T,36,CD8T,parsebioscience,Donor 4,B9,IL-19,False,Donor 4- age: 36,IL-19_Donor 4_B9,cytokine,2252,0,0,509,0,0,0,0,0,604,0,1139,0,Donor12,Young,39.0253812188368,3.025381218836799
2717,_IL-19_Donor1_B9_CD8T,CD8T,CD8T,75,CD8T,parsebioscience,Donor 1,B9,IL-19,False,Donor 1- age: 75,IL-19_Donor 1_B9,cytokine,1572,0,0,556,0,0,0,0,0,367,0,649,0,Donor1,Old,54.22388356058483,-20.77611643941517
2722,_IL-19_Donor2_B9_CD8T,CD8T,CD8T,34,CD8T,parsebioscience,Donor 5,B9,IL-19,False,Donor 5- age: 34,IL-19_Donor 5_B9,cytokine,1789,0,0,290,0,0,0,0,0,945,0,554,0,Donor2,Young,28.368965887158886,-5.631034112841114
2727,_IL-19_Donor3_B9_CD8T,CD8T,CD8T,68,CD8T,parsebioscience,Donor 6,B9,IL-19,False,Donor 6- age: 68,IL-19_Donor 6_B9,cytokine,733,0,0,166,0,0,0,0,0,303,0,264,0,Donor3,Old,41.16839589358563,-26.831604106414368
2732,_IL-19_Donor4_B9_CD8T,CD8T,CD8T,59,CD8T,parsebioscience,Donor 7,B9,IL-19,False,Donor 7- age: 59,IL-19_Donor 7_B9,cytokine,252,0,0,29,0,0,0,0,0,84,0,139,0,Donor4,Old,53.73915501112853,-5.260844988871469
2737,_IL-19_Donor5_B9_CD8T,CD8T,CD8T,41,CD8T,parsebioscience,Donor 8,B9,IL-19,False,Donor 8- age: 41,IL-19_Donor 8_B9,cytokine,2876,0,0,450,0,0,0,0,0,1854,0,572,0,Donor5,Young,22.011376073742213,-18.988623926257787
2742,_IL-19_Donor6_B9_CD8T,CD8T,CD8T,38,CD8T,parsebioscience,Donor 9,B9,IL-19,False,Donor 9- age: 38,IL-19_Donor 9_B9,cytokine,1315,0,0,324,0,0,0,0,0,273,0,718,0,Donor6,Young,44.407849253372724,6.407849253372724
2747,_IL-19_Donor7_B9_CD8T,CD8T,CD8T,45,CD8T,parsebioscience,Donor 10,B9,IL-19,False,Donor 10- age: 45,IL-19_Donor 10_B9,cytokine,1851,0,0,385,0,0,0,0,0,929,0,537,0,Donor7,Young,30.903994987813185,-14.096005012186815
2752,_IL-19_Donor8_B9_CD8T,CD8T,CD8T,52,CD8T,parsebioscience,Donor 11,B9,IL-19,False,Donor 11- age: 52,IL-19_Donor 11_B9,cytokine,1294,0,0,278,0,0,0,0,0,219,0,797,0,Donor8,Old,48.801522289671716,-3.1984777103282838
2757,_IL-19_Donor9_B9_CD8T,CD8T,CD8T,38,CD8T,parsebioscience,Donor 12,B9,IL-19,False,Donor 12- age: 38,IL-19_Donor 12_B9,cytokine,2042,0,0,269,0,0,0,0,0,422,0,1351,0,Donor9,Young,41.210893022228966,3.2108930222289658
2762,_IL-1Ra_Donor10_A1_CD8T,CD8T,CD8T,42,CD8T,parsebioscience,Donor 2,A1,IL-1Ra,False,Donor 2- age: 42,IL-1Ra_Donor 2_A1,cytokine,1195,0,0,272,0,0,0,0,0,573,0,350,0,Donor10,Young,33.689066913062256,-8.310933086937744
2767,_IL-1Ra_Donor11_A1_CD8T,CD8T,CD8T,46,CD8T,parsebioscience,Donor 3,A1,IL-1Ra,False,Donor 3- age: 46,IL-1Ra_Donor 3_A1,cytokine,1042,0,0,94,0,0,0,0,0,372,0,576,0,Donor11,Young,30.22840280925197,-15.771597190748029
2772,_IL-1Ra_Donor12_A1_CD8T,CD8T,CD8T,36,CD8T,parsebioscience,Donor 4,A1,IL-1Ra,False,Donor 4- age: 36,IL-1Ra_Donor 4_A1,cytokine,1935,0,0,424,0,0,0,0,0,420,0,1091,0,Donor12,Young,30.76742627880497,-5.232573721195031
2777,_IL-1Ra_Donor1_A1_CD8T,CD8T,CD8T,75,CD8T,parsebioscience,Donor 1,A1,IL-1Ra,False,Donor 1- age: 75,IL-1Ra_Donor 1_A1,cytokine,705,0,0,263,0,0,0,0,0,147,0,295,0,Donor1,Old,51.08505701974069,-23.914942980259312
2782,_IL-1Ra_Donor2_A1_CD8T,CD8T,CD8T,34,CD8T,parsebioscience,Donor 5,A1,IL-1Ra,False,Donor 5- age: 34,IL-1Ra_Donor 5_A1,cytokine,1676,0,0,252,0,0,0,0,0,895,0,529,0,Donor2,Young,22.327157954940695,-11.672842045059305
2787,_IL-1Ra_Donor3_A1_CD8T,CD8T,CD8T,68,CD8T,parsebioscience,Donor 6,A1,IL-1Ra,False,Donor 6- age: 68,IL-1Ra_Donor 6_A1,cytokine,486,0,0,100,0,0,0,0,0,85,0,301,0,Donor3,Old,40.28043864769376,-27.719561352306243
2792,_IL-1Ra_Donor4_A1_CD8T,CD8T,CD8T,59,CD8T,parsebioscience,Donor 7,A1,IL-1Ra,False,Donor 7- age: 59,IL-1Ra_Donor 7_A1,cytokine,248,0,0,14,0,0,0,0,0,9,0,225,0,Donor4,Old,49.399815505040465,-9.600184494959535
2797,_IL-1Ra_Donor5_A1_CD8T,CD8T,CD8T,41,CD8T,parsebioscience,Donor 8,A1,IL-1Ra,False,Donor 8- age: 41,IL-1Ra_Donor 8_A1,cytokine,2453,0,0,473,0,0,0,0,0,1473,0,507,0,Donor5,Young,16.386433019752644,-24.613566980247356
2802,_IL-1Ra_Donor6_A1_CD8T,CD8T,CD8T,38,CD8T,parsebioscience,Donor 9,A1,IL-1Ra,False,Donor 9- age: 38,IL-1Ra_Donor 9_A1,cytokine,3421,0,0,944,0,0,0,0,0,594,0,1883,0,Donor6,Young,39.232776036405326,1.2327760364053262
2807,_IL-1Ra_Donor7_A1_CD8T,CD8T,CD8T,45,CD8T,parsebioscience,Donor 10,A1,IL-1Ra,False,Donor 10- age: 45,IL-1Ra_Donor 10_A1,cytokine,3080,0,0,621,0,0,0,0,0,1510,0,949,0,Donor7,Young,24.16668287237787,-20.83331712762213
2812,_IL-1Ra_Donor8_A1_CD8T,CD8T,CD8T,52,CD8T,parsebioscience,Donor 11,A1,IL-1Ra,False,Donor 11- age: 52,IL-1Ra_Donor 11_A1,cytokine,1296,0,0,266,0,0,0,0,0,197,0,833,0,Donor8,Old,41.711791192581266,-10.288208807418734
2817,_IL-1Ra_Donor9_A1_CD8T,CD8T,CD8T,38,CD8T,parsebioscience,Donor 12,A1,IL-1Ra,False,Donor 12- age: 38,IL-1Ra_Donor 12_A1,cytokine,2802,0,0,336,0,0,0,0,0,535,0,1931,0,Donor9,Young,33.91245893255956,-4.087541067440441
2822,_IL-20_Donor10_B10_CD8T,CD8T,CD8T,42,CD8T,parsebioscience,Donor 2,B10,IL-20,False,Donor 2- age: 42,IL-20_Donor 2_B10,cytokine,893,0,0,145,0,0,0,0,0,475,0,273,0,Donor10,Young,37.16580447172036,-4.834195528279643
2827,_IL-20_Donor11_B10_CD8T,CD8T,CD8T,46,CD8T,parsebioscience,Donor 3,B10,IL-20,False,Donor 3- age: 46,IL-20_Donor 3_B10,cytokine,958,0,0,70,0,0,0,0,0,353,0,535,0,Donor11,Young,39.505299410858015,-6.494700589141985
2832,_IL-20_Donor12_B10_CD8T,CD8T,CD8T,36,CD8T,parsebioscience,Donor 4,B10,IL-20,False,Donor 4- age: 36,IL-20_Donor 4_B10,cytokine,2149,0,0,466,0,0,0,0,0,516,0,1167,0,Donor12,Young,37.50388972987941,1.5038897298794112
2837,_IL-20_Donor1_B10_CD8T,CD8T,CD8T,75,CD8T,parsebioscience,Donor 1,B10,IL-20,False,Donor 1- age: 75,IL-20_Donor 1_B10,cytokine,1434,0,0,499,0,0,0,0,0,313,0,622,0,Donor1,Old,54.869634343106284,-20.130365656893716
2842,_IL-20_Donor2_B10_CD8T,CD8T,CD8T,34,CD8T,parsebioscience,Donor 5,B10,IL-20,False,Donor 5- age: 34,IL-20_Donor 5_B10,cytokine,1856,0,0,288,0,0,0,0,0,957,0,611,0,Donor2,Young,28.453716065027095,-5.546283934972905
2847,_IL-20_Donor3_B10_CD8T,CD8T,CD8T,68,CD8T,parsebioscience,Donor 6,B10,IL-20,False,Donor 6- age: 68,IL-20_Donor 6_B10,cytokine,911,0,0,204,0,0,0,0,0,366,0,341,0,Donor3,Old,43.64916920132507,-24.350830798674927
2852,_IL-20_Donor4_B10_CD8T,CD8T,CD8T,59,CD8T,parsebioscience,Donor 7,B10,IL-20,False,Donor 7- age: 59,IL-20_Donor 7_B10,cytokine,477,0,0,51,0,0,0,0,0,130,0,296,0,Donor4,Old,48.64483736728678,-10.355162632713217
2857,_IL-20_Donor5_B10_CD8T,CD8T,CD8T,41,CD8T,parsebioscience,Donor 8,B10,IL-20,False,Donor 8- age: 41,IL-20_Donor 8_B10,cytokine,2537,0,0,427,0,0,0,0,0,1549,0,561,0,Donor5,Young,23.364927437537567,-17.635072562462433
2862,_IL-20_Donor6_B10_CD8T,CD8T,CD8T,38,CD8T,parsebioscience,Donor 9,B10,IL-20,False,Donor 9- age: 38,IL-20_Donor 9_B10,cytokine,2077,0,0,557,0,0,0,0,0,440,0,1080,0,Donor6,Young,39.74528966144391,1.7452896614439126
2867,_IL-20_Donor7_B10_CD8T,CD8T,CD8T,45,CD8T,parsebioscience,Donor 10,B10,IL-20,False,Donor 10- age: 45,IL-20_Donor 10_B10,cytokine,1844,0,0,376,0,0,0,0,0,888,0,580,0,Donor7,Young,28.917662858182602,-16.082337141817398
2872,_IL-20_Donor8_B10_CD8T,CD8T,CD8T,52,CD8T,parsebioscience,Donor 11,B10,IL-20,False,Donor 11- age: 52,IL-20_Donor 11_B10,cytokine,1294,0,0,283,0,0,0,0,0,244,0,767,0,Donor8,Old,46.78420327929055,-5.215796720709449
2877,_IL-20_Donor9_B10_CD8T,CD8T,CD8T,38,CD8T,parsebioscience,Donor 12,B10,IL-20,False,Donor 12- age: 38,IL-20_Donor 12_B10,cytokine,1686,0,0,195,0,0,0,0,0,353,0,1138,0,Donor9,Young,40.86211339709536,2.8621133970953565
2882,_IL-21_Donor10_H4_CD8T,CD8T,CD8T,42,CD8T,parsebioscience,Donor 2,H4,IL-21,False,Donor 2- age: 42,IL-21_Donor 2_H4,cytokine,866,0,0,169,0,0,0,0,0,464,0,233,0,Donor10,Young,38.305546889629355,-3.6944531103706453
2887,_IL-21_Donor11_H4_CD8T,CD8T,CD8T,46,CD8T,parsebioscience,Donor 3,H4,IL-21,False,Donor 3- age: 46,IL-21_Donor 3_H4,cytokine,1209,0,0,119,0,0,0,0,0,445,0,645,0,Donor11,Young,33.108721182577824,-12.891278817422176
2892,_IL-21_Donor12_H4_CD8T,CD8T,CD8T,36,CD8T,parsebioscience,Donor 4,H4,IL-21,False,Donor 4- age: 36,IL-21_Donor 4_H4,cytokine,2186,0,0,509,0,0,0,0,0,547,0,1130,0,Donor12,Young,38.154719477099995,2.154719477099995
2897,_IL-21_Donor1_H4_CD8T,CD8T,CD8T,75,CD8T,parsebioscience,Donor 1,H4,IL-21,False,Donor 1- age: 75,IL-21_Donor 1_H4,cytokine,1903,0,0,585,0,0,0,0,0,439,0,879,0,Donor1,Old,54.952466341121934,-20.047533658878066
2902,_IL-21_Donor2_H4_CD8T,CD8T,CD8T,34,CD8T,parsebioscience,Donor 5,H4,IL-21,False,Donor 5- age: 34,IL-21_Donor 5_H4,cytokine,1637,0,0,329,0,0,0,0,0,773,0,535,0,Donor2,Young,32.69525803246716,-1.3047419675328413
2907,_IL-21_Donor3_H4_CD8T,CD8T,CD8T,68,CD8T,parsebioscience,Donor 6,H4,IL-21,False,Donor 6- age: 68,IL-21_Donor 6_H4,cytokine,666,0,0,136,0,0,0,0,0,290,0,240,0,Donor3,Old,42.174958408738725,-25.825041591261275
2912,_IL-21_Donor4_H4_CD8T,CD8T,CD8T,59,CD8T,parsebioscience,Donor 7,H4,IL-21,False,Donor 7- age: 59,IL-21_Donor 7_H4,cytokine,288,0,0,37,0,0,0,0,0,79,0,172,0,Donor4,Old,49.755387963155115,-9.244612036844885
2917,_IL-21_Donor5_H4_CD8T,CD8T,CD8T,41,CD8T,parsebioscience,Donor 8,H4,IL-21,False,Donor 8- age: 41,IL-21_Donor 8_H4,cytokine,3259,0,0,659,0,0,0,0,0,1962,0,638,0,Donor5,Young,19.940763093707446,-21.059236906292554
2922,_IL-21_Donor6_H4_CD8T,CD8T,CD8T,38,CD8T,parsebioscience,Donor 9,H4,IL-21,False,Donor 9- age: 38,IL-21_Donor 9_H4,cytokine,2335,0,0,622,0,0,0,0,0,424,0,1289,0,Donor6,Young,39.24312388627435,1.243123886274347
2927,_IL-21_Donor7_H4_CD8T,CD8T,CD8T,45,CD8T,parsebioscience,Donor 10,H4,IL-21,False,Donor 10- age: 45,IL-21_Donor 10_H4,cytokine,1363,0,0,295,0,0,0,0,0,614,0,454,0,Donor7,Young,27.035200341087624,-17.964799658912376
2932,_IL-21_Donor8_H4_CD8T,CD8T,CD8T,52,CD8T,parsebioscience,Donor 11,H4,IL-21,False,Donor 11- age: 52,IL-21_Donor 11_H4,cytokine,1946,0,0,479,0,0,0,0,0,309,0,1158,0,Donor8,Old,40.24900544408999,-11.750994555910012
2937,_IL-21_Donor9_H4_CD8T,CD8T,CD8T,38,CD8T,parsebioscience,Donor 12,H4,IL-21,False,Donor 12- age: 38,IL-21_Donor 12_H4,cytokine,1198,0,0,144,0,0,0,0,0,269,0,785,0,Donor9,Young,36.17561366667239,-1.8243863333276096
2942,_IL-22_Donor10_B11_CD8T,CD8T,CD8T,42,CD8T,parsebioscience,Donor 2,B11,IL-22,False,Donor 2- age: 42,IL-22_Donor 2_B11,cytokine,1124,0,0,189,0,0,0,0,0,593,0,342,0,Donor10,Young,37.52636368567278,-4.473636314327223
2947,_IL-22_Donor11_B11_CD8T,CD8T,CD8T,46,CD8T,parsebioscience,Donor 3,B11,IL-22,False,Donor 3- age: 46,IL-22_Donor 3_B11,cytokine,1211,0,0,114,0,0,0,0,0,485,0,612,0,Donor11,Young,33.578968675308346,-12.421031324691654
2952,_IL-22_Donor12_B11_CD8T,CD8T,CD8T,36,CD8T,parsebioscience,Donor 4,B11,IL-22,False,Donor 4- age: 36,IL-22_Donor 4_B11,cytokine,1944,0,0,428,0,0,0,0,0,568,0,948,0,Donor12,Young,31.968575145780637,-4.031424854219363
2957,_IL-22_Donor1_B11_CD8T,CD8T,CD8T,75,CD8T,parsebioscience,Donor 1,B11,IL-22,False,Donor 1- age: 75,IL-22_Donor 1_B11,cytokine,2052,0,0,753,0,0,0,0,0,410,0,889,0,Donor1,Old,52.15273507627433,-22.847264923725668
2962,_IL-22_Donor2_B11_CD8T,CD8T,CD8T,34,CD8T,parsebioscience,Donor 5,B11,IL-22,False,Donor 5- age: 34,IL-22_Donor 5_B11,cytokine,1591,0,0,250,0,0,0,0,0,819,0,522,0,Donor2,Young,25.62882039479974,-8.371179605200261
2967,_IL-22_Donor3_B11_CD8T,CD8T,CD8T,68,CD8T,parsebioscience,Donor 6,B11,IL-22,False,Donor 6- age: 68,IL-22_Donor 6_B11,cytokine,712,0,0,163,0,0,0,0,0,272,0,277,0,Donor3,Old,45.292013014724795,-22.707986985275205
2972,_IL-22_Donor4_B11_CD8T,CD8T,CD8T,59,CD8T,parsebioscience,Donor 7,B11,IL-22,False,Donor 7- age: 59,IL-22_Donor 7_B11,cytokine,312,0,0,36,0,0,0,0,0,89,0,187,0,Donor4,Old,51.706089642751,-7.293910357248997
2977,_IL-22_Donor5_B11_CD8T,CD8T,CD8T,41,CD8T,parsebioscience,Donor 8,B11,IL-22,False,Donor 8- age: 41,IL-22_Donor 8_B11,cytokine,1850,0,0,348,0,0,0,0,0,1079,0,423,0,Donor5,Young,20.29281608260864,-20.70718391739136
2982,_IL-22_Donor6_B11_CD8T,CD8T,CD8T,38,CD8T,parsebioscience,Donor 9,B11,IL-22,False,Donor 9- age: 38,IL-22_Donor 9_B11,cytokine,2242,0,0,621,0,0,0,0,0,466,0,1155,0,Donor6,Young,43.513362869307095,5.513362869307095
2987,_IL-22_Donor7_B11_CD8T,CD8T,CD8T,45,CD8T,parsebioscience,Donor 10,B11,IL-22,False,Donor 10- age: 45,IL-22_Donor 10_B11,cytokine,1343,0,0,257,0,0,0,0,0,670,0,416,0,Donor7,Young,28.09468986338547,-16.90531013661453
2992,_IL-22_Donor8_B11_CD8T,CD8T,CD8T,52,CD8T,parsebioscience,Donor 11,B11,IL-22,False,Donor 11- age: 52,IL-22_Donor 11_B11,cytokine,1631,0,0,387,0,0,0,0,0,263,0,981,0,Donor8,Old,45.659112471674064,-6.340887528325936
2997,_IL-22_Donor9_B11_CD8T,CD8T,CD8T,38,CD8T,parsebioscience,Donor 12,B11,IL-22,False,Donor 12- age: 38,IL-22_Donor 12_B11,cytokine,1735,0,0,202,0,0,0,0,0,404,0,1129,0,Donor9,Young,37.27454575854826,-0.7254542414517431
3002,_IL-23_Donor10_B8_CD8T,CD8T,CD8T,42,CD8T,parsebioscience,Donor 2,B8,IL-23,False,Donor 2- age: 42,IL-23_Donor 2_B8,cytokine,1581,0,0,238,0,0,0,0,0,895,0,448,0,Donor10,Young,35.72683943860872,-6.273160561391279
3007,_IL-23_Donor11_B8_CD8T,CD8T,CD8T,46,CD8T,parsebioscience,Donor 3,B8,IL-23,False,Donor 3- age: 46,IL-23_Donor 3_B8,cytokine,1245,0,0,96,0,0,0,0,0,481,0,668,0,Donor11,Young,29.13178213492759,-16.86821786507241
3012,_IL-23_Donor12_B8_CD8T,CD8T,CD8T,36,CD8T,parsebioscience,Donor 4,B8,IL-23,False,Donor 4- age: 36,IL-23_Donor 4_B8,cytokine,2545,0,0,553,0,0,0,0,0,683,0,1309,0,Donor12,Young,30.767863793023043,-5.232136206976957
3017,_IL-23_Donor1_B8_CD8T,CD8T,CD8T,75,CD8T,parsebioscience,Donor 1,B8,IL-23,False,Donor 1- age: 75,IL-23_Donor 1_B8,cytokine,1698,0,0,616,0,0,0,0,0,383,0,699,0,Donor1,Old,52.86769773595213,-22.132302264047873
3022,_IL-23_Donor2_B8_CD8T,CD8T,CD8T,34,CD8T,parsebioscience,Donor 5,B8,IL-23,False,Donor 5- age: 34,IL-23_Donor 5_B8,cytokine,1420,0,0,202,0,0,0,0,0,742,0,476,0,Donor2,Young,28.32049504563448,-5.67950495436552
3027,_IL-23_Donor3_B8_CD8T,CD8T,CD8T,68,CD8T,parsebioscience,Donor 6,B8,IL-23,False,Donor 6- age: 68,IL-23_Donor 6_B8,cytokine,1147,0,0,237,0,0,0,0,0,484,0,426,0,Donor3,Old,46.23043212409498,-21.769567875905018
3032,_IL-23_Donor4_B8_CD8T,CD8T,CD8T,59,CD8T,parsebioscience,Donor 7,B8,IL-23,False,Donor 7- age: 59,IL-23_Donor 7_B8,cytokine,306,0,0,22,0,0,0,0,0,99,0,185,0,Donor4,Old,42.33625840299041,-16.66374159700959
3037,_IL-23_Donor5_B8_CD8T,CD8T,CD8T,41,CD8T,parsebioscience,Donor 8,B8,IL-23,False,Donor 8- age: 41,IL-23_Donor 8_B8,cytokine,2871,0,0,488,0,0,0,0,0,1786,0,597,0,Donor5,Young,18.54206468414504,-22.45793531585496
3042,_IL-23_Donor6_B8_CD8T,CD8T,CD8T,38,CD8T,parsebioscience,Donor 9,B8,IL-23,False,Donor 9- age: 38,IL-23_Donor 9_B8,cytokine,1765,0,0,447,0,0,0,0,0,383,0,935,0,Donor6,Young,38.702604594267584,0.7026045942675836
3047,_IL-23_Donor7_B8_CD8T,CD8T,CD8T,45,CD8T,parsebioscience,Donor 10,B8,IL-23,False,Donor 10- age: 45,IL-23_Donor 10_B8,cytokine,2228,0,0,351,0,0,0,0,0,1147,0,730,0,Donor7,Young,28.310981274415617,-16.689018725584383
3052,_IL-23_Donor8_B8_CD8T,CD8T,CD8T,52,CD8T,parsebioscience,Donor 11,B8,IL-23,False,Donor 11- age: 52,IL-23_Donor 11_B8,cytokine,1520,0,0,297,0,0,0,0,0,253,0,970,0,Donor8,Old,41.985641485792854,-10.014358514207146
3057,_IL-23_Donor9_B8_CD8T,CD8T,CD8T,38,CD8T,parsebioscience,Donor 12,B8,IL-23,False,Donor 12- age: 38,IL-23_Donor 12_B8,cytokine,1986,0,0,207,0,0,0,0,0,449,0,1330,0,Donor9,Young,37.97469121767199,-0.025308782328011148
3062,_IL-24_Donor10_B12_CD8T,CD8T,CD8T,42,CD8T,parsebioscience,Donor 2,B12,IL-24,False,Donor 2- age: 42,IL-24_Donor 2_B12,cytokine,804,0,0,166,0,0,0,0,0,396,0,242,0,Donor10,Young,34.30404709269601,-7.69595290730399
3067,_IL-24_Donor11_B12_CD8T,CD8T,CD8T,46,CD8T,parsebioscience,Donor 3,B12,IL-24,False,Donor 3- age: 46,IL-24_Donor 3_B12,cytokine,994,0,0,102,0,0,0,0,0,333,0,559,0,Donor11,Young,33.525328366840206,-12.474671633159794
3072,_IL-24_Donor12_B12_CD8T,CD8T,CD8T,36,CD8T,parsebioscience,Donor 4,B12,IL-24,False,Donor 4- age: 36,IL-24_Donor 4_B12,cytokine,1822,0,0,418,0,0,0,0,0,512,0,892,0,Donor12,Young,29.921200897214067,-6.078799102785933
3077,_IL-24_Donor1_B12_CD8T,CD8T,CD8T,75,CD8T,parsebioscience,Donor 1,B12,IL-24,False,Donor 1- age: 75,IL-24_Donor 1_B12,cytokine,928,0,0,319,0,0,0,0,0,190,0,419,0,Donor1,Old,49.172969655822115,-25.827030344177885
3082,_IL-24_Donor2_B12_CD8T,CD8T,CD8T,34,CD8T,parsebioscience,Donor 5,B12,IL-24,False,Donor 5- age: 34,IL-24_Donor 5_B12,cytokine,1493,0,0,231,0,0,0,0,0,746,0,516,0,Donor2,Young,23.30279179768609,-10.69720820231391
3087,_IL-24_Donor3_B12_CD8T,CD8T,CD8T,68,CD8T,parsebioscience,Donor 6,B12,IL-24,False,Donor 6- age: 68,IL-24_Donor 6_B12,cytokine,798,0,0,183,0,0,0,0,0,240,0,375,0,Donor3,Old,40.62922363985074,-27.370776360149257
3092,_IL-24_Donor4_B12_CD8T,CD8T,CD8T,59,CD8T,parsebioscience,Donor 7,B12,IL-24,False,Donor 7- age: 59,IL-24_Donor 7_B12,cytokine,268,0,0,33,0,0,0,0,0,78,0,157,0,Donor4,Old,43.86954414752853,-15.13045585247147
3097,_IL-24_Donor5_B12_CD8T,CD8T,CD8T,41,CD8T,parsebioscience,Donor 8,B12,IL-24,False,Donor 8- age: 41,IL-24_Donor 8_B12,cytokine,1645,0,0,330,0,0,0,0,0,909,0,406,0,Donor5,Young,21.095547423837594,-19.904452576162406
3102,_IL-24_Donor6_B12_CD8T,CD8T,CD8T,38,CD8T,parsebioscience,Donor 9,B12,IL-24,False,Donor 9- age: 38,IL-24_Donor 9_B12,cytokine,2553,0,0,691,0,0,0,0,0,495,0,1367,0,Donor6,Young,41.01097681500569,3.010976815005691
3107,_IL-24_Donor7_B12_CD8T,CD8T,CD8T,45,CD8T,parsebioscience,Donor 10,B12,IL-24,False,Donor 10- age: 45,IL-24_Donor 10_B12,cytokine,1431,0,0,327,0,0,0,0,0,560,0,544,0,Donor7,Young,27.410110473100865,-17.589889526899135
3112,_IL-24_Donor8_B12_CD8T,CD8T,CD8T,52,CD8T,parsebioscience,Donor 11,B12,IL-24,False,Donor 11- age: 52,IL-24_Donor 11_B12,cytokine,1096,0,0,253,0,0,0,0,0,158,0,685,0,Donor8,Old,38.23184812595117,-13.768151874048833
3117,_IL-24_Donor9_B12_CD8T,CD8T,CD8T,38,CD8T,parsebioscience,Donor 12,B12,IL-24,False,Donor 12- age: 38,IL-24_Donor 12_B12,cytokine,1532,0,0,205,0,0,0,0,0,284,0,1043,0,Donor9,Young,33.82035200374092,-4.179647996259078
3122,_IL-26_Donor10_F12_CD8T,CD8T,CD8T,42,CD8T,parsebioscience,Donor 2,F12,IL-26,False,Donor 2- age: 42,IL-26_Donor 2_F12,cytokine,457,0,0,97,0,0,0,0,0,226,0,134,0,Donor10,Young,35.75401857108637,-6.24598142891363
3127,_IL-26_Donor11_F12_CD8T,CD8T,CD8T,46,CD8T,parsebioscience,Donor 3,F12,IL-26,False,Donor 3- age: 46,IL-26_Donor 3_F12,cytokine,927,0,0,83,0,0,0,0,0,362,0,482,0,Donor11,Young,34.52704912411072,-11.472950875889282
3132,_IL-26_Donor12_F12_CD8T,CD8T,CD8T,36,CD8T,parsebioscience,Donor 4,F12,IL-26,False,Donor 4- age: 36,IL-26_Donor 4_F12,cytokine,1530,0,0,338,0,0,0,0,0,420,0,772,0,Donor12,Young,32.705312921306394,-3.294687078693606
3137,_IL-26_Donor1_F12_CD8T,CD8T,CD8T,75,CD8T,parsebioscience,Donor 1,F12,IL-26,False,Donor 1- age: 75,IL-26_Donor 1_F12,cytokine,826,0,0,298,0,0,0,0,0,184,0,344,0,Donor1,Old,54.78058478512382,-20.21941521487618
3142,_IL-26_Donor2_F12_CD8T,CD8T,CD8T,34,CD8T,parsebioscience,Donor 5,F12,IL-26,False,Donor 5- age: 34,IL-26_Donor 5_F12,cytokine,1704,0,0,279,0,0,0,0,0,814,0,611,0,Donor2,Young,29.61071148038218,-4.389288519617821
3147,_IL-26_Donor3_F12_CD8T,CD8T,CD8T,68,CD8T,parsebioscience,Donor 6,F12,IL-26,False,Donor 6- age: 68,IL-26_Donor 6_F12,cytokine,1173,0,0,264,0,0,0,0,0,472,0,437,0,Donor3,Old,45.88274740006043,-22.11725259993957
3152,_IL-26_Donor4_F12_CD8T,CD8T,CD8T,59,CD8T,parsebioscience,Donor 7,F12,IL-26,False,Donor 7- age: 59,IL-26_Donor 7_F12,cytokine,269,0,0,28,0,0,0,0,0,90,0,151,0,Donor4,Old,44.78839405706864,-14.211605942931357
3157,_IL-26_Donor5_F12_CD8T,CD8T,CD8T,41,CD8T,parsebioscience,Donor 8,F12,IL-26,False,Donor 8- age: 41,IL-26_Donor 8_F12,cytokine,3747,0,0,650,0,0,0,0,0,2350,0,747,0,Donor5,Young,22.926157712791486,-18.073842287208514
3162,_IL-26_Donor6_F12_CD8T,CD8T,CD8T,38,CD8T,parsebioscience,Donor 9,F12,IL-26,False,Donor 9- age: 38,IL-26_Donor 9_F12,cytokine,1630,0,0,480,0,0,0,0,0,341,0,809,0,Donor6,Young,45.61380295775302,7.613802957753023
3167,_IL-26_Donor7_F12_CD8T,CD8T,CD8T,45,CD8T,parsebioscience,Donor 10,F12,IL-26,False,Donor 10- age: 45,IL-26_Donor 10_F12,cytokine,1752,0,0,368,0,0,0,0,0,843,0,541,0,Donor7,Young,29.932480260794605,-15.067519739205395
3172,_IL-26_Donor8_F12_CD8T,CD8T,CD8T,52,CD8T,parsebioscience,Donor 11,F12,IL-26,False,Donor 11- age: 52,IL-26_Donor 11_F12,cytokine,831,0,0,173,0,0,0,0,0,116,0,542,0,Donor8,Old,45.69946143590042,-6.300538564099583
3177,_IL-26_Donor9_F12_CD8T,CD8T,CD8T,38,CD8T,parsebioscience,Donor 12,F12,IL-26,False,Donor 12- age: 38,IL-26_Donor 12_F12,cytokine,1249,0,0,147,0,0,0,0,0,297,0,805,0,Donor9,Young,39.23669469667228,1.2366946966722807
3182,_IL-27_Donor10_B3_CD8T,CD8T,CD8T,42,CD8T,parsebioscience,Donor 2,B3,IL-27,False,Donor 2- age: 42,IL-27_Donor 2_B3,cytokine,1119,0,0,210,0,0,0,0,0,626,0,283,0,Donor10,Young,36.44405179662583,-5.555948203374172
3187,_IL-27_Donor11_B3_CD8T,CD8T,CD8T,46,CD8T,parsebioscience,Donor 3,B3,IL-27,False,Donor 3- age: 46,IL-27_Donor 3_B3,cytokine,1161,0,0,53,0,0,0,0,0,433,0,675,0,Donor11,Young,41.186552587108324,-4.813447412891676
3192,_IL-27_Donor12_B3_CD8T,CD8T,CD8T,36,CD8T,parsebioscience,Donor 4,B3,IL-27,False,Donor 4- age: 36,IL-27_Donor 4_B3,cytokine,2405,0,0,477,0,0,0,0,0,612,0,1316,0,Donor12,Young,40.601845143748946,4.601845143748946
3197,_IL-27_Donor1_B3_CD8T,CD8T,CD8T,75,CD8T,parsebioscience,Donor 1,B3,IL-27,False,Donor 1- age: 75,IL-27_Donor 1_B3,cytokine,915,0,0,295,0,0,0,0,0,218,0,402,0,Donor1,Old,59.73133634717932,-15.268663652820678
3202,_IL-27_Donor2_B3_CD8T,CD8T,CD8T,34,CD8T,parsebioscience,Donor 5,B3,IL-27,False,Donor 5- age: 34,IL-27_Donor 5_B3,cytokine,1963,0,0,364,0,0,0,0,0,938,0,661,0,Donor2,Young,29.869894422523018,-4.130105577476982
3207,_IL-27_Donor3_B3_CD8T,CD8T,CD8T,68,CD8T,parsebioscience,Donor 6,B3,IL-27,False,Donor 6- age: 68,IL-27_Donor 6_B3,cytokine,709,0,0,157,0,0,0,0,0,287,0,265,0,Donor3,Old,48.14526603577612,-19.854733964223882
3212,_IL-27_Donor4_B3_CD8T,CD8T,CD8T,59,CD8T,parsebioscience,Donor 7,B3,IL-27,False,Donor 7- age: 59,IL-27_Donor 7_B3,cytokine,316,0,0,31,0,0,0,0,0,90,0,195,0,Donor4,Old,49.47506911740926,-9.524930882590738
3217,_IL-27_Donor5_B3_CD8T,CD8T,CD8T,41,CD8T,parsebioscience,Donor 8,B3,IL-27,False,Donor 8- age: 41,IL-27_Donor 8_B3,cytokine,2811,0,0,331,0,0,0,0,0,1838,0,642,0,Donor5,Young,25.59955617290627,-15.400443827093731
3222,_IL-27_Donor6_B3_CD8T,CD8T,CD8T,38,CD8T,parsebioscience,Donor 9,B3,IL-27,False,Donor 9- age: 38,IL-27_Donor 9_B3,cytokine,2258,0,0,582,0,0,0,0,0,453,0,1223,0,Donor6,Young,46.42860496987078,8.428604969870783
3227,_IL-27_Donor7_B3_CD8T,CD8T,CD8T,45,CD8T,parsebioscience,Donor 10,B3,IL-27,False,Donor 10- age: 45,IL-27_Donor 10_B3,cytokine,1483,0,0,292,0,0,0,0,0,726,0,465,0,Donor7,Young,34.321619138633864,-10.678380861366136
3232,_IL-27_Donor8_B3_CD8T,CD8T,CD8T,52,CD8T,parsebioscience,Donor 11,B3,IL-27,False,Donor 11- age: 52,IL-27_Donor 11_B3,cytokine,1394,0,0,282,0,0,0,0,0,229,0,883,0,Donor8,Old,50.22352325815191,-1.776476741848093
3237,_IL-27_Donor9_B3_CD8T,CD8T,CD8T,38,CD8T,parsebioscience,Donor 12,B3,IL-27,False,Donor 12- age: 38,IL-27_Donor 12_B3,cytokine,1876,0,0,175,0,0,0,0,0,411,0,1290,0,Donor9,Young,43.44895410475737,5.4489541047573695
3242,_IL-2_Donor10_G7_CD8T,CD8T,CD8T,42,CD8T,parsebioscience,Donor 2,G7,IL-2,False,Donor 2- age: 42,IL-2_Donor 2_G7,cytokine,735,0,0,79,0,0,0,0,0,456,0,200,0,Donor10,Young,42.464294276298745,0.46429427629874453
3247,_IL-2_Donor11_G7_CD8T,CD8T,CD8T,46,CD8T,parsebioscience,Donor 3,G7,IL-2,False,Donor 3- age: 46,IL-2_Donor 3_G7,cytokine,1097,0,0,42,0,0,0,0,0,435,0,620,0,Donor11,Young,48.637806107520774,2.637806107520774
3252,_IL-2_Donor12_G7_CD8T,CD8T,CD8T,36,CD8T,parsebioscience,Donor 4,G7,IL-2,False,Donor 4- age: 36,IL-2_Donor 4_G7,cytokine,1911,0,0,329,0,0,0,0,0,498,0,1084,0,Donor12,Young,45.68785748276487,9.68785748276487
3257,_IL-2_Donor1_G7_CD8T,CD8T,CD8T,75,CD8T,parsebioscience,Donor 1,G7,IL-2,False,Donor 1- age: 75,IL-2_Donor 1_G7,cytokine,1379,0,0,336,0,0,0,0,0,353,0,690,0,Donor1,Old,63.766288757564304,-11.233711242435696
3262,_IL-2_Donor2_G7_CD8T,CD8T,CD8T,34,CD8T,parsebioscience,Donor 5,G7,IL-2,False,Donor 5- age: 34,IL-2_Donor 5_G7,cytokine,1189,0,0,115,0,0,0,0,0,717,0,357,0,Donor2,Young,37.648695534915774,3.648695534915774
3267,_IL-2_Donor3_G7_CD8T,CD8T,CD8T,68,CD8T,parsebioscience,Donor 6,G7,IL-2,False,Donor 6- age: 68,IL-2_Donor 6_G7,cytokine,883,0,0,208,0,0,0,0,0,369,0,306,0,Donor3,Old,52.346349361331896,-15.653650638668104
3272,_IL-2_Donor4_G7_CD8T,CD8T,CD8T,59,CD8T,parsebioscience,Donor 7,G7,IL-2,False,Donor 7- age: 59,IL-2_Donor 7_G7,cytokine,263,0,0,18,0,0,0,0,0,103,0,142,0,Donor4,Old,52.87212760820754,-6.127872391792458
3277,_IL-2_Donor5_G7_CD8T,CD8T,CD8T,41,CD8T,parsebioscience,Donor 8,G7,IL-2,False,Donor 8- age: 41,IL-2_Donor 8_G7,cytokine,1678,0,0,130,0,0,0,0,0,1104,0,444,0,Donor5,Young,37.78103697834162,-3.218963021658382
3282,_IL-2_Donor6_G7_CD8T,CD8T,CD8T,38,CD8T,parsebioscience,Donor 9,G7,IL-2,False,Donor 9- age: 38,IL-2_Donor 9_G7,cytokine,2051,0,0,412,0,0,0,0,0,438,0,1201,0,Donor6,Young,56.51401284884196,18.514012848841958
3287,_IL-2_Donor7_G7_CD8T,CD8T,CD8T,45,CD8T,parsebioscience,Donor 10,G7,IL-2,False,Donor 10- age: 45,IL-2_Donor 10_G7,cytokine,1904,0,0,247,0,0,0,0,0,1073,0,584,0,Donor7,Young,41.46141140513471,-3.5385885948652884
3292,_IL-2_Donor8_G7_CD8T,CD8T,CD8T,52,CD8T,parsebioscience,Donor 11,G7,IL-2,False,Donor 11- age: 52,IL-2_Donor 11_G7,cytokine,1211,0,0,184,0,0,0,0,0,278,0,749,0,Donor8,Old,50.81496801337114,-1.1850319866288572
3297,_IL-2_Donor9_G7_CD8T,CD8T,CD8T,38,CD8T,parsebioscience,Donor 12,G7,IL-2,False,Donor 12- age: 38,IL-2_Donor 12_G7,cytokine,1530,0,0,94,0,0,0,0,0,368,0,1068,0,Donor9,Young,48.94035111522159,10.940351115221588
3302,_IL-31_Donor10_B4_CD8T,CD8T,CD8T,42,CD8T,parsebioscience,Donor 2,B4,IL-31,False,Donor 2- age: 42,IL-31_Donor 2_B4,cytokine,1000,0,0,158,0,0,0,0,0,527,0,315,0,Donor10,Young,33.48985892136916,-8.510141078630838
3307,_IL-31_Donor11_B4_CD8T,CD8T,CD8T,46,CD8T,parsebioscience,Donor 3,B4,IL-31,False,Donor 3- age: 46,IL-31_Donor 3_B4,cytokine,1112,0,0,108,0,0,0,0,0,439,0,565,0,Donor11,Young,33.21840267918538,-12.781597320814619
3312,_IL-31_Donor12_B4_CD8T,CD8T,CD8T,36,CD8T,parsebioscience,Donor 4,B4,IL-31,False,Donor 4- age: 36,IL-31_Donor 4_B4,cytokine,2365,0,0,487,0,0,0,0,0,548,0,1330,0,Donor12,Young,36.308954588073114,0.3089545880731137
3317,_IL-31_Donor1_B4_CD8T,CD8T,CD8T,75,CD8T,parsebioscience,Donor 1,B4,IL-31,False,Donor 1- age: 75,IL-31_Donor 1_B4,cytokine,1346,0,0,438,0,0,0,0,0,317,0,591,0,Donor1,Old,55.48017334450256,-19.51982665549744
3322,_IL-31_Donor2_B4_CD8T,CD8T,CD8T,34,CD8T,parsebioscience,Donor 5,B4,IL-31,False,Donor 5- age: 34,IL-31_Donor 5_B4,cytokine,1628,0,0,301,0,0,0,0,0,744,0,583,0,Donor2,Young,28.89089483903607,-5.1091051609639315
3327,_IL-31_Donor3_B4_CD8T,CD8T,CD8T,68,CD8T,parsebioscience,Donor 6,B4,IL-31,False,Donor 6- age: 68,IL-31_Donor 6_B4,cytokine,878,0,0,186,0,0,0,0,0,358,0,334,0,Donor3,Old,43.73182465446384,-24.268175345536157
3332,_IL-31_Donor4_B4_CD8T,CD8T,CD8T,59,CD8T,parsebioscience,Donor 7,B4,IL-31,False,Donor 7- age: 59,IL-31_Donor 7_B4,cytokine,376,0,0,34,0,0,0,0,0,96,0,246,0,Donor4,Old,48.7918393301035,-10.2081606698965
3337,_IL-31_Donor5_B4_CD8T,CD8T,CD8T,41,CD8T,parsebioscience,Donor 8,B4,IL-31,False,Donor 8- age: 41,IL-31_Donor 8_B4,cytokine,2952,0,0,550,0,0,0,0,0,1747,0,655,0,Donor5,Young,19.57136292568606,-21.42863707431394
3342,_IL-31_Donor6_B4_CD8T,CD8T,CD8T,38,CD8T,parsebioscience,Donor 9,B4,IL-31,False,Donor 9- age: 38,IL-31_Donor 9_B4,cytokine,2177,0,0,612,0,0,0,0,0,421,0,1144,0,Donor6,Young,42.714512154041415,4.714512154041415
3347,_IL-31_Donor7_B4_CD8T,CD8T,CD8T,45,CD8T,parsebioscience,Donor 10,B4,IL-31,False,Donor 10- age: 45,IL-31_Donor 10_B4,cytokine,1614,0,0,269,0,0,0,0,0,778,0,567,0,Donor7,Young,29.149856196816955,-15.850143803183045
3352,_IL-31_Donor8_B4_CD8T,CD8T,CD8T,52,CD8T,parsebioscience,Donor 11,B4,IL-31,False,Donor 11- age: 52,IL-31_Donor 11_B4,cytokine,1609,0,0,340,0,0,0,0,0,258,0,1011,0,Donor8,Old,44.39054837075392,-7.609451629246081
3357,_IL-31_Donor9_B4_CD8T,CD8T,CD8T,38,CD8T,parsebioscience,Donor 12,B4,IL-31,False,Donor 12- age: 38,IL-31_Donor 12_B4,cytokine,1792,0,0,187,0,0,0,0,0,321,0,1284,0,Donor9,Young,38.61164678536515,0.6116467853651528
3362,_IL-32-beta_Donor10_F9_CD8T,CD8T,CD8T,42,CD8T,parsebioscience,Donor 2,F9,IL-32-beta,False,Donor 2- age: 42,IL-32-beta_Donor 2_F9,cytokine,720,0,0,108,0,0,0,0,0,418,0,194,0,Donor10,Young,35.66753785605515,-6.332462143944852
3367,_IL-32-beta_Donor11_F9_CD8T,CD8T,CD8T,46,CD8T,parsebioscience,Donor 3,F9,IL-32-beta,False,Donor 3- age: 46,IL-32-beta_Donor 3_F9,cytokine,1243,0,0,92,0,0,0,0,0,459,0,692,0,Donor11,Young,45.69349892482926,-0.3065010751707433
3372,_IL-32-beta_Donor12_F9_CD8T,CD8T,CD8T,36,CD8T,parsebioscience,Donor 4,F9,IL-32-beta,False,Donor 4- age: 36,IL-32-beta_Donor 4_F9,cytokine,2194,0,0,434,0,0,0,0,0,603,0,1157,0,Donor12,Young,38.7134188643672,2.713418864367199
3377,_IL-32-beta_Donor1_F9_CD8T,CD8T,CD8T,75,CD8T,parsebioscience,Donor 1,F9,IL-32-beta,False,Donor 1- age: 75,IL-32-beta_Donor 1_F9,cytokine,1011,0,0,283,0,0,0,0,0,230,0,498,0,Donor1,Old,53.852519469676615,-21.147480530323385
3382,_IL-32-beta_Donor2_F9_CD8T,CD8T,CD8T,34,CD8T,parsebioscience,Donor 5,F9,IL-32-beta,False,Donor 5- age: 34,IL-32-beta_Donor 5_F9,cytokine,1620,0,0,282,0,0,0,0,0,775,0,563,0,Donor2,Young,32.024170781594044,-1.9758292184059556
3387,_IL-32-beta_Donor3_F9_CD8T,CD8T,CD8T,68,CD8T,parsebioscience,Donor 6,F9,IL-32-beta,False,Donor 6- age: 68,IL-32-beta_Donor 6_F9,cytokine,696,0,0,142,0,0,0,0,0,314,0,240,0,Donor3,Old,38.80671087485797,-29.19328912514203
3392,_IL-32-beta_Donor4_F9_CD8T,CD8T,CD8T,59,CD8T,parsebioscience,Donor 7,F9,IL-32-beta,False,Donor 7- age: 59,IL-32-beta_Donor 7_F9,cytokine,315,0,0,25,0,0,0,0,0,93,0,197,0,Donor4,Old,41.80291299043852,-17.19708700956148
3397,_IL-32-beta_Donor5_F9_CD8T,CD8T,CD8T,41,CD8T,parsebioscience,Donor 8,F9,IL-32-beta,False,Donor 8- age: 41,IL-32-beta_Donor 8_F9,cytokine,3197,0,0,386,0,0,0,0,0,2119,0,692,0,Donor5,Young,27.4010864174357,-13.5989135825643
3402,_IL-32-beta_Donor6_F9_CD8T,CD8T,CD8T,38,CD8T,parsebioscience,Donor 9,F9,IL-32-beta,False,Donor 9- age: 38,IL-32-beta_Donor 9_F9,cytokine,1740,0,0,391,0,0,0,0,0,396,0,953,0,Donor6,Young,45.742828697901686,7.742828697901686
3407,_IL-32-beta_Donor7_F9_CD8T,CD8T,CD8T,45,CD8T,parsebioscience,Donor 10,F9,IL-32-beta,False,Donor 10- age: 45,IL-32-beta_Donor 10_F9,cytokine,1746,0,0,253,0,0,0,0,0,924,0,569,0,Donor7,Young,30.32913617709223,-14.67086382290777
3412,_IL-32-beta_Donor8_F9_CD8T,CD8T,CD8T,52,CD8T,parsebioscience,Donor 11,F9,IL-32-beta,False,Donor 11- age: 52,IL-32-beta_Donor 11_F9,cytokine,1628,0,0,292,0,0,0,0,0,272,0,1064,0,Donor8,Old,49.199423059952636,-2.800576940047364
3417,_IL-32-beta_Donor9_F9_CD8T,CD8T,CD8T,38,CD8T,parsebioscience,Donor 12,F9,IL-32-beta,False,Donor 12- age: 38,IL-32-beta_Donor 12_F9,cytokine,1398,0,0,111,0,0,0,0,0,333,0,954,0,Donor9,Young,40.51501777393035,2.515017773930353
3422,_IL-33_Donor10_A4_CD8T,CD8T,CD8T,42,CD8T,parsebioscience,Donor 2,A4,IL-33,False,Donor 2- age: 42,IL-33_Donor 2_A4,cytokine,864,0,0,148,0,0,0,0,0,470,0,246,0,Donor10,Young,37.042317733975764,-4.957682266024236
3427,_IL-33_Donor11_A4_CD8T,CD8T,CD8T,46,CD8T,parsebioscience,Donor 3,A4,IL-33,False,Donor 3- age: 46,IL-33_Donor 3_A4,cytokine,1068,0,0,90,0,0,0,0,0,411,0,567,0,Donor11,Young,33.06917982346826,-12.93082017653174
3432,_IL-33_Donor12_A4_CD8T,CD8T,CD8T,36,CD8T,parsebioscience,Donor 4,A4,IL-33,False,Donor 4- age: 36,IL-33_Donor 4_A4,cytokine,2554,0,0,572,0,0,0,0,0,536,0,1446,0,Donor12,Young,37.394842073286505,1.3948420732865046
3437,_IL-33_Donor1_A4_CD8T,CD8T,CD8T,75,CD8T,parsebioscience,Donor 1,A4,IL-33,False,Donor 1- age: 75,IL-33_Donor 1_A4,cytokine,1861,0,0,469,0,0,0,0,0,425,0,967,0,Donor1,Old,57.7466967278945,-17.253303272105498
3442,_IL-33_Donor2_A4_CD8T,CD8T,CD8T,34,CD8T,parsebioscience,Donor 5,A4,IL-33,False,Donor 5- age: 34,IL-33_Donor 5_A4,cytokine,2031,0,0,308,0,0,0,0,0,1098,0,625,0,Donor2,Young,28.90977775615791,-5.0902222438420885
3447,_IL-33_Donor3_A4_CD8T,CD8T,CD8T,68,CD8T,parsebioscience,Donor 6,A4,IL-33,False,Donor 6- age: 68,IL-33_Donor 6_A4,cytokine,705,0,0,142,0,0,0,0,0,152,0,411,0,Donor3,Old,51.16787502754848,-16.832124972451517
3452,_IL-33_Donor4_A4_CD8T,CD8T,CD8T,59,CD8T,parsebioscience,Donor 7,A4,IL-33,False,Donor 7- age: 59,IL-33_Donor 7_A4,cytokine,362,0,0,29,0,0,0,0,0,50,0,283,0,Donor4,Old,56.06165937560955,-2.938340624390449
3457,_IL-33_Donor5_A4_CD8T,CD8T,CD8T,41,CD8T,parsebioscience,Donor 8,A4,IL-33,False,Donor 8- age: 41,IL-33_Donor 8_A4,cytokine,3159,0,0,479,0,0,0,0,0,1931,0,749,0,Donor5,Young,18.196787055293456,-22.803212944706544
3462,_IL-33_Donor6_A4_CD8T,CD8T,CD8T,38,CD8T,parsebioscience,Donor 9,A4,IL-33,False,Donor 9- age: 38,IL-33_Donor 9_A4,cytokine,2890,0,0,674,0,0,0,0,0,615,0,1601,0,Donor6,Young,44.29606386707753,6.296063867077528
3467,_IL-33_Donor7_A4_CD8T,CD8T,CD8T,45,CD8T,parsebioscience,Donor 10,A4,IL-33,False,Donor 10- age: 45,IL-33_Donor 10_A4,cytokine,1585,0,0,326,0,0,0,0,0,799,0,460,0,Donor7,Young,31.26486534213295,-13.73513465786705
3472,_IL-33_Donor8_A4_CD8T,CD8T,CD8T,52,CD8T,parsebioscience,Donor 11,A4,IL-33,False,Donor 11- age: 52,IL-33_Donor 11_A4,cytokine,1994,0,0,387,0,0,0,0,0,323,0,1284,0,Donor8,Old,40.97553549717207,-11.024464502827932
3477,_IL-33_Donor9_A4_CD8T,CD8T,CD8T,38,CD8T,parsebioscience,Donor 12,A4,IL-33,False,Donor 12- age: 38,IL-33_Donor 12_A4,cytokine,2254,0,0,252,0,0,0,0,0,438,0,1564,0,Donor9,Young,40.38000113591693,2.3800011359169275
3482,_IL-34_Donor10_E6_CD8T,CD8T,CD8T,42,CD8T,parsebioscience,Donor 2,E6,IL-34,False,Donor 2- age: 42,IL-34_Donor 2_E6,cytokine,817,0,0,155,0,0,0,0,0,412,0,250,0,Donor10,Young,33.7333325605522,-8.2666674394478
3487,_IL-34_Donor11_E6_CD8T,CD8T,CD8T,46,CD8T,parsebioscience,Donor 3,E6,IL-34,False,Donor 3- age: 46,IL-34_Donor 3_E6,cytokine,794,0,0,40,0,0,0,0,0,234,0,520,0,Donor11,Young,35.08688623646188,-10.91311376353812
3492,_IL-34_Donor12_E6_CD8T,CD8T,CD8T,36,CD8T,parsebioscience,Donor 4,E6,IL-34,False,Donor 4- age: 36,IL-34_Donor 4_E6,cytokine,1709,0,0,342,0,0,0,0,0,347,0,1020,0,Donor12,Young,33.77780764769377,-2.22219235230623
3497,_IL-34_Donor1_E6_CD8T,CD8T,CD8T,75,CD8T,parsebioscience,Donor 1,E6,IL-34,False,Donor 1- age: 75,IL-34_Donor 1_E6,cytokine,1546,0,0,453,0,0,0,0,0,333,0,760,0,Donor1,Old,51.63028005475333,-23.369719945246672
3502,_IL-34_Donor2_E6_CD8T,CD8T,CD8T,34,CD8T,parsebioscience,Donor 5,E6,IL-34,False,Donor 5- age: 34,IL-34_Donor 5_E6,cytokine,2021,0,0,362,0,0,0,0,0,932,0,727,0,Donor2,Young,26.928417305414285,-7.0715826945857145
3507,_IL-34_Donor3_E6_CD8T,CD8T,CD8T,68,CD8T,parsebioscience,Donor 6,E6,IL-34,False,Donor 6- age: 68,IL-34_Donor 6_E6,cytokine,832,0,0,175,0,0,0,0,0,320,0,337,0,Donor3,Old,44.88043124600623,-23.119568753993768
3512,_IL-34_Donor4_E6_CD8T,CD8T,CD8T,59,CD8T,parsebioscience,Donor 7,E6,IL-34,False,Donor 7- age: 59,IL-34_Donor 7_E6,cytokine,283,0,0,19,0,0,0,0,0,93,0,171,0,Donor4,Old,49.159491388492924,-9.840508611507076
3517,_IL-34_Donor5_E6_CD8T,CD8T,CD8T,41,CD8T,parsebioscience,Donor 8,E6,IL-34,False,Donor 8- age: 41,IL-34_Donor 8_E6,cytokine,2059,0,0,413,0,0,0,0,0,1133,0,513,0,Donor5,Young,16.650304926182763,-24.349695073817237
3522,_IL-34_Donor6_E6_CD8T,CD8T,CD8T,38,CD8T,parsebioscience,Donor 9,E6,IL-34,False,Donor 9- age: 38,IL-34_Donor 9_E6,cytokine,2316,0,0,590,0,0,0,0,0,350,0,1376,0,Donor6,Young,41.875573103212574,3.8755731032125738
3527,_IL-34_Donor7_E6_CD8T,CD8T,CD8T,45,CD8T,parsebioscience,Donor 10,E6,IL-34,False,Donor 10- age: 45,IL-34_Donor 10_E6,cytokine,1592,0,0,334,0,0,0,0,0,665,0,593,0,Donor7,Young,28.908038255864607,-16.091961744135393
3532,_IL-34_Donor8_E6_CD8T,CD8T,CD8T,52,CD8T,parsebioscience,Donor 11,E6,IL-34,False,Donor 11- age: 52,IL-34_Donor 11_E6,cytokine,2762,0,0,583,0,0,0,0,0,432,0,1747,0,Donor8,Old,39.8219969760908,-12.178003023909199
3537,_IL-34_Donor9_E6_CD8T,CD8T,CD8T,38,CD8T,parsebioscience,Donor 12,E6,IL-34,False,Donor 12- age: 38,IL-34_Donor 12_E6,cytokine,1806,0,0,180,0,0,0,0,0,326,0,1300,0,Donor9,Young,34.73295901161754,-3.267040988382462
3542,_IL-35_Donor10_G3_CD8T,CD8T,CD8T,42,CD8T,parsebioscience,Donor 2,G3,IL-35,False,Donor 2- age: 42,IL-35_Donor 2_G3,cytokine,684,0,0,121,0,0,0,0,0,369,0,194,0,Donor10,Young,34.419500544546636,-7.580499455453364
3547,_IL-35_Donor11_G3_CD8T,CD8T,CD8T,46,CD8T,parsebioscience,Donor 3,G3,IL-35,False,Donor 3- age: 46,IL-35_Donor 3_G3,cytokine,1724,0,0,136,0,0,0,0,0,697,0,891,0,Donor11,Young,35.28694698899412,-10.713053011005883
3552,_IL-35_Donor12_G3_CD8T,CD8T,CD8T,36,CD8T,parsebioscience,Donor 4,G3,IL-35,False,Donor 4- age: 36,IL-35_Donor 4_G3,cytokine,1456,0,0,307,0,0,0,0,0,352,0,797,0,Donor12,Young,37.090655148613976,1.0906551486139762
3557,_IL-35_Donor1_G3_CD8T,CD8T,CD8T,75,CD8T,parsebioscience,Donor 1,G3,IL-35,False,Donor 1- age: 75,IL-35_Donor 1_G3,cytokine,1772,0,0,621,0,0,0,0,0,417,0,734,0,Donor1,Old,55.74552903320934,-19.254470966790663
3562,_IL-35_Donor2_G3_CD8T,CD8T,CD8T,34,CD8T,parsebioscience,Donor 5,G3,IL-35,False,Donor 5- age: 34,IL-35_Donor 5_G3,cytokine,1428,0,0,254,0,0,0,0,0,729,0,445,0,Donor2,Young,25.3391992986298,-8.6608007013702
3567,_IL-35_Donor3_G3_CD8T,CD8T,CD8T,68,CD8T,parsebioscience,Donor 6,G3,IL-35,False,Donor 6- age: 68,IL-35_Donor 6_G3,cytokine,561,0,0,116,0,0,0,0,0,236,0,209,0,Donor3,Old,47.05409655383901,-20.94590344616099
3572,_IL-35_Donor4_G3_CD8T,CD8T,CD8T,59,CD8T,parsebioscience,Donor 7,G3,IL-35,False,Donor 7- age: 59,IL-35_Donor 7_G3,cytokine,300,0,0,39,0,0,0,0,0,75,0,186,0,Donor4,Old,50.50888101011913,-8.491118989880867
3577,_IL-35_Donor5_G3_CD8T,CD8T,CD8T,41,CD8T,parsebioscience,Donor 8,G3,IL-35,False,Donor 8- age: 41,IL-35_Donor 8_G3,cytokine,3264,0,0,610,0,0,0,0,0,1947,0,707,0,Donor5,Young,20.157561655936327,-20.842438344063673
3582,_IL-35_Donor6_G3_CD8T,CD8T,CD8T,38,CD8T,parsebioscience,Donor 9,G3,IL-35,False,Donor 9- age: 38,IL-35_Donor 9_G3,cytokine,1497,0,0,408,0,0,0,0,0,297,0,792,0,Donor6,Young,40.84682170459495,2.8468217045949515
3587,_IL-35_Donor7_G3_CD8T,CD8T,CD8T,45,CD8T,parsebioscience,Donor 10,G3,IL-35,False,Donor 10- age: 45,IL-35_Donor 10_G3,cytokine,1544,0,0,302,0,0,0,0,0,732,0,510,0,Donor7,Young,31.498965150707825,-13.501034849292175
3592,_IL-35_Donor8_G3_CD8T,CD8T,CD8T,52,CD8T,parsebioscience,Donor 11,G3,IL-35,False,Donor 11- age: 52,IL-35_Donor 11_G3,cytokine,1367,0,0,277,0,0,0,0,0,238,0,852,0,Donor8,Old,42.53025887186599,-9.469741128134011
3597,_IL-35_Donor9_G3_CD8T,CD8T,CD8T,38,CD8T,parsebioscience,Donor 12,G3,IL-35,False,Donor 12- age: 38,IL-35_Donor 12_G3,cytokine,1654,0,0,181,0,0,0,0,0,396,0,1077,0,Donor9,Young,37.64990531187008,-0.3500946881299214
3602,_IL-36-alpha_Donor10_A5_CD8T,CD8T,CD8T,42,CD8T,parsebioscience,Donor 2,A5,IL-36-alpha,False,Donor 2- age: 42,IL-36-alpha_Donor 2_A5,cytokine,1199,0,0,208,0,0,0,0,0,675,0,316,0,Donor10,Young,36.210130437896865,-5.789869562103135
3607,_IL-36-alpha_Donor11_A5_CD8T,CD8T,CD8T,46,CD8T,parsebioscience,Donor 3,A5,IL-36-alpha,False,Donor 3- age: 46,IL-36-alpha_Donor 3_A5,cytokine,1441,0,0,114,0,0,0,0,0,603,0,724,0,Donor11,Young,29.300187782652017,-16.699812217347983
3612,_IL-36-alpha_Donor12_A5_CD8T,CD8T,CD8T,36,CD8T,parsebioscience,Donor 4,A5,IL-36-alpha,False,Donor 4- age: 36,IL-36-alpha_Donor 4_A5,cytokine,3296,0,0,806,0,0,0,0,0,852,0,1638,0,Donor12,Young,33.229419789869354,-2.770580210130646
3617,_IL-36-alpha_Donor1_A5_CD8T,CD8T,CD8T,75,CD8T,parsebioscience,Donor 1,A5,IL-36-alpha,False,Donor 1- age: 75,IL-36-alpha_Donor 1_A5,cytokine,1349,0,0,416,0,0,0,0,0,330,0,603,0,Donor1,Old,52.16054918171525,-22.839450818284753
3622,_IL-36-alpha_Donor2_A5_CD8T,CD8T,CD8T,34,CD8T,parsebioscience,Donor 5,A5,IL-36-alpha,False,Donor 5- age: 34,IL-36-alpha_Donor 5_A5,cytokine,2924,0,0,469,0,0,0,0,0,1569,0,886,0,Donor2,Young,25.952054392501594,-8.047945607498406
3627,_IL-36-alpha_Donor3_A5_CD8T,CD8T,CD8T,68,CD8T,parsebioscience,Donor 6,A5,IL-36-alpha,False,Donor 6- age: 68,IL-36-alpha_Donor 6_A5,cytokine,1242,0,0,289,0,0,0,0,0,433,0,520,0,Donor3,Old,46.72144230124513,-21.278557698754867
3632,_IL-36-alpha_Donor4_A5_CD8T,CD8T,CD8T,59,CD8T,parsebioscience,Donor 7,A5,IL-36-alpha,False,Donor 7- age: 59,IL-36-alpha_Donor 7_A5,cytokine,303,0,0,22,0,0,0,0,0,77,0,204,0,Donor4,Old,40.20643567260042,-18.79356432739958
3637,_IL-36-alpha_Donor5_A5_CD8T,CD8T,CD8T,41,CD8T,parsebioscience,Donor 8,A5,IL-36-alpha,False,Donor 8- age: 41,IL-36-alpha_Donor 8_A5,cytokine,3094,0,0,602,0,0,0,0,0,1870,0,622,0,Donor5,Young,21.75664591117914,-19.24335408882086
3642,_IL-36-alpha_Donor6_A5_CD8T,CD8T,CD8T,38,CD8T,parsebioscience,Donor 9,A5,IL-36-alpha,False,Donor 9- age: 38,IL-36-alpha_Donor 9_A5,cytokine,3320,0,0,766,0,0,0,0,0,711,0,1843,0,Donor6,Young,40.86902844845278,2.869028448452781
3647,_IL-36-alpha_Donor7_A5_CD8T,CD8T,CD8T,45,CD8T,parsebioscience,Donor 10,A5,IL-36-alpha,False,Donor 10- age: 45,IL-36-alpha_Donor 10_A5,cytokine,2411,0,0,448,0,0,0,0,0,1288,0,675,0,Donor7,Young,26.439574631147764,-18.560425368852236
3652,_IL-36-alpha_Donor8_A5_CD8T,CD8T,CD8T,52,CD8T,parsebioscience,Donor 11,A5,IL-36-alpha,False,Donor 11- age: 52,IL-36-alpha_Donor 11_A5,cytokine,1801,0,0,421,0,0,0,0,0,304,0,1076,0,Donor8,Old,42.33021025440957,-9.669789745590428
3657,_IL-36-alpha_Donor9_A5_CD8T,CD8T,CD8T,38,CD8T,parsebioscience,Donor 12,A5,IL-36-alpha,False,Donor 12- age: 38,IL-36-alpha_Donor 12_A5,cytokine,1851,0,0,147,0,0,0,0,0,410,0,1294,0,Donor9,Young,41.44211723970506,3.4421172397050626
3662,_IL-36Ra_Donor10_A6_CD8T,CD8T,CD8T,42,CD8T,parsebioscience,Donor 2,A6,IL-36Ra,False,Donor 2- age: 42,IL-36Ra_Donor 2_A6,cytokine,1261,0,0,183,0,0,0,0,0,696,0,382,0,Donor10,Young,34.86981239292817,-7.130187607071832
3667,_IL-36Ra_Donor11_A6_CD8T,CD8T,CD8T,46,CD8T,parsebioscience,Donor 3,A6,IL-36Ra,False,Donor 3- age: 46,IL-36Ra_Donor 3_A6,cytokine,1306,0,0,134,0,0,0,0,0,487,0,685,0,Donor11,Young,32.17697747921433,-13.82302252078567
3672,_IL-36Ra_Donor12_A6_CD8T,CD8T,CD8T,36,CD8T,parsebioscience,Donor 4,A6,IL-36Ra,False,Donor 4- age: 36,IL-36Ra_Donor 4_A6,cytokine,3396,0,0,793,0,0,0,0,0,897,0,1706,0,Donor12,Young,34.57098228073054,-1.42901771926946
3677,_IL-36Ra_Donor1_A6_CD8T,CD8T,CD8T,75,CD8T,parsebioscience,Donor 1,A6,IL-36Ra,False,Donor 1- age: 75,IL-36Ra_Donor 1_A6,cytokine,1095,0,0,339,0,0,0,0,0,269,0,487,0,Donor1,Old,55.96328647797911,-19.03671352202089
3682,_IL-36Ra_Donor2_A6_CD8T,CD8T,CD8T,34,CD8T,parsebioscience,Donor 5,A6,IL-36Ra,False,Donor 5- age: 34,IL-36Ra_Donor 5_A6,cytokine,2121,0,0,338,0,0,0,0,0,1108,0,675,0,Donor2,Young,27.391882735945863,-6.608117264054137
3687,_IL-36Ra_Donor3_A6_CD8T,CD8T,CD8T,68,CD8T,parsebioscience,Donor 6,A6,IL-36Ra,False,Donor 6- age: 68,IL-36Ra_Donor 6_A6,cytokine,832,0,0,171,0,0,0,0,0,282,0,379,0,Donor3,Old,48.16247678092976,-19.837523219070242
3692,_IL-36Ra_Donor4_A6_CD8T,CD8T,CD8T,59,CD8T,parsebioscience,Donor 7,A6,IL-36Ra,False,Donor 7- age: 59,IL-36Ra_Donor 7_A6,cytokine,391,0,0,38,0,0,0,0,0,49,0,304,0,Donor4,Old,47.782284825978444,-11.217715174021556
3697,_IL-36Ra_Donor5_A6_CD8T,CD8T,CD8T,41,CD8T,parsebioscience,Donor 8,A6,IL-36Ra,False,Donor 8- age: 41,IL-36Ra_Donor 8_A6,cytokine,2988,0,0,453,0,0,0,0,0,1900,0,635,0,Donor5,Young,22.595069091471814,-18.404930908528186
3702,_IL-36Ra_Donor6_A6_CD8T,CD8T,CD8T,38,CD8T,parsebioscience,Donor 9,A6,IL-36Ra,False,Donor 9- age: 38,IL-36Ra_Donor 9_A6,cytokine,2518,0,0,678,0,0,0,0,0,548,0,1292,0,Donor6,Young,41.027758093286636,3.0277580932866357
3707,_IL-36Ra_Donor7_A6_CD8T,CD8T,CD8T,45,CD8T,parsebioscience,Donor 10,A6,IL-36Ra,False,Donor 10- age: 45,IL-36Ra_Donor 10_A6,cytokine,2127,0,0,410,0,0,0,0,0,1058,0,659,0,Donor7,Young,30.14192596116415,-14.858074038835849
3712,_IL-36Ra_Donor8_A6_CD8T,CD8T,CD8T,52,CD8T,parsebioscience,Donor 11,A6,IL-36Ra,False,Donor 11- age: 52,IL-36Ra_Donor 11_A6,cytokine,1614,0,0,365,0,0,0,0,0,219,0,1030,0,Donor8,Old,45.65059977727404,-6.349400222725961
3717,_IL-36Ra_Donor9_A6_CD8T,CD8T,CD8T,38,CD8T,parsebioscience,Donor 12,A6,IL-36Ra,False,Donor 12- age: 38,IL-36Ra_Donor 12_A6,cytokine,3584,0,0,376,0,0,0,0,0,658,0,2550,0,Donor9,Young,37.74801388583383,-0.2519861141661721
3722,_IL-3_Donor10_A12_CD8T,CD8T,CD8T,42,CD8T,parsebioscience,Donor 2,A12,IL-3,False,Donor 2- age: 42,IL-3_Donor 2_A12,cytokine,953,0,0,173,0,0,0,0,0,512,0,268,0,Donor10,Young,35.18037818742447,-6.819621812575527
3727,_IL-3_Donor11_A12_CD8T,CD8T,CD8T,46,CD8T,parsebioscience,Donor 3,A12,IL-3,False,Donor 3- age: 46,IL-3_Donor 3_A12,cytokine,1176,0,0,105,0,0,0,0,0,461,0,610,0,Donor11,Young,31.608083219521998,-14.391916780478002
3732,_IL-3_Donor12_A12_CD8T,CD8T,CD8T,36,CD8T,parsebioscience,Donor 4,A12,IL-3,False,Donor 4- age: 36,IL-3_Donor 4_A12,cytokine,2387,0,0,527,0,0,0,0,0,652,0,1208,0,Donor12,Young,34.45411845164127,-1.5458815483587287
3737,_IL-3_Donor1_A12_CD8T,CD8T,CD8T,75,CD8T,parsebioscience,Donor 1,A12,IL-3,False,Donor 1- age: 75,IL-3_Donor 1_A12,cytokine,483,0,0,104,0,0,0,0,0,144,0,235,0,Donor1,Old,60.6616673652198,-14.338332634780201
3742,_IL-3_Donor2_A12_CD8T,CD8T,CD8T,34,CD8T,parsebioscience,Donor 5,A12,IL-3,False,Donor 5- age: 34,IL-3_Donor 5_A12,cytokine,2298,0,0,388,0,0,0,0,0,1151,0,759,0,Donor2,Young,27.432615892413864,-6.567384107586136
3747,_IL-3_Donor3_A12_CD8T,CD8T,CD8T,68,CD8T,parsebioscience,Donor 6,A12,IL-3,False,Donor 6- age: 68,IL-3_Donor 6_A12,cytokine,539,0,0,99,0,0,0,0,0,74,0,366,0,Donor3,Old,58.48732708663226,-9.512672913367737
3752,_IL-3_Donor4_A12_CD8T,CD8T,CD8T,59,CD8T,parsebioscience,Donor 7,A12,IL-3,False,Donor 7- age: 59,IL-3_Donor 7_A12,cytokine,253,0,0,15,0,0,0,0,0,55,0,183,0,Donor4,Old,50.22666444041836,-8.77333555958164
3757,_IL-3_Donor5_A12_CD8T,CD8T,CD8T,41,CD8T,parsebioscience,Donor 8,A12,IL-3,False,Donor 8- age: 41,IL-3_Donor 8_A12,cytokine,2476,0,0,347,0,0,0,0,0,1485,0,644,0,Donor5,Young,22.869233614523203,-18.130766385476797
3762,_IL-3_Donor6_A12_CD8T,CD8T,CD8T,38,CD8T,parsebioscience,Donor 9,A12,IL-3,False,Donor 9- age: 38,IL-3_Donor 9_A12,cytokine,1688,0,0,447,0,0,0,0,0,331,0,910,0,Donor6,Young,43.66127267479091,5.661272674790908
3767,_IL-3_Donor7_A12_CD8T,CD8T,CD8T,45,CD8T,parsebioscience,Donor 10,A12,IL-3,False,Donor 10- age: 45,IL-3_Donor 10_A12,cytokine,1536,0,0,298,0,0,0,0,0,821,0,417,0,Donor7,Young,28.608309749940897,-16.391690250059103
3772,_IL-3_Donor8_A12_CD8T,CD8T,CD8T,52,CD8T,parsebioscience,Donor 11,A12,IL-3,False,Donor 11- age: 52,IL-3_Donor 11_A12,cytokine,1581,0,0,322,0,0,0,0,0,282,0,977,0,Donor8,Old,40.62265662829885,-11.377343371701151
3777,_IL-3_Donor9_A12_CD8T,CD8T,CD8T,38,CD8T,parsebioscience,Donor 12,A12,IL-3,False,Donor 12- age: 38,IL-3_Donor 12_A12,cytokine,1544,0,0,167,0,0,0,0,0,343,0,1034,0,Donor9,Young,37.62499767003784,-0.37500232996215743
3782,_IL-4_Donor10_G9_CD8T,CD8T,CD8T,42,CD8T,parsebioscience,Donor 2,G9,IL-4,False,Donor 2- age: 42,IL-4_Donor 2_G9,cytokine,389,0,0,136,0,0,0,0,0,33,0,220,0,Donor10,Young,53.216124040661725,11.216124040661725
3787,_IL-4_Donor11_G9_CD8T,CD8T,CD8T,46,CD8T,parsebioscience,Donor 3,G9,IL-4,False,Donor 3- age: 46,IL-4_Donor 3_G9,cytokine,815,0,0,109,0,0,0,0,0,34,0,672,0,Donor11,Young,65.95810498999121,19.958104989991213
3792,_IL-4_Donor12_G9_CD8T,CD8T,CD8T,36,CD8T,parsebioscience,Donor 4,G9,IL-4,False,Donor 4- age: 36,IL-4_Donor 4_G9,cytokine,2249,0,0,631,0,0,0,0,0,156,0,1462,0,Donor12,Young,51.85652505777398,15.856525057773979
3797,_IL-4_Donor1_G9_CD8T,CD8T,CD8T,75,CD8T,parsebioscience,Donor 1,G9,IL-4,False,Donor 1- age: 75,IL-4_Donor 1_G9,cytokine,1351,0,0,533,0,0,0,0,0,130,0,688,0,Donor1,Old,67.25436563413162,-7.7456343658683835
3802,_IL-4_Donor2_G9_CD8T,CD8T,CD8T,34,CD8T,parsebioscience,Donor 5,G9,IL-4,False,Donor 5- age: 34,IL-4_Donor 5_G9,cytokine,1380,0,0,398,0,0,0,0,0,157,0,825,0,Donor2,Young,44.123577467911346,10.123577467911346
3807,_IL-4_Donor3_G9_CD8T,CD8T,CD8T,68,CD8T,parsebioscience,Donor 6,G9,IL-4,False,Donor 6- age: 68,IL-4_Donor 6_G9,cytokine,486,0,0,144,0,0,0,0,0,75,0,267,0,Donor3,Old,53.27358969136087,-14.726410308639132
3812,_IL-4_Donor4_G9_CD8T,CD8T,CD8T,59,CD8T,parsebioscience,Donor 7,G9,IL-4,False,Donor 7- age: 59,IL-4_Donor 7_G9,cytokine,255,0,0,45,0,0,0,0,0,13,0,197,0,Donor4,Old,65.13878527424455,6.138785274244555
3817,_IL-4_Donor5_G9_CD8T,CD8T,CD8T,41,CD8T,parsebioscience,Donor 8,G9,IL-4,False,Donor 8- age: 41,IL-4_Donor 8_G9,cytokine,1464,0,0,561,0,0,0,0,0,224,0,679,0,Donor5,Young,41.02926162690199,0.029261626901991633
3822,_IL-4_Donor6_G9_CD8T,CD8T,CD8T,38,CD8T,parsebioscience,Donor 9,G9,IL-4,False,Donor 9- age: 38,IL-4_Donor 9_G9,cytokine,887,0,0,276,0,0,0,0,0,42,0,569,0,Donor6,Young,55.24461154355217,17.244611543552168
3827,_IL-4_Donor7_G9_CD8T,CD8T,CD8T,45,CD8T,parsebioscience,Donor 10,G9,IL-4,False,Donor 10- age: 45,IL-4_Donor 10_G9,cytokine,860,0,0,278,0,0,0,0,0,59,0,523,0,Donor7,Young,54.48317603899546,9.48317603899546
3832,_IL-4_Donor8_G9_CD8T,CD8T,CD8T,52,CD8T,parsebioscience,Donor 11,G9,IL-4,False,Donor 11- age: 52,IL-4_Donor 11_G9,cytokine,911,0,0,226,0,0,0,0,0,18,0,667,0,Donor8,Old,62.132112465592904,10.132112465592904
3837,_IL-4_Donor9_G9_CD8T,CD8T,CD8T,38,CD8T,parsebioscience,Donor 12,G9,IL-4,False,Donor 12- age: 38,IL-4_Donor 12_G9,cytokine,1340,0,0,198,0,0,0,0,0,50,0,1092,0,Donor9,Young,55.15017455330803,17.150174553308027
3842,_IL-5_Donor10_G12_CD8T,CD8T,CD8T,42,CD8T,parsebioscience,Donor 2,G12,IL-5,False,Donor 2- age: 42,IL-5_Donor 2_G12,cytokine,750,0,0,144,0,0,0,0,0,387,0,219,0,Donor10,Young,32.0649196153129,-9.935080384687097
3847,_IL-5_Donor11_G12_CD8T,CD8T,CD8T,46,CD8T,parsebioscience,Donor 3,G12,IL-5,False,Donor 3- age: 46,IL-5_Donor 3_G12,cytokine,1287,0,0,126,0,0,0,0,0,490,0,671,0,Donor11,Young,31.871113793169787,-14.128886206830213
3852,_IL-5_Donor12_G12_CD8T,CD8T,CD8T,36,CD8T,parsebioscience,Donor 4,G12,IL-5,False,Donor 4- age: 36,IL-5_Donor 4_G12,cytokine,1753,0,0,387,0,0,0,0,0,444,0,922,0,Donor12,Young,34.000321530619196,-1.9996784693808038
3857,_IL-5_Donor1_G12_CD8T,CD8T,CD8T,75,CD8T,parsebioscience,Donor 1,G12,IL-5,False,Donor 1- age: 75,IL-5_Donor 1_G12,cytokine,956,0,0,335,0,0,0,0,0,202,0,419,0,Donor1,Old,57.69920958400459,-17.300790415995408
3862,_IL-5_Donor2_G12_CD8T,CD8T,CD8T,34,CD8T,parsebioscience,Donor 5,G12,IL-5,False,Donor 5- age: 34,IL-5_Donor 5_G12,cytokine,1585,0,0,281,0,0,0,0,0,717,0,587,0,Donor2,Young,25.220372516713894,-8.779627483286106
3867,_IL-5_Donor3_G12_CD8T,CD8T,CD8T,68,CD8T,parsebioscience,Donor 6,G12,IL-5,False,Donor 6- age: 68,IL-5_Donor 6_G12,cytokine,1268,0,0,297,0,0,0,0,0,494,0,477,0,Donor3,Old,44.20136136844206,-23.798638631557942
3872,_IL-5_Donor4_G12_CD8T,CD8T,CD8T,59,CD8T,parsebioscience,Donor 7,G12,IL-5,False,Donor 7- age: 59,IL-5_Donor 7_G12,cytokine,323,0,0,31,0,0,0,0,0,98,0,194,0,Donor4,Old,44.00802718811431,-14.991972811885688
3877,_IL-5_Donor5_G12_CD8T,CD8T,CD8T,41,CD8T,parsebioscience,Donor 8,G12,IL-5,False,Donor 8- age: 41,IL-5_Donor 8_G12,cytokine,2801,0,0,518,0,0,0,0,0,1646,0,637,0,Donor5,Young,20.974235940636632,-20.025764059363368
3882,_IL-5_Donor6_G12_CD8T,CD8T,CD8T,38,CD8T,parsebioscience,Donor 9,G12,IL-5,False,Donor 9- age: 38,IL-5_Donor 9_G12,cytokine,1726,0,0,472,0,0,0,0,0,317,0,937,0,Donor6,Young,44.87577965901725,6.8757796590172475
3887,_IL-5_Donor7_G12_CD8T,CD8T,CD8T,45,CD8T,parsebioscience,Donor 10,G12,IL-5,False,Donor 10- age: 45,IL-5_Donor 10_G12,cytokine,1723,0,0,370,0,0,0,0,0,784,0,569,0,Donor7,Young,28.06858550986705,-16.93141449013295
3892,_IL-5_Donor8_G12_CD8T,CD8T,CD8T,52,CD8T,parsebioscience,Donor 11,G12,IL-5,False,Donor 11- age: 52,IL-5_Donor 11_G12,cytokine,1262,0,0,286,0,0,0,0,0,212,0,764,0,Donor8,Old,45.959594024164275,-6.040405975835725
3897,_IL-5_Donor9_G12_CD8T,CD8T,CD8T,38,CD8T,parsebioscience,Donor 12,G12,IL-5,False,Donor 12- age: 38,IL-5_Donor 12_G12,cytokine,1358,0,0,171,0,0,0,0,0,269,0,918,0,Donor9,Young,39.503390548130724,1.5033905481307244
3902,_IL-6_Donor10_D4_CD8T,CD8T,CD8T,42,CD8T,parsebioscience,Donor 2,D4,IL-6,False,Donor 2- age: 42,IL-6_Donor 2_D4,cytokine,758,0,0,137,0,0,0,0,0,382,0,239,0,Donor10,Young,34.195056456292164,-7.804943543707836
3907,_IL-6_Donor11_D4_CD8T,CD8T,CD8T,46,CD8T,parsebioscience,Donor 3,D4,IL-6,False,Donor 3- age: 46,IL-6_Donor 3_D4,cytokine,1105,0,0,99,0,0,0,0,0,413,0,593,0,Donor11,Young,33.73314549201688,-12.266854507983119
3912,_IL-6_Donor12_D4_CD8T,CD8T,CD8T,36,CD8T,parsebioscience,Donor 4,D4,IL-6,False,Donor 4- age: 36,IL-6_Donor 4_D4,cytokine,1698,0,0,325,0,0,0,0,0,336,0,1037,0,Donor12,Young,34.858674296284974,-1.141325703715026
3917,_IL-6_Donor1_D4_CD8T,CD8T,CD8T,75,CD8T,parsebioscience,Donor 1,D4,IL-6,False,Donor 1- age: 75,IL-6_Donor 1_D4,cytokine,1068,0,0,366,0,0,0,0,0,199,0,503,0,Donor1,Old,56.51210362949671,-18.487896370503293
3922,_IL-6_Donor2_D4_CD8T,CD8T,CD8T,34,CD8T,parsebioscience,Donor 5,D4,IL-6,False,Donor 5- age: 34,IL-6_Donor 5_D4,cytokine,1770,0,0,309,0,0,0,0,0,840,0,621,0,Donor2,Young,28.11467028023609,-5.885329719763909
3927,_IL-6_Donor3_D4_CD8T,CD8T,CD8T,68,CD8T,parsebioscience,Donor 6,D4,IL-6,False,Donor 6- age: 68,IL-6_Donor 6_D4,cytokine,929,0,0,205,0,0,0,0,0,369,0,355,0,Donor3,Old,43.9229028017525,-24.0770971982475
3932,_IL-6_Donor4_D4_CD8T,CD8T,CD8T,59,CD8T,parsebioscience,Donor 7,D4,IL-6,False,Donor 7- age: 59,IL-6_Donor 7_D4,cytokine,317,0,0,39,0,0,0,0,0,101,0,177,0,Donor4,Old,40.844636155550624,-18.155363844449376
3937,_IL-6_Donor5_D4_CD8T,CD8T,CD8T,41,CD8T,parsebioscience,Donor 8,D4,IL-6,False,Donor 8- age: 41,IL-6_Donor 8_D4,cytokine,1882,0,0,335,0,0,0,0,0,1154,0,393,0,Donor5,Young,20.22329722659505,-20.77670277340495
3942,_IL-6_Donor6_D4_CD8T,CD8T,CD8T,38,CD8T,parsebioscience,Donor 9,D4,IL-6,False,Donor 9- age: 38,IL-6_Donor 9_D4,cytokine,2060,0,0,509,0,0,0,0,0,326,0,1225,0,Donor6,Young,43.932528669558664,5.932528669558664
3947,_IL-6_Donor7_D4_CD8T,CD8T,CD8T,45,CD8T,parsebioscience,Donor 10,D4,IL-6,False,Donor 10- age: 45,IL-6_Donor 10_D4,cytokine,1935,0,0,392,0,0,0,0,0,868,0,675,0,Donor7,Young,25.152762917019956,-19.847237082980044
3952,_IL-6_Donor8_D4_CD8T,CD8T,CD8T,52,CD8T,parsebioscience,Donor 11,D4,IL-6,False,Donor 11- age: 52,IL-6_Donor 11_D4,cytokine,1287,0,0,278,0,0,0,0,0,147,0,862,0,Donor8,Old,45.015527385093364,-6.984472614906636
3957,_IL-6_Donor9_D4_CD8T,CD8T,CD8T,38,CD8T,parsebioscience,Donor 12,D4,IL-6,False,Donor 12- age: 38,IL-6_Donor 12_D4,cytokine,1596,0,0,166,0,0,0,0,0,274,0,1156,0,Donor9,Young,37.48511192581282,-0.5148880741871835
3962,_IL-7_Donor10_A8_CD8T,CD8T,CD8T,42,CD8T,parsebioscience,Donor 2,A8,IL-7,False,Donor 2- age: 42,IL-7_Donor 2_A8,cytokine,1167,0,0,95,0,0,0,0,0,742,0,330,0,Donor10,Young,45.799105276903525,3.799105276903525
3967,_IL-7_Donor11_A8_CD8T,CD8T,CD8T,46,CD8T,parsebioscience,Donor 3,A8,IL-7,False,Donor 3- age: 46,IL-7_Donor 3_A8,cytokine,1146,0,0,39,0,0,0,0,0,531,0,576,0,Donor11,Young,42.924293414345755,-3.0757065856542454
3972,_IL-7_Donor12_A8_CD8T,CD8T,CD8T,36,CD8T,parsebioscience,Donor 4,A8,IL-7,False,Donor 4- age: 36,IL-7_Donor 4_A8,cytokine,2697,0,0,394,0,0,0,0,0,879,0,1424,0,Donor12,Young,46.742703461323785,10.742703461323785
3977,_IL-7_Donor1_A8_CD8T,CD8T,CD8T,75,CD8T,parsebioscience,Donor 1,A8,IL-7,False,Donor 1- age: 75,IL-7_Donor 1_A8,cytokine,1250,0,0,244,0,0,0,0,0,326,0,680,0,Donor1,Old,57.69281702422444,-17.30718297577556
3982,_IL-7_Donor2_A8_CD8T,CD8T,CD8T,34,CD8T,parsebioscience,Donor 5,A8,IL-7,False,Donor 5- age: 34,IL-7_Donor 5_A8,cytokine,1451,0,0,158,0,0,0,0,0,849,0,444,0,Donor2,Young,40.14939265506519,6.149392655065192
3987,_IL-7_Donor3_A8_CD8T,CD8T,CD8T,68,CD8T,parsebioscience,Donor 6,A8,IL-7,False,Donor 6- age: 68,IL-7_Donor 6_A8,cytokine,1299,0,0,241,0,0,0,0,0,523,0,535,0,Donor3,Old,54.399942408638424,-13.600057591361576
3992,_IL-7_Donor4_A8_CD8T,CD8T,CD8T,59,CD8T,parsebioscience,Donor 7,A8,IL-7,False,Donor 7- age: 59,IL-7_Donor 7_A8,cytokine,211,0,0,21,0,0,0,0,0,42,0,148,0,Donor4,Old,66.62544637214711,7.62544637214711
3997,_IL-7_Donor5_A8_CD8T,CD8T,CD8T,41,CD8T,parsebioscience,Donor 8,A8,IL-7,False,Donor 8- age: 41,IL-7_Donor 8_A8,cytokine,3166,0,0,208,0,0,0,0,0,2151,0,807,0,Donor5,Young,36.4811189010985,-4.5188810989015025
4002,_IL-7_Donor6_A8_CD8T,CD8T,CD8T,38,CD8T,parsebioscience,Donor 9,A8,IL-7,False,Donor 9- age: 38,IL-7_Donor 9_A8,cytokine,2766,0,0,319,0,0,0,0,0,647,0,1800,0,Donor6,Young,52.71134147945904,14.711341479459037
4007,_IL-7_Donor7_A8_CD8T,CD8T,CD8T,45,CD8T,parsebioscience,Donor 10,A8,IL-7,False,Donor 10- age: 45,IL-7_Donor 10_A8,cytokine,1663,0,0,125,0,0,0,0,0,1014,0,524,0,Donor7,Young,42.198362404695395,-2.801637595304605
4012,_IL-7_Donor8_A8_CD8T,CD8T,CD8T,52,CD8T,parsebioscience,Donor 11,A8,IL-7,False,Donor 11- age: 52,IL-7_Donor 11_A8,cytokine,1700,0,0,238,0,0,0,0,0,348,0,1114,0,Donor8,Old,49.56771044238037,-2.432289557619633
4017,_IL-7_Donor9_A8_CD8T,CD8T,CD8T,38,CD8T,parsebioscience,Donor 12,A8,IL-7,False,Donor 12- age: 38,IL-7_Donor 12_A8,cytokine,2034,0,0,143,0,0,0,0,0,491,0,1400,0,Donor9,Young,43.945401440620046,5.945401440620046
4022,_IL-8_Donor10_F11_CD8T,CD8T,CD8T,42,CD8T,parsebioscience,Donor 2,F11,IL-8,False,Donor 2- age: 42,IL-8_Donor 2_F11,cytokine,665,0,0,117,0,0,0,0,0,354,0,194,0,Donor10,Young,38.5213845323329,-3.4786154676670975
4027,_IL-8_Donor11_F11_CD8T,CD8T,CD8T,46,CD8T,parsebioscience,Donor 3,F11,IL-8,False,Donor 3- age: 46,IL-8_Donor 3_F11,cytokine,1125,0,0,134,0,0,0,0,0,439,0,552,0,Donor11,Young,33.090440326762184,-12.909559673237816
4032,_IL-8_Donor12_F11_CD8T,CD8T,CD8T,36,CD8T,parsebioscience,Donor 4,F11,IL-8,False,Donor 4- age: 36,IL-8_Donor 4_F11,cytokine,1509,0,0,328,0,0,0,0,0,363,0,818,0,Donor12,Young,35.1247047491224,-0.8752952508775991
4037,_IL-8_Donor1_F11_CD8T,CD8T,CD8T,75,CD8T,parsebioscience,Donor 1,F11,IL-8,False,Donor 1- age: 75,IL-8_Donor 1_F11,cytokine,839,0,0,277,0,0,0,0,0,203,0,359,0,Donor1,Old,53.96765636994973,-21.03234363005027
4042,_IL-8_Donor2_F11_CD8T,CD8T,CD8T,34,CD8T,parsebioscience,Donor 5,F11,IL-8,False,Donor 5- age: 34,IL-8_Donor 5_F11,cytokine,2208,0,0,426,0,0,0,0,0,1042,0,740,0,Donor2,Young,29.348784442138797,-4.651215557861203
4047,_IL-8_Donor3_F11_CD8T,CD8T,CD8T,68,CD8T,parsebioscience,Donor 6,F11,IL-8,False,Donor 6- age: 68,IL-8_Donor 6_F11,cytokine,850,0,0,194,0,0,0,0,0,341,0,315,0,Donor3,Old,46.726742412020926,-21.273257587979074
4052,_IL-8_Donor4_F11_CD8T,CD8T,CD8T,59,CD8T,parsebioscience,Donor 7,F11,IL-8,False,Donor 7- age: 59,IL-8_Donor 7_F11,cytokine,289,0,0,27,0,0,0,0,0,103,0,159,0,Donor4,Old,37.68122450500154,-21.318775494998462
4057,_IL-8_Donor5_F11_CD8T,CD8T,CD8T,41,CD8T,parsebioscience,Donor 8,F11,IL-8,False,Donor 8- age: 41,IL-8_Donor 8_F11,cytokine,2700,0,0,565,0,0,0,0,0,1545,0,590,0,Donor5,Young,17.62769163015114,-23.37230836984886
4062,_IL-8_Donor6_F11_CD8T,CD8T,CD8T,38,CD8T,parsebioscience,Donor 9,F11,IL-8,False,Donor 9- age: 38,IL-8_Donor 9_F11,cytokine,1603,0,0,422,0,0,0,0,0,327,0,854,0,Donor6,Young,45.75108770310334,7.751087703103337
4067,_IL-8_Donor7_F11_CD8T,CD8T,CD8T,45,CD8T,parsebioscience,Donor 10,F11,IL-8,False,Donor 10- age: 45,IL-8_Donor 10_F11,cytokine,1660,0,0,361,0,0,0,0,0,829,0,470,0,Donor7,Young,25.97620752053382,-19.02379247946618
4072,_IL-8_Donor8_F11_CD8T,CD8T,CD8T,52,CD8T,parsebioscience,Donor 11,F11,IL-8,False,Donor 11- age: 52,IL-8_Donor 11_F11,cytokine,1459,0,0,295,0,0,0,0,0,272,0,892,0,Donor8,Old,41.290181380470734,-10.709818619529266
4077,_IL-8_Donor9_F11_CD8T,CD8T,CD8T,38,CD8T,parsebioscience,Donor 12,F11,IL-8,False,Donor 12- age: 38,IL-8_Donor 12_F11,cytokine,1792,0,0,194,0,0,0,0,0,374,0,1224,0,Donor9,Young,36.75158550368624,-1.2484144963137567
4082,_IL-9_Donor10_A10_CD8T,CD8T,CD8T,42,CD8T,parsebioscience,Donor 2,A10,IL-9,False,Donor 2- age: 42,IL-9_Donor 2_A10,cytokine,1176,0,0,196,0,0,0,0,0,646,0,334,0,Donor10,Young,33.53304629721398,-8.466953702786022
4087,_IL-9_Donor11_A10_CD8T,CD8T,CD8T,46,CD8T,parsebioscience,Donor 3,A10,IL-9,False,Donor 3- age: 46,IL-9_Donor 3_A10,cytokine,1301,0,0,130,0,0,0,0,0,485,0,686,0,Donor11,Young,35.75123855029638,-10.248761449703622
4092,_IL-9_Donor12_A10_CD8T,CD8T,CD8T,36,CD8T,parsebioscience,Donor 4,A10,IL-9,False,Donor 4- age: 36,IL-9_Donor 4_A10,cytokine,2952,0,0,706,0,0,0,0,0,679,0,1567,0,Donor12,Young,35.33790444831038,-0.6620955516896174
4097,_IL-9_Donor1_A10_CD8T,CD8T,CD8T,75,CD8T,parsebioscience,Donor 1,A10,IL-9,False,Donor 1- age: 75,IL-9_Donor 1_A10,cytokine,796,0,0,317,0,0,0,0,0,146,0,333,0,Donor1,Old,53.10234609848999,-21.89765390151001
4102,_IL-9_Donor2_A10_CD8T,CD8T,CD8T,34,CD8T,parsebioscience,Donor 5,A10,IL-9,False,Donor 5- age: 34,IL-9_Donor 5_A10,cytokine,2717,0,0,446,0,0,0,0,0,1348,0,923,0,Donor2,Young,24.298989225341124,-9.701010774658876
4107,_IL-9_Donor3_A10_CD8T,CD8T,CD8T,68,CD8T,parsebioscience,Donor 6,A10,IL-9,False,Donor 6- age: 68,IL-9_Donor 6_A10,cytokine,1499,0,0,355,0,0,0,0,0,404,0,740,0,Donor3,Old,45.94614215953066,-22.05385784046934
4112,_IL-9_Donor4_A10_CD8T,CD8T,CD8T,59,CD8T,parsebioscience,Donor 7,A10,IL-9,False,Donor 7- age: 59,IL-9_Donor 7_A10,cytokine,299,0,0,29,0,0,0,0,0,40,0,230,0,Donor4,Old,58.900137825265276,-0.09986217473472436
4117,_IL-9_Donor5_A10_CD8T,CD8T,CD8T,41,CD8T,parsebioscience,Donor 8,A10,IL-9,False,Donor 8- age: 41,IL-9_Donor 8_A10,cytokine,2706,0,0,502,0,0,0,0,0,1605,0,599,0,Donor5,Young,19.415573003377055,-21.584426996622945
4122,_IL-9_Donor6_A10_CD8T,CD8T,CD8T,38,CD8T,parsebioscience,Donor 9,A10,IL-9,False,Donor 9- age: 38,IL-9_Donor 9_A10,cytokine,3965,0,0,1076,0,0,0,0,0,793,0,2096,0,Donor6,Young,41.040457663191475,3.040457663191475
4127,_IL-9_Donor7_A10_CD8T,CD8T,CD8T,45,CD8T,parsebioscience,Donor 10,A10,IL-9,False,Donor 10- age: 45,IL-9_Donor 10_A10,cytokine,1631,0,0,314,0,0,0,0,0,821,0,496,0,Donor7,Young,25.313275088567018,-19.686724911432982
4132,_IL-9_Donor8_A10_CD8T,CD8T,CD8T,52,CD8T,parsebioscience,Donor 11,A10,IL-9,False,Donor 11- age: 52,IL-9_Donor 11_A10,cytokine,2445,0,0,537,0,0,0,0,0,402,0,1506,0,Donor8,Old,41.577519606754365,-10.422480393245635
4137,_IL-9_Donor9_A10_CD8T,CD8T,CD8T,38,CD8T,parsebioscience,Donor 12,A10,IL-9,False,Donor 12- age: 38,IL-9_Donor 12_A10,cytokine,2410,0,0,275,0,0,0,0,0,514,0,1621,0,Donor9,Young,35.45063989915206,-2.5493601008479416
4142,_LIF_Donor10_B5_CD8T,CD8T,CD8T,42,CD8T,parsebioscience,Donor 2,B5,LIF,False,Donor 2- age: 42,LIF_Donor 2_B5,cytokine,1029,0,0,143,0,0,0,0,0,568,0,318,0,Donor10,Young,39.23875498952549,-2.7612450104745108
4147,_LIF_Donor11_B5_CD8T,CD8T,CD8T,46,CD8T,parsebioscience,Donor 3,B5,LIF,False,Donor 3- age: 46,LIF_Donor 3_B5,cytokine,1092,0,0,99,0,0,0,0,0,410,0,583,0,Donor11,Young,37.78673006664865,-8.213269933351349
4152,_LIF_Donor12_B5_CD8T,CD8T,CD8T,36,CD8T,parsebioscience,Donor 4,B5,LIF,False,Donor 4- age: 36,LIF_Donor 4_B5,cytokine,2033,0,0,348,0,0,0,0,0,581,0,1104,0,Donor12,Young,34.5178336821211,-1.4821663178788995
4157,_LIF_Donor1_B5_CD8T,CD8T,CD8T,75,CD8T,parsebioscience,Donor 1,B5,LIF,False,Donor 1- age: 75,LIF_Donor 1_B5,cytokine,1187,0,0,403,0,0,0,0,0,287,0,497,0,Donor1,Old,57.39464055504259,-17.605359444957408
4162,_LIF_Donor2_B5_CD8T,CD8T,CD8T,34,CD8T,parsebioscience,Donor 5,B5,LIF,False,Donor 5- age: 34,LIF_Donor 5_B5,cytokine,1916,0,0,302,0,0,0,0,0,975,0,639,0,Donor2,Young,30.27150496746025,-3.728495032539751
4167,_LIF_Donor3_B5_CD8T,CD8T,CD8T,68,CD8T,parsebioscience,Donor 6,B5,LIF,False,Donor 6- age: 68,LIF_Donor 6_B5,cytokine,1097,0,0,233,0,0,0,0,0,451,0,413,0,Donor3,Old,45.55041586156715,-22.449584138432847
4172,_LIF_Donor4_B5_CD8T,CD8T,CD8T,59,CD8T,parsebioscience,Donor 7,B5,LIF,False,Donor 7- age: 59,LIF_Donor 7_B5,cytokine,375,0,0,32,0,0,0,0,0,123,0,220,0,Donor4,Old,45.15842919881289,-13.84157080118711
4177,_LIF_Donor5_B5_CD8T,CD8T,CD8T,41,CD8T,parsebioscience,Donor 8,B5,LIF,False,Donor 8- age: 41,LIF_Donor 8_B5,cytokine,1827,0,0,341,0,0,0,0,0,1067,0,419,0,Donor5,Young,24.46609352125092,-16.53390647874908
4182,_LIF_Donor6_B5_CD8T,CD8T,CD8T,38,CD8T,parsebioscience,Donor 9,B5,LIF,False,Donor 9- age: 38,LIF_Donor 9_B5,cytokine,2211,0,0,576,0,0,0,0,0,459,0,1176,0,Donor6,Young,45.06059441989065,7.0605944198906485
4187,_LIF_Donor7_B5_CD8T,CD8T,CD8T,45,CD8T,parsebioscience,Donor 10,B5,LIF,False,Donor 10- age: 45,LIF_Donor 10_B5,cytokine,2360,0,0,497,0,0,0,0,0,1159,0,704,0,Donor7,Young,32.887071917429736,-12.112928082570264
4192,_LIF_Donor8_B5_CD8T,CD8T,CD8T,52,CD8T,parsebioscience,Donor 11,B5,LIF,False,Donor 11- age: 52,LIF_Donor 11_B5,cytokine,2020,0,0,453,0,0,0,0,0,319,0,1248,0,Donor8,Old,46.8718100730745,-5.128189926925501
4197,_LIF_Donor9_B5_CD8T,CD8T,CD8T,38,CD8T,parsebioscience,Donor 12,B5,LIF,False,Donor 12- age: 38,LIF_Donor 12_B5,cytokine,1937,0,0,193,0,0,0,0,0,410,0,1334,0,Donor9,Young,40.359912701280734,2.3599127012807344
4202,_LIGHT_Donor10_E7_CD8T,CD8T,CD8T,42,CD8T,parsebioscience,Donor 2,E7,LIGHT,False,Donor 2- age: 42,LIGHT_Donor 2_E7,cytokine,1072,0,0,163,0,0,0,0,0,614,0,295,0,Donor10,Young,33.49254255570406,-8.507457444295937
4207,_LIGHT_Donor11_E7_CD8T,CD8T,CD8T,46,CD8T,parsebioscience,Donor 3,E7,LIGHT,False,Donor 3- age: 46,LIGHT_Donor 3_E7,cytokine,1166,0,0,110,0,0,0,0,0,460,0,596,0,Donor11,Young,37.4665940143948,-8.5334059856052
4212,_LIGHT_Donor12_E7_CD8T,CD8T,CD8T,36,CD8T,parsebioscience,Donor 4,E7,LIGHT,False,Donor 4- age: 36,LIGHT_Donor 4_E7,cytokine,2282,0,0,510,0,0,0,0,0,589,0,1183,0,Donor12,Young,35.8254753703325,-0.17452462966750204
4217,_LIGHT_Donor1_E7_CD8T,CD8T,CD8T,75,CD8T,parsebioscience,Donor 1,E7,LIGHT,False,Donor 1- age: 75,LIGHT_Donor 1_E7,cytokine,1610,0,0,554,0,0,0,0,0,371,0,685,0,Donor1,Old,55.09020222600909,-19.90979777399091
4222,_LIGHT_Donor2_E7_CD8T,CD8T,CD8T,34,CD8T,parsebioscience,Donor 5,E7,LIGHT,False,Donor 5- age: 34,LIGHT_Donor 5_E7,cytokine,2149,0,0,364,0,0,0,0,0,1120,0,665,0,Donor2,Young,28.424421051026975,-5.575578948973025
4227,_LIGHT_Donor3_E7_CD8T,CD8T,CD8T,68,CD8T,parsebioscience,Donor 6,E7,LIGHT,False,Donor 6- age: 68,LIGHT_Donor 6_E7,cytokine,1481,0,0,284,0,0,0,0,0,633,0,564,0,Donor3,Old,42.67598900580791,-25.324010994192093
4232,_LIGHT_Donor4_E7_CD8T,CD8T,CD8T,59,CD8T,parsebioscience,Donor 7,E7,LIGHT,False,Donor 7- age: 59,LIGHT_Donor 7_E7,cytokine,265,0,0,21,0,0,0,0,0,96,0,148,0,Donor4,Old,50.42251376509907,-8.577486234900931
4237,_LIGHT_Donor5_E7_CD8T,CD8T,CD8T,41,CD8T,parsebioscience,Donor 8,E7,LIGHT,False,Donor 8- age: 41,LIGHT_Donor 8_E7,cytokine,2197,0,0,358,0,0,0,0,0,1420,0,419,0,Donor5,Young,22.889119235596176,-18.110880764403824
4242,_LIGHT_Donor6_E7_CD8T,CD8T,CD8T,38,CD8T,parsebioscience,Donor 9,E7,LIGHT,False,Donor 9- age: 38,LIGHT_Donor 9_E7,cytokine,1681,0,0,408,0,0,0,0,0,356,0,917,0,Donor6,Young,42.33128250378429,4.331282503784287
4247,_LIGHT_Donor7_E7_CD8T,CD8T,CD8T,45,CD8T,parsebioscience,Donor 10,E7,LIGHT,False,Donor 10- age: 45,LIGHT_Donor 10_E7,cytokine,1792,0,0,335,0,0,0,0,0,918,0,539,0,Donor7,Young,29.936579872295944,-15.063420127704056
4252,_LIGHT_Donor8_E7_CD8T,CD8T,CD8T,52,CD8T,parsebioscience,Donor 11,E7,LIGHT,False,Donor 11- age: 52,LIGHT_Donor 11_E7,cytokine,2782,0,0,580,0,0,0,0,0,503,0,1699,0,Donor8,Old,42.43487277880362,-9.565127221196377
4257,_LIGHT_Donor9_E7_CD8T,CD8T,CD8T,38,CD8T,parsebioscience,Donor 12,E7,LIGHT,False,Donor 12- age: 38,LIGHT_Donor 12_E7,cytokine,1560,0,0,177,0,0,0,0,0,379,0,1004,0,Donor9,Young,38.19917824842885,0.19917824842885068
4262,_LT-alpha1-beta2_Donor10_D12_CD8T,CD8T,CD8T,42,CD8T,parsebioscience,Donor 2,D12,LT-alpha1-beta2,False,Donor 2- age: 42,LT-alpha1-beta2_Donor 2_D12,cytokine,752,0,0,136,0,0,0,0,0,379,0,237,0,Donor10,Young,31.274883634555813,-10.725116365444187
4267,_LT-alpha1-beta2_Donor11_D12_CD8T,CD8T,CD8T,46,CD8T,parsebioscience,Donor 3,D12,LT-alpha1-beta2,False,Donor 3- age: 46,LT-alpha1-beta2_Donor 3_D12,cytokine,1140,0,0,112,0,0,0,0,0,435,0,593,0,Donor11,Young,35.60705836322914,-10.392941636770857
4272,_LT-alpha1-beta2_Donor12_D12_CD8T,CD8T,CD8T,36,CD8T,parsebioscience,Donor 4,D12,LT-alpha1-beta2,False,Donor 4- age: 36,LT-alpha1-beta2_Donor 4_D12,cytokine,1537,0,0,355,0,0,0,0,0,375,0,807,0,Donor12,Young,32.73896754580858,-3.2610324541914224
4277,_LT-alpha1-beta2_Donor1_D12_CD8T,CD8T,CD8T,75,CD8T,parsebioscience,Donor 1,D12,LT-alpha1-beta2,False,Donor 1- age: 75,LT-alpha1-beta2_Donor 1_D12,cytokine,717,0,0,242,0,0,0,0,0,162,0,313,0,Donor1,Old,59.73316104280159,-15.26683895719841
4282,_LT-alpha1-beta2_Donor2_D12_CD8T,CD8T,CD8T,34,CD8T,parsebioscience,Donor 5,D12,LT-alpha1-beta2,False,Donor 5- age: 34,LT-alpha1-beta2_Donor 5_D12,cytokine,3854,0,0,715,0,0,0,0,0,1642,0,1497,0,Donor2,Young,29.868770298090432,-4.131229701909568
4287,_LT-alpha1-beta2_Donor3_D12_CD8T,CD8T,CD8T,68,CD8T,parsebioscience,Donor 6,D12,LT-alpha1-beta2,False,Donor 6- age: 68,LT-alpha1-beta2_Donor 6_D12,cytokine,895,0,0,215,0,0,0,0,0,325,0,355,0,Donor3,Old,43.0162746601451,-24.9837253398549
4292,_LT-alpha1-beta2_Donor4_D12_CD8T,CD8T,CD8T,59,CD8T,parsebioscience,Donor 7,D12,LT-alpha1-beta2,False,Donor 7- age: 59,LT-alpha1-beta2_Donor 7_D12,cytokine,268,0,0,19,0,0,0,0,0,82,0,167,0,Donor4,Old,53.1073292877104,-5.8926707122896005
4297,_LT-alpha1-beta2_Donor5_D12_CD8T,CD8T,CD8T,41,CD8T,parsebioscience,Donor 8,D12,LT-alpha1-beta2,False,Donor 8- age: 41,LT-alpha1-beta2_Donor 8_D12,cytokine,1579,0,0,262,0,0,0,0,0,912,0,405,0,Donor5,Young,21.14302737938128,-19.85697262061872
4302,_LT-alpha1-beta2_Donor6_D12_CD8T,CD8T,CD8T,38,CD8T,parsebioscience,Donor 9,D12,LT-alpha1-beta2,False,Donor 9- age: 38,LT-alpha1-beta2_Donor 9_D12,cytokine,1333,0,0,329,0,0,0,0,0,257,0,747,0,Donor6,Young,45.560058711548194,7.560058711548194
4307,_LT-alpha1-beta2_Donor7_D12_CD8T,CD8T,CD8T,45,CD8T,parsebioscience,Donor 10,D12,LT-alpha1-beta2,False,Donor 10- age: 45,LT-alpha1-beta2_Donor 10_D12,cytokine,1736,0,0,350,0,0,0,0,0,773,0,613,0,Donor7,Young,34.17436621267737,-10.82563378732263
4312,_LT-alpha1-beta2_Donor8_D12_CD8T,CD8T,CD8T,52,CD8T,parsebioscience,Donor 11,D12,LT-alpha1-beta2,False,Donor 11- age: 52,LT-alpha1-beta2_Donor 11_D12,cytokine,877,0,0,200,0,0,0,0,0,129,0,548,0,Donor8,Old,42.977711972060305,-9.022288027939695
4317,_LT-alpha1-beta2_Donor9_D12_CD8T,CD8T,CD8T,38,CD8T,parsebioscience,Donor 12,D12,LT-alpha1-beta2,False,Donor 12- age: 38,LT-alpha1-beta2_Donor 12_D12,cytokine,1100,0,0,117,0,0,0,0,0,240,0,743,0,Donor9,Young,38.83737046716758,0.837370467167581
4322,_LT-alpha2-beta1_Donor10_D2_CD8T,CD8T,CD8T,42,CD8T,parsebioscience,Donor 2,D2,LT-alpha2-beta1,False,Donor 2- age: 42,LT-alpha2-beta1_Donor 2_D2,cytokine,760,0,0,128,0,0,0,0,0,418,0,214,0,Donor10,Young,31.914144468867654,-10.085855531132346
4327,_LT-alpha2-beta1_Donor11_D2_CD8T,CD8T,CD8T,46,CD8T,parsebioscience,Donor 3,D2,LT-alpha2-beta1,False,Donor 3- age: 46,LT-alpha2-beta1_Donor 3_D2,cytokine,1105,0,0,99,0,0,0,0,0,471,0,535,0,Donor11,Young,36.34652741914552,-9.653472580854483
4332,_LT-alpha2-beta1_Donor12_D2_CD8T,CD8T,CD8T,36,CD8T,parsebioscience,Donor 4,D2,LT-alpha2-beta1,False,Donor 4- age: 36,LT-alpha2-beta1_Donor 4_D2,cytokine,1550,0,0,352,0,0,0,0,0,378,0,820,0,Donor12,Young,33.674495168500286,-2.325504831499714
4337,_LT-alpha2-beta1_Donor1_D2_CD8T,CD8T,CD8T,75,CD8T,parsebioscience,Donor 1,D2,LT-alpha2-beta1,False,Donor 1- age: 75,LT-alpha2-beta1_Donor 1_D2,cytokine,1416,0,0,463,0,0,0,0,0,349,0,604,0,Donor1,Old,53.76508198185126,-21.23491801814874
4342,_LT-alpha2-beta1_Donor2_D2_CD8T,CD8T,CD8T,34,CD8T,parsebioscience,Donor 5,D2,LT-alpha2-beta1,False,Donor 5- age: 34,LT-alpha2-beta1_Donor 5_D2,cytokine,1094,0,0,197,0,0,0,0,0,533,0,364,0,Donor2,Young,26.25939357403837,-7.74060642596163
4347,_LT-alpha2-beta1_Donor3_D2_CD8T,CD8T,CD8T,68,CD8T,parsebioscience,Donor 6,D2,LT-alpha2-beta1,False,Donor 6- age: 68,LT-alpha2-beta1_Donor 6_D2,cytokine,545,0,0,100,0,0,0,0,0,239,0,206,0,Donor3,Old,48.54648617506886,-19.453513824931143
4352,_LT-alpha2-beta1_Donor4_D2_CD8T,CD8T,CD8T,59,CD8T,parsebioscience,Donor 7,D2,LT-alpha2-beta1,False,Donor 7- age: 59,LT-alpha2-beta1_Donor 7_D2,cytokine,269,0,0,28,0,0,0,0,0,66,0,175,0,Donor4,Old,41.799802064280414,-17.200197935719586
4357,_LT-alpha2-beta1_Donor5_D2_CD8T,CD8T,CD8T,41,CD8T,parsebioscience,Donor 8,D2,LT-alpha2-beta1,False,Donor 8- age: 41,LT-alpha2-beta1_Donor 8_D2,cytokine,1681,0,0,256,0,0,0,0,0,1056,0,369,0,Donor5,Young,22.63358096483298,-18.36641903516702
4362,_LT-alpha2-beta1_Donor6_D2_CD8T,CD8T,CD8T,38,CD8T,parsebioscience,Donor 9,D2,LT-alpha2-beta1,False,Donor 9- age: 38,LT-alpha2-beta1_Donor 9_D2,cytokine,2166,0,0,600,0,0,0,0,0,385,0,1181,0,Donor6,Young,41.00851803557116,3.008518035571157
4367,_LT-alpha2-beta1_Donor7_D2_CD8T,CD8T,CD8T,45,CD8T,parsebioscience,Donor 10,D2,LT-alpha2-beta1,False,Donor 10- age: 45,LT-alpha2-beta1_Donor 10_D2,cytokine,1904,0,0,393,0,0,0,0,0,901,0,610,0,Donor7,Young,29.963688755621707,-15.036311244378293
4372,_LT-alpha2-beta1_Donor8_D2_CD8T,CD8T,CD8T,52,CD8T,parsebioscience,Donor 11,D2,LT-alpha2-beta1,False,Donor 11- age: 52,LT-alpha2-beta1_Donor 11_D2,cytokine,1069,0,0,246,0,0,0,0,0,146,0,677,0,Donor8,Old,44.70319649177636,-7.29680350822364
4377,_LT-alpha2-beta1_Donor9_D2_CD8T,CD8T,CD8T,38,CD8T,parsebioscience,Donor 12,D2,LT-alpha2-beta1,False,Donor 12- age: 38,LT-alpha2-beta1_Donor 12_D2,cytokine,1168,0,0,124,0,0,0,0,0,261,0,783,0,Donor9,Young,39.69368413753752,1.6936841375375167
4382,_Leptin_Donor10_F5_CD8T,CD8T,CD8T,42,CD8T,parsebioscience,Donor 2,F5,Leptin,False,Donor 2- age: 42,Leptin_Donor 2_F5,cytokine,602,0,0,98,0,0,0,0,0,338,0,166,0,Donor10,Young,38.25321011805167,-3.746789881948331
4387,_Leptin_Donor11_F5_CD8T,CD8T,CD8T,46,CD8T,parsebioscience,Donor 3,F5,Leptin,False,Donor 3- age: 46,Leptin_Donor 3_F5,cytokine,1121,0,0,87,0,0,0,0,0,437,0,597,0,Donor11,Young,34.45366929265004,-11.54633070734996
4392,_Leptin_Donor12_F5_CD8T,CD8T,CD8T,36,CD8T,parsebioscience,Donor 4,F5,Leptin,False,Donor 4- age: 36,Leptin_Donor 4_F5,cytokine,1795,0,0,377,0,0,0,0,0,396,0,1022,0,Donor12,Young,41.64302944561706,5.64302944561706
4397,_Leptin_Donor1_F5_CD8T,CD8T,CD8T,75,CD8T,parsebioscience,Donor 1,F5,Leptin,False,Donor 1- age: 75,Leptin_Donor 1_F5,cytokine,861,0,0,252,0,0,0,0,0,194,0,415,0,Donor1,Old,55.495511254101274,-19.504488745898726
4402,_Leptin_Donor2_F5_CD8T,CD8T,CD8T,34,CD8T,parsebioscience,Donor 5,F5,Leptin,False,Donor 5- age: 34,Leptin_Donor 5_F5,cytokine,3213,0,0,600,0,0,0,0,0,1542,0,1071,0,Donor2,Young,28.371750598352925,-5.628249401647075
4407,_Leptin_Donor3_F5_CD8T,CD8T,CD8T,68,CD8T,parsebioscience,Donor 6,F5,Leptin,False,Donor 6- age: 68,Leptin_Donor 6_F5,cytokine,778,0,0,173,0,0,0,0,0,315,0,290,0,Donor3,Old,45.98926781566261,-22.010732184337392
4412,_Leptin_Donor4_F5_CD8T,CD8T,CD8T,59,CD8T,parsebioscience,Donor 7,F5,Leptin,False,Donor 7- age: 59,Leptin_Donor 7_F5,cytokine,325,0,0,31,0,0,0,0,0,101,0,193,0,Donor4,Old,53.54526715425246,-5.454732845747543
4417,_Leptin_Donor5_F5_CD8T,CD8T,CD8T,41,CD8T,parsebioscience,Donor 8,F5,Leptin,False,Donor 8- age: 41,Leptin_Donor 8_F5,cytokine,2637,0,0,450,0,0,0,0,0,1593,0,594,0,Donor5,Young,22.857489500622464,-18.142510499377536
4422,_Leptin_Donor6_F5_CD8T,CD8T,CD8T,38,CD8T,parsebioscience,Donor 9,F5,Leptin,False,Donor 9- age: 38,Leptin_Donor 9_F5,cytokine,1711,0,0,442,0,0,0,0,0,352,0,917,0,Donor6,Young,47.98222347412539,9.98222347412539
4427,_Leptin_Donor7_F5_CD8T,CD8T,CD8T,45,CD8T,parsebioscience,Donor 10,F5,Leptin,False,Donor 10- age: 45,Leptin_Donor 10_F5,cytokine,2111,0,0,453,0,0,0,0,0,1013,0,645,0,Donor7,Young,27.770572347733854,-17.229427652266146
4432,_Leptin_Donor8_F5_CD8T,CD8T,CD8T,52,CD8T,parsebioscience,Donor 11,F5,Leptin,False,Donor 11- age: 52,Leptin_Donor 11_F5,cytokine,1822,0,0,384,0,0,0,0,0,270,0,1168,0,Donor8,Old,45.97475787668003,-6.02524212331997
4437,_Leptin_Donor9_F5_CD8T,CD8T,CD8T,38,CD8T,parsebioscience,Donor 12,F5,Leptin,False,Donor 12- age: 38,Leptin_Donor 12_F5,cytokine,1079,0,0,124,0,0,0,0,0,218,0,737,0,Donor9,Young,39.91449450948447,1.91449450948447
4442,_M-CSF_Donor10_E1_CD8T,CD8T,CD8T,42,CD8T,parsebioscience,Donor 2,E1,M-CSF,False,Donor 2- age: 42,M-CSF_Donor 2_E1,cytokine,764,0,0,132,0,0,0,0,0,360,0,272,0,Donor10,Young,35.19730112857061,-6.802698871429392
4447,_M-CSF_Donor11_E1_CD8T,CD8T,CD8T,46,CD8T,parsebioscience,Donor 3,E1,M-CSF,False,Donor 3- age: 46,M-CSF_Donor 3_E1,cytokine,1110,0,0,87,0,0,0,0,0,371,0,652,0,Donor11,Young,35.132503017372144,-10.867496982627856
4452,_M-CSF_Donor12_E1_CD8T,CD8T,CD8T,36,CD8T,parsebioscience,Donor 4,E1,M-CSF,False,Donor 4- age: 36,M-CSF_Donor 4_E1,cytokine,1829,0,0,360,0,0,0,0,0,455,0,1014,0,Donor12,Young,38.847908128308205,2.8479081283082053
4457,_M-CSF_Donor1_E1_CD8T,CD8T,CD8T,75,CD8T,parsebioscience,Donor 1,E1,M-CSF,False,Donor 1- age: 75,M-CSF_Donor 1_E1,cytokine,741,0,0,186,0,0,0,0,0,179,0,376,0,Donor1,Old,54.52556526686711,-20.474434733132888
4462,_M-CSF_Donor2_E1_CD8T,CD8T,CD8T,34,CD8T,parsebioscience,Donor 5,E1,M-CSF,False,Donor 5- age: 34,M-CSF_Donor 5_E1,cytokine,1581,0,0,278,0,0,0,0,0,758,0,545,0,Donor2,Young,29.103332796381096,-4.896667203618904
4467,_M-CSF_Donor3_E1_CD8T,CD8T,CD8T,68,CD8T,parsebioscience,Donor 6,E1,M-CSF,False,Donor 6- age: 68,M-CSF_Donor 6_E1,cytokine,772,0,0,184,0,0,0,0,0,302,0,286,0,Donor3,Old,40.04086787227292,-27.95913212772708
4472,_M-CSF_Donor4_E1_CD8T,CD8T,CD8T,59,CD8T,parsebioscience,Donor 7,E1,M-CSF,False,Donor 7- age: 59,M-CSF_Donor 7_E1,cytokine,221,0,0,18,0,0,0,0,0,74,0,129,0,Donor4,Old,41.09701954755363,-17.90298045244637
4477,_M-CSF_Donor5_E1_CD8T,CD8T,CD8T,41,CD8T,parsebioscience,Donor 8,E1,M-CSF,False,Donor 8- age: 41,M-CSF_Donor 8_E1,cytokine,1352,0,0,251,0,0,0,0,0,791,0,310,0,Donor5,Young,21.46237928342309,-19.53762071657691
4482,_M-CSF_Donor6_E1_CD8T,CD8T,CD8T,38,CD8T,parsebioscience,Donor 9,E1,M-CSF,False,Donor 9- age: 38,M-CSF_Donor 9_E1,cytokine,1964,0,0,401,0,0,0,0,0,323,0,1240,0,Donor6,Young,45.82298562343929,7.822985623439287
4487,_M-CSF_Donor7_E1_CD8T,CD8T,CD8T,45,CD8T,parsebioscience,Donor 10,E1,M-CSF,False,Donor 10- age: 45,M-CSF_Donor 10_E1,cytokine,1899,0,0,419,0,0,0,0,0,842,0,638,0,Donor7,Young,30.763012361329608,-14.236987638670392
4492,_M-CSF_Donor8_E1_CD8T,CD8T,CD8T,52,CD8T,parsebioscience,Donor 11,E1,M-CSF,False,Donor 11- age: 52,M-CSF_Donor 11_E1,cytokine,1114,0,0,220,0,0,0,0,0,153,0,741,0,Donor8,Old,45.01870752980699,-6.9812924701930115
4497,_M-CSF_Donor9_E1_CD8T,CD8T,CD8T,38,CD8T,parsebioscience,Donor 12,E1,M-CSF,False,Donor 12- age: 38,M-CSF_Donor 12_E1,cytokine,1389,0,0,149,0,0,0,0,0,323,0,917,0,Donor9,Young,37.82845492659464,-0.17154507340536185
4502,_Noggin_Donor10_F7_CD8T,CD8T,CD8T,42,CD8T,parsebioscience,Donor 2,F7,Noggin,False,Donor 2- age: 42,Noggin_Donor 2_F7,cytokine,1173,0,0,158,0,0,0,0,0,671,0,344,0,Donor10,Young,35.65692944506011,-6.343070554939892
4507,_Noggin_Donor11_F7_CD8T,CD8T,CD8T,46,CD8T,parsebioscience,Donor 3,F7,Noggin,False,Donor 3- age: 46,Noggin_Donor 3_F7,cytokine,1426,0,0,135,0,0,0,0,0,562,0,729,0,Donor11,Young,36.36140370020648,-9.63859629979352
4512,_Noggin_Donor12_F7_CD8T,CD8T,CD8T,36,CD8T,parsebioscience,Donor 4,F7,Noggin,False,Donor 4- age: 36,Noggin_Donor 4_F7,cytokine,2221,0,0,536,0,0,0,0,0,555,0,1130,0,Donor12,Young,34.00044080795424,-1.9995591920457585
4517,_Noggin_Donor1_F7_CD8T,CD8T,CD8T,75,CD8T,parsebioscience,Donor 1,F7,Noggin,False,Donor 1- age: 75,Noggin_Donor 1_F7,cytokine,1402,0,0,536,0,0,0,0,0,297,0,569,0,Donor1,Old,56.90756133817468,-18.09243866182532
4522,_Noggin_Donor2_F7_CD8T,CD8T,CD8T,34,CD8T,parsebioscience,Donor 5,F7,Noggin,False,Donor 5- age: 34,Noggin_Donor 5_F7,cytokine,1957,0,0,364,0,0,0,0,0,983,0,610,0,Donor2,Young,27.015002410764353,-6.984997589235647
4527,_Noggin_Donor3_F7_CD8T,CD8T,CD8T,68,CD8T,parsebioscience,Donor 6,F7,Noggin,False,Donor 6- age: 68,Noggin_Donor 6_F7,cytokine,1042,0,0,216,0,0,0,0,0,420,0,406,0,Donor3,Old,43.63636790290825,-24.363632097091752
4532,_Noggin_Donor4_F7_CD8T,CD8T,CD8T,59,CD8T,parsebioscience,Donor 7,F7,Noggin,False,Donor 7- age: 59,Noggin_Donor 7_F7,cytokine,400,0,0,30,0,0,0,0,0,137,0,233,0,Donor4,Old,46.25038806511609,-12.749611934883909
4537,_Noggin_Donor5_F7_CD8T,CD8T,CD8T,41,CD8T,parsebioscience,Donor 8,F7,Noggin,False,Donor 8- age: 41,Noggin_Donor 8_F7,cytokine,3049,0,0,501,0,0,0,0,0,1919,0,629,0,Donor5,Young,20.760539950103038,-20.239460049896962
4542,_Noggin_Donor6_F7_CD8T,CD8T,CD8T,38,CD8T,parsebioscience,Donor 9,F7,Noggin,False,Donor 9- age: 38,Noggin_Donor 9_F7,cytokine,1486,0,0,399,0,0,0,0,0,317,0,770,0,Donor6,Young,42.23438960350344,4.234389603503438
4547,_Noggin_Donor7_F7_CD8T,CD8T,CD8T,45,CD8T,parsebioscience,Donor 10,F7,Noggin,False,Donor 10- age: 45,Noggin_Donor 10_F7,cytokine,1426,0,0,293,0,0,0,0,0,703,0,430,0,Donor7,Young,28.380896059766172,-16.619103940233828
4552,_Noggin_Donor8_F7_CD8T,CD8T,CD8T,52,CD8T,parsebioscience,Donor 11,F7,Noggin,False,Donor 11- age: 52,Noggin_Donor 11_F7,cytokine,2481,0,0,579,0,0,0,0,0,412,0,1490,0,Donor8,Old,43.02932945564488,-8.970670544355123
4557,_Noggin_Donor9_F7_CD8T,CD8T,CD8T,38,CD8T,parsebioscience,Donor 12,F7,Noggin,False,Donor 12- age: 38,Noggin_Donor 12_F7,cytokine,1486,0,0,151,0,0,0,0,0,326,0,1009,0,Donor9,Young,39.07063755674368,1.0706375567436766
4562,_OSM_Donor10_B6_CD8T,CD8T,CD8T,42,CD8T,parsebioscience,Donor 2,B6,OSM,False,Donor 2- age: 42,OSM_Donor 2_B6,cytokine,1318,0,0,202,0,0,0,0,0,746,0,370,0,Donor10,Young,34.45704397507243,-7.54295602492757
4567,_OSM_Donor11_B6_CD8T,CD8T,CD8T,46,CD8T,parsebioscience,Donor 3,B6,OSM,False,Donor 3- age: 46,OSM_Donor 3_B6,cytokine,1050,0,0,99,0,0,0,0,0,413,0,538,0,Donor11,Young,29.06855205620832,-16.93144794379168
4572,_OSM_Donor12_B6_CD8T,CD8T,CD8T,36,CD8T,parsebioscience,Donor 4,B6,OSM,False,Donor 4- age: 36,OSM_Donor 4_B6,cytokine,2907,0,0,601,0,0,0,0,0,729,0,1577,0,Donor12,Young,31.33583950245998,-4.664160497540021
4577,_OSM_Donor1_B6_CD8T,CD8T,CD8T,75,CD8T,parsebioscience,Donor 1,B6,OSM,False,Donor 1- age: 75,OSM_Donor 1_B6,cytokine,1423,0,0,424,0,0,0,0,0,357,0,642,0,Donor1,Old,54.91609722962774,-20.083902770372262
4582,_OSM_Donor2_B6_CD8T,CD8T,CD8T,34,CD8T,parsebioscience,Donor 5,B6,OSM,False,Donor 5- age: 34,OSM_Donor 5_B6,cytokine,1400,0,0,238,0,0,0,0,0,777,0,385,0,Donor2,Young,22.02279669097704,-11.977203309022961
4587,_OSM_Donor3_B6_CD8T,CD8T,CD8T,68,CD8T,parsebioscience,Donor 6,B6,OSM,False,Donor 6- age: 68,OSM_Donor 6_B6,cytokine,1041,0,0,216,0,0,0,0,0,423,0,402,0,Donor3,Old,42.86764920095376,-25.132350799046243
4592,_OSM_Donor4_B6_CD8T,CD8T,CD8T,59,CD8T,parsebioscience,Donor 7,B6,OSM,False,Donor 7- age: 59,OSM_Donor 7_B6,cytokine,438,0,0,41,0,0,0,0,0,126,0,271,0,Donor4,Old,51.24764919226138,-7.7523508077386225
4597,_OSM_Donor5_B6_CD8T,CD8T,CD8T,41,CD8T,parsebioscience,Donor 8,B6,OSM,False,Donor 8- age: 41,OSM_Donor 8_B6,cytokine,2284,0,0,451,0,0,0,0,0,1376,0,457,0,Donor5,Young,21.07925586167483,-19.92074413832517
4602,_OSM_Donor6_B6_CD8T,CD8T,CD8T,38,CD8T,parsebioscience,Donor 9,B6,OSM,False,Donor 9- age: 38,OSM_Donor 9_B6,cytokine,1442,0,0,360,0,0,0,0,0,303,0,779,0,Donor6,Young,44.11482412915454,6.114824129154542
4607,_OSM_Donor7_B6_CD8T,CD8T,CD8T,45,CD8T,parsebioscience,Donor 10,B6,OSM,False,Donor 10- age: 45,OSM_Donor 10_B6,cytokine,2134,0,0,426,0,0,0,0,0,1000,0,708,0,Donor7,Young,26.20829037208682,-18.79170962791318
4612,_OSM_Donor8_B6_CD8T,CD8T,CD8T,52,CD8T,parsebioscience,Donor 11,B6,OSM,False,Donor 11- age: 52,OSM_Donor 11_B6,cytokine,1644,0,0,351,0,0,0,0,0,270,0,1023,0,Donor8,Old,42.865020456778026,-9.134979543221974
4617,_OSM_Donor9_B6_CD8T,CD8T,CD8T,38,CD8T,parsebioscience,Donor 12,B6,OSM,False,Donor 12- age: 38,OSM_Donor 12_B6,cytokine,2666,0,0,310,0,0,0,0,0,452,0,1904,0,Donor9,Young,37.603814281541446,-0.396185718458554
4622,_OX40L_Donor10_D3_CD8T,CD8T,CD8T,42,CD8T,parsebioscience,Donor 2,D3,OX40L,False,Donor 2- age: 42,OX40L_Donor 2_D3,cytokine,988,0,0,141,0,0,0,0,0,558,0,289,0,Donor10,Young,32.87491634077128,-9.125083659228721
4627,_OX40L_Donor11_D3_CD8T,CD8T,CD8T,46,CD8T,parsebioscience,Donor 3,D3,OX40L,False,Donor 3- age: 46,OX40L_Donor 3_D3,cytokine,1150,0,0,92,0,0,0,0,0,500,0,558,0,Donor11,Young,33.41883899977768,-12.581161000222323
4632,_OX40L_Donor12_D3_CD8T,CD8T,CD8T,36,CD8T,parsebioscience,Donor 4,D3,OX40L,False,Donor 4- age: 36,OX40L_Donor 4_D3,cytokine,1708,0,0,363,0,0,0,0,0,464,0,881,0,Donor12,Young,32.55930262790102,-3.440697372098981
4637,_OX40L_Donor1_D3_CD8T,CD8T,CD8T,75,CD8T,parsebioscience,Donor 1,D3,OX40L,False,Donor 1- age: 75,OX40L_Donor 1_D3,cytokine,1488,0,0,471,0,0,0,0,0,360,0,657,0,Donor1,Old,55.752766943047654,-19.247233056952346
4642,_OX40L_Donor2_D3_CD8T,CD8T,CD8T,34,CD8T,parsebioscience,Donor 5,D3,OX40L,False,Donor 5- age: 34,OX40L_Donor 5_D3,cytokine,1902,0,0,359,0,0,0,0,0,941,0,602,0,Donor2,Young,26.717041568966565,-7.282958431033435
4647,_OX40L_Donor3_D3_CD8T,CD8T,CD8T,68,CD8T,parsebioscience,Donor 6,D3,OX40L,False,Donor 6- age: 68,OX40L_Donor 6_D3,cytokine,808,0,0,185,0,0,0,0,0,326,0,297,0,Donor3,Old,46.19137601643246,-21.808623983567543
4652,_OX40L_Donor4_D3_CD8T,CD8T,CD8T,59,CD8T,parsebioscience,Donor 7,D3,OX40L,False,Donor 7- age: 59,OX40L_Donor 7_D3,cytokine,297,0,0,34,0,0,0,0,0,97,0,166,0,Donor4,Old,43.97930523496286,-15.020694765037142
4657,_OX40L_Donor5_D3_CD8T,CD8T,CD8T,41,CD8T,parsebioscience,Donor 8,D3,OX40L,False,Donor 8- age: 41,OX40L_Donor 8_D3,cytokine,1654,0,0,295,0,0,0,0,0,1055,0,304,0,Donor5,Young,19.836055033168726,-21.163944966831274
4662,_OX40L_Donor6_D3_CD8T,CD8T,CD8T,38,CD8T,parsebioscience,Donor 9,D3,OX40L,False,Donor 9- age: 38,OX40L_Donor 9_D3,cytokine,2152,0,0,617,0,0,0,0,0,376,0,1159,0,Donor6,Young,40.60605573100532,2.60605573100532
4667,_OX40L_Donor7_D3_CD8T,CD8T,CD8T,45,CD8T,parsebioscience,Donor 10,D3,OX40L,False,Donor 10- age: 45,OX40L_Donor 10_D3,cytokine,1568,0,0,302,0,0,0,0,0,791,0,475,0,Donor7,Young,30.12777865238532,-14.87222134761468
4672,_OX40L_Donor8_D3_CD8T,CD8T,CD8T,52,CD8T,parsebioscience,Donor 11,D3,OX40L,False,Donor 11- age: 52,OX40L_Donor 11_D3,cytokine,1204,0,0,236,0,0,0,0,0,215,0,753,0,Donor8,Old,43.71006231931169,-8.289937680688311
4677,_OX40L_Donor9_D3_CD8T,CD8T,CD8T,38,CD8T,parsebioscience,Donor 12,D3,OX40L,False,Donor 12- age: 38,OX40L_Donor 12_D3,cytokine,1316,0,0,145,0,0,0,0,0,313,0,858,0,Donor9,Young,37.07004948371885,-0.9299505162811528
4682,_PBS_Donor10_H10_CD8T,CD8T,CD8T,42,CD8T,parsebioscience,Donor 2,H10,PBS,True,Donor 2- age: 42,PBS_Donor 2_H10,cytokine,808,0,0,144,0,0,0,0,0,404,0,260,0,Donor10,Young,38.63510093404746,-3.3648990659525424
4687,_PBS_Donor10_H11_CD8T,CD8T,CD8T,42,CD8T,parsebioscience,Donor 2,H11,PBS,True,Donor 2- age: 42,PBS_Donor 2_H11,cytokine,829,0,0,164,0,0,0,0,0,394,0,271,0,Donor10,Young,39.06946079328414,-2.9305392067158635
4692,_PBS_Donor10_H12_CD8T,CD8T,CD8T,42,CD8T,parsebioscience,Donor 2,H12,PBS,True,Donor 2- age: 42,PBS_Donor 2_H12,cytokine,768,0,0,143,0,0,0,0,0,379,0,246,0,Donor10,Young,37.65130194271514,-4.348698057284857
4697,_PBS_Donor10_H7_CD8T,CD8T,CD8T,42,CD8T,parsebioscience,Donor 2,H7,PBS,True,Donor 2- age: 42,PBS_Donor 2_H7,cytokine,917,0,0,169,0,0,0,0,0,489,0,259,0,Donor10,Young,34.07950176972656,-7.920498230273438
4702,_PBS_Donor10_H8_CD8T,CD8T,CD8T,42,CD8T,parsebioscience,Donor 2,H8,PBS,True,Donor 2- age: 42,PBS_Donor 2_H8,cytokine,966,0,0,143,0,0,0,0,0,544,0,279,0,Donor10,Young,32.52119592554661,-9.478804074453393
4707,_PBS_Donor10_H9_CD8T,CD8T,CD8T,42,CD8T,parsebioscience,Donor 2,H9,PBS,True,Donor 2- age: 42,PBS_Donor 2_H9,cytokine,847,0,0,116,0,0,0,0,0,490,0,241,0,Donor10,Young,34.28645423729033,-7.713545762709671
4712,_PBS_Donor11_H10_CD8T,CD8T,CD8T,46,CD8T,parsebioscience,Donor 3,H10,PBS,True,Donor 3- age: 46,PBS_Donor 3_H10,cytokine,1405,0,0,127,0,0,0,0,0,533,0,745,0,Donor11,Young,32.51700898614231,-13.482991013857692
4717,_PBS_Donor11_H11_CD8T,CD8T,CD8T,46,CD8T,parsebioscience,Donor 3,H11,PBS,True,Donor 3- age: 46,PBS_Donor 3_H11,cytokine,1552,0,0,130,0,0,0,0,0,568,0,854,0,Donor11,Young,36.708405495089366,-9.291594504910634
4722,_PBS_Donor11_H12_CD8T,CD8T,CD8T,46,CD8T,parsebioscience,Donor 3,H12,PBS,True,Donor 3- age: 46,PBS_Donor 3_H12,cytokine,1245,0,0,106,0,0,0,0,0,462,0,677,0,Donor11,Young,39.09888004626451,-6.901119953735488
4727,_PBS_Donor11_H7_CD8T,CD8T,CD8T,46,CD8T,parsebioscience,Donor 3,H7,PBS,True,Donor 3- age: 46,PBS_Donor 3_H7,cytokine,1282,0,0,117,0,0,0,0,0,502,0,663,0,Donor11,Young,34.47480474481528,-11.52519525518472
4732,_PBS_Donor11_H8_CD8T,CD8T,CD8T,46,CD8T,parsebioscience,Donor 3,H8,PBS,True,Donor 3- age: 46,PBS_Donor 3_H8,cytokine,1204,0,0,106,0,0,0,0,0,481,0,617,0,Donor11,Young,30.86727944988941,-15.13272055011059
4737,_PBS_Donor11_H9_CD8T,CD8T,CD8T,46,CD8T,parsebioscience,Donor 3,H9,PBS,True,Donor 3- age: 46,PBS_Donor 3_H9,cytokine,1419,0,0,127,0,0,0,0,0,607,0,685,0,Donor11,Young,31.227474405144246,-14.772525594855754
4742,_PBS_Donor12_H10_CD8T,CD8T,CD8T,36,CD8T,parsebioscience,Donor 4,H10,PBS,True,Donor 4- age: 36,PBS_Donor 4_H10,cytokine,2362,0,0,544,0,0,0,0,0,583,0,1235,0,Donor12,Young,31.207463433695374,-4.792536566304626
4747,_PBS_Donor12_H11_CD8T,CD8T,CD8T,36,CD8T,parsebioscience,Donor 4,H11,PBS,True,Donor 4- age: 36,PBS_Donor 4_H11,cytokine,1943,0,0,416,0,0,0,0,0,416,0,1111,0,Donor12,Young,40.71492998505703,4.714929985057033
4752,_PBS_Donor12_H12_CD8T,CD8T,CD8T,36,CD8T,parsebioscience,Donor 4,H12,PBS,True,Donor 4- age: 36,PBS_Donor 4_H12,cytokine,1351,0,0,278,0,0,0,0,0,339,0,734,0,Donor12,Young,36.5011813080506,0.5011813080505974
4757,_PBS_Donor12_H7_CD8T,CD8T,CD8T,36,CD8T,parsebioscience,Donor 4,H7,PBS,True,Donor 4- age: 36,PBS_Donor 4_H7,cytokine,2450,0,0,565,0,0,0,0,0,609,0,1276,0,Donor12,Young,37.38086943621076,1.3808694362107587
4762,_PBS_Donor12_H8_CD8T,CD8T,CD8T,36,CD8T,parsebioscience,Donor 4,H8,PBS,True,Donor 4- age: 36,PBS_Donor 4_H8,cytokine,2591,0,0,573,0,0,0,0,0,614,0,1404,0,Donor12,Young,31.21368690899173,-4.786313091008271
4767,_PBS_Donor12_H9_CD8T,CD8T,CD8T,36,CD8T,parsebioscience,Donor 4,H9,PBS,True,Donor 4- age: 36,PBS_Donor 4_H9,cytokine,2705,0,0,643,0,0,0,0,0,747,0,1315,0,Donor12,Young,33.345817650746795,-2.6541823492532046
4772,_PBS_Donor1_H10_CD8T,CD8T,CD8T,75,CD8T,parsebioscience,Donor 1,H10,PBS,True,Donor 1- age: 75,PBS_Donor 1_H10,cytokine,1073,0,0,370,0,0,0,0,0,197,0,506,0,Donor1,Old,53.236136019912905,-21.763863980087095
4777,_PBS_Donor1_H11_CD8T,CD8T,CD8T,75,CD8T,parsebioscience,Donor 1,H11,PBS,True,Donor 1- age: 75,PBS_Donor 1_H11,cytokine,1331,0,0,459,0,0,0,0,0,315,0,557,0,Donor1,Old,58.005349160366926,-16.994650839633074
4782,_PBS_Donor1_H12_CD8T,CD8T,CD8T,75,CD8T,parsebioscience,Donor 1,H12,PBS,True,Donor 1- age: 75,PBS_Donor 1_H12,cytokine,692,0,0,177,0,0,0,0,0,171,0,344,0,Donor1,Old,54.60624279563225,-20.393757204367752
4787,_PBS_Donor1_H7_CD8T,CD8T,CD8T,75,CD8T,parsebioscience,Donor 1,H7,PBS,True,Donor 1- age: 75,PBS_Donor 1_H7,cytokine,2314,0,0,694,0,0,0,0,0,557,0,1063,0,Donor1,Old,56.23954223935458,-18.760457760645423
4792,_PBS_Donor1_H8_CD8T,CD8T,CD8T,75,CD8T,parsebioscience,Donor 1,H8,PBS,True,Donor 1- age: 75,PBS_Donor 1_H8,cytokine,1858,0,0,608,0,0,0,0,0,435,0,815,0,Donor1,Old,50.154800948631106,-24.845199051368894
4797,_PBS_Donor1_H9_CD8T,CD8T,CD8T,75,CD8T,parsebioscience,Donor 1,H9,PBS,True,Donor 1- age: 75,PBS_Donor 1_H9,cytokine,1362,0,0,417,0,0,0,0,0,314,0,631,0,Donor1,Old,52.69352384162747,-22.306476158372533
4802,_PBS_Donor2_H10_CD8T,CD8T,CD8T,34,CD8T,parsebioscience,Donor 5,H10,PBS,True,Donor 5- age: 34,PBS_Donor 5_H10,cytokine,2244,0,0,421,0,0,0,0,0,979,0,844,0,Donor2,Young,28.748099294199818,-5.251900705800182
4807,_PBS_Donor2_H11_CD8T,CD8T,CD8T,34,CD8T,parsebioscience,Donor 5,H11,PBS,True,Donor 5- age: 34,PBS_Donor 5_H11,cytokine,1925,0,0,325,0,0,0,0,0,908,0,692,0,Donor2,Young,33.760571134882774,-0.23942886511722605
4812,_PBS_Donor2_H12_CD8T,CD8T,CD8T,34,CD8T,parsebioscience,Donor 5,H12,PBS,True,Donor 5- age: 34,PBS_Donor 5_H12,cytokine,1888,0,0,345,0,0,0,0,0,809,0,734,0,Donor2,Young,28.852315604117592,-5.147684395882408
4817,_PBS_Donor2_H7_CD8T,CD8T,CD8T,34,CD8T,parsebioscience,Donor 5,H7,PBS,True,Donor 5- age: 34,PBS_Donor 5_H7,cytokine,2495,0,0,455,0,0,0,0,0,1234,0,806,0,Donor2,Young,27.16417150703535,-6.835828492964652
4822,_PBS_Donor2_H8_CD8T,CD8T,CD8T,34,CD8T,parsebioscience,Donor 5,H8,PBS,True,Donor 5- age: 34,PBS_Donor 5_H8,cytokine,2132,0,0,390,0,0,0,0,0,1040,0,702,0,Donor2,Young,25.936545185362363,-8.063454814637637
4827,_PBS_Donor2_H9_CD8T,CD8T,CD8T,34,CD8T,parsebioscience,Donor 5,H9,PBS,True,Donor 5- age: 34,PBS_Donor 5_H9,cytokine,3177,0,0,602,0,0,0,0,0,1494,0,1081,0,Donor2,Young,26.58827521462929,-7.4117247853707084
4832,_PBS_Donor3_H10_CD8T,CD8T,CD8T,68,CD8T,parsebioscience,Donor 6,H10,PBS,True,Donor 6- age: 68,PBS_Donor 6_H10,cytokine,966,0,0,231,0,0,0,0,0,352,0,383,0,Donor3,Old,42.59805420601914,-25.401945793980858
4837,_PBS_Donor3_H11_CD8T,CD8T,CD8T,68,CD8T,parsebioscience,Donor 6,H11,PBS,True,Donor 6- age: 68,PBS_Donor 6_H11,cytokine,920,0,0,220,0,0,0,0,0,357,0,343,0,Donor3,Old,49.417551327225254,-18.582448672774746
4842,_PBS_Donor3_H12_CD8T,CD8T,CD8T,68,CD8T,parsebioscience,Donor 6,H12,PBS,True,Donor 6- age: 68,PBS_Donor 6_H12,cytokine,1196,0,0,300,0,0,0,0,0,436,0,460,0,Donor3,Old,47.87294383524831,-20.127056164751693
4847,_PBS_Donor3_H7_CD8T,CD8T,CD8T,68,CD8T,parsebioscience,Donor 6,H7,PBS,True,Donor 6- age: 68,PBS_Donor 6_H7,cytokine,1188,0,0,278,0,0,0,0,0,476,0,434,0,Donor3,Old,43.32215606908059,-24.67784393091941
4852,_PBS_Donor3_H8_CD8T,CD8T,CD8T,68,CD8T,parsebioscience,Donor 6,H8,PBS,True,Donor 6- age: 68,PBS_Donor 6_H8,cytokine,881,0,0,188,0,0,0,0,0,345,0,348,0,Donor3,Old,46.40875323035611,-21.591246769643888
4857,_PBS_Donor3_H9_CD8T,CD8T,CD8T,68,CD8T,parsebioscience,Donor 6,H9,PBS,True,Donor 6- age: 68,PBS_Donor 6_H9,cytokine,844,0,0,180,0,0,0,0,0,351,0,313,0,Donor3,Old,41.21312989911306,-26.786870100886937
4862,_PBS_Donor4_H10_CD8T,CD8T,CD8T,59,CD8T,parsebioscience,Donor 7,H10,PBS,True,Donor 7- age: 59,PBS_Donor 7_H10,cytokine,312,0,0,34,0,0,0,0,0,91,0,187,0,Donor4,Old,44.2770518343062,-14.7229481656938
4867,_PBS_Donor4_H11_CD8T,CD8T,CD8T,59,CD8T,parsebioscience,Donor 7,H11,PBS,True,Donor 7- age: 59,PBS_Donor 7_H11,cytokine,596,0,0,60,0,0,0,0,0,195,0,341,0,Donor4,Old,49.37959289563037,-9.620407104369633
4872,_PBS_Donor4_H12_CD8T,CD8T,CD8T,59,CD8T,parsebioscience,Donor 7,H12,PBS,True,Donor 7- age: 59,PBS_Donor 7_H12,cytokine,316,0,0,35,0,0,0,0,0,96,0,185,0,Donor4,Old,49.47892611747632,-9.52107388252368
4877,_PBS_Donor4_H7_CD8T,CD8T,CD8T,59,CD8T,parsebioscience,Donor 7,H7,PBS,True,Donor 7- age: 59,PBS_Donor 7_H7,cytokine,401,0,0,46,0,0,0,0,0,143,0,212,0,Donor4,Old,46.52972625481981,-12.470273745180187
4882,_PBS_Donor4_H8_CD8T,CD8T,CD8T,59,CD8T,parsebioscience,Donor 7,H8,PBS,True,Donor 7- age: 59,PBS_Donor 7_H8,cytokine,369,0,0,38,0,0,0,0,0,126,0,205,0,Donor4,Old,39.16635222569235,-19.83364777430765
4887,_PBS_Donor4_H9_CD8T,CD8T,CD8T,59,CD8T,parsebioscience,Donor 7,H9,PBS,True,Donor 7- age: 59,PBS_Donor 7_H9,cytokine,390,0,0,43,0,0,0,0,0,120,0,227,0,Donor4,Old,48.99447112080319,-10.00552887919681
4892,_PBS_Donor5_H10_CD8T,CD8T,CD8T,41,CD8T,parsebioscience,Donor 8,H10,PBS,True,Donor 8- age: 41,PBS_Donor 8_H10,cytokine,1513,0,0,307,0,0,0,0,0,845,0,361,0,Donor5,Young,19.67077256101971,-21.32922743898029
4897,_PBS_Donor5_H11_CD8T,CD8T,CD8T,41,CD8T,parsebioscience,Donor 8,H11,PBS,True,Donor 8- age: 41,PBS_Donor 8_H11,cytokine,1604,0,0,265,0,0,0,0,0,998,0,341,0,Donor5,Young,23.654218938824208,-17.345781061175792
4902,_PBS_Donor5_H12_CD8T,CD8T,CD8T,41,CD8T,parsebioscience,Donor 8,H12,PBS,True,Donor 8- age: 41,PBS_Donor 8_H12,cytokine,1148,0,0,213,0,0,0,0,0,694,0,241,0,Donor5,Young,20.358603714056464,-20.641396285943536
4907,_PBS_Donor5_H7_CD8T,CD8T,CD8T,41,CD8T,parsebioscience,Donor 8,H7,PBS,True,Donor 8- age: 41,PBS_Donor 8_H7,cytokine,3037,0,0,548,0,0,0,0,0,1879,0,610,0,Donor5,Young,22.04103178114414,-18.95896821885586
4912,_PBS_Donor5_H8_CD8T,CD8T,CD8T,41,CD8T,parsebioscience,Donor 8,H8,PBS,True,Donor 8- age: 41,PBS_Donor 8_H8,cytokine,2480,0,0,477,0,0,0,0,0,1512,0,491,0,Donor5,Young,21.802517151602032,-19.197482848397968
4917,_PBS_Donor5_H9_CD8T,CD8T,CD8T,41,CD8T,parsebioscience,Donor 8,H9,PBS,True,Donor 8- age: 41,PBS_Donor 8_H9,cytokine,2035,0,0,342,0,0,0,0,0,1277,0,416,0,Donor5,Young,20.484130448046336,-20.515869551953664
4922,_PBS_Donor6_H10_CD8T,CD8T,CD8T,38,CD8T,parsebioscience,Donor 9,H10,PBS,True,Donor 9- age: 38,PBS_Donor 9_H10,cytokine,2486,0,0,667,0,0,0,0,0,434,0,1385,0,Donor6,Young,39.040498624051665,1.040498624051665
4927,_PBS_Donor6_H11_CD8T,CD8T,CD8T,38,CD8T,parsebioscience,Donor 9,H11,PBS,True,Donor 9- age: 38,PBS_Donor 9_H11,cytokine,1243,0,0,309,0,0,0,0,0,262,0,672,0,Donor6,Young,43.17951067578189,5.179510675781891
4932,_PBS_Donor6_H12_CD8T,CD8T,CD8T,38,CD8T,parsebioscience,Donor 9,H12,PBS,True,Donor 9- age: 38,PBS_Donor 9_H12,cytokine,1829,0,0,494,0,0,0,0,0,354,0,981,0,Donor6,Young,42.14056106829611,4.140561068296108
4937,_PBS_Donor6_H7_CD8T,CD8T,CD8T,38,CD8T,parsebioscience,Donor 9,H7,PBS,True,Donor 9- age: 38,PBS_Donor 9_H7,cytokine,2082,0,0,591,0,0,0,0,0,399,0,1092,0,Donor6,Young,44.378699878034055,6.378699878034055
4942,_PBS_Donor6_H8_CD8T,CD8T,CD8T,38,CD8T,parsebioscience,Donor 9,H8,PBS,True,Donor 9- age: 38,PBS_Donor 9_H8,cytokine,1496,0,0,394,0,0,0,0,0,288,0,814,0,Donor6,Young,37.710259781638314,-0.2897402183616862
4947,_PBS_Donor6_H9_CD8T,CD8T,CD8T,38,CD8T,parsebioscience,Donor 9,H9,PBS,True,Donor 9- age: 38,PBS_Donor 9_H9,cytokine,1805,0,0,519,0,0,0,0,0,337,0,949,0,Donor6,Young,40.85080166641528,2.850801666415279
4952,_PBS_Donor7_H10_CD8T,CD8T,CD8T,45,CD8T,parsebioscience,Donor 10,H10,PBS,True,Donor 10- age: 45,PBS_Donor 10_H10,cytokine,1693,0,0,370,0,0,0,0,0,780,0,543,0,Donor7,Young,27.32753821177569,-17.67246178822431
4957,_PBS_Donor7_H11_CD8T,CD8T,CD8T,45,CD8T,parsebioscience,Donor 10,H11,PBS,True,Donor 10- age: 45,PBS_Donor 10_H11,cytokine,1441,0,0,326,0,0,0,0,0,683,0,432,0,Donor7,Young,33.52170439296555,-11.478295607034447
4962,_PBS_Donor7_H12_CD8T,CD8T,CD8T,45,CD8T,parsebioscience,Donor 10,H12,PBS,True,Donor 10- age: 45,PBS_Donor 10_H12,cytokine,1753,0,0,391,0,0,0,0,0,776,0,586,0,Donor7,Young,33.435332675899986,-11.564667324100014
4967,_PBS_Donor7_H7_CD8T,CD8T,CD8T,45,CD8T,parsebioscience,Donor 10,H7,PBS,True,Donor 10- age: 45,PBS_Donor 10_H7,cytokine,1717,0,0,343,0,0,0,0,0,867,0,507,0,Donor7,Young,28.635662889361196,-16.364337110638804
4972,_PBS_Donor7_H8_CD8T,CD8T,CD8T,45,CD8T,parsebioscience,Donor 10,H8,PBS,True,Donor 10- age: 45,PBS_Donor 10_H8,cytokine,1782,0,0,348,0,0,0,0,0,848,0,586,0,Donor7,Young,29.773240440062544,-15.226759559937456
4977,_PBS_Donor7_H9_CD8T,CD8T,CD8T,45,CD8T,parsebioscience,Donor 10,H9,PBS,True,Donor 10- age: 45,PBS_Donor 10_H9,cytokine,1873,0,0,434,0,0,0,0,0,869,0,570,0,Donor7,Young,27.617795576769524,-17.382204423230476
4982,_PBS_Donor8_H10_CD8T,CD8T,CD8T,52,CD8T,parsebioscience,Donor 11,H10,PBS,True,Donor 11- age: 52,PBS_Donor 11_H10,cytokine,1213,0,0,248,0,0,0,0,0,160,0,805,0,Donor8,Old,42.562228389868416,-9.437771610131584
4987,_PBS_Donor8_H11_CD8T,CD8T,CD8T,52,CD8T,parsebioscience,Donor 11,H11,PBS,True,Donor 11- age: 52,PBS_Donor 11_H11,cytokine,1299,0,0,266,0,0,0,0,0,196,0,837,0,Donor8,Old,45.252158413075854,-6.747841586924146
4992,_PBS_Donor8_H12_CD8T,CD8T,CD8T,52,CD8T,parsebioscience,Donor 11,H12,PBS,True,Donor 11- age: 52,PBS_Donor 11_H12,cytokine,1070,0,0,242,0,0,0,0,0,166,0,662,0,Donor8,Old,44.105308410336306,-7.894691589663694
4997,_PBS_Donor8_H7_CD8T,CD8T,CD8T,52,CD8T,parsebioscience,Donor 11,H7,PBS,True,Donor 11- age: 52,PBS_Donor 11_H7,cytokine,1721,0,0,364,0,0,0,0,0,292,0,1065,0,Donor8,Old,43.5703459858797,-8.429654014120302
5002,_PBS_Donor8_H8_CD8T,CD8T,CD8T,52,CD8T,parsebioscience,Donor 11,H8,PBS,True,Donor 11- age: 52,PBS_Donor 11_H8,cytokine,1987,0,0,346,0,0,0,0,0,330,0,1311,0,Donor8,Old,40.68727018565487,-11.312729814345133
5007,_PBS_Donor8_H9_CD8T,CD8T,CD8T,52,CD8T,parsebioscience,Donor 11,H9,PBS,True,Donor 11- age: 52,PBS_Donor 11_H9,cytokine,1747,0,0,402,0,0,0,0,0,284,0,1061,0,Donor8,Old,41.282411050839066,-10.717588949160934
5012,_PBS_Donor9_H10_CD8T,CD8T,CD8T,38,CD8T,parsebioscience,Donor 12,H10,PBS,True,Donor 12- age: 38,PBS_Donor 12_H10,cytokine,1267,0,0,136,0,0,0,0,0,262,0,869,0,Donor9,Young,37.32728212969569,-0.6727178703043108
5017,_PBS_Donor9_H11_CD8T,CD8T,CD8T,38,CD8T,parsebioscience,Donor 12,H11,PBS,True,Donor 12- age: 38,PBS_Donor 12_H11,cytokine,1209,0,0,120,0,0,0,0,0,284,0,805,0,Donor9,Young,40.23508041439548,2.235080414395483
5022,_PBS_Donor9_H12_CD8T,CD8T,CD8T,38,CD8T,parsebioscience,Donor 12,H12,PBS,True,Donor 12- age: 38,PBS_Donor 12_H12,cytokine,963,0,0,108,0,0,0,0,0,194,0,661,0,Donor9,Young,39.66540553008724,1.6654055300872415
5027,_PBS_Donor9_H7_CD8T,CD8T,CD8T,38,CD8T,parsebioscience,Donor 12,H7,PBS,True,Donor 12- age: 38,PBS_Donor 12_H7,cytokine,1249,0,0,140,0,0,0,0,0,288,0,821,0,Donor9,Young,39.16728066064438,1.16728066064438
5032,_PBS_Donor9_H8_CD8T,CD8T,CD8T,38,CD8T,parsebioscience,Donor 12,H8,PBS,True,Donor 12- age: 38,PBS_Donor 12_H8,cytokine,1516,0,0,165,0,0,0,0,0,357,0,994,0,Donor9,Young,36.94980949090647,-1.0501905090935324
5037,_PBS_Donor9_H9_CD8T,CD8T,CD8T,38,CD8T,parsebioscience,Donor 12,H9,PBS,True,Donor 12- age: 38,PBS_Donor 12_H9,cytokine,1236,0,0,130,0,0,0,0,0,303,0,803,0,Donor9,Young,35.48800217361912,-2.5119978263808775
5042,_PRL_Donor10_F4_CD8T,CD8T,CD8T,42,CD8T,parsebioscience,Donor 2,F4,PRL,False,Donor 2- age: 42,PRL_Donor 2_F4,cytokine,674,0,0,94,0,0,0,0,0,364,0,216,0,Donor10,Young,36.030140281132205,-5.969859718867795
5047,_PRL_Donor11_F4_CD8T,CD8T,CD8T,46,CD8T,parsebioscience,Donor 3,F4,PRL,False,Donor 3- age: 46,PRL_Donor 3_F4,cytokine,1108,0,0,103,0,0,0,0,0,402,0,603,0,Donor11,Young,33.4629205095305,-12.537079490469502
5052,_PRL_Donor12_F4_CD8T,CD8T,CD8T,36,CD8T,parsebioscience,Donor 4,F4,PRL,False,Donor 4- age: 36,PRL_Donor 4_F4,cytokine,1804,0,0,397,0,0,0,0,0,431,0,976,0,Donor12,Young,34.74146955007819,-1.2585304499218068
5057,_PRL_Donor1_F4_CD8T,CD8T,CD8T,75,CD8T,parsebioscience,Donor 1,F4,PRL,False,Donor 1- age: 75,PRL_Donor 1_F4,cytokine,789,0,0,280,0,0,0,0,0,167,0,342,0,Donor1,Old,56.52466023704224,-18.47533976295776
5062,_PRL_Donor2_F4_CD8T,CD8T,CD8T,34,CD8T,parsebioscience,Donor 5,F4,PRL,False,Donor 5- age: 34,PRL_Donor 5_F4,cytokine,1718,0,0,343,0,0,0,0,0,821,0,554,0,Donor2,Young,26.615702452650105,-7.384297547349895
5067,_PRL_Donor3_F4_CD8T,CD8T,CD8T,68,CD8T,parsebioscience,Donor 6,F4,PRL,False,Donor 6- age: 68,PRL_Donor 6_F4,cytokine,574,0,0,135,0,0,0,0,0,238,0,201,0,Donor3,Old,48.608628473118586,-19.391371526881414
5072,_PRL_Donor4_F4_CD8T,CD8T,CD8T,59,CD8T,parsebioscience,Donor 7,F4,PRL,False,Donor 7- age: 59,PRL_Donor 7_F4,cytokine,317,0,0,34,0,0,0,0,0,97,0,186,0,Donor4,Old,51.60888988007323,-7.391110119926772
5077,_PRL_Donor5_F4_CD8T,CD8T,CD8T,41,CD8T,parsebioscience,Donor 8,F4,PRL,False,Donor 8- age: 41,PRL_Donor 8_F4,cytokine,2130,0,0,398,0,0,0,0,0,1271,0,461,0,Donor5,Young,21.853136444070877,-19.146863555929123
5082,_PRL_Donor6_F4_CD8T,CD8T,CD8T,38,CD8T,parsebioscience,Donor 9,F4,PRL,False,Donor 9- age: 38,PRL_Donor 9_F4,cytokine,1722,0,0,453,0,0,0,0,0,340,0,929,0,Donor6,Young,42.85821578212886,4.858215782128859
5087,_PRL_Donor7_F4_CD8T,CD8T,CD8T,45,CD8T,parsebioscience,Donor 10,F4,PRL,False,Donor 10- age: 45,PRL_Donor 10_F4,cytokine,1643,0,0,348,0,0,0,0,0,761,0,534,0,Donor7,Young,30.330671935607064,-14.669328064392936
5092,_PRL_Donor8_F4_CD8T,CD8T,CD8T,52,CD8T,parsebioscience,Donor 11,F4,PRL,False,Donor 11- age: 52,PRL_Donor 11_F4,cytokine,1630,0,0,327,0,0,0,0,0,261,0,1042,0,Donor8,Old,43.30357553602204,-8.696424463977962
5097,_PRL_Donor9_F4_CD8T,CD8T,CD8T,38,CD8T,parsebioscience,Donor 12,F4,PRL,False,Donor 12- age: 38,PRL_Donor 12_F4,cytokine,1941,0,0,222,0,0,0,0,0,432,0,1287,0,Donor9,Young,35.77968529005693,-2.220314709943068
5102,_PSPN_Donor10_F3_CD8T,CD8T,CD8T,42,CD8T,parsebioscience,Donor 2,F3,PSPN,False,Donor 2- age: 42,PSPN_Donor 2_F3,cytokine,680,0,0,117,0,0,0,0,0,375,0,188,0,Donor10,Young,33.72550395470827,-8.274496045291727
5107,_PSPN_Donor11_F3_CD8T,CD8T,CD8T,46,CD8T,parsebioscience,Donor 3,F3,PSPN,False,Donor 3- age: 46,PSPN_Donor 3_F3,cytokine,1311,0,0,109,0,0,0,0,0,545,0,657,0,Donor11,Young,31.036294858262107,-14.963705141737893
5112,_PSPN_Donor12_F3_CD8T,CD8T,CD8T,36,CD8T,parsebioscience,Donor 4,F3,PSPN,False,Donor 4- age: 36,PSPN_Donor 4_F3,cytokine,1401,0,0,323,0,0,0,0,0,299,0,779,0,Donor12,Young,37.95160720037809,1.951607200378092
5117,_PSPN_Donor1_F3_CD8T,CD8T,CD8T,75,CD8T,parsebioscience,Donor 1,F3,PSPN,False,Donor 1- age: 75,PSPN_Donor 1_F3,cytokine,704,0,0,219,0,0,0,0,0,148,0,337,0,Donor1,Old,56.076866050948894,-18.923133949051106
5122,_PSPN_Donor2_F3_CD8T,CD8T,CD8T,34,CD8T,parsebioscience,Donor 5,F3,PSPN,False,Donor 5- age: 34,PSPN_Donor 5_F3,cytokine,2509,0,0,478,0,0,0,0,0,1164,0,867,0,Donor2,Young,25.168220565936885,-8.831779434063115
5127,_PSPN_Donor3_F3_CD8T,CD8T,CD8T,68,CD8T,parsebioscience,Donor 6,F3,PSPN,False,Donor 6- age: 68,PSPN_Donor 6_F3,cytokine,773,0,0,159,0,0,0,0,0,303,0,311,0,Donor3,Old,44.9203803305798,-23.079619669420197
5132,_PSPN_Donor4_F3_CD8T,CD8T,CD8T,59,CD8T,parsebioscience,Donor 7,F3,PSPN,False,Donor 7- age: 59,PSPN_Donor 7_F3,cytokine,265,0,0,28,0,0,0,0,0,86,0,151,0,Donor4,Old,38.431366294339014,-20.568633705660986
5137,_PSPN_Donor5_F3_CD8T,CD8T,CD8T,41,CD8T,parsebioscience,Donor 8,F3,PSPN,False,Donor 8- age: 41,PSPN_Donor 8_F3,cytokine,2099,0,0,370,0,0,0,0,0,1304,0,425,0,Donor5,Young,18.57376062528204,-22.42623937471796
5142,_PSPN_Donor6_F3_CD8T,CD8T,CD8T,38,CD8T,parsebioscience,Donor 9,F3,PSPN,False,Donor 9- age: 38,PSPN_Donor 9_F3,cytokine,2199,0,0,580,0,0,0,0,0,476,0,1143,0,Donor6,Young,42.982346500814614,4.982346500814614
5147,_PSPN_Donor7_F3_CD8T,CD8T,CD8T,45,CD8T,parsebioscience,Donor 10,F3,PSPN,False,Donor 10- age: 45,PSPN_Donor 10_F3,cytokine,1736,0,0,364,0,0,0,0,0,816,0,556,0,Donor7,Young,27.519118977677046,-17.480881022322954
5152,_PSPN_Donor8_F3_CD8T,CD8T,CD8T,52,CD8T,parsebioscience,Donor 11,F3,PSPN,False,Donor 11- age: 52,PSPN_Donor 11_F3,cytokine,1817,0,0,413,0,0,0,0,0,314,0,1090,0,Donor8,Old,41.88142938956515,-10.118570610434851
5157,_PSPN_Donor9_F3_CD8T,CD8T,CD8T,38,CD8T,parsebioscience,Donor 12,F3,PSPN,False,Donor 12- age: 38,PSPN_Donor 12_F3,cytokine,1491,0,0,179,0,0,0,0,0,323,0,989,0,Donor9,Young,39.53009818931541,1.5300981893154102
5162,_RANKL_Donor10_D9_CD8T,CD8T,CD8T,42,CD8T,parsebioscience,Donor 2,D9,RANKL,False,Donor 2- age: 42,RANKL_Donor 2_D9,cytokine,758,0,0,119,0,0,0,0,0,399,0,240,0,Donor10,Young,38.69790616224692,-3.302093837753077
5167,_RANKL_Donor11_D9_CD8T,CD8T,CD8T,46,CD8T,parsebioscience,Donor 3,D9,RANKL,False,Donor 3- age: 46,RANKL_Donor 3_D9,cytokine,1077,0,0,64,0,0,0,0,0,443,0,570,0,Donor11,Young,41.766436674333434,-4.233563325666566
5172,_RANKL_Donor12_D9_CD8T,CD8T,CD8T,36,CD8T,parsebioscience,Donor 4,D9,RANKL,False,Donor 4- age: 36,RANKL_Donor 4_D9,cytokine,2149,0,0,479,0,0,0,0,0,616,0,1054,0,Donor12,Young,38.74164235323176,2.741642353231761
5177,_RANKL_Donor1_D9_CD8T,CD8T,CD8T,75,CD8T,parsebioscience,Donor 1,D9,RANKL,False,Donor 1- age: 75,RANKL_Donor 1_D9,cytokine,1425,0,0,479,0,0,0,0,0,345,0,601,0,Donor1,Old,58.32490966566102,-16.675090334338982
5182,_RANKL_Donor2_D9_CD8T,CD8T,CD8T,34,CD8T,parsebioscience,Donor 5,D9,RANKL,False,Donor 5- age: 34,RANKL_Donor 5_D9,cytokine,1919,0,0,329,0,0,0,0,0,938,0,652,0,Donor2,Young,29.589436464492845,-4.410563535507155
5187,_RANKL_Donor3_D9_CD8T,CD8T,CD8T,68,CD8T,parsebioscience,Donor 6,D9,RANKL,False,Donor 6- age: 68,RANKL_Donor 6_D9,cytokine,772,0,0,155,0,0,0,0,0,318,0,299,0,Donor3,Old,42.895617291627715,-25.104382708372285
5192,_RANKL_Donor4_D9_CD8T,CD8T,CD8T,59,CD8T,parsebioscience,Donor 7,D9,RANKL,False,Donor 7- age: 59,RANKL_Donor 7_D9,cytokine,366,0,0,38,0,0,0,0,0,138,0,190,0,Donor4,Old,47.845275543183604,-11.154724456816396
5197,_RANKL_Donor5_D9_CD8T,CD8T,CD8T,41,CD8T,parsebioscience,Donor 8,D9,RANKL,False,Donor 8- age: 41,RANKL_Donor 8_D9,cytokine,2624,0,0,484,0,0,0,0,0,1593,0,547,0,Donor5,Young,23.62230159224746,-17.37769840775254
5202,_RANKL_Donor6_D9_CD8T,CD8T,CD8T,38,CD8T,parsebioscience,Donor 9,D9,RANKL,False,Donor 9- age: 38,RANKL_Donor 9_D9,cytokine,2086,0,0,555,0,0,0,0,0,435,0,1096,0,Donor6,Young,44.25556351688067,6.25556351688067
5207,_RANKL_Donor7_D9_CD8T,CD8T,CD8T,45,CD8T,parsebioscience,Donor 10,D9,RANKL,False,Donor 10- age: 45,RANKL_Donor 10_D9,cytokine,1771,0,0,343,0,0,0,0,0,855,0,573,0,Donor7,Young,28.00018557970177,-16.99981442029823
5212,_RANKL_Donor8_D9_CD8T,CD8T,CD8T,52,CD8T,parsebioscience,Donor 11,D9,RANKL,False,Donor 11- age: 52,RANKL_Donor 11_D9,cytokine,1374,0,0,292,0,0,0,0,0,222,0,860,0,Donor8,Old,46.831696342117375,-5.168303657882625
5217,_RANKL_Donor9_D9_CD8T,CD8T,CD8T,38,CD8T,parsebioscience,Donor 12,D9,RANKL,False,Donor 12- age: 38,RANKL_Donor 12_D9,cytokine,1761,0,0,210,0,0,0,0,0,385,0,1166,0,Donor9,Young,39.4935274803243,1.4935274803243033
5222,_SCF_Donor10_H6_CD8T,CD8T,CD8T,42,CD8T,parsebioscience,Donor 2,H6,SCF,False,Donor 2- age: 42,SCF_Donor 2_H6,cytokine,1241,0,0,210,0,0,0,0,0,679,0,352,0,Donor10,Young,34.641053318810485,-7.358946681189515
5227,_SCF_Donor11_H6_CD8T,CD8T,CD8T,46,CD8T,parsebioscience,Donor 3,H6,SCF,False,Donor 3- age: 46,SCF_Donor 3_H6,cytokine,1363,0,0,130,0,0,0,0,0,536,0,697,0,Donor11,Young,33.81600040057417,-12.183999599425832
5232,_SCF_Donor12_H6_CD8T,CD8T,CD8T,36,CD8T,parsebioscience,Donor 4,H6,SCF,False,Donor 4- age: 36,SCF_Donor 4_H6,cytokine,2557,0,0,606,0,0,0,0,0,646,0,1305,0,Donor12,Young,35.43558435170881,-0.5644156482911882
5237,_SCF_Donor1_H6_CD8T,CD8T,CD8T,75,CD8T,parsebioscience,Donor 1,H6,SCF,False,Donor 1- age: 75,SCF_Donor 1_H6,cytokine,1592,0,0,572,0,0,0,0,0,349,0,671,0,Donor1,Old,55.101722999719804,-19.898277000280196
5242,_SCF_Donor2_H6_CD8T,CD8T,CD8T,34,CD8T,parsebioscience,Donor 5,H6,SCF,False,Donor 5- age: 34,SCF_Donor 5_H6,cytokine,2924,0,0,556,0,0,0,0,0,1444,0,924,0,Donor2,Young,27.469986453118118,-6.530013546881882
5247,_SCF_Donor3_H6_CD8T,CD8T,CD8T,68,CD8T,parsebioscience,Donor 6,H6,SCF,False,Donor 6- age: 68,SCF_Donor 6_H6,cytokine,988,0,0,213,0,0,0,0,0,367,0,408,0,Donor3,Old,43.429997569894745,-24.570002430105255
5252,_SCF_Donor4_H6_CD8T,CD8T,CD8T,59,CD8T,parsebioscience,Donor 7,H6,SCF,False,Donor 7- age: 59,SCF_Donor 7_H6,cytokine,331,0,0,40,0,0,0,0,0,63,0,228,0,Donor4,Old,55.5637010330667,-3.4362989669333004
5257,_SCF_Donor5_H6_CD8T,CD8T,CD8T,41,CD8T,parsebioscience,Donor 8,H6,SCF,False,Donor 8- age: 41,SCF_Donor 8_H6,cytokine,2939,0,0,505,0,0,0,0,0,1831,0,603,0,Donor5,Young,19.447921529687115,-21.552078470312885
5262,_SCF_Donor6_H6_CD8T,CD8T,CD8T,38,CD8T,parsebioscience,Donor 9,H6,SCF,False,Donor 9- age: 38,SCF_Donor 9_H6,cytokine,1994,0,0,516,0,0,0,0,0,427,0,1051,0,Donor6,Young,44.23850217858018,6.238502178580177
5267,_SCF_Donor7_H6_CD8T,CD8T,CD8T,45,CD8T,parsebioscience,Donor 10,H6,SCF,False,Donor 10- age: 45,SCF_Donor 10_H6,cytokine,1883,0,0,389,0,0,0,0,0,929,0,565,0,Donor7,Young,27.35992099385546,-17.64007900614454
5272,_SCF_Donor8_H6_CD8T,CD8T,CD8T,52,CD8T,parsebioscience,Donor 11,H6,SCF,False,Donor 11- age: 52,SCF_Donor 11_H6,cytokine,2075,0,0,430,0,0,0,0,0,316,0,1329,0,Donor8,Old,43.01028448415499,-8.989715515845013
5277,_SCF_Donor9_H6_CD8T,CD8T,CD8T,38,CD8T,parsebioscience,Donor 12,H6,SCF,False,Donor 12- age: 38,SCF_Donor 12_H6,cytokine,1177,0,0,140,0,0,0,0,0,272,0,765,0,Donor9,Young,41.65801455546959,3.6580145554695918
5282,_TGF-beta1_Donor10_H2_CD8T,CD8T,CD8T,42,CD8T,parsebioscience,Donor 2,H2,TGF-beta1,False,Donor 2- age: 42,TGF-beta1_Donor 2_H2,cytokine,763,0,0,148,0,0,0,0,0,404,0,211,0,Donor10,Young,35.70499622437815,-6.295003775621851
5287,_TGF-beta1_Donor11_H2_CD8T,CD8T,CD8T,46,CD8T,parsebioscience,Donor 3,H2,TGF-beta1,False,Donor 3- age: 46,TGF-beta1_Donor 3_H2,cytokine,969,0,0,80,0,0,0,0,0,369,0,520,0,Donor11,Young,33.52695099493187,-12.473049005068127
5292,_TGF-beta1_Donor12_H2_CD8T,CD8T,CD8T,36,CD8T,parsebioscience,Donor 4,H2,TGF-beta1,False,Donor 4- age: 36,TGF-beta1_Donor 4_H2,cytokine,1584,0,0,393,0,0,0,0,0,370,0,821,0,Donor12,Young,33.07966173818046,-2.9203382618195377
5297,_TGF-beta1_Donor1_H2_CD8T,CD8T,CD8T,75,CD8T,parsebioscience,Donor 1,H2,TGF-beta1,False,Donor 1- age: 75,TGF-beta1_Donor 1_H2,cytokine,1213,0,0,379,0,0,0,0,0,291,0,543,0,Donor1,Old,58.12264531605701,-16.87735468394299
5302,_TGF-beta1_Donor2_H2_CD8T,CD8T,CD8T,34,CD8T,parsebioscience,Donor 5,H2,TGF-beta1,False,Donor 5- age: 34,TGF-beta1_Donor 5_H2,cytokine,1486,0,0,266,0,0,0,0,0,717,0,503,0,Donor2,Young,30.019057604346397,-3.980942395653603
5307,_TGF-beta1_Donor3_H2_CD8T,CD8T,CD8T,68,CD8T,parsebioscience,Donor 6,H2,TGF-beta1,False,Donor 6- age: 68,TGF-beta1_Donor 6_H2,cytokine,656,0,0,140,0,0,0,0,0,278,0,238,0,Donor3,Old,41.654070850060805,-26.345929149939195
5312,_TGF-beta1_Donor4_H2_CD8T,CD8T,CD8T,59,CD8T,parsebioscience,Donor 7,H2,TGF-beta1,False,Donor 7- age: 59,TGF-beta1_Donor 7_H2,cytokine,285,0,0,29,0,0,0,0,0,88,0,168,0,Donor4,Old,51.779616948855114,-7.220383051144886
5317,_TGF-beta1_Donor5_H2_CD8T,CD8T,CD8T,41,CD8T,parsebioscience,Donor 8,H2,TGF-beta1,False,Donor 8- age: 41,TGF-beta1_Donor 8_H2,cytokine,3052,0,0,589,0,0,0,0,0,1883,0,580,0,Donor5,Young,20.244013698296264,-20.755986301703736
5322,_TGF-beta1_Donor6_H2_CD8T,CD8T,CD8T,38,CD8T,parsebioscience,Donor 9,H2,TGF-beta1,False,Donor 9- age: 38,TGF-beta1_Donor 9_H2,cytokine,2149,0,0,588,0,0,0,0,0,403,0,1158,0,Donor6,Young,42.64639780593148,4.646397805931478
5327,_TGF-beta1_Donor7_H2_CD8T,CD8T,CD8T,45,CD8T,parsebioscience,Donor 10,H2,TGF-beta1,False,Donor 10- age: 45,TGF-beta1_Donor 10_H2,cytokine,1510,0,0,319,0,0,0,0,0,671,0,520,0,Donor7,Young,34.17104633783045,-10.828953662169553
5332,_TGF-beta1_Donor8_H2_CD8T,CD8T,CD8T,52,CD8T,parsebioscience,Donor 11,H2,TGF-beta1,False,Donor 11- age: 52,TGF-beta1_Donor 11_H2,cytokine,1652,0,0,347,0,0,0,0,0,267,0,1038,0,Donor8,Old,43.16102334780568,-8.838976652194319
5337,_TGF-beta1_Donor9_H2_CD8T,CD8T,CD8T,38,CD8T,parsebioscience,Donor 12,H2,TGF-beta1,False,Donor 12- age: 38,TGF-beta1_Donor 12_H2,cytokine,1912,0,0,227,0,0,0,0,0,407,0,1278,0,Donor9,Young,40.545098364607654,2.5450983646076537
5342,_TL1A_Donor10_E2_CD8T,CD8T,CD8T,42,CD8T,parsebioscience,Donor 2,E2,TL1A,False,Donor 2- age: 42,TL1A_Donor 2_E2,cytokine,1050,0,0,137,0,0,0,0,0,595,0,318,0,Donor10,Young,40.27884451366113,-1.7211554863388727
5347,_TL1A_Donor11_E2_CD8T,CD8T,CD8T,46,CD8T,parsebioscience,Donor 3,E2,TL1A,False,Donor 3- age: 46,TL1A_Donor 3_E2,cytokine,1045,0,0,82,0,0,0,0,0,441,0,522,0,Donor11,Young,35.602850750266605,-10.397149249733395
5352,_TL1A_Donor12_E2_CD8T,CD8T,CD8T,36,CD8T,parsebioscience,Donor 4,E2,TL1A,False,Donor 4- age: 36,TL1A_Donor 4_E2,cytokine,1541,0,0,346,0,0,0,0,0,400,0,795,0,Donor12,Young,39.99827747149459,3.998277471494589
5357,_TL1A_Donor1_E2_CD8T,CD8T,CD8T,75,CD8T,parsebioscience,Donor 1,E2,TL1A,False,Donor 1- age: 75,TL1A_Donor 1_E2,cytokine,777,0,0,211,0,0,0,0,0,192,0,374,0,Donor1,Old,60.85475423700053,-14.145245762999473
5362,_TL1A_Donor2_E2_CD8T,CD8T,CD8T,34,CD8T,parsebioscience,Donor 5,E2,TL1A,False,Donor 5- age: 34,TL1A_Donor 5_E2,cytokine,2442,0,0,372,0,0,0,0,0,1283,0,787,0,Donor2,Young,29.701554570526497,-4.298445429473503
5367,_TL1A_Donor3_E2_CD8T,CD8T,CD8T,68,CD8T,parsebioscience,Donor 6,E2,TL1A,False,Donor 6- age: 68,TL1A_Donor 6_E2,cytokine,737,0,0,139,0,0,0,0,0,314,0,284,0,Donor3,Old,47.6844486075296,-20.315551392470397
5372,_TL1A_Donor4_E2_CD8T,CD8T,CD8T,59,CD8T,parsebioscience,Donor 7,E2,TL1A,False,Donor 7- age: 59,TL1A_Donor 7_E2,cytokine,289,0,0,20,0,0,0,0,0,91,0,178,0,Donor4,Old,47.12478066105315,-11.875219338946849
5377,_TL1A_Donor5_E2_CD8T,CD8T,CD8T,41,CD8T,parsebioscience,Donor 8,E2,TL1A,False,Donor 8- age: 41,TL1A_Donor 8_E2,cytokine,1508,0,0,276,0,0,0,0,0,897,0,335,0,Donor5,Young,22.46806314290165,-18.53193685709835
5382,_TL1A_Donor6_E2_CD8T,CD8T,CD8T,38,CD8T,parsebioscience,Donor 9,E2,TL1A,False,Donor 9- age: 38,TL1A_Donor 9_E2,cytokine,1544,0,0,379,0,0,0,0,0,305,0,860,0,Donor6,Young,46.08799829870151,8.087998298701507
5387,_TL1A_Donor7_E2_CD8T,CD8T,CD8T,45,CD8T,parsebioscience,Donor 10,E2,TL1A,False,Donor 10- age: 45,TL1A_Donor 10_E2,cytokine,1610,0,0,270,0,0,0,0,0,806,0,534,0,Donor7,Young,34.40647555469292,-10.593524445307082
5392,_TL1A_Donor8_E2_CD8T,CD8T,CD8T,52,CD8T,parsebioscience,Donor 11,E2,TL1A,False,Donor 11- age: 52,TL1A_Donor 11_E2,cytokine,1294,0,0,281,0,0,0,0,0,222,0,791,0,Donor8,Old,43.29077211432883,-8.709227885671169
5397,_TL1A_Donor9_E2_CD8T,CD8T,CD8T,38,CD8T,parsebioscience,Donor 12,E2,TL1A,False,Donor 12- age: 38,TL1A_Donor 12_E2,cytokine,1214,0,0,131,0,0,0,0,0,271,0,812,0,Donor9,Young,37.59746821984481,-0.40253178015519353
5402,_TNF-alpha_Donor10_G4_CD8T,CD8T,CD8T,42,CD8T,parsebioscience,Donor 2,G4,TNF-alpha,False,Donor 2- age: 42,TNF-alpha_Donor 2_G4,cytokine,928,0,0,172,0,0,0,0,0,510,0,246,0,Donor10,Young,32.292843699194925,-9.707156300805075
5407,_TNF-alpha_Donor11_G4_CD8T,CD8T,CD8T,46,CD8T,parsebioscience,Donor 3,G4,TNF-alpha,False,Donor 3- age: 46,TNF-alpha_Donor 3_G4,cytokine,1223,0,0,129,0,0,0,0,0,477,0,617,0,Donor11,Young,32.71285874810326,-13.287141251896742
5412,_TNF-alpha_Donor12_G4_CD8T,CD8T,CD8T,36,CD8T,parsebioscience,Donor 4,G4,TNF-alpha,False,Donor 4- age: 36,TNF-alpha_Donor 4_G4,cytokine,1879,0,0,408,0,0,0,0,0,458,0,1013,0,Donor12,Young,36.64680994296188,0.6468099429618803
5417,_TNF-alpha_Donor1_G4_CD8T,CD8T,CD8T,75,CD8T,parsebioscience,Donor 1,G4,TNF-alpha,False,Donor 1- age: 75,TNF-alpha_Donor 1_G4,cytokine,2615,0,0,1020,0,0,0,0,0,562,0,1033,0,Donor1,Old,54.420488311388915,-20.579511688611085
5422,_TNF-alpha_Donor2_G4_CD8T,CD8T,CD8T,34,CD8T,parsebioscience,Donor 5,G4,TNF-alpha,False,Donor 5- age: 34,TNF-alpha_Donor 5_G4,cytokine,2022,0,0,345,0,0,0,0,0,975,0,702,0,Donor2,Young,27.51256733380697,-6.48743266619303
5427,_TNF-alpha_Donor3_G4_CD8T,CD8T,CD8T,68,CD8T,parsebioscience,Donor 6,G4,TNF-alpha,False,Donor 6- age: 68,TNF-alpha_Donor 6_G4,cytokine,509,0,0,115,0,0,0,0,0,205,0,189,0,Donor3,Old,47.84134482268611,-20.15865517731389
5432,_TNF-alpha_Donor4_G4_CD8T,CD8T,CD8T,59,CD8T,parsebioscience,Donor 7,G4,TNF-alpha,False,Donor 7- age: 59,TNF-alpha_Donor 7_G4,cytokine,226,0,0,19,0,0,0,0,0,65,0,142,0,Donor4,Old,48.05671107045353,-10.943288929546469
5437,_TNF-alpha_Donor5_G4_CD8T,CD8T,CD8T,41,CD8T,parsebioscience,Donor 8,G4,TNF-alpha,False,Donor 8- age: 41,TNF-alpha_Donor 8_G4,cytokine,2267,0,0,447,0,0,0,0,0,1347,0,473,0,Donor5,Young,18.946491897498163,-22.053508102501837
5442,_TNF-alpha_Donor6_G4_CD8T,CD8T,CD8T,38,CD8T,parsebioscience,Donor 9,G4,TNF-alpha,False,Donor 9- age: 38,TNF-alpha_Donor 9_G4,cytokine,1819,0,0,513,0,0,0,0,0,346,0,960,0,Donor6,Young,45.67523655198468,7.675236551984682
5447,_TNF-alpha_Donor7_G4_CD8T,CD8T,CD8T,45,CD8T,parsebioscience,Donor 10,G4,TNF-alpha,False,Donor 10- age: 45,TNF-alpha_Donor 10_G4,cytokine,1865,0,0,374,0,0,0,0,0,915,0,576,0,Donor7,Young,27.437536753739344,-17.562463246260656
5452,_TNF-alpha_Donor8_G4_CD8T,CD8T,CD8T,52,CD8T,parsebioscience,Donor 11,G4,TNF-alpha,False,Donor 11- age: 52,TNF-alpha_Donor 11_G4,cytokine,1362,0,0,291,0,0,0,0,0,213,0,858,0,Donor8,Old,43.67323612829597,-8.326763871704031
5457,_TNF-alpha_Donor9_G4_CD8T,CD8T,CD8T,38,CD8T,parsebioscience,Donor 12,G4,TNF-alpha,False,Donor 12- age: 38,TNF-alpha_Donor 12_G4,cytokine,1867,0,0,212,0,0,0,0,0,401,0,1254,0,Donor9,Young,37.01262614408512,-0.9873738559148819
5462,_TPO_Donor10_G1_CD8T,CD8T,CD8T,42,CD8T,parsebioscience,Donor 2,G1,TPO,False,Donor 2- age: 42,TPO_Donor 2_G1,cytokine,940,0,0,168,0,0,0,0,0,463,0,309,0,Donor10,Young,35.71508873660138,-6.2849112633986195
5467,_TPO_Donor11_G1_CD8T,CD8T,CD8T,46,CD8T,parsebioscience,Donor 3,G1,TPO,False,Donor 3- age: 46,TPO_Donor 3_G1,cytokine,1637,0,0,147,0,0,0,0,0,589,0,901,0,Donor11,Young,34.21869098957225,-11.781309010427748
5472,_TPO_Donor12_G1_CD8T,CD8T,CD8T,36,CD8T,parsebioscience,Donor 4,G1,TPO,False,Donor 4- age: 36,TPO_Donor 4_G1,cytokine,1819,0,0,433,0,0,0,0,0,474,0,912,0,Donor12,Young,34.578923432598614,-1.4210765674013857
5477,_TPO_Donor1_G1_CD8T,CD8T,CD8T,75,CD8T,parsebioscience,Donor 1,G1,TPO,False,Donor 1- age: 75,TPO_Donor 1_G1,cytokine,1318,0,0,363,0,0,0,0,0,297,0,658,0,Donor1,Old,54.92187295542787,-20.078127044572128
5482,_TPO_Donor2_G1_CD8T,CD8T,CD8T,34,CD8T,parsebioscience,Donor 5,G1,TPO,False,Donor 5- age: 34,TPO_Donor 5_G1,cytokine,1066,0,0,201,0,0,0,0,0,470,0,395,0,Donor2,Young,28.20590105816828,-5.79409894183172
5487,_TPO_Donor3_G1_CD8T,CD8T,CD8T,68,CD8T,parsebioscience,Donor 6,G1,TPO,False,Donor 6- age: 68,TPO_Donor 6_G1,cytokine,746,0,0,160,0,0,0,0,0,301,0,285,0,Donor3,Old,39.89790208069344,-28.10209791930656
5492,_TPO_Donor4_G1_CD8T,CD8T,CD8T,59,CD8T,parsebioscience,Donor 7,G1,TPO,False,Donor 7- age: 59,TPO_Donor 7_G1,cytokine,223,0,0,24,0,0,0,0,0,64,0,135,0,Donor4,Old,46.60831028455251,-12.391689715447491
5497,_TPO_Donor5_G1_CD8T,CD8T,CD8T,41,CD8T,parsebioscience,Donor 8,G1,TPO,False,Donor 8- age: 41,TPO_Donor 8_G1,cytokine,2821,0,0,573,0,0,0,0,0,1696,0,552,0,Donor5,Young,17.72397198970271,-23.27602801029729
5502,_TPO_Donor6_G1_CD8T,CD8T,CD8T,38,CD8T,parsebioscience,Donor 9,G1,TPO,False,Donor 9- age: 38,TPO_Donor 9_G1,cytokine,1399,0,0,398,0,0,0,0,0,227,0,774,0,Donor6,Young,41.76345081983965,3.7634508198396475
5507,_TPO_Donor7_G1_CD8T,CD8T,CD8T,45,CD8T,parsebioscience,Donor 10,G1,TPO,False,Donor 10- age: 45,TPO_Donor 10_G1,cytokine,1924,0,0,404,0,0,0,0,0,880,0,640,0,Donor7,Young,30.833080262861767,-14.166919737138233
5512,_TPO_Donor8_G1_CD8T,CD8T,CD8T,52,CD8T,parsebioscience,Donor 11,G1,TPO,False,Donor 11- age: 52,TPO_Donor 11_G1,cytokine,968,0,0,219,0,0,0,0,0,147,0,602,0,Donor8,Old,43.195649167352315,-8.804350832647685
5517,_TPO_Donor9_G1_CD8T,CD8T,CD8T,38,CD8T,parsebioscience,Donor 12,G1,TPO,False,Donor 12- age: 38,TPO_Donor 12_G1,cytokine,2030,0,0,238,0,0,0,0,0,424,0,1368,0,Donor9,Young,40.78323281367696,2.7832328136769604
5522,_TRAIL_Donor10_D8_CD8T,CD8T,CD8T,42,CD8T,parsebioscience,Donor 2,D8,TRAIL,False,Donor 2- age: 42,TRAIL_Donor 2_D8,cytokine,789,0,0,133,0,0,0,0,0,430,0,226,0,Donor10,Young,37.452539580408015,-4.547460419591985
5527,_TRAIL_Donor11_D8_CD8T,CD8T,CD8T,46,CD8T,parsebioscience,Donor 3,D8,TRAIL,False,Donor 3- age: 46,TRAIL_Donor 3_D8,cytokine,1246,0,0,119,0,0,0,0,0,516,0,611,0,Donor11,Young,34.78262380122133,-11.217376198778673
5532,_TRAIL_Donor12_D8_CD8T,CD8T,CD8T,36,CD8T,parsebioscience,Donor 4,D8,TRAIL,False,Donor 4- age: 36,TRAIL_Donor 4_D8,cytokine,2001,0,0,468,0,0,0,0,0,538,0,995,0,Donor12,Young,37.12275219369451,1.1227521936945095
5537,_TRAIL_Donor1_D8_CD8T,CD8T,CD8T,75,CD8T,parsebioscience,Donor 1,D8,TRAIL,False,Donor 1- age: 75,TRAIL_Donor 1_D8,cytokine,2312,0,0,769,0,0,0,0,0,576,0,967,0,Donor1,Old,55.76294514341966,-19.237054856580343
5542,_TRAIL_Donor2_D8_CD8T,CD8T,CD8T,34,CD8T,parsebioscience,Donor 5,D8,TRAIL,False,Donor 5- age: 34,TRAIL_Donor 5_D8,cytokine,1667,0,0,294,0,0,0,0,0,837,0,536,0,Donor2,Young,31.660199446089802,-2.339800553910198
5547,_TRAIL_Donor3_D8_CD8T,CD8T,CD8T,68,CD8T,parsebioscience,Donor 6,D8,TRAIL,False,Donor 6- age: 68,TRAIL_Donor 6_D8,cytokine,910,0,0,184,0,0,0,0,0,366,0,360,0,Donor3,Old,43.699211167737126,-24.300788832262874
5552,_TRAIL_Donor4_D8_CD8T,CD8T,CD8T,59,CD8T,parsebioscience,Donor 7,D8,TRAIL,False,Donor 7- age: 59,TRAIL_Donor 7_D8,cytokine,281,0,0,27,0,0,0,0,0,89,0,165,0,Donor4,Old,47.57073399049345,-11.429266009506549
5557,_TRAIL_Donor5_D8_CD8T,CD8T,CD8T,41,CD8T,parsebioscience,Donor 8,D8,TRAIL,False,Donor 8- age: 41,TRAIL_Donor 8_D8,cytokine,2761,0,0,486,0,0,0,0,0,1780,0,495,0,Donor5,Young,19.848602858079097,-21.151397141920903
5562,_TRAIL_Donor6_D8_CD8T,CD8T,CD8T,38,CD8T,parsebioscience,Donor 9,D8,TRAIL,False,Donor 9- age: 38,TRAIL_Donor 9_D8,cytokine,1768,0,0,441,0,0,0,0,0,335,0,992,0,Donor6,Young,43.77753888389667,5.777538883896668
5567,_TRAIL_Donor7_D8_CD8T,CD8T,CD8T,45,CD8T,parsebioscience,Donor 10,D8,TRAIL,False,Donor 10- age: 45,TRAIL_Donor 10_D8,cytokine,1911,0,0,392,0,0,0,0,0,936,0,583,0,Donor7,Young,27.04104132890935,-17.95895867109065
5572,_TRAIL_Donor8_D8_CD8T,CD8T,CD8T,52,CD8T,parsebioscience,Donor 11,D8,TRAIL,False,Donor 11- age: 52,TRAIL_Donor 11_D8,cytokine,1245,0,0,244,0,0,0,0,0,210,0,791,0,Donor8,Old,45.28022323121536,-6.719776768784641
5577,_TRAIL_Donor9_D8_CD8T,CD8T,CD8T,38,CD8T,parsebioscience,Donor 12,D8,TRAIL,False,Donor 12- age: 38,TRAIL_Donor 12_D8,cytokine,1366,0,0,161,0,0,0,0,0,281,0,924,0,Donor9,Young,37.48697512997292,-0.5130248700270812
5582,_TSLP_Donor10_A9_CD8T,CD8T,CD8T,42,CD8T,parsebioscience,Donor 2,A9,TSLP,False,Donor 2- age: 42,TSLP_Donor 2_A9,cytokine,1083,0,0,160,0,0,0,0,0,616,0,307,0,Donor10,Young,41.43364336809395,-0.5663566319060465
5587,_TSLP_Donor11_A9_CD8T,CD8T,CD8T,46,CD8T,parsebioscience,Donor 3,A9,TSLP,False,Donor 3- age: 46,TSLP_Donor 3_A9,cytokine,1078,0,0,110,0,0,0,0,0,430,0,538,0,Donor11,Young,31.00203300244587,-14.99796699755413
5592,_TSLP_Donor12_A9_CD8T,CD8T,CD8T,36,CD8T,parsebioscience,Donor 4,A9,TSLP,False,Donor 4- age: 36,TSLP_Donor 4_A9,cytokine,3000,0,0,653,0,0,0,0,0,728,0,1619,0,Donor12,Young,35.350753816829375,-0.6492461831706251
5597,_TSLP_Donor1_A9_CD8T,CD8T,CD8T,75,CD8T,parsebioscience,Donor 1,A9,TSLP,False,Donor 1- age: 75,TSLP_Donor 1_A9,cytokine,744,0,0,186,0,0,0,0,0,187,0,371,0,Donor1,Old,53.63131282628476,-21.368687173715237
5602,_TSLP_Donor2_A9_CD8T,CD8T,CD8T,34,CD8T,parsebioscience,Donor 5,A9,TSLP,False,Donor 5- age: 34,TSLP_Donor 5_A9,cytokine,2222,0,0,362,0,0,0,0,0,1064,0,796,0,Donor2,Young,25.16164183115273,-8.838358168847272
5607,_TSLP_Donor3_A9_CD8T,CD8T,CD8T,68,CD8T,parsebioscience,Donor 6,A9,TSLP,False,Donor 6- age: 68,TSLP_Donor 6_A9,cytokine,1104,0,0,249,0,0,0,0,0,304,0,551,0,Donor3,Old,47.04592819132386,-20.95407180867614
5612,_TSLP_Donor4_A9_CD8T,CD8T,CD8T,59,CD8T,parsebioscience,Donor 7,A9,TSLP,False,Donor 7- age: 59,TSLP_Donor 7_A9,cytokine,331,0,0,27,0,0,0,0,0,72,0,232,0,Donor4,Old,42.73565725081718,-16.264342749182823
5617,_TSLP_Donor5_A9_CD8T,CD8T,CD8T,41,CD8T,parsebioscience,Donor 8,A9,TSLP,False,Donor 8- age: 41,TSLP_Donor 8_A9,cytokine,3691,0,0,577,0,0,0,0,0,2397,0,717,0,Donor5,Young,23.30509797683012,-17.69490202316988
5622,_TSLP_Donor6_A9_CD8T,CD8T,CD8T,38,CD8T,parsebioscience,Donor 9,A9,TSLP,False,Donor 9- age: 38,TSLP_Donor 9_A9,cytokine,2591,0,0,658,0,0,0,0,0,539,0,1394,0,Donor6,Young,44.00804209079908,6.00804209079908
5627,_TSLP_Donor7_A9_CD8T,CD8T,CD8T,45,CD8T,parsebioscience,Donor 10,A9,TSLP,False,Donor 10- age: 45,TSLP_Donor 10_A9,cytokine,1732,0,0,323,0,0,0,0,0,877,0,532,0,Donor7,Young,30.477374398590925,-14.522625601409075
5632,_TSLP_Donor8_A9_CD8T,CD8T,CD8T,52,CD8T,parsebioscience,Donor 11,A9,TSLP,False,Donor 11- age: 52,TSLP_Donor 11_A9,cytokine,1691,0,0,367,0,0,0,0,0,297,0,1027,0,Donor8,Old,42.930603445754116,-9.069396554245884
5637,_TSLP_Donor9_A9_CD8T,CD8T,CD8T,38,CD8T,parsebioscience,Donor 12,A9,TSLP,False,Donor 12- age: 38,TSLP_Donor 12_A9,cytokine,3981,0,0,460,0,0,0,0,0,833,0,2688,0,Donor9,Young,38.94264174016096,0.9426417401609584
5642,_TWEAK_Donor10_D10_CD8T,CD8T,CD8T,42,CD8T,parsebioscience,Donor 2,D10,TWEAK,False,Donor 2- age: 42,TWEAK_Donor 2_D10,cytokine,740,0,0,119,0,0,0,0,0,398,0,223,0,Donor10,Young,35.40265122446553,-6.597348775534471
5647,_TWEAK_Donor11_D10_CD8T,CD8T,CD8T,46,CD8T,parsebioscience,Donor 3,D10,TWEAK,False,Donor 3- age: 46,TWEAK_Donor 3_D10,cytokine,1114,0,0,101,0,0,0,0,0,466,0,547,0,Donor11,Young,34.59793369755837,-11.402066302441632
5652,_TWEAK_Donor12_D10_CD8T,CD8T,CD8T,36,CD8T,parsebioscience,Donor 4,D10,TWEAK,False,Donor 4- age: 36,TWEAK_Donor 4_D10,cytokine,1851,0,0,369,0,0,0,0,0,486,0,996,0,Donor12,Young,37.0426974168022,1.0426974168021985
5657,_TWEAK_Donor1_D10_CD8T,CD8T,CD8T,75,CD8T,parsebioscience,Donor 1,D10,TWEAK,False,Donor 1- age: 75,TWEAK_Donor 1_D10,cytokine,1337,0,0,445,0,0,0,0,0,307,0,585,0,Donor1,Old,57.56117965368631,-17.43882034631369
5662,_TWEAK_Donor2_D10_CD8T,CD8T,CD8T,34,CD8T,parsebioscience,Donor 5,D10,TWEAK,False,Donor 5- age: 34,TWEAK_Donor 5_D10,cytokine,2285,0,0,389,0,0,0,0,0,1057,0,839,0,Donor2,Young,28.04396333326288,-5.95603666673712
5667,_TWEAK_Donor3_D10_CD8T,CD8T,CD8T,68,CD8T,parsebioscience,Donor 6,D10,TWEAK,False,Donor 6- age: 68,TWEAK_Donor 6_D10,cytokine,1180,0,0,262,0,0,0,0,0,480,0,438,0,Donor3,Old,47.47859939763305,-20.521400602366953
5672,_TWEAK_Donor4_D10_CD8T,CD8T,CD8T,59,CD8T,parsebioscience,Donor 7,D10,TWEAK,False,Donor 7- age: 59,TWEAK_Donor 7_D10,cytokine,225,0,0,21,0,0,0,0,0,66,0,138,0,Donor4,Old,40.82858269388893,-18.171417306111067
5677,_TWEAK_Donor5_D10_CD8T,CD8T,CD8T,41,CD8T,parsebioscience,Donor 8,D10,TWEAK,False,Donor 8- age: 41,TWEAK_Donor 8_D10,cytokine,1438,0,0,269,0,0,0,0,0,847,0,322,0,Donor5,Young,15.317524481098957,-25.682475518901043
5682,_TWEAK_Donor6_D10_CD8T,CD8T,CD8T,38,CD8T,parsebioscience,Donor 9,D10,TWEAK,False,Donor 9- age: 38,TWEAK_Donor 9_D10,cytokine,1544,0,0,347,0,0,0,0,0,325,0,872,0,Donor6,Young,43.36907262957451,5.369072629574511
5687,_TWEAK_Donor7_D10_CD8T,CD8T,CD8T,45,CD8T,parsebioscience,Donor 10,D10,TWEAK,False,Donor 10- age: 45,TWEAK_Donor 10_D10,cytokine,1864,0,0,426,0,0,0,0,0,889,0,549,0,Donor7,Young,27.747994347646426,-17.252005652353574
5692,_TWEAK_Donor8_D10_CD8T,CD8T,CD8T,52,CD8T,parsebioscience,Donor 11,D10,TWEAK,False,Donor 11- age: 52,TWEAK_Donor 11_D10,cytokine,1539,0,0,310,0,0,0,0,0,242,0,987,0,Donor8,Old,44.26945764626417,-7.730542353735828
5697,_TWEAK_Donor9_D10_CD8T,CD8T,CD8T,38,CD8T,parsebioscience,Donor 12,D10,TWEAK,False,Donor 12- age: 38,TWEAK_Donor 12_D10,cytokine,1180,0,0,139,0,0,0,0,0,240,0,801,0,Donor9,Young,40.666705603772265,2.6667056037722645
5702,_VEGF_Donor10_F1_CD8T,CD8T,CD8T,42,CD8T,parsebioscience,Donor 2,F1,VEGF,False,Donor 2- age: 42,VEGF_Donor 2_F1,cytokine,753,0,0,140,0,0,0,0,0,398,0,215,0,Donor10,Young,37.84612002285916,-4.153879977140839
5707,_VEGF_Donor11_F1_CD8T,CD8T,CD8T,46,CD8T,parsebioscience,Donor 3,F1,VEGF,False,Donor 3- age: 46,VEGF_Donor 3_F1,cytokine,1312,0,0,112,0,0,0,0,0,458,0,742,0,Donor11,Young,43.03405795931084,-2.965942040689157
5712,_VEGF_Donor12_F1_CD8T,CD8T,CD8T,36,CD8T,parsebioscience,Donor 4,F1,VEGF,False,Donor 4- age: 36,VEGF_Donor 4_F1,cytokine,1867,0,0,448,0,0,0,0,0,460,0,959,0,Donor12,Young,37.13793447881981,1.1379344788198082
5717,_VEGF_Donor1_F1_CD8T,CD8T,CD8T,75,CD8T,parsebioscience,Donor 1,F1,VEGF,False,Donor 1- age: 75,VEGF_Donor 1_F1,cytokine,407,0,0,121,0,0,0,0,0,89,0,197,0,Donor1,Old,56.627343922537065,-18.372656077462935
5722,_VEGF_Donor2_F1_CD8T,CD8T,CD8T,34,CD8T,parsebioscience,Donor 5,F1,VEGF,False,Donor 5- age: 34,VEGF_Donor 5_F1,cytokine,1237,0,0,224,0,0,0,0,0,612,0,401,0,Donor2,Young,31.158424107180544,-2.8415758928194563
5727,_VEGF_Donor3_F1_CD8T,CD8T,CD8T,68,CD8T,parsebioscience,Donor 6,F1,VEGF,False,Donor 6- age: 68,VEGF_Donor 6_F1,cytokine,770,0,0,190,0,0,0,0,0,311,0,269,0,Donor3,Old,47.150628613596744,-20.849371386403256
5732,_VEGF_Donor4_F1_CD8T,CD8T,CD8T,59,CD8T,parsebioscience,Donor 7,F1,VEGF,False,Donor 7- age: 59,VEGF_Donor 7_F1,cytokine,239,0,0,29,0,0,0,0,0,69,0,141,0,Donor4,Old,49.410976062775745,-9.589023937224255
5737,_VEGF_Donor5_F1_CD8T,CD8T,CD8T,41,CD8T,parsebioscience,Donor 8,F1,VEGF,False,Donor 8- age: 41,VEGF_Donor 8_F1,cytokine,1962,0,0,324,0,0,0,0,0,1220,0,418,0,Donor5,Young,21.69652206690916,-19.30347793309084
5742,_VEGF_Donor6_F1_CD8T,CD8T,CD8T,38,CD8T,parsebioscience,Donor 9,F1,VEGF,False,Donor 9- age: 38,VEGF_Donor 9_F1,cytokine,2471,0,0,684,0,0,0,0,0,477,0,1310,0,Donor6,Young,45.356842760304524,7.356842760304524
5747,_VEGF_Donor7_F1_CD8T,CD8T,CD8T,45,CD8T,parsebioscience,Donor 10,F1,VEGF,False,Donor 10- age: 45,VEGF_Donor 10_F1,cytokine,2432,0,0,528,0,0,0,0,0,1104,0,800,0,Donor7,Young,30.283914583578962,-14.716085416421038
5752,_VEGF_Donor8_F1_CD8T,CD8T,CD8T,52,CD8T,parsebioscience,Donor 11,F1,VEGF,False,Donor 11- age: 52,VEGF_Donor 11_F1,cytokine,1063,0,0,217,0,0,0,0,0,171,0,675,0,Donor8,Old,44.084915457399745,-7.915084542600255
5757,_VEGF_Donor9_F1_CD8T,CD8T,CD8T,38,CD8T,parsebioscience,Donor 12,F1,VEGF,False,Donor 12- age: 38,VEGF_Donor 12_F1,cytokine,1570,0,0,188,0,0,0,0,0,339,0,1043,0,Donor9,Young,39.27790968797498,1.277909687974983
